TempPlant1,TempPlant2,TempPlant4,Air_temp_loc,Humedity,air_temp,Ambient_1,time
0,0,0,0,-2.0462,8.75,7.562,2020-02-09T06:05:00.0
0,0,0,0,-2.0462,8.875,7.687,2020-02-09T06:06:00.0
0,0,0,0,-2.0462,9,7.625,2020-02-09T06:07:00.0
0,0,0,0,-2.0462,9.062,7.562,2020-02-09T06:08:00.0
0,0,0,0,-2.0462,9.125,7.437,2020-02-09T06:09:00.0
0,0,0,0,-2.0462,9.187,7.687,2020-02-09T06:10:00.0
0,0,0,0,-2.0462,9.187,7.625,2020-02-09T06:11:00.0
0,0,0,0,-2.0462,9.25,7.562,2020-02-09T06:12:00.0
0,0,0,0,-2.0462,9.312,7.937,2020-02-09T06:13:00.0
0,0,0,0,-2.0462,9.375,8.312,2020-02-09T06:14:00.0
0,0,0,0,-2.0462,9.5,8.25,2020-02-09T06:15:00.0
0,0,0,0,-2.0462,9.562,8.187,2020-02-09T06:16:00.0
0,0,0,0,-2.0462,9.687,8.437,2020-02-09T06:17:00.0
0,0,0,0,-2.0462,9.780999999999999,8.7495,2020-02-09T06:18:00.0
0,0,0,0,-2.0462,9.875,9.062,2020-02-09T06:19:00.0
0,0,0,0,-2.0462,10.062,9.312,2020-02-09T06:20:00.0
0,0,0,0,-2.0462,10.25,9.625,2020-02-09T06:21:00.0
0,0,0,0,-2.0462,10.5,9.812,2020-02-09T06:22:00.0
0,0,0,0,-2.0462,10.687,10.062,2020-02-09T06:23:00.0
0,0,0,0,-2.0462,10.812,10.187,2020-02-09T06:24:00.0
0,0,0,0,-2.0462,10.999666666666666,10.270333333333333,2020-02-09T06:25:00.0
0,0,0,0,-2.0462,11.187333333333333,10.353666666666667,2020-02-09T06:26:00.0
0,0,0,0,-2.0462,11.375,10.437,2020-02-09T06:27:00.0
0,0,0,0,-2.0462,11.5,10.437,2020-02-09T06:28:00.0
0,0,0,0,-2.0462,11.687,10.437,2020-02-09T06:29:00.0
0,0,0,0,-2.0462,11.75,10.437,2020-02-09T06:30:00.0
0,0,0,0,-2.0462,11.75,9.75,2020-02-09T06:31:00.0
0,0,0,0,-2.0462,11.687,9.375,2020-02-09T06:32:00.0
0,0,0,0,-2.0462,11.562,8.937,2020-02-09T06:33:00.0
0,0,0,0,-2.0462,11.375,8.687,2020-02-09T06:34:00.0
0,0,0,0,-2.0462,11.25,8.437,2020-02-09T06:35:00.0
0,0,0,0,-2.0462,11.125,8.312,2020-02-09T06:36:00.0
0,0,0,0,-2.0462,11.062,8.437,2020-02-09T06:37:00.0
0,0,0,0,-2.0462,10.937,8.687,2020-02-09T06:38:00.0
0,0,0,0,-2.0462,10.937,8.5,2020-02-09T06:39:00.0
0,0,0,0,-2.0462,10.875,8.125,2020-02-09T06:40:00.0
0,0,0,0,-2.0462,10.687,7.875,2020-02-09T06:41:00.0
0,0,0,0,-2.0462,10.625,7.687,2020-02-09T06:42:00.0
0,0,0,0,-2.0462,10.437,7.687,2020-02-09T06:43:00.0
0,0,0,0,-2.0462,10.375,7.75,2020-02-09T06:44:00.0
0,0,0,0,-2.0462,10.312,7.937,2020-02-09T06:45:00.0
0,0,0,0,-2.0462,10.312,7.937,2020-02-09T06:46:00.0
0,0,0,0,-2.0462,10.312,7.75,2020-02-09T06:47:00.0
0,0,0,0,-2.0462,10.375,7.625,2020-02-09T06:48:00.0
0,0,0,0,-2.0462,10.312,7.562,2020-02-09T06:49:00.0
0,0,0,0,-2.0462,10.25,7.5,2020-02-09T06:50:00.0
0,0,0,0,-2.0462,10.125,7.437,2020-02-09T06:51:00.0
0,0,0,0,-2.0462,10.062,7.312,2020-02-09T06:52:00.0
0,0,0,0,-2.0462,10.062,7.25,2020-02-09T06:53:00.0
0,0,0,0,-2.0462,10,7.312,2020-02-09T06:54:00.0
0,0,0,0,-2.0462,10,7.437,2020-02-09T06:55:00.0
0,0,0,0,-2.0462,10,7.562,2020-02-09T06:56:00.0
0,0,0,0,-2.0462,10,7.5,2020-02-09T06:57:00.0
0,0,0,0,-2.0462,10.062,7.562,2020-02-09T06:58:00.0
0,0,0,0,-2.0462,10.062,7.562,2020-02-09T06:59:00.0
0,0,0,0,-2.0462,10.125,7.812,2020-02-09T07:00:00.0
0,0,0,0,-2.0462,10.1875,7.936999999999999,2020-02-09T07:01:00.0
0,0,0,0,-2.0462,10.25,8.062,2020-02-09T07:02:00.0
0,0,0,0,-2.0462,10.375,8.187,2020-02-09T07:03:00.0
0,0,0,0,-2.0462,10.437,8.187,2020-02-09T07:04:00.0
0,0,0,0,-2.0462,10.5,8,2020-02-09T07:05:00.0
0,0,0,0,-2.0462,10.5,7.937,2020-02-09T07:06:00.0
0,0,0,0,-2.0462,10.5,7.875,2020-02-09T07:07:00.0
0,0,0,0,-2.0462,10.5,7.812,2020-02-09T07:08:00.0
0,0,0,0,-2.0462,10.437,7.687,2020-02-09T07:09:00.0
0,0,0,0,-2.0462,10.5,7.625,2020-02-09T07:10:00.0
0,0,0,0,-2.0462,10.468499999999999,7.531000000000001,2020-02-09T07:11:00.0
0,0,0,0,-2.0462,10.437,7.437,2020-02-09T07:12:00.0
0,0,0,0,-2.0462,10.437,7.5,2020-02-09T07:13:00.0
0,0,0,0,-2.0462,10.375,7.5,2020-02-09T07:14:00.0
0,0,0,0,-2.0462,10.375,7.625,2020-02-09T07:15:00.0
0,0,0,0,-2.0462,10.5,7.625,2020-02-09T07:16:00.0
0,0,0,0,-2.0462,10.5,7.625,2020-02-09T07:17:00.0
0,0,0,0,-2.0462,10.5,7.687,2020-02-09T07:18:00.0
0,0,0,0,-2.0462,10.562,7.875,2020-02-09T07:19:00.0
0,0,0,0,-2.0462,10.687,7.937,2020-02-09T07:20:00.0
0,0,0,0,-2.0462,10.687,8.062,2020-02-09T07:21:00.0
0,0,0,0,-2.0462,10.812,8.25,2020-02-09T07:22:00.0
0,0,0,0,-2.0462,10.875,8.437,2020-02-09T07:23:00.0
0,0,0,0,-2.0462,11,8.562,2020-02-09T07:24:00.0
0,0,0,0,-2.0462,11.062,8.562,2020-02-09T07:25:00.0
0,0,0,0,-2.0462,11.125,8.5,2020-02-09T07:26:00.0
0,0,0,0,-2.0462,11.125,8.562,2020-02-09T07:27:00.0
0,0,0,0,-2.0462,11.25,8.687,2020-02-09T07:28:00.0
0,0,0,0,-2.0462,11.312,8.687,2020-02-09T07:29:00.0
0,0,0,0,-2.0462,11.312,8.687,2020-02-09T07:30:00.0
0,0,0,0,-2.0462,11.312,8.687,2020-02-09T07:31:00.0
0,0,0,0,-2.0462,11.375,8.687,2020-02-09T07:32:00.0
0,0,0,0,-2.0462,11.375,8.687,2020-02-09T07:33:00.0
0,0,0,0,-2.0462,11.375,8.625,2020-02-09T07:34:00.0
0,0,0,0,-2.0462,11.437,8.625,2020-02-09T07:35:00.0
0,0,0,0,-2.0462,11.5,8.687,2020-02-09T07:36:00.0
0,0,0,0,-2.0462,11.562,8.687,2020-02-09T07:37:00.0
0,0,0,0,-2.0462,11.562,8.75,2020-02-09T07:38:00.0
0,0,0,0,-2.0462,11.562,8.75,2020-02-09T07:39:00.0
0,0,0,0,-2.0462,11.687,8.75,2020-02-09T07:40:00.0
0,0,0,0,-2.0462,11.625,8.75,2020-02-09T07:41:00.0
0,0,0,0,-2.0462,11.75,8.75,2020-02-09T07:42:00.0
0,0,0,0,-2.0462,11.75,8.75,2020-02-09T07:43:00.0
0,0,0,0,-2.0462,11.75,8.75,2020-02-09T07:44:00.0
0,0,0,0,-2.0462,11.875,8.812,2020-02-09T07:45:00.0
0,0,0,0,-2.0462,11.875,8.875,2020-02-09T07:46:00.0
0,0,0,0,-2.0462,11.937,8.812,2020-02-09T07:47:00.0
0,0,0,0,-2.0462,11.937,8.812,2020-02-09T07:48:00.0
0,0,0,0,-2.0462,12,8.812,2020-02-09T07:49:00.0
0,0,0,0,-2.0462,12.062,8.75,2020-02-09T07:50:00.0
0,0,0,0,-2.0462,12.062,8.75,2020-02-09T07:51:00.0
0,0,0,0,-2.0462,12,8.625,2020-02-09T07:52:00.0
0,0,0,0,-2.0462,12.062,8.625,2020-02-09T07:53:00.0
0,0,0,0,-2.0462,12.062,8.5,2020-02-09T07:54:00.0
0,0,0,0,-2.0462,12.062,8.437,2020-02-09T07:55:00.0
0,0,0,0,-2.0462,12,8.375,2020-02-09T07:56:00.0
0,0,0,0,-2.0462,12,8.375,2020-02-09T07:57:00.0
0,0,0,0,-2.0462,12.062,8.375,2020-02-09T07:58:00.0
0,0,0,0,-2.0462,12.062,8.437,2020-02-09T07:59:00.0
0,0,0,0,-2.0462,12.062,8.375,2020-02-09T08:00:00.0
0,0,0,0,-2.0462,12.062,8.437,2020-02-09T08:01:00.0
0,0,0,0,-2.0462,12.187,8.375,2020-02-09T08:02:00.0
0,0,0,0,-2.0462,12.25,8.312,2020-02-09T08:03:00.0
0,0,0,0,-2.0462,12.187,8.25,2020-02-09T08:04:00.0
0,0,0,0,-2.0462,12.25,8.312,2020-02-09T08:05:00.0
0,0,0,0,-2.0462,12.187,8.312,2020-02-09T08:06:00.0
0,0,0,0,-2.0462,12.25,8.312,2020-02-09T08:07:00.0
0,0,0,0,-2.0462,12.187,8.25,2020-02-09T08:08:00.0
0,0,0,0,-2.0462,12.125,8.312,2020-02-09T08:09:00.0
0,0,0,0,-2.0462,12.125,8.375,2020-02-09T08:10:00.0
0,0,0,0,-2.0462,12.187,8.375,2020-02-09T08:11:00.0
0,0,0,0,-2.0462,12.375,8.5,2020-02-09T08:12:00.0
0,0,0,0,-2.0462,12.375,8.562,2020-02-09T08:13:00.0
0,0,0,0,-2.0462,12.375,8.562,2020-02-09T08:14:00.0
0,0,0,0,-2.0462,12.5,8.562,2020-02-09T08:15:00.0
0,0,0,0,-2.0462,12.5,8.625,2020-02-09T08:16:00.0
0,0,0,0,-2.0462,12.5,8.625,2020-02-09T08:17:00.0
0,0,0,0,-2.0462,12.5,8.687,2020-02-09T08:18:00.0
0,0,0,0,-2.0462,12.625,8.687,2020-02-09T08:19:00.0
0,0,0,0,-2.0462,12.562,8.875,2020-02-09T08:20:00.0
0,0,0,0,-2.0462,12.625,8.875,2020-02-09T08:21:00.0
0,0,0,0,-2.0462,12.75,8.937,2020-02-09T08:22:00.0
0,0,0,0,-2.0462,12.812,9,2020-02-09T08:23:00.0
0,0,0,0,-2.0462,12.875,9.125,2020-02-09T08:24:00.0
0,0,0,0,-2.0462,12.875,9.25,2020-02-09T08:25:00.0
0,0,0,0,-2.0462,13,9.312,2020-02-09T08:26:00.0
0,0,0,0,-2.0462,13.062,9.312,2020-02-09T08:27:00.0
0,0,0,0,-2.0462,13.187,9.312,2020-02-09T08:28:00.0
0,0,0,0,-2.0462,13.187,9.312,2020-02-09T08:29:00.0
0,0,0,0,-2.0462,13.375,9.187,2020-02-09T08:30:00.0
0,0,0,0,-2.0462,13.312,9.187,2020-02-09T08:31:00.0
0,0,0,0,-2.0462,13.312,9.25,2020-02-09T08:32:00.0
0,0,0,0,-2.0462,13.625,9.187,2020-02-09T08:33:00.0
0,0,0,0,-2.0462,13.625,9.187,2020-02-09T08:34:00.0
0,0,0,0,-2.0462,13.5,9.125,2020-02-09T08:35:00.0
0,0,0,0,-2.0462,13.562,9.125,2020-02-09T08:36:00.0
0,0,0,0,-2.0462,13.5,9.187,2020-02-09T08:37:00.0
0,0,0,0,-2.0462,13.5,9.125,2020-02-09T08:38:00.0
0,0,0,0,-2.0462,13.5,9.125,2020-02-09T08:39:00.0
0,0,0,0,-2.0462,13.5,9.125,2020-02-09T08:40:00.0
0,0,0,0,-2.0462,13.437,9.125,2020-02-09T08:41:00.0
0,0,0,0,-2.0462,13.562,9.062,2020-02-09T08:42:00.0
0,0,0,0,-2.0462,13.5,8.875,2020-02-09T08:43:00.0
0,0,0,0,-2.0462,13.5,8.875,2020-02-09T08:44:00.0
0,0,0,0,-2.0462,13.5625,8.9375,2020-02-09T08:45:00.0
0,0,0,0,-2.0462,13.625,9,2020-02-09T08:46:00.0
0,0,0,0,-2.0462,13.625,8.875,2020-02-09T08:47:00.0
0,0,0,0,-2.0462,13.687,8.937,2020-02-09T08:48:00.0
0,0,0,0,-2.0462,13.687,8.937,2020-02-09T08:49:00.0
0,0,0,0,-2.0462,13.687,8.875,2020-02-09T08:50:00.0
0,0,0,0,-2.0462,13.812,9.062,2020-02-09T08:51:00.0
0,0,0,0,-2.0462,13.875,9.062,2020-02-09T08:52:00.0
0,0,0,0,-2.0462,13.875,9.312,2020-02-09T08:53:00.0
0,0,0,0,-2.0462,13.937,9.375,2020-02-09T08:54:00.0
0,0,0,0,-2.0462,14.062,9.375,2020-02-09T08:55:00.0
0,0,0,0,-2.0462,14.062,9.375,2020-02-09T08:56:00.0
0,0,0,0,-2.0462,14.125,9.375,2020-02-09T08:57:00.0
0,0,0,0,-2.0462,14.125,9.312,2020-02-09T08:58:00.0
0,0,0,0,-2.0462,14.187,9.25,2020-02-09T08:59:00.0
0,0,0,0,-2.0462,14.187,9.187,2020-02-09T09:00:00.0
0,0,0,0,-2.0462,14.187,9.187,2020-02-09T09:01:00.0
0,0,0,0,-2.0462,14.187,9.25,2020-02-09T09:02:00.0
0,0,0,0,-2.0462,14.25,9.312,2020-02-09T09:03:00.0
0,0,0,0,-2.0462,14.312,9.312,2020-02-09T09:04:00.0
0,0,0,0,-2.0462,14.312,9.25,2020-02-09T09:05:00.0
0,0,0,0,-2.0462,14.375,9.312,2020-02-09T09:06:00.0
0,0,0,0,-2.0462,14.375,9.375,2020-02-09T09:07:00.0
0,0,0,0,-2.0462,14.437,9.437,2020-02-09T09:08:00.0
0,0,0,0,-2.0462,14.5,9.625,2020-02-09T09:09:00.0
0,0,0,0,-2.0462,14.562,9.625,2020-02-09T09:10:00.0
0,0,0,0,-2.0462,14.687,9.562,2020-02-09T09:11:00.0
0,0,0,0,-2.0462,14.75,9.562,2020-02-09T09:12:00.0
0,0,0,0,-2.0462,14.812,9.562,2020-02-09T09:13:00.0
0,0,0,0,-2.0462,14.812,9.5,2020-02-09T09:14:00.0
0,0,0,0,-2.0462,14.812,9.625,2020-02-09T09:15:00.0
0,0,0,0,-2.0462,14.937,10,2020-02-09T09:16:00.0
0,0,0,0,-2.0462,15.125,10.187,2020-02-09T09:17:00.0
0,0,0,0,-2.0462,15.25,10.125,2020-02-09T09:18:00.0
0,0,0,0,-2.0462,15.312,10.062,2020-02-09T09:19:00.0
0,0,0,0,-2.0462,15.375,10.125,2020-02-09T09:20:00.0
0,0,0,0,-2.0462,15.375,10.062,2020-02-09T09:21:00.0
0,0,0,0,-2.0462,15.437,10.125,2020-02-09T09:22:00.0
0,0,0,0,-2.0462,15.5,10.062,2020-02-09T09:23:00.0
0,0,0,0,-2.0462,15.5625,10.187,2020-02-09T09:24:00.0
0,0,0,0,-2.0462,15.625,10.312,2020-02-09T09:25:00.0
0,0,0,0,-2.0462,15.75,10.437,2020-02-09T09:26:00.0
0,0,0,0,-2.0462,15.812,10.312,2020-02-09T09:27:00.0
0,0,0,0,-2.0462,15.875,10.25,2020-02-09T09:28:00.0
0,0,0,0,-2.0462,16,10.25,2020-02-09T09:29:00.0
0,0,0,0,-2.0462,15.958333333333334,10.104,2020-02-09T09:30:00.0
0,0,0,0,-2.0462,15.916666666666668,9.957999999999998,2020-02-09T09:31:00.0
0,0,0,0,-2.0462,15.875,9.812,2020-02-09T09:32:00.0
0,0,0,0,-2.0462,15.875,9.875,2020-02-09T09:33:00.0
0,0,0,0,-2.0462,15.875,9.812,2020-02-09T09:34:00.0
0,0,0,0,-2.0462,15.875,9.687,2020-02-09T09:35:00.0
0,0,0,0,-2.0462,15.875,9.687,2020-02-09T09:36:00.0
0,0,0,0,-2.0462,15.875,9.687,2020-02-09T09:37:00.0
0,0,0,0,-2.0462,15.875,9.687,2020-02-09T09:38:00.0
0,0,0,0,-2.0462,15.937,9.625,2020-02-09T09:39:00.0
0,0,0,0,-2.0462,15.937,9.625,2020-02-09T09:40:00.0
0,0,0,0,-2.0462,15.937,9.562,2020-02-09T09:41:00.0
0,0,0,0,-2.0462,16,9.375,2020-02-09T09:42:00.0
0,0,0,0,-2.0462,15.937,9.437,2020-02-09T09:43:00.0
0,0,0,0,-2.0462,15.937,9.375,2020-02-09T09:44:00.0
0,0,0,0,-2.0462,15.937,9.375,2020-02-09T09:45:00.0
0,0,0,0,-2.0462,15.937,9.375,2020-02-09T09:46:00.0
0,0,0,0,-2.0462,15.937,9.375,2020-02-09T09:47:00.0
0,0,0,0,-2.0462,15.875,9.437,2020-02-09T09:48:00.0
0,0,0,0,-2.0462,15.937,9.25,2020-02-09T09:49:00.0
0,0,0,0,-2.0462,15.875,9.25,2020-02-09T09:50:00.0
0,0,0,0,-2.0462,15.875,9.437,2020-02-09T09:51:00.0
0,0,0,0,-2.0462,15.937,9.437,2020-02-09T09:52:00.0
0,0,0,0,-2.0462,15.875,9.437,2020-02-09T09:53:00.0
0,0,0,0,-2.0462,15.812,9.5,2020-02-09T09:54:00.0
0,0,0,0,-2.0462,15.875,9.687,2020-02-09T09:55:00.0
0,0,0,0,-2.0462,16,9.812,2020-02-09T09:56:00.0
0,0,0,0,-2.0462,16.062,10.062,2020-02-09T09:57:00.0
0,0,0,0,-2.0462,16.187,10.062,2020-02-09T09:58:00.0
0,0,0,0,-2.0462,16.25,10.125,2020-02-09T09:59:00.0
0,0,0,0,-2.0462,16.375,10.25,2020-02-09T10:00:00.0
0,0,0,0,-2.0462,16.5,10.312,2020-02-09T10:01:00.0
0,0,0,0,-2.0462,16.75,10.6245,2020-02-09T10:02:00.0
0,0,0,0,-2.0462,17,10.937,2020-02-09T10:03:00.0
0,0,0,0,-2.0462,17.187,10.937,2020-02-09T10:04:00.0
0,0,0,0,-2.0462,17.312,10.875,2020-02-09T10:05:00.0
0,0,0,0,-2.0462,17.437,10.937,2020-02-09T10:06:00.0
0,0,0,0,-2.0462,17.562,10.937,2020-02-09T10:07:00.0
0,0,0,0,-2.0462,17.562,10.812,2020-02-09T10:08:00.0
0,0,0,0,-2.0462,17.4685,10.718499999999999,2020-02-09T10:09:00.0
0,0,0,0,-2.0462,17.375,10.625,2020-02-09T10:10:00.0
0,0,0,0,-2.0462,17.312,10.687,2020-02-09T10:11:00.0
0,0,0,0,-2.0462,17.312,10.562,2020-02-09T10:12:00.0
0,0,0,0,-2.0462,17.25,10.562,2020-02-09T10:13:00.0
0,0,0,0,-2.0462,17.25,10.562,2020-02-09T10:14:00.0
0,0,0,0,-2.0462,17.25,10.687,2020-02-09T10:15:00.0
0,0,0,0,-2.0462,17.25,10.625,2020-02-09T10:16:00.0
0,0,0,0,-2.0462,17.25,10.812,2020-02-09T10:17:00.0
0,0,0,0,-2.0462,17.312,10.875,2020-02-09T10:18:00.0
0,0,0,0,-2.0462,17.5,10.75,2020-02-09T10:19:00.0
0,0,0,0,-2.0462,17.5,10.75,2020-02-09T10:20:00.0
0,0,0,0,-2.0462,17.562,10.75,2020-02-09T10:21:00.0
0,0,0,0,-2.0462,17.5,11,2020-02-09T10:22:00.0
0,0,0,0,-2.0462,17.562,11.125,2020-02-09T10:23:00.0
0,0,0,0,-2.0462,17.5,11.125,2020-02-09T10:24:00.0
0,0,0,0,-2.0462,17.5,10.937,2020-02-09T10:25:00.0
0,0,0,0,-2.0462,17.5,10.937,2020-02-09T10:26:00.0
0,0,0,0,-2.0462,17.5,10.937,2020-02-09T10:27:00.0
0,0,0,0,-2.0462,17.5,11.062,2020-02-09T10:28:00.0
0,0,0,0,-2.0462,17.5,11.062,2020-02-09T10:29:00.0
0,0,0,0,-2.0462,17.5,11,2020-02-09T10:30:00.0
0,0,0,0,-2.0462,17.5,10.937,2020-02-09T10:31:00.0
0,0,0,0,-2.0462,17.312,11,2020-02-09T10:32:00.0
0,0,0,0,-2.0462,17.312,11.062,2020-02-09T10:33:00.0
0,0,0,0,-2.0462,17.25,10.937,2020-02-09T10:34:00.0
0,0,0,0,-2.0462,17.125,10.875,2020-02-09T10:35:00.0
0,0,0,0,-2.0462,17.125,10.875,2020-02-09T10:36:00.0
0,0,0,0,-2.0462,17.062,10.812,2020-02-09T10:37:00.0
0,0,0,0,-2.0462,17.062,10.875,2020-02-09T10:38:00.0
0,0,0,0,-2.0462,17,10.875,2020-02-09T10:39:00.0
0,0,0,0,-2.0462,17,11,2020-02-09T10:40:00.0
0,0,0,0,-2.0462,17,11,2020-02-09T10:41:00.0
0,0,0,0,-2.0462,17,11.125,2020-02-09T10:42:00.0
0,0,0,0,-2.0462,17.062,11.125,2020-02-09T10:43:00.0
0,0,0,0,-2.0462,17.062,10.937,2020-02-09T10:44:00.0
0,0,0,0,-2.0462,17.062,11,2020-02-09T10:45:00.0
0,0,0,0,-2.0462,17.125,11,2020-02-09T10:46:00.0
0,0,0,0,-2.0462,17.25,11.062,2020-02-09T10:47:00.0
0,0,0,0,-2.0462,17.25,11.062,2020-02-09T10:48:00.0
0,0,0,0,-2.0462,17.187,10.937,2020-02-09T10:49:00.0
0,0,0,0,-2.0462,17.2185,10.968499999999999,2020-02-09T10:50:00.0
0,0,0,0,-2.0462,17.25,11,2020-02-09T10:51:00.0
0,0,0,0,-2.0462,17.312,11.062,2020-02-09T10:52:00.0
0,0,0,0,-2.0462,17.25,11.062,2020-02-09T10:53:00.0
0,0,0,0,-2.0462,17.25,11.062,2020-02-09T10:54:00.0
0,0,0,0,-2.0462,17.187,11.062,2020-02-09T10:55:00.0
0,0,0,0,-2.0462,17.187,10.875,2020-02-09T10:56:00.0
0,0,0,0,-2.0462,17.062,10.812,2020-02-09T10:57:00.0
0,0,0,0,-2.0462,17,10.812,2020-02-09T10:58:00.0
0,0,0,0,-2.0462,17,10.75,2020-02-09T10:59:00.0
0,0,0,0,-2.0462,16.937,10.687,2020-02-09T11:00:00.0
0,0,0,0,-2.0462,16.812,10.687,2020-02-09T11:01:00.0
0,0,0,0,-2.0462,16.812,10.75,2020-02-09T11:02:00.0
0,0,0,0,-2.0462,16.75,10.75,2020-02-09T11:03:00.0
0,0,0,0,-2.0462,16.812,10.937,2020-02-09T11:04:00.0
0,0,0,0,-2.0462,16.812,11,2020-02-09T11:05:00.0
0,0,0,0,-2.0462,16.875,11,2020-02-09T11:06:00.0
0,0,0,0,-2.0462,17,11.062,2020-02-09T11:07:00.0
0,0,0,0,-2.0462,17,10.875,2020-02-09T11:08:00.0
0,0,0,0,-2.0462,17,10.812,2020-02-09T11:09:00.0
0,0,0,0,-2.0462,17.062,11,2020-02-09T11:10:00.0
0,0,0,0,-2.0462,17.125,10.937,2020-02-09T11:11:00.0
0,0,0,0,-2.0462,17.062,10.812,2020-02-09T11:12:00.0
0,0,0,0,-2.0462,17,10.687,2020-02-09T11:13:00.0
0,0,0,0,-2.0462,17,10.625,2020-02-09T11:14:00.0
0,0,0,0,-2.0462,17,10.875,2020-02-09T11:15:00.0
0,0,0,0,-2.0462,17.062,10.937,2020-02-09T11:16:00.0
0,0,0,0,-2.0462,17.125,10.937,2020-02-09T11:17:00.0
0,0,0,0,-2.0462,17.125,10.75,2020-02-09T11:18:00.0
0,0,0,0,-2.0462,17.187,10.687,2020-02-09T11:19:00.0
0,0,0,0,-2.0462,17.187,10.6245,2020-02-09T11:20:00.0
0,0,0,0,-2.0462,17.187,10.562,2020-02-09T11:21:00.0
0,0,0,0,-2.0462,17.125,10.562,2020-02-09T11:22:00.0
0,0,0,0,-2.0462,17,10.5,2020-02-09T11:23:00.0
0,0,0,0,-2.0462,16.937,10.562,2020-02-09T11:24:00.0
0,0,0,0,-2.0462,16.875,10.5,2020-02-09T11:25:00.0
0,0,0,0,-2.0462,16.75,10.5,2020-02-09T11:26:00.0
0,0,0,0,-2.0462,16.687,10.25,2020-02-09T11:27:00.0
0,0,0,0,-2.0462,16.625,10.312,2020-02-09T11:28:00.0
0,0,0,0,-2.0462,16.562,10.312,2020-02-09T11:29:00.0
0,0,0,0,-2.0462,16.562,10.187,2020-02-09T11:30:00.0
0,0,0,0,-2.0462,16.437,10.25,2020-02-09T11:31:00.0
0,0,0,0,-2.0462,16.375,10.312,2020-02-09T11:32:00.0
0,0,0,0,-2.0462,16.437,10.437,2020-02-09T11:33:00.0
0,0,0,0,-2.0462,16.437,10.437,2020-02-09T11:34:00.0
0,0,0,0,-2.0462,16.5,10.687,2020-02-09T11:35:00.0
0,0,0,0,-2.0462,16.437,10.687,2020-02-09T11:36:00.0
0,0,0,0,-2.0462,16.5,11,2020-02-09T11:37:00.0
0,0,0,0,-2.0462,16.562,11.062,2020-02-09T11:38:00.0
0,0,0,0,-2.0462,16.687,11.125,2020-02-09T11:39:00.0
0,0,0,0,-2.0462,16.625,11.062,2020-02-09T11:40:00.0
0,0,0,0,-2.0462,16.687,11.125,2020-02-09T11:41:00.0
0,0,0,0,-2.0462,16.687,11.187,2020-02-09T11:42:00.0
0,0,0,0,-2.0462,16.75,11.25,2020-02-09T11:43:00.0
0,0,0,0,-2.0462,16.75,11.125,2020-02-09T11:44:00.0
0,0,0,0,-2.0462,16.75,11.125,2020-02-09T11:45:00.0
0,0,0,0,-2.0462,16.687,11.187,2020-02-09T11:46:00.0
0,0,0,0,-2.0462,16.75,11.562,2020-02-09T11:47:00.0
0,0,0,0,-2.0462,16.812,11.812,2020-02-09T11:48:00.0
0,0,0,0,-2.0462,16.937,12,2020-02-09T11:49:00.0
0,0,0,0,-2.0462,17.062,12.187,2020-02-09T11:50:00.0
0,0,0,0,-2.0462,17.062,12.5,2020-02-09T11:51:00.0
0,0,0,0,-2.0462,17.375,12.437,2020-02-09T11:52:00.0
0,0,0,0,-2.0462,17.5,12.312,2020-02-09T11:53:00.0
0,0,0,0,-2.0462,17.5,12.437,2020-02-09T11:54:00.0
0,0,0,0,-2.0462,17.625,12.562,2020-02-09T11:55:00.0
0,0,0,0,-2.0462,17.687,12.687,2020-02-09T11:56:00.0
0,0,0,0,-2.0462,17.75,12.625,2020-02-09T11:57:00.0
0,0,0,0,-2.0462,17.75,12.5,2020-02-09T11:58:00.0
0,0,0,0,-2.0462,17.75,12.375,2020-02-09T11:59:00.0
0,0,0,0,-2.0462,17.75,12.437,2020-02-09T12:00:00.0
0,0,0,0,-2.0462,17.687,12.312,2020-02-09T12:01:00.0
0,0,0,0,-2.0462,17.687,12.562,2020-02-09T12:02:00.0
0,0,0,0,-2.0462,17.687,12.437,2020-02-09T12:03:00.0
0,0,0,0,-2.0462,17.656,12.405999999999999,2020-02-09T12:04:00.0
0,0,0,0,-2.0462,17.625,12.375,2020-02-09T12:05:00.0
0,0,0,0,-2.0462,17.625,12.437,2020-02-09T12:06:00.0
0,0,0,0,-2.0462,17.75,12.625,2020-02-09T12:07:00.0
0,0,0,0,-2.0462,17.812,12.687,2020-02-09T12:08:00.0
0,0,0,0,-2.0462,17.812,12.687,2020-02-09T12:09:00.0
0,0,0,0,-2.0462,17.8435,12.562,2020-02-09T12:10:00.0
0,0,0,0,-2.0462,17.875,12.437,2020-02-09T12:11:00.0
0,0,0,0,-2.0462,17.875,12.5,2020-02-09T12:12:00.0
0,0,0,0,-2.0462,17.937,12.562,2020-02-09T12:13:00.0
0,0,0,0,-2.0462,17.937,12.437,2020-02-09T12:14:00.0
0,0,0,0,-2.0462,17.875,12.25,2020-02-09T12:15:00.0
0,0,0,0,-2.0462,17.875,12.437,2020-02-09T12:16:00.0
0,0,0,0,-2.0462,17.937,12.625,2020-02-09T12:17:00.0
0,0,0,0,-2.0462,18,12.687,2020-02-09T12:18:00.0
0,0,0,0,-2.0462,18.062,12.625,2020-02-09T12:19:00.0
0,0,0,0,-2.0462,18.062,12.437,2020-02-09T12:20:00.0
0,0,0,0,-2.0462,18.062,12.5,2020-02-09T12:21:00.0
0,0,0,0,-2.0462,18.062,12.5,2020-02-09T12:22:00.0
0,0,0,0,-2.0462,18.062,12.593499999999999,2020-02-09T12:23:00.0
0,0,0,0,-2.0462,18.062,12.687,2020-02-09T12:24:00.0
0,0,0,0,-2.0462,18.062,12.562,2020-02-09T12:25:00.0
0,0,0,0,-2.0462,18,12.375,2020-02-09T12:26:00.0
0,0,0,0,-2.0462,18,12.375,2020-02-09T12:27:00.0
0,0,0,0,-2.0462,17.875,12.187,2020-02-09T12:28:00.0
0,0,0,0,-2.0462,17.812,12.25,2020-02-09T12:29:00.0
0,0,0,0,-2.0462,17.812,12.312,2020-02-09T12:30:00.0
0,0,0,0,-2.0462,17.812,12.187,2020-02-09T12:31:00.0
0,0,0,0,-2.0462,17.625,12.125,2020-02-09T12:32:00.0
0,0,0,0,-2.0462,17.625,12.312,2020-02-09T12:33:00.0
0,0,0,0,-2.0462,17.625,12.187,2020-02-09T12:34:00.0
0,0,0,0,-2.0462,17.562,12.187,2020-02-09T12:35:00.0
0,0,0,0,-2.0462,17.5,12.125,2020-02-09T12:36:00.0
0,0,0,0,-2.0462,17.437,12,2020-02-09T12:37:00.0
0,0,0,0,-2.0462,17.312,12,2020-02-09T12:38:00.0
0,0,0,0,-2.0462,17.312,12.187,2020-02-09T12:39:00.0
0,0,0,0,-2.0462,17.25,12.187,2020-02-09T12:40:00.0
0,0,0,0,-2.0462,17.187,12,2020-02-09T12:41:00.0
0,0,0,0,-2.0462,17.0935,11.905999999999999,2020-02-09T12:42:00.0
0,0,0,0,-2.0462,17,11.812,2020-02-09T12:43:00.0
0,0,0,0,-2.0462,16.937,11.875,2020-02-09T12:44:00.0
0,0,0,0,-2.0462,16.875,11.812,2020-02-09T12:45:00.0
0,0,0,0,-2.0462,16.812,11.812,2020-02-09T12:46:00.0
0,0,0,0,-2.0462,16.812,11.687,2020-02-09T12:47:00.0
0,0,0,0,-2.0462,16.687,11.562,2020-02-09T12:48:00.0
0,0,0,0,-2.0462,16.5935,11.687,2020-02-09T12:49:00.0
0,0,0,0,-2.0462,16.5,11.812,2020-02-09T12:50:00.0
0,0,0,0,-2.0462,16.437,11.75,2020-02-09T12:51:00.0
0,0,0,0,-2.0462,16.437,11.812,2020-02-09T12:52:00.0
0,0,0,0,-2.0462,16.375,11.875,2020-02-09T12:53:00.0
0,0,0,0,-2.0462,16.375,11.875,2020-02-09T12:54:00.0
0,0,0,0,-2.0462,16.375,11.812,2020-02-09T12:55:00.0
0,0,0,0,-2.0462,16.375,12.062,2020-02-09T12:56:00.0
0,0,0,0,-2.0462,16.437,12.187,2020-02-09T12:57:00.0
0,0,0,0,-2.0462,16.5,12.125,2020-02-09T12:58:00.0
0,0,0,0,-2.0462,16.562,12.25,2020-02-09T12:59:00.0
0,0,0,0,-2.0462,16.625,12.25,2020-02-09T13:00:00.0
0,0,0,0,-2.0462,16.625,12.187,2020-02-09T13:01:00.0
0,0,0,0,-2.0462,16.625,12.375,2020-02-09T13:02:00.0
0,0,0,0,-2.0462,16.75,12.5,2020-02-09T13:03:00.0
0,0,0,0,-2.0462,16.812,12.562,2020-02-09T13:04:00.0
0,0,0,0,-2.0462,16.875,12.562,2020-02-09T13:05:00.0
0,0,0,0,-2.0462,16.875,12.5,2020-02-09T13:06:00.0
0,0,0,0,-2.0462,17,12.687,2020-02-09T13:07:00.0
0,0,0,0,-2.0462,17.062,12.812,2020-02-09T13:08:00.0
0,0,0,0,-2.0462,17.125,12.812,2020-02-09T13:09:00.0
0,0,0,0,-2.0462,17.25,13.062,2020-02-09T13:10:00.0
0,0,0,0,-2.0462,17.375,13.312,2020-02-09T13:11:00.0
0,0,0,0,-2.0462,17.625,13.5,2020-02-09T13:12:00.0
0,0,0,0,-2.0462,17.812,13.562,2020-02-09T13:13:00.0
0,0,0,0,-2.0462,18,13.437,2020-02-09T13:14:00.0
0,0,0,0,-2.0462,18.062,13.5,2020-02-09T13:15:00.0
0,0,0,0,-2.0462,18.25,13.375,2020-02-09T13:16:00.0
0,0,0,0,-2.0462,18.312,13.437,2020-02-09T13:17:00.0
0,0,0,0,-2.0462,18.312,13.375,2020-02-09T13:18:00.0
0,0,0,0,-2.0462,18.437,13.437,2020-02-09T13:19:00.0
0,0,0,0,-2.0462,18.5,13.375,2020-02-09T13:20:00.0
0,0,0,0,-2.0462,18.437,13.25,2020-02-09T13:21:00.0
0,0,0,0,-2.0462,18.437,13.125,2020-02-09T13:22:00.0
0,0,0,0,-2.0462,18.437,13.125,2020-02-09T13:23:00.0
0,0,0,0,-2.0462,18.5,13.312,2020-02-09T13:24:00.0
0,0,0,0,-2.0462,18.5,13.312,2020-02-09T13:25:00.0
0,0,0,0,-2.0462,18.562,13.687,2020-02-09T13:26:00.0
0,0,0,0,-2.0462,18.687,13.5,2020-02-09T13:27:00.0
0,0,0,0,-2.0462,18.687,13.5,2020-02-09T13:28:00.0
0,0,0,0,-2.0462,18.75,13.812,2020-02-09T13:29:00.0
0,0,0,0,-2.0462,18.875,13.75,2020-02-09T13:30:00.0
0,0,0,0,-2.0462,18.937,13.562,2020-02-09T13:31:00.0
0,0,0,0,-2.0462,19,13.687,2020-02-09T13:32:00.0
0,0,0,0,-2.0462,19.125,13.875,2020-02-09T13:33:00.0
0,0,0,0,-2.0462,19.187,13.875,2020-02-09T13:34:00.0
0,0,0,0,-2.0462,19.25,13.812,2020-02-09T13:35:00.0
0,0,0,0,-2.0462,19.25,13.75,2020-02-09T13:36:00.0
0,0,0,0,-2.0462,19.312,13.562,2020-02-09T13:37:00.0
0,0,0,0,-2.0462,19.25,13.687,2020-02-09T13:38:00.0
0,0,0,0,-2.0462,19.25,13.562,2020-02-09T13:39:00.0
0,0,0,0,-2.0462,19.187,13.562,2020-02-09T13:40:00.0
0,0,0,0,-2.0462,19.187,13.562,2020-02-09T13:41:00.0
0,0,0,0,-2.0462,19.187,13.437,2020-02-09T13:42:00.0
0,0,0,0,-2.0462,19.125,13.437,2020-02-09T13:43:00.0
0,0,0,0,-2.0462,19.125,13.75,2020-02-09T13:44:00.0
0,0,0,0,-2.0462,19.187,13.75,2020-02-09T13:45:00.0
0,0,0,0,-2.0462,19.25,13.812,2020-02-09T13:46:00.0
0,0,0,0,-2.0462,19.187,13.625,2020-02-09T13:47:00.0
0,0,0,0,-2.0462,19.125,13.312,2020-02-09T13:48:00.0
0,0,0,0,-2.0462,19,13.437,2020-02-09T13:49:00.0
0,0,0,0,-2.0462,19,13.312,2020-02-09T13:50:00.0
0,0,0,0,-2.0462,18.875,12.968499999999999,2020-02-09T13:51:00.0
0,0,0,0,-2.0462,18.75,12.625,2020-02-09T13:52:00.0
0,0,0,0,-2.0462,18.562,12.437,2020-02-09T13:53:00.0
0,0,0,0,-2.0462,18.375,12.312,2020-02-09T13:54:00.0
0,0,0,0,-2.0462,18.25,12.312,2020-02-09T13:55:00.0
0,0,0,0,-2.0462,18.125,12.25,2020-02-09T13:56:00.0
0,0,0,0,-2.0462,18.062,12.187,2020-02-09T13:57:00.0
0,0,0,0,-2.0462,18,12.125,2020-02-09T13:58:00.0
0,0,0,0,-2.0462,18.062,12.125,2020-02-09T13:59:00.0
0,0,0,0,-2.0462,17.937,12,2020-02-09T14:00:00.0
0,0,0,0,-2.0462,17.875,12.187,2020-02-09T14:01:00.0
0,0,0,0,-2.0462,17.875,12.25,2020-02-09T14:02:00.0
0,0,0,0,-2.0462,17.875,12.062,2020-02-09T14:03:00.0
0,0,0,0,-2.0462,17.812,12.062,2020-02-09T14:04:00.0
0,0,0,0,-2.0462,17.812,12.312,2020-02-09T14:05:00.0
0,0,0,0,-2.0462,17.75,12.312,2020-02-09T14:06:00.0
0,0,0,0,-2.0462,17.75,12.437,2020-02-09T14:07:00.0
0,0,0,0,-2.0462,17.75,12.375,2020-02-09T14:08:00.0
0,0,0,0,-2.0462,17.687,12.187,2020-02-09T14:09:00.0
0,0,0,0,-2.0462,17.562,12.187,2020-02-09T14:10:00.0
0,0,0,0,-2.0462,17.562,12.312,2020-02-09T14:11:00.0
0,0,0,0,-2.0462,17.5,12.187,2020-02-09T14:12:00.0
0,0,0,0,-2.0462,17.406,12.187,2020-02-09T14:13:00.0
0,0,0,0,-2.0462,17.312,12.187,2020-02-09T14:14:00.0
0,0,0,0,-2.0462,17.312,12.187,2020-02-09T14:15:00.0
0,0,0,0,-2.0462,17.312,12.187,2020-02-09T14:16:00.0
0,0,0,0,-2.0462,17.312,12.375,2020-02-09T14:17:00.0
0,0,0,0,-2.0462,17.312,12.343499999999999,2020-02-09T14:18:00.0
0,0,0,0,-2.0462,17.312,12.312,2020-02-09T14:19:00.0
0,0,0,0,-2.0462,17.25,12.5,2020-02-09T14:20:00.0
0,0,0,0,-2.0462,17.312,12.687,2020-02-09T14:21:00.0
0,0,0,0,-2.0462,17.437,12.625,2020-02-09T14:22:00.0
0,0,0,0,-2.0462,17.375,12.625,2020-02-09T14:23:00.0
0,0,0,0,-2.0462,17.375,12.562,2020-02-09T14:24:00.0
0,0,0,0,-2.0462,17.437,12.687,2020-02-09T14:25:00.0
0,0,0,0,-2.0462,17.437,12.687,2020-02-09T14:26:00.0
0,0,0,0,-2.0462,17.375,12.687,2020-02-09T14:27:00.0
0,0,0,0,-2.0462,17.375,12.812,2020-02-09T14:28:00.0
0,0,0,0,-2.0462,17.375,12.937,2020-02-09T14:29:00.0
0,0,0,0,-2.0462,17.437333333333335,13.041333333333332,2020-02-09T14:30:00.0
0,0,0,0,-2.0462,17.49966666666667,13.145666666666665,2020-02-09T14:31:00.0
0,0,0,0,-2.0462,17.562,13.25,2020-02-09T14:32:00.0
0,0,0,0,-2.0462,17.625,13.312,2020-02-09T14:33:00.0
0,0,0,0,-2.0462,17.75,13.562,2020-02-09T14:34:00.0
0,0,0,0,-2.0462,17.812,13.625,2020-02-09T14:35:00.0
0,0,0,0,-2.0462,17.875,13.812,2020-02-09T14:36:00.0
0,0,0,0,-2.0462,17.937,13.812,2020-02-09T14:37:00.0
0,0,0,0,-2.0462,18,13.812,2020-02-09T14:38:00.0
0,0,0,0,-2.0462,18.062,13.75,2020-02-09T14:39:00.0
0,0,0,0,-2.0462,18.062,13.812,2020-02-09T14:40:00.0
0,0,0,0,-2.0462,18.125,13.75,2020-02-09T14:41:00.0
0,0,0,0,-2.0462,18.125,13.75,2020-02-09T14:42:00.0
0,0,0,0,-2.0462,18.125,13.625,2020-02-09T14:43:00.0
0,0,0,0,-2.0462,18.125,13.5,2020-02-09T14:44:00.0
0,0,0,0,-2.0462,18.062,13.562,2020-02-09T14:45:00.0
0,0,0,0,-2.0462,18,13.437,2020-02-09T14:46:00.0
0,0,0,0,-2.0462,17.937,13.375,2020-02-09T14:47:00.0
0,0,0,0,-2.0462,17.937,13.5,2020-02-09T14:48:00.0
0,0,0,0,-2.0462,18,13.562,2020-02-09T14:49:00.0
0,0,0,0,-2.0462,18,13.468499999999999,2020-02-09T14:50:00.0
0,0,0,0,-2.0462,18,13.375,2020-02-09T14:51:00.0
0,0,0,0,-2.0462,17.875,13.312,2020-02-09T14:52:00.0
0,0,0,0,-2.0462,17.812,13.312,2020-02-09T14:53:00.0
0,0,0,0,-2.0462,17.812,13.312,2020-02-09T14:54:00.0
0,0,0,0,-2.0462,17.75,13.312,2020-02-09T14:55:00.0
0,0,0,0,-2.0462,17.625,13.25,2020-02-09T14:56:00.0
0,0,0,0,-2.0462,17.562,13.125,2020-02-09T14:57:00.0
0,0,0,0,-2.0462,17.5,13.062,2020-02-09T14:58:00.0
0,0,0,0,-2.0462,17.437,13.062,2020-02-09T14:59:00.0
0,0,0,0,-2.0462,17.375,12.937,2020-02-09T15:00:00.0
0,0,0,0,-2.0462,17.25,12.812,2020-02-09T15:01:00.0
0,0,0,0,-2.0462,17.125,12.687,2020-02-09T15:02:00.0
0,0,0,0,-2.0462,17,12.562,2020-02-09T15:03:00.0
0,0,0,0,-2.0462,16.937,12.562,2020-02-09T15:04:00.0
0,0,0,0,-2.0462,16.812,12.625,2020-02-09T15:05:00.0
0,0,0,0,-2.0462,16.812,12.562,2020-02-09T15:06:00.0
0,0,0,0,-2.0462,16.687,12.5,2020-02-09T15:07:00.0
0,0,0,0,-2.0462,16.625,12.625,2020-02-09T15:08:00.0
0,0,0,0,-2.0462,16.625,12.625,2020-02-09T15:09:00.0
0,0,0,0,-2.0462,16.562,12.687,2020-02-09T15:10:00.0
0,0,0,0,-2.0462,16.562,12.687,2020-02-09T15:11:00.0
0,0,0,0,-2.0462,16.5,12.687,2020-02-09T15:12:00.0
0,0,0,0,-2.0462,16.5,12.625,2020-02-09T15:13:00.0
0,0,0,0,-2.0462,16.5,12.687,2020-02-09T15:14:00.0
0,0,0,0,-2.0462,16.437,12.562,2020-02-09T15:15:00.0
0,0,0,0,-2.0462,16.375,12.375,2020-02-09T15:16:00.0
0,0,0,0,-2.0462,16.312,12.375,2020-02-09T15:17:00.0
0,0,0,0,-2.0462,16.25,12.437,2020-02-09T15:18:00.0
0,0,0,0,-2.0462,16.187,12.312,2020-02-09T15:19:00.0
0,0,0,0,-2.0462,16.187,12.312,2020-02-09T15:20:00.0
0,0,0,0,-2.0462,16.125,12.25,2020-02-09T15:21:00.0
0,0,0,0,-2.0462,16.125,12.5,2020-02-09T15:22:00.0
0,0,0,0,-2.0462,16.187,12.625,2020-02-09T15:23:00.0
0,0,0,0,-2.0462,16.187,12.625,2020-02-09T15:24:00.0
0,0,0,0,-2.0462,16.187,12.625,2020-02-09T15:25:00.0
0,0,0,0,-2.0462,16.187,12.625,2020-02-09T15:26:00.0
0,0,0,0,-2.0462,16.187,12.437,2020-02-09T15:27:00.0
0,0,0,0,-2.0462,16.125,12.562,2020-02-09T15:28:00.0
0,0,0,0,-2.0462,16.125,12.687,2020-02-09T15:29:00.0
0,0,0,0,-2.0462,16.125,12.687,2020-02-09T15:30:00.0
0,0,0,0,-2.0462,16.125,12.562,2020-02-09T15:31:00.0
0,0,0,0,-2.0462,16.125,12.562,2020-02-09T15:32:00.0
0,0,0,0,-2.0462,16.125,12.5,2020-02-09T15:33:00.0
0,0,0,0,-2.0462,16.125,12.437,2020-02-09T15:34:00.0
0,0,0,0,-2.0462,16.125,12.5,2020-02-09T15:35:00.0
0,0,0,0,-2.0462,16.125,12.5,2020-02-09T15:36:00.0
0,0,0,0,-2.0462,16.062,12.562,2020-02-09T15:37:00.0
0,0,0,0,-2.0462,16.125,12.687,2020-02-09T15:38:00.0
0,0,0,0,-2.0462,16.125,12.687,2020-02-09T15:39:00.0
0,0,0,0,-2.0462,16.187,12.75,2020-02-09T15:40:00.0
0,0,0,0,-2.0462,16.25,12.875,2020-02-09T15:41:00.0
0,0,0,0,-2.0462,16.25,12.937,2020-02-09T15:42:00.0
0,0,0,0,-2.0462,16.25,12.937,2020-02-09T15:43:00.0
0,0,0,0,-2.0462,16.187,12.875,2020-02-09T15:44:00.0
0,0,0,0,-2.0462,16.187,12.937,2020-02-09T15:45:00.0
0,0,0,0,-2.0462,16.2495,13.030999999999999,2020-02-09T15:46:00.0
0,0,0,0,-2.0462,16.312,13.125,2020-02-09T15:47:00.0
0,0,0,0,-2.0462,16.312,13.25,2020-02-09T15:48:00.0
0,0,0,0,-2.0462,16.375,13.312,2020-02-09T15:49:00.0
0,0,0,0,-2.0462,16.375,13.25,2020-02-09T15:50:00.0
0,0,0,0,-2.0462,16.375,13.062,2020-02-09T15:51:00.0
0,0,0,0,-2.0462,16.375,13.062,2020-02-09T15:52:00.0
0,0,0,0,-2.0462,16.375,13.125,2020-02-09T15:53:00.0
0,0,0,0,-2.0462,16.312,13.125,2020-02-09T15:54:00.0
0,0,0,0,-2.0462,16.312,13.062,2020-02-09T15:55:00.0
0,0,0,0,-2.0462,16.187,13,2020-02-09T15:56:00.0
0,0,0,0,-2.0462,16.187,13,2020-02-09T15:57:00.0
0,0,0,0,-2.0462,16.187,13,2020-02-09T15:58:00.0
0,0,0,0,-2.0462,16.125,13,2020-02-09T15:59:00.0
0,0,0,0,-2.0462,16.125,12.937,2020-02-09T16:00:00.0
0,0,0,0,-2.0462,16.125,12.937,2020-02-09T16:01:00.0
0,0,0,0,-2.0462,16.187,13,2020-02-09T16:02:00.0
0,0,0,0,-2.0462,16.187,13,2020-02-09T16:03:00.0
0,0,0,0,-2.0462,16.187,13,2020-02-09T16:04:00.0
0,0,0,0,-2.0462,16.125,12.875,2020-02-09T16:05:00.0
0,0,0,0,-2.0462,16,12.625,2020-02-09T16:06:00.0
0,0,0,0,-2.0462,15.875,12.625,2020-02-09T16:07:00.0
0,0,0,0,-2.0462,15.812,12.687,2020-02-09T16:08:00.0
0,0,0,0,-2.0462,15.75,12.875,2020-02-09T16:09:00.0
0,0,0,0,-2.0462,15.687,12.812,2020-02-09T16:10:00.0
0,0,0,0,-2.0462,15.625,12.75,2020-02-09T16:11:00.0
0,0,0,0,-2.0462,15.562,12.687,2020-02-09T16:12:00.0
0,0,0,0,-2.0462,15.562,12.625,2020-02-09T16:13:00.0
0,0,0,0,-2.0462,15.437,12.625,2020-02-09T16:14:00.0
0,0,0,0,-2.0462,15.437,12.687,2020-02-09T16:15:00.0
0,0,0,0,-2.0462,15.375,12.625,2020-02-09T16:16:00.0
0,0,0,0,-2.0462,15.312,12.625,2020-02-09T16:17:00.0
0,0,0,0,-2.0462,15.312,12.562,2020-02-09T16:18:00.0
0,0,0,0,-2.0462,15.25,12.5,2020-02-09T16:19:00.0
0,0,0,0,-2.0462,15.187,12.562,2020-02-09T16:20:00.0
0,0,0,0,-2.0462,15.187,12.625,2020-02-09T16:21:00.0
0,0,0,0,-2.0462,15.187,12.75,2020-02-09T16:22:00.0
0,0,0,0,-2.0462,15.25,12.875,2020-02-09T16:23:00.0
0,0,0,0,-2.0462,15.25,13,2020-02-09T16:24:00.0
0,0,0,0,-2.0462,15.312,12.875,2020-02-09T16:25:00.0
0,0,0,0,-2.0462,15.312,13,2020-02-09T16:26:00.0
0,0,0,0,-2.0462,15.312,12.937,2020-02-09T16:27:00.0
0,0,0,0,-2.0462,15.312,12.937,2020-02-09T16:28:00.0
0,0,0,0,-2.0462,15.375,12.875,2020-02-09T16:29:00.0
0,0,0,0,-2.0462,15.375,12.875,2020-02-09T16:30:00.0
0,0,0,0,-2.0462,15.312,13,2020-02-09T16:31:00.0
0,0,0,0,-2.0462,15.375,13,2020-02-09T16:32:00.0
0,0,0,0,-2.0462,15.375,13.062,2020-02-09T16:33:00.0
0,0,0,0,-2.0462,15.437,13,2020-02-09T16:34:00.0
0,0,0,0,-2.0462,15.437,13,2020-02-09T16:35:00.0
0,0,0,0,-2.0462,15.437,12.812,2020-02-09T16:36:00.0
0,0,0,0,-2.0462,15.437,12.875,2020-02-09T16:37:00.0
0,0,0,0,-2.0462,15.375,12.875,2020-02-09T16:38:00.0
0,0,0,0,-2.0462,15.437,12.875,2020-02-09T16:39:00.0
0,0,0,0,-2.0462,15.437,12.937,2020-02-09T16:40:00.0
0,0,0,0,-2.0462,15.437,13,2020-02-09T16:41:00.0
0,0,0,0,-2.0462,15.437,13,2020-02-09T16:42:00.0
0,0,0,0,-2.0462,15.437,13,2020-02-09T16:43:00.0
0,0,0,0,-2.0462,15.437,13,2020-02-09T16:44:00.0
0,0,0,0,-2.0462,15.437,13,2020-02-09T16:45:00.0
0,0,0,0,-2.0462,15.375,12.937,2020-02-09T16:46:00.0
0,0,0,0,-2.0462,15.375,12.937,2020-02-09T16:47:00.0
0,0,0,0,-2.0462,15.437,13,2020-02-09T16:48:00.0
0,0,0,0,-2.0462,15.468499999999999,13.0625,2020-02-09T16:49:00.0
0,0,0,0,-2.0462,15.5,13.125,2020-02-09T16:50:00.0
0,0,0,0,-2.0462,15.5,13,2020-02-09T16:51:00.0
0,0,0,0,-2.0462,15.5,12.937,2020-02-09T16:52:00.0
0,0,0,0,-2.0462,15.437,12.875,2020-02-09T16:53:00.0
0,0,0,0,-2.0462,15.437,12.937,2020-02-09T16:54:00.0
0,0,0,0,-2.0462,15.437,12.875,2020-02-09T16:55:00.0
0,0,0,0,-2.0462,15.437,12.937,2020-02-09T16:56:00.0
0,0,0,0,-2.0462,15.375,12.812,2020-02-09T16:57:00.0
0,0,0,0,-2.0462,15.25,12.625,2020-02-09T16:58:00.0
0,0,0,0,-2.0462,15.187,12.625,2020-02-09T16:59:00.0
0,0,0,0,-2.0462,15.155999999999999,12.625,2020-02-09T17:00:00.0
0,0,0,0,-2.0462,15.125,12.625,2020-02-09T17:01:00.0
0,0,0,0,-2.0462,15.062,12.687,2020-02-09T17:02:00.0
0,0,0,0,-2.0462,15,12.625,2020-02-09T17:03:00.0
0,0,0,0,-2.0462,14.937,12.562,2020-02-09T17:04:00.0
0,0,0,0,-2.0462,14.937,12.5,2020-02-09T17:05:00.0
0,0,0,0,-2.0462,14.875,12.562,2020-02-09T17:06:00.0
0,0,0,0,-2.0462,14.812,12.562,2020-02-09T17:07:00.0
0,0,0,0,-2.0462,14.75,12.562,2020-02-09T17:08:00.0
0,0,0,0,-2.0462,14.75,12.562,2020-02-09T17:09:00.0
0,0,0,0,-2.0462,14.687,12.562,2020-02-09T17:10:00.0
0,0,0,0,-2.0462,14.625,12.625,2020-02-09T17:11:00.0
0,0,0,0,-2.0462,14.625,12.625,2020-02-09T17:12:00.0
0,0,0,0,-2.0462,14.625,12.687,2020-02-09T17:13:00.0
0,0,0,0,-2.0462,14.625,12.937,2020-02-09T17:14:00.0
0,0,0,0,-2.0462,14.687,13,2020-02-09T17:15:00.0
0,0,0,0,-2.0462,14.687,13,2020-02-09T17:16:00.0
0,0,0,0,-2.0462,14.687,12.875,2020-02-09T17:17:00.0
0,0,0,0,-2.0462,14.687,12.937,2020-02-09T17:18:00.0
0,0,0,0,-2.0462,14.687,12.8745,2020-02-09T17:19:00.0
0,0,0,0,-2.0462,14.687,12.812,2020-02-09T17:20:00.0
0,0,0,0,-2.0462,14.687,12.812,2020-02-09T17:21:00.0
0,0,0,0,-2.0462,14.625,12.687,2020-02-09T17:22:00.0
0,0,0,0,-2.0462,14.625,12.687,2020-02-09T17:23:00.0
0,0,0,0,-2.0462,14.562,12.562,2020-02-09T17:24:00.0
0,0,0,0,-2.0462,14.5,12.562,2020-02-09T17:25:00.0
0,0,0,0,-2.0462,14.5,12.625,2020-02-09T17:26:00.0
0,0,0,0,-2.0462,14.437,12.625,2020-02-09T17:27:00.0
0,0,0,0,-2.0462,14.5,12.687,2020-02-09T17:28:00.0
0,0,0,0,-2.0462,14.437,12.625,2020-02-09T17:29:00.0
0,0,0,0,-2.0462,14.375,12.625,2020-02-09T17:30:00.0
0,0,0,0,-2.0462,14.437,12.687,2020-02-09T17:31:00.0
0,0,0,0,-2.0462,14.437,12.75,2020-02-09T17:32:00.0
0,0,0,0,-2.0462,14.437,12.812,2020-02-09T17:33:00.0
0,0,0,0,-2.0462,14.5,12.937,2020-02-09T17:34:00.0
0,0,0,0,-2.0462,14.562,12.937,2020-02-09T17:35:00.0
0,0,0,0,-2.0462,14.6245,12.968499999999999,2020-02-09T17:36:00.0
0,0,0,0,-2.0462,14.687,13,2020-02-09T17:37:00.0
0,0,0,0,-2.0462,14.687,13,2020-02-09T17:38:00.0
0,0,0,0,-2.0462,14.687,12.937,2020-02-09T17:39:00.0
0,0,0,0,-2.0462,14.687,12.937,2020-02-09T17:40:00.0
0,0,0,0,-2.0462,14.75,13,2020-02-09T17:41:00.0
0,0,0,0,-2.0462,14.75,13,2020-02-09T17:42:00.0
0,0,0,0,-2.0462,14.75,13,2020-02-09T17:43:00.0
0,0,0,0,-2.0462,14.75,13,2020-02-09T17:44:00.0
0,0,0,0,-2.0462,14.75,13,2020-02-09T17:45:00.0
0,0,0,0,-2.0462,14.75,13,2020-02-09T17:46:00.0
0,0,0,0,-2.0462,14.75,13,2020-02-09T17:47:00.0
0,0,0,0,-2.0462,14.812,13,2020-02-09T17:48:00.0
0,0,0,0,-2.0462,14.812,13,2020-02-09T17:49:00.0
0,0,0,0,-2.0462,14.75,12.937,2020-02-09T17:50:00.0
0,0,0,0,-2.0462,14.75,13,2020-02-09T17:51:00.0
0,0,0,0,-2.0462,14.687,13.062,2020-02-09T17:52:00.0
0,0,0,0,-2.0462,14.75,13.125,2020-02-09T17:53:00.0
0,0,0,0,-2.0462,14.75,13.25,2020-02-09T17:54:00.0
0,0,0,0,-2.0462,14.75,13.25,2020-02-09T17:55:00.0
0,0,0,0,-2.0462,14.812,13.312,2020-02-09T17:56:00.0
0,0,0,0,-2.0462,14.875,13.375,2020-02-09T17:57:00.0
0,0,0,0,-2.0462,14.937,13.437,2020-02-09T17:58:00.0
0,0,0,0,-2.0462,15,13.562,2020-02-09T17:59:00.0
0,0,0,0,-2.0462,15,13.625,2020-02-09T18:00:00.0
0,0,0,0,-2.0462,15.062,13.687,2020-02-09T18:01:00.0
0,0,0,0,-2.0462,15.125,13.687,2020-02-09T18:02:00.0
0,0,0,0,-2.0462,15.187,13.75,2020-02-09T18:03:00.0
0,0,0,0,-2.0462,15.25,13.875,2020-02-09T18:04:00.0
0,0,0,0,-2.0462,15.375,13.937,2020-02-09T18:05:00.0
0,0,0,0,-2.0462,15.375,13.937,2020-02-09T18:06:00.0
0,0,0,0,-2.0462,15.437,13.875,2020-02-09T18:07:00.0
0,0,0,0,-2.0462,15.5,13.812,2020-02-09T18:08:00.0
0,0,0,0,-2.0462,15.5,13.875,2020-02-09T18:09:00.0
0,0,0,0,-2.0462,15.562,13.875,2020-02-09T18:10:00.0
0,0,0,0,-2.0462,15.562,14,2020-02-09T18:11:00.0
0,0,0,0,-2.0462,15.562,13.875,2020-02-09T18:12:00.0
0,0,0,0,-2.0462,15.562,13.812,2020-02-09T18:13:00.0
0,0,0,0,-2.0462,15.562,13.812,2020-02-09T18:14:00.0
0,0,0,0,-2.0462,15.562,13.812,2020-02-09T18:15:00.0
0,0,0,0,-2.0462,15.5,13.812,2020-02-09T18:16:00.0
0,0,0,0,-2.0462,15.437,13.687,2020-02-09T18:17:00.0
0,0,0,0,-2.0462,15.375,13.5,2020-02-09T18:18:00.0
0,0,0,0,-2.0462,15.375,13.5,2020-02-09T18:19:00.0
0,0,0,0,-2.0462,15.312,13.312,2020-02-09T18:20:00.0
0,0,0,0,-2.0462,15.25,13.187,2020-02-09T18:21:00.0
0,0,0,0,-2.0462,15.125,13.062,2020-02-09T18:22:00.0
0,0,0,0,-2.0462,15.030999999999999,12.905999999999999,2020-02-09T18:23:00.0
0,0,0,0,-2.0462,14.937,12.75,2020-02-09T18:24:00.0
0,0,0,0,-2.0462,14.875,12.625,2020-02-09T18:25:00.0
0,0,0,0,-2.0462,14.75,12.562,2020-02-09T18:26:00.0
0,0,0,0,-2.0462,14.625,12.437,2020-02-09T18:27:00.0
0,0,0,0,-2.0462,14.562,12.375,2020-02-09T18:28:00.0
0,0,0,0,-2.0462,14.5,12.437,2020-02-09T18:29:00.0
0,0,0,0,-2.0462,14.405999999999999,12.405999999999999,2020-02-09T18:30:00.0
0,0,0,0,-2.0462,14.312,12.375,2020-02-09T18:31:00.0
0,0,0,0,-2.0462,14.312,12.375,2020-02-09T18:32:00.0
0,0,0,0,-2.0462,14.312,12.312,2020-02-09T18:33:00.0
0,0,0,0,-2.0462,14.25,12.25,2020-02-09T18:34:00.0
0,0,0,0,-2.0462,14.25,12.375,2020-02-09T18:35:00.0
0,0,0,0,-2.0462,14.187,12.312,2020-02-09T18:36:00.0
0,0,0,0,-2.0462,14.187,12.312,2020-02-09T18:37:00.0
0,0,0,0,-2.0462,14.187,12.375,2020-02-09T18:38:00.0
0,0,0,0,-2.0462,14.125,12.312,2020-02-09T18:39:00.0
0,0,0,0,-2.0462,14.125,12.437,2020-02-09T18:40:00.0
0,0,0,0,-2.0462,14.125,12.562,2020-02-09T18:41:00.0
0,0,0,0,-2.0462,14.125,12.593499999999999,2020-02-09T18:42:00.0
0,0,0,0,-2.0462,14.125,12.625,2020-02-09T18:43:00.0
0,0,0,0,-2.0462,14.125,12.75,2020-02-09T18:44:00.0
0,0,0,0,-2.0462,14.187,12.812,2020-02-09T18:45:00.0
0,0,0,0,-2.0462,14.187,12.875,2020-02-09T18:46:00.0
0,0,0,0,-2.0462,14.187,12.875,2020-02-09T18:47:00.0
0,0,0,0,-2.0462,14.187,12.937,2020-02-09T18:48:00.0
0,0,0,0,-2.0462,14.218499999999999,12.905999999999999,2020-02-09T18:49:00.0
0,0,0,0,-2.0462,14.25,12.875,2020-02-09T18:50:00.0
0,0,0,0,-2.0462,14.187,12.812,2020-02-09T18:51:00.0
0,0,0,0,-2.0462,14.187,12.812,2020-02-09T18:52:00.0
0,0,0,0,-2.0462,14.187,12.875,2020-02-09T18:53:00.0
0,0,0,0,-2.0462,14.25,12.812,2020-02-09T18:54:00.0
0,0,0,0,-2.0462,14.25,12.812,2020-02-09T18:55:00.0
0,0,0,0,-2.0462,14.25,12.812,2020-02-09T18:56:00.0
0,0,0,0,-2.0462,14.187,12.75,2020-02-09T18:57:00.0
0,0,0,0,-2.0462,14.187,12.812,2020-02-09T18:58:00.0
0,0,0,0,-2.0462,14.187,12.937,2020-02-09T18:59:00.0
0,0,0,0,-2.0462,14.187,12.937,2020-02-09T19:00:00.0
0,0,0,0,-2.0462,14.25,12.875,2020-02-09T19:01:00.0
0,0,0,0,-2.0462,14.187,12.875,2020-02-09T19:02:00.0
0,0,0,0,-2.0462,14.25,12.937,2020-02-09T19:03:00.0
0,0,0,0,-2.0462,14.25,13,2020-02-09T19:04:00.0
0,0,0,0,-2.0462,14.312,13,2020-02-09T19:05:00.0
0,0,0,0,-2.0462,14.375,13.062,2020-02-09T19:06:00.0
0,0,0,0,-2.0462,14.312,13.125,2020-02-09T19:07:00.0
0,0,0,0,-2.0462,14.375,13.187,2020-02-09T19:08:00.0
0,0,0,0,-2.0462,14.437,13.25,2020-02-09T19:09:00.0
0,0,0,0,-2.0462,14.437,13.25,2020-02-09T19:10:00.0
0,0,0,0,-2.0462,14.437,13.062,2020-02-09T19:11:00.0
0,0,0,0,-2.0462,14.437,13,2020-02-09T19:12:00.0
0,0,0,0,-2.0462,14.437,13,2020-02-09T19:13:00.0
0,0,0,0,-2.0462,14.437,12.937,2020-02-09T19:14:00.0
0,0,0,0,-2.0462,14.375,13,2020-02-09T19:15:00.0
0,0,0,0,-2.0462,14.375,13,2020-02-09T19:16:00.0
0,0,0,0,-2.0462,14.375,13,2020-02-09T19:17:00.0
0,0,0,0,-2.0462,14.312,12.937,2020-02-09T19:18:00.0
0,0,0,0,-2.0462,14.312,12.937,2020-02-09T19:19:00.0
0,0,0,0,-2.0462,14.312,13,2020-02-09T19:20:00.0
0,0,0,0,-2.0462,14.25,12.937,2020-02-09T19:21:00.0
0,0,0,0,-2.0462,14.25,12.937,2020-02-09T19:22:00.0
0,0,0,0,-2.0462,14.25,13.062,2020-02-09T19:23:00.0
0,0,0,0,-2.0462,14.187,13.062,2020-02-09T19:24:00.0
0,0,0,0,-2.0462,14.187,13.125,2020-02-09T19:25:00.0
0,0,0,0,-2.0462,14.187,13.125,2020-02-09T19:26:00.0
0,0,0,0,-2.0462,14.187,13.125,2020-02-09T19:27:00.0
0,0,0,0,-2.0462,14.187,13.125,2020-02-09T19:28:00.0
0,0,0,0,-2.0462,14.187,13.125,2020-02-09T19:29:00.0
0,0,0,0,-2.0462,14.187,13.125,2020-02-09T19:30:00.0
0,0,0,0,-2.0462,14.125,13.125,2020-02-09T19:31:00.0
0,0,0,0,-2.0462,14.125,13,2020-02-09T19:32:00.0
0,0,0,0,-2.0462,14.125,12.937,2020-02-09T19:33:00.0
0,0,0,0,-2.0462,14.062,13,2020-02-09T19:34:00.0
0,0,0,0,-2.0462,14.062,13.062,2020-02-09T19:35:00.0
0,0,0,0,-2.0462,14.062,13.062,2020-02-09T19:36:00.0
0,0,0,0,-2.0462,14.062,13.187,2020-02-09T19:37:00.0
0,0,0,0,-2.0462,14.062,13.25,2020-02-09T19:38:00.0
0,0,0,0,-2.0462,14.062,13.375,2020-02-09T19:39:00.0
0,0,0,0,-2.0462,14.062,13.437,2020-02-09T19:40:00.0
0,0,0,0,-2.0462,14.125,13.437,2020-02-09T19:41:00.0
0,0,0,0,-2.0462,14.125,13.375,2020-02-09T19:42:00.0
0,0,0,0,-2.0462,14.125,13.437,2020-02-09T19:43:00.0
0,0,0,0,-2.0462,14.125,13.437,2020-02-09T19:44:00.0
0,0,0,0,-2.0462,14.125,13.5,2020-02-09T19:45:00.0
0,0,0,0,-2.0462,14.125,13.5,2020-02-09T19:46:00.0
0,0,0,0,-2.0462,14.125,13.5,2020-02-09T19:47:00.0
0,0,0,0,-2.0462,14.125,13.375,2020-02-09T19:48:00.0
0,0,0,0,-2.0462,14.125,13.375,2020-02-09T19:49:00.0
0,0,0,0,-2.0462,14.125,13.375,2020-02-09T19:50:00.0
0,0,0,0,-2.0462,14.062,13.375,2020-02-09T19:51:00.0
0,0,0,0,-2.0462,14.062,13.375,2020-02-09T19:52:00.0
0,0,0,0,-2.0462,14.062,13.437,2020-02-09T19:53:00.0
0,0,0,0,-2.0462,14.062,13.375,2020-02-09T19:54:00.0
0,0,0,0,-2.0462,14.062,13.375,2020-02-09T19:55:00.0
0,0,0,0,-2.0462,14,13.187,2020-02-09T19:56:00.0
0,0,0,0,-2.0462,14,13.187,2020-02-09T19:57:00.0
0,0,0,0,-2.0462,14,13.312,2020-02-09T19:58:00.0
0,0,0,0,-2.0462,14,13.375,2020-02-09T19:59:00.0
0,0,0,0,-2.0462,14,13.437,2020-02-09T20:00:00.0
0,0,0,0,-2.0462,14,13.437,2020-02-09T20:01:00.0
0,0,0,0,-2.0462,14,13.5,2020-02-09T20:02:00.0
0,0,0,0,-2.0462,14,13.5,2020-02-09T20:03:00.0
0,0,0,0,-2.0462,14,13.5,2020-02-09T20:04:00.0
0,0,0,0,-2.0462,14,13.5,2020-02-09T20:05:00.0
0,0,0,0,-2.0462,14,13.25,2020-02-09T20:06:00.0
0,0,0,0,-2.0462,13.937,13.125,2020-02-09T20:07:00.0
0,0,0,0,-2.0462,13.875,13,2020-02-09T20:08:00.0
0,0,0,0,-2.0462,13.812,13,2020-02-09T20:09:00.0
0,0,0,0,-2.0462,13.75,12.812,2020-02-09T20:10:00.0
0,0,0,0,-2.0462,13.75,12.812,2020-02-09T20:11:00.0
0,0,0,0,-2.0462,13.625,12.687,2020-02-09T20:12:00.0
0,0,0,0,-2.0462,13.562,12.562,2020-02-09T20:13:00.0
0,0,0,0,-2.0462,13.562,12.562,2020-02-09T20:14:00.0
0,0,0,0,-2.0462,13.530999999999999,12.562,2020-02-09T20:15:00.0
0,0,0,0,-2.0462,13.5,12.562,2020-02-09T20:16:00.0
0,0,0,0,-2.0462,13.375,12.5,2020-02-09T20:17:00.0
0,0,0,0,-2.0462,13.375,12.5,2020-02-09T20:18:00.0
0,0,0,0,-2.0462,13.312,12.562,2020-02-09T20:19:00.0
0,0,0,0,-2.0462,13.312,12.562,2020-02-09T20:20:00.0
0,0,0,0,-2.0462,13.25,12.687,2020-02-09T20:21:00.0
0,0,0,0,-2.0462,13.312,12.625,2020-02-09T20:22:00.0
0,0,0,0,-2.0462,13.312,12.625,2020-02-09T20:23:00.0
0,0,0,0,-2.0462,13.25,12.5,2020-02-09T20:24:00.0
0,0,0,0,-2.0462,13.25,12.437,2020-02-09T20:25:00.0
0,0,0,0,-2.0462,13.187,12.437,2020-02-09T20:26:00.0
0,0,0,0,-2.0462,13.187,12.5,2020-02-09T20:27:00.0
0,0,0,0,-2.0462,13.125,12.5,2020-02-09T20:28:00.0
0,0,0,0,-2.0462,13.125,12.437,2020-02-09T20:29:00.0
0,0,0,0,-2.0462,13.062,12.312,2020-02-09T20:30:00.0
0,0,0,0,-2.0462,13.062,12.312,2020-02-09T20:31:00.0
0,0,0,0,-2.0462,13,12.312,2020-02-09T20:32:00.0
0,0,0,0,-2.0462,13,12.375,2020-02-09T20:33:00.0
0,0,0,0,-2.0462,13,12.375,2020-02-09T20:34:00.0
0,0,0,0,-2.0462,13,12.312,2020-02-09T20:35:00.0
0,0,0,0,-2.0462,12.937,12.312,2020-02-09T20:36:00.0
0,0,0,0,-2.0462,12.937,12.437,2020-02-09T20:37:00.0
0,0,0,0,-2.0462,12.937,12.437,2020-02-09T20:38:00.0
0,0,0,0,-2.0462,12.937,12.437,2020-02-09T20:39:00.0
0,0,0,0,-2.0462,13,12.562,2020-02-09T20:40:00.0
0,0,0,0,-2.0462,12.937,12.562,2020-02-09T20:41:00.0
0,0,0,0,-2.0462,12.937,12.5,2020-02-09T20:42:00.0
0,0,0,0,-2.0462,12.937,12.5,2020-02-09T20:43:00.0
0,0,0,0,-2.0462,12.937,12.437,2020-02-09T20:44:00.0
0,0,0,0,-2.0462,12.875,12.5,2020-02-09T20:45:00.0
0,0,0,0,-2.0462,12.937,12.5,2020-02-09T20:46:00.0
0,0,0,0,-2.0462,12.875,12.437,2020-02-09T20:47:00.0
0,0,0,0,-2.0462,12.875,12.312,2020-02-09T20:48:00.0
0,0,0,0,-2.0462,12.812,12.187,2020-02-09T20:49:00.0
0,0,0,0,-2.0462,12.812,12.25,2020-02-09T20:50:00.0
0,0,0,0,-2.0462,12.75,12.312,2020-02-09T20:51:00.0
0,0,0,0,-2.0462,12.75,12.312,2020-02-09T20:52:00.0
0,0,0,0,-2.0462,12.75,12.25,2020-02-09T20:53:00.0
0,0,0,0,-2.0462,12.687,12.25,2020-02-09T20:54:00.0
