time,TempPlant3,TempPlant4,TempPlant5,Air_temp_loc,Humedity,air_temp,Ambient_1
2020-01-23T00:00:00.0,,,,,,,
2020-01-23T00:01:00.0,,,,,,,
2020-01-23T00:02:00.0,,,,,,,
2020-01-23T00:03:00.0,,,,,,,
2020-01-23T00:04:00.0,,,,,,,
2020-01-23T00:05:00.0,,,,,,,
2020-01-23T00:06:00.0,,,,,,,
2020-01-23T00:07:00.0,,,,,,,
2020-01-23T00:08:00.0,,,,,,,
2020-01-23T00:09:00.0,,,,,,,
2020-01-23T00:10:00.0,,,,,,,
2020-01-23T00:11:00.0,,,,,,,
2020-01-23T00:12:00.0,,,,,,,
2020-01-23T00:13:00.0,,,,,,,
2020-01-23T00:14:00.0,,,,,,,
2020-01-23T00:15:00.0,,,,,,,
2020-01-23T00:16:00.0,,,,,,,
2020-01-23T00:17:00.0,,,,,,,
2020-01-23T00:18:00.0,,,,,,,
2020-01-23T00:19:00.0,,,,,,,
2020-01-23T00:20:00.0,,,,,,,
2020-01-23T00:21:00.0,,,,,,,
2020-01-23T00:22:00.0,,,,,,,
2020-01-23T00:23:00.0,,,,,,,
2020-01-23T00:24:00.0,,,,,,,
2020-01-23T00:25:00.0,,,,,,,
2020-01-23T00:26:00.0,,,,,,,
2020-01-23T00:27:00.0,,,,,,,
2020-01-23T00:28:00.0,,,,,,,
2020-01-23T00:29:00.0,,,,,,,
2020-01-23T00:30:00.0,,,,,,,
2020-01-23T00:31:00.0,,,,,,,
2020-01-23T00:32:00.0,,,,,,,
2020-01-23T00:33:00.0,,,,,,,
2020-01-23T00:34:00.0,,,,,,,
2020-01-23T00:35:00.0,,,,,,,
2020-01-23T00:36:00.0,,,,,,,
2020-01-23T00:37:00.0,,,,,,,
2020-01-23T00:38:00.0,,,,,,,
2020-01-23T00:39:00.0,,,,,,,
2020-01-23T00:40:00.0,,,,,,,
2020-01-23T00:41:00.0,,,,,,,
2020-01-23T00:42:00.0,,,,,,,
2020-01-23T00:43:00.0,,,,,,,
2020-01-23T00:44:00.0,,,,,,,
2020-01-23T00:45:00.0,,,,,,,
2020-01-23T00:46:00.0,,,,,,,
2020-01-23T00:47:00.0,,,,,,,
2020-01-23T00:48:00.0,,,,,,,
2020-01-23T00:49:00.0,,,,,,,
2020-01-23T00:50:00.0,,,,,,,
2020-01-23T00:51:00.0,,,,,,,
2020-01-23T00:52:00.0,,,,,,,
2020-01-23T00:53:00.0,,,,,,,
2020-01-23T00:54:00.0,,,,,,,
2020-01-23T00:55:00.0,,,,,,,
2020-01-23T00:56:00.0,,,,,,,
2020-01-23T00:57:00.0,,,,,,,
2020-01-23T00:58:00.0,,,,,,,
2020-01-23T00:59:00.0,,,,,,,
2020-01-23T01:00:00.0,,,,,,,
2020-01-23T01:01:00.0,,,,,,,
2020-01-23T01:02:00.0,,,,,,,
2020-01-23T01:03:00.0,,,,,,,
2020-01-23T01:04:00.0,,,,,,,
2020-01-23T01:05:00.0,,,,,,,
2020-01-23T01:06:00.0,,,,,,,
2020-01-23T01:07:00.0,,,,,,,
2020-01-23T01:08:00.0,,,,,,,
2020-01-23T01:09:00.0,,,,,,,
2020-01-23T01:10:00.0,,,,,,,
2020-01-23T01:11:00.0,,,,,,,
2020-01-23T01:12:00.0,,,,,,,
2020-01-23T01:13:00.0,,,,,,,
2020-01-23T01:14:00.0,,,,,,,
2020-01-23T01:15:00.0,,,,,,,
2020-01-23T01:16:00.0,,,,,,,
2020-01-23T01:17:00.0,,,,,,,
2020-01-23T01:18:00.0,,,,,,,
2020-01-23T01:19:00.0,,,,,,,
2020-01-23T01:20:00.0,,,,,,,
2020-01-23T01:21:00.0,,,,,,,
2020-01-23T01:22:00.0,,,,,,,
2020-01-23T01:23:00.0,,,,,,,
2020-01-23T01:24:00.0,,,,,,,
2020-01-23T01:25:00.0,,,,,,,
2020-01-23T01:26:00.0,,,,,,,
2020-01-23T01:27:00.0,,,,,,,
2020-01-23T01:28:00.0,,,,,,,
2020-01-23T01:29:00.0,,,,,,,
2020-01-23T01:30:00.0,,,,,,,
2020-01-23T01:31:00.0,,,,,,,
2020-01-23T01:32:00.0,,,,,,,
2020-01-23T01:33:00.0,,,,,,,
2020-01-23T01:34:00.0,,,,,,,
2020-01-23T01:35:00.0,,,,,,,
2020-01-23T01:36:00.0,,,,,,,
2020-01-23T01:37:00.0,,,,,,,
2020-01-23T01:38:00.0,,,,,,,
2020-01-23T01:39:00.0,,,,,,,
2020-01-23T01:40:00.0,,,,,,,
2020-01-23T01:41:00.0,,,,,,,
2020-01-23T01:42:00.0,,,,,,,
2020-01-23T01:43:00.0,,,,,,,
2020-01-23T01:44:00.0,,,,,,,
2020-01-23T01:45:00.0,,,,,,,
2020-01-23T01:46:00.0,,,,,,,
2020-01-23T01:47:00.0,,,,,,,
2020-01-23T01:48:00.0,,,,,,,
2020-01-23T01:49:00.0,,,,,,,
2020-01-23T01:50:00.0,,,,,,,
2020-01-23T01:51:00.0,,,,,,,
2020-01-23T01:52:00.0,,,,,,,
2020-01-23T01:53:00.0,,,,,,,
2020-01-23T01:54:00.0,,,,,,,
2020-01-23T01:55:00.0,,,,,,,
2020-01-23T01:56:00.0,,,,,,,
2020-01-23T01:57:00.0,,,,,,,
2020-01-23T01:58:00.0,,,,,,,
2020-01-23T01:59:00.0,,,,,,,
2020-01-23T02:00:00.0,,,,,,,
2020-01-23T02:01:00.0,,,,,,,
2020-01-23T02:02:00.0,,,,,,,
2020-01-23T02:03:00.0,,,,,,,
2020-01-23T02:04:00.0,,,,,,,
2020-01-23T02:05:00.0,,,,,,,
2020-01-23T02:06:00.0,,,,,,,
2020-01-23T02:07:00.0,,,,,,,
2020-01-23T02:08:00.0,,,,,,,
2020-01-23T02:09:00.0,,,,,,,
2020-01-23T02:10:00.0,,,,,,,
2020-01-23T02:11:00.0,,,,,,,
2020-01-23T02:12:00.0,,,,,,,
2020-01-23T02:13:00.0,,,,,,,
2020-01-23T02:14:00.0,,,,,,,
2020-01-23T02:15:00.0,,,,,,,
2020-01-23T02:16:00.0,,,,,,,
2020-01-23T02:17:00.0,,,,,,,
2020-01-23T02:18:00.0,,,,,,,
2020-01-23T02:19:00.0,,,,,,,
2020-01-23T02:20:00.0,,,,,,,
2020-01-23T02:21:00.0,,,,,,,
2020-01-23T02:22:00.0,,,,,,,
2020-01-23T02:23:00.0,,,,,,,
2020-01-23T02:24:00.0,,,,,,,
2020-01-23T02:25:00.0,,,,,,,
2020-01-23T02:26:00.0,,,,,,,
2020-01-23T02:27:00.0,,,,,,,
2020-01-23T02:28:00.0,,,,,,,
2020-01-23T02:29:00.0,,,,,,,
2020-01-23T02:30:00.0,,,,,,,
2020-01-23T02:31:00.0,,,,,,,
2020-01-23T02:32:00.0,,,,,,,
2020-01-23T02:33:00.0,,,,,,,
2020-01-23T02:34:00.0,,,,,,,
2020-01-23T02:35:00.0,,,,,,,
2020-01-23T02:36:00.0,,,,,,,
2020-01-23T02:37:00.0,,,,,,,
2020-01-23T02:38:00.0,,,,,,,
2020-01-23T02:39:00.0,,,,,,,
2020-01-23T02:40:00.0,,,,,,,
2020-01-23T02:41:00.0,,,,,,,
2020-01-23T02:42:00.0,,,,,,,
2020-01-23T02:43:00.0,,,,,,,
2020-01-23T02:44:00.0,,,,,,,
2020-01-23T02:45:00.0,,,,,,,
2020-01-23T02:46:00.0,,,,,,,
2020-01-23T02:47:00.0,,,,,,,
2020-01-23T02:48:00.0,,,,,,,
2020-01-23T02:49:00.0,,,,,,,
2020-01-23T02:50:00.0,,,,,,,
2020-01-23T02:51:00.0,,,,,,,
2020-01-23T02:52:00.0,,,,,,,
2020-01-23T02:53:00.0,,,,,,,
2020-01-23T02:54:00.0,,,,,,,
2020-01-23T02:55:00.0,,,,,,,
2020-01-23T02:56:00.0,,,,,,,
2020-01-23T02:57:00.0,,,,,,,
2020-01-23T02:58:00.0,,,,,,,
2020-01-23T02:59:00.0,,,,,,,
2020-01-23T03:00:00.0,,,,,,,
2020-01-23T03:01:00.0,,,,,,,
2020-01-23T03:02:00.0,,,,,,,
2020-01-23T03:03:00.0,,,,,,,
2020-01-23T03:04:00.0,,,,,,,
2020-01-23T03:05:00.0,,,,,,,
2020-01-23T03:06:00.0,,,,,,,
2020-01-23T03:07:00.0,,,,,,,
2020-01-23T03:08:00.0,,,,,,,
2020-01-23T03:09:00.0,,,,,,,
2020-01-23T03:10:00.0,,,,,,,
2020-01-23T03:11:00.0,,,,,,,
2020-01-23T03:12:00.0,,,,,,,
2020-01-23T03:13:00.0,,,,,,,
2020-01-23T03:14:00.0,,,,,,,
2020-01-23T03:15:00.0,,,,,,,
2020-01-23T03:16:00.0,,,,,,,
2020-01-23T03:17:00.0,,,,,,,
2020-01-23T03:18:00.0,,,,,,,
2020-01-23T03:19:00.0,,,,,,,
2020-01-23T03:20:00.0,,,,,,,
2020-01-23T03:21:00.0,,,,,,,
2020-01-23T03:22:00.0,,,,,,,
2020-01-23T03:23:00.0,,,,,,,
2020-01-23T03:24:00.0,,,,,,,
2020-01-23T03:25:00.0,,,,,,,
2020-01-23T03:26:00.0,,,,,,,
2020-01-23T03:27:00.0,,,,,,,
2020-01-23T03:28:00.0,,,,,,,
2020-01-23T03:29:00.0,,,,,,,
2020-01-23T03:30:00.0,,,,,,,
2020-01-23T03:31:00.0,,,,,,,
2020-01-23T03:32:00.0,,,,,,,
2020-01-23T03:33:00.0,,,,,,,
2020-01-23T03:34:00.0,,,,,,,
2020-01-23T03:35:00.0,,,,,,,
2020-01-23T03:36:00.0,,,,,,,
2020-01-23T03:37:00.0,,,,,,,
2020-01-23T03:38:00.0,,,,,,,
2020-01-23T03:39:00.0,,,,,,,
2020-01-23T03:40:00.0,,,,,,,
2020-01-23T03:41:00.0,,,,,,,
2020-01-23T03:42:00.0,,,,,,,
2020-01-23T03:43:00.0,,,,,,,
2020-01-23T03:44:00.0,,,,,,,
2020-01-23T03:45:00.0,,,,,,,
2020-01-23T03:46:00.0,,,,,,,
2020-01-23T03:47:00.0,,,,,,,
2020-01-23T03:48:00.0,,,,,,,
2020-01-23T03:49:00.0,,,,,,,
2020-01-23T03:50:00.0,,,,,,,
2020-01-23T03:51:00.0,,,,,,,
2020-01-23T03:52:00.0,,,,,,,
2020-01-23T03:53:00.0,,,,,,,
2020-01-23T03:54:00.0,,,,,,,
2020-01-23T03:55:00.0,,,,,,,
2020-01-23T03:56:00.0,,,,,,,
2020-01-23T03:57:00.0,,,,,,,
2020-01-23T03:58:00.0,,,,,,,
2020-01-23T03:59:00.0,,,,,,,
2020-01-23T04:00:00.0,,,,,,,
2020-01-23T04:01:00.0,,,,,,,
2020-01-23T04:02:00.0,,,,,,,
2020-01-23T04:03:00.0,,,,,,,
2020-01-23T04:04:00.0,,,,,,,
2020-01-23T04:05:00.0,,,,,,,
2020-01-23T04:06:00.0,,,,,,,
2020-01-23T04:07:00.0,,,,,,,
2020-01-23T04:08:00.0,,,,,,,
2020-01-23T04:09:00.0,,,,,,,
2020-01-23T04:10:00.0,,,,,,,
2020-01-23T04:11:00.0,,,,,,,
2020-01-23T04:12:00.0,,,,,,,
2020-01-23T04:13:00.0,,,,,,,
2020-01-23T04:14:00.0,,,,,,,
2020-01-23T04:15:00.0,,,,,,,
2020-01-23T04:16:00.0,,,,,,,
2020-01-23T04:17:00.0,,,,,,,
2020-01-23T04:18:00.0,,,,,,,
2020-01-23T04:19:00.0,,,,,,,
2020-01-23T04:20:00.0,,,,,,,
2020-01-23T04:21:00.0,,,,,,,
2020-01-23T04:22:00.0,,,,,,,
2020-01-23T04:23:00.0,,,,,,,
2020-01-23T04:24:00.0,,,,,,,
2020-01-23T04:25:00.0,,,,,,,
2020-01-23T04:26:00.0,,,,,,,
2020-01-23T04:27:00.0,,,,,,,
2020-01-23T04:28:00.0,,,,,,,
2020-01-23T04:29:00.0,,,,,,,
2020-01-23T04:30:00.0,,,,,,,
2020-01-23T04:31:00.0,,,,,,,
2020-01-23T04:32:00.0,,,,,,,
2020-01-23T04:33:00.0,,,,,,,
2020-01-23T04:34:00.0,,,,,,,
2020-01-23T04:35:00.0,,,,,,,
2020-01-23T04:36:00.0,,,,,,,
2020-01-23T04:37:00.0,,,,,,,
2020-01-23T04:38:00.0,,,,,,,
2020-01-23T04:39:00.0,,,,,,,
2020-01-23T04:40:00.0,,,,,,,
2020-01-23T04:41:00.0,,,,,,,
2020-01-23T04:42:00.0,,,,,,,
2020-01-23T04:43:00.0,,,,,,,
2020-01-23T04:44:00.0,,,,,,,
2020-01-23T04:45:00.0,,,,,,,
2020-01-23T04:46:00.0,,,,,,,
2020-01-23T04:47:00.0,,,,,,,
2020-01-23T04:48:00.0,,,,,,,
2020-01-23T04:49:00.0,,,,,,,
2020-01-23T04:50:00.0,,,,,,,
2020-01-23T04:51:00.0,,,,,,,
2020-01-23T04:52:00.0,,,,,,,
2020-01-23T04:53:00.0,,,,,,,
2020-01-23T04:54:00.0,,,,,,,
2020-01-23T04:55:00.0,,,,,,,
2020-01-23T04:56:00.0,,,,,,,
2020-01-23T04:57:00.0,,,,,,,
2020-01-23T04:58:00.0,,,,,,,
2020-01-23T04:59:00.0,,,,,,,
2020-01-23T05:00:00.0,,,,,,,
2020-01-23T05:01:00.0,,,,,,,
2020-01-23T05:02:00.0,,,,,,,
2020-01-23T05:03:00.0,,,,,,,
2020-01-23T05:04:00.0,,,,,,,
2020-01-23T05:05:00.0,,,,,,,
2020-01-23T05:06:00.0,,,,,,,
2020-01-23T05:07:00.0,,,,,,,
2020-01-23T05:08:00.0,,,,,,,
2020-01-23T05:09:00.0,,,,,,,
2020-01-23T05:10:00.0,,,,,,,
2020-01-23T05:11:00.0,,,,,,,
2020-01-23T05:12:00.0,,,,,,,
2020-01-23T05:13:00.0,,,,,,,
2020-01-23T05:14:00.0,,,,,,,
2020-01-23T05:15:00.0,,,,,,,
2020-01-23T05:16:00.0,,,,,,,
2020-01-23T05:17:00.0,,,,,,,
2020-01-23T05:18:00.0,,,,,,,
2020-01-23T05:19:00.0,,,,,,,
2020-01-23T05:20:00.0,,,,,,,
2020-01-23T05:21:00.0,,,,,,,
2020-01-23T05:22:00.0,,,,,,,
2020-01-23T05:23:00.0,,,,,,,
2020-01-23T05:24:00.0,,,,,,,
2020-01-23T05:25:00.0,,,,,,,
2020-01-23T05:26:00.0,,,,,,,
2020-01-23T05:27:00.0,,,,,,,
2020-01-23T05:28:00.0,,,,,,,
2020-01-23T05:29:00.0,,,,,,,
2020-01-23T05:30:00.0,,,,,,,
2020-01-23T05:31:00.0,,,,,,,
2020-01-23T05:32:00.0,,,,,,,
2020-01-23T05:33:00.0,,,,,,,
2020-01-23T05:34:00.0,,,,,,,
2020-01-23T05:35:00.0,,,,,,,
2020-01-23T05:36:00.0,,,,,,,
2020-01-23T05:37:00.0,,,,,,,
2020-01-23T05:38:00.0,,,,,,,
2020-01-23T05:39:00.0,,,,,,,
2020-01-23T05:40:00.0,,,,,,,
2020-01-23T05:41:00.0,,,,,,,
2020-01-23T05:42:00.0,,,,,,,
2020-01-23T05:43:00.0,,,,,,,
2020-01-23T05:44:00.0,,,,,,,
2020-01-23T05:45:00.0,,,,,,,
2020-01-23T05:46:00.0,,,,,,,
2020-01-23T05:47:00.0,,,,,,,
2020-01-23T05:48:00.0,,,,,,,
2020-01-23T05:49:00.0,,,,,,,
2020-01-23T05:50:00.0,,,,,,,
2020-01-23T05:51:00.0,,,,,,,
2020-01-23T05:52:00.0,,,,,,,
2020-01-23T05:53:00.0,,,,,,,
2020-01-23T05:54:00.0,,,,,,,
2020-01-23T05:55:00.0,,,,,,,
2020-01-23T05:56:00.0,,,,,,,
2020-01-23T05:57:00.0,,,,,,,
2020-01-23T05:58:00.0,,,,,,,
2020-01-23T05:59:00.0,,,,,,,
2020-01-23T06:00:00.0,,,,,,,
2020-01-23T06:01:00.0,,,,,,,
2020-01-23T06:02:00.0,,,,,,,
2020-01-23T06:03:00.0,,,,,,,
2020-01-23T06:04:00.0,,,,,,,
2020-01-23T06:05:00.0,,,,,,,
2020-01-23T06:06:00.0,,,,,,,
2020-01-23T06:07:00.0,,,,,,,
2020-01-23T06:08:00.0,,,,,,,
2020-01-23T06:09:00.0,,,,,,,
2020-01-23T06:10:00.0,,,,,,,
2020-01-23T06:11:00.0,,,,,,,
2020-01-23T06:12:00.0,,,,,,,
2020-01-23T06:13:00.0,,,,,,,
2020-01-23T06:14:00.0,,,,,,,
2020-01-23T06:15:00.0,,,,,,,
2020-01-23T06:16:00.0,,,,,,,
2020-01-23T06:17:00.0,,,,,,,
2020-01-23T06:18:00.0,,,,,,,
2020-01-23T06:19:00.0,,,,,,,
2020-01-23T06:20:00.0,,,,,,,
2020-01-23T06:21:00.0,,,,,,,
2020-01-23T06:22:00.0,,,,,,,
2020-01-23T06:23:00.0,,,,,,,
2020-01-23T06:24:00.0,,,,,,,
2020-01-23T06:25:00.0,,,,,,,
2020-01-23T06:26:00.0,,,,,,,
2020-01-23T06:27:00.0,,,,,,,
2020-01-23T06:28:00.0,,,,,,,
2020-01-23T06:29:00.0,,,,,,,
2020-01-23T06:30:00.0,,,,,,,
2020-01-23T06:31:00.0,,,,,,,
2020-01-23T06:32:00.0,,,,,,,
2020-01-23T06:33:00.0,,,,,,,
2020-01-23T06:34:00.0,,,,,,,
2020-01-23T06:35:00.0,,,,,,,
2020-01-23T06:36:00.0,,,,,,,
2020-01-23T06:37:00.0,,,,,,,
2020-01-23T06:38:00.0,,,,,,,
2020-01-23T06:39:00.0,,,,,,,
2020-01-23T06:40:00.0,,,,,,,
2020-01-23T06:41:00.0,,,,,,,
2020-01-23T06:42:00.0,,,,,,,
2020-01-23T06:43:00.0,,,,,,,
2020-01-23T06:44:00.0,,,,,,,
2020-01-23T06:45:00.0,,,,,,,
2020-01-23T06:46:00.0,,,,,,,
2020-01-23T06:47:00.0,,,,,,,
2020-01-23T06:48:00.0,,,,,,,
2020-01-23T06:49:00.0,,,,,,,
2020-01-23T06:50:00.0,,,,,,,
2020-01-23T06:51:00.0,,,,,,,
2020-01-23T06:52:00.0,,,,,,,
2020-01-23T06:53:00.0,,,,,,,
2020-01-23T06:54:00.0,,,,,,,
2020-01-23T06:55:00.0,,,,,,,
2020-01-23T06:56:00.0,,,,,,,
2020-01-23T06:57:00.0,,,,,,,
2020-01-23T06:58:00.0,,,,,,,
2020-01-23T06:59:00.0,,,,,,,
2020-01-23T07:00:00.0,,,,,,,
2020-01-23T07:01:00.0,,,,,,,
2020-01-23T07:02:00.0,,,,,,,
2020-01-23T07:03:00.0,,,,,,,
2020-01-23T07:04:00.0,,,,,,,
2020-01-23T07:05:00.0,,,,,,,
2020-01-23T07:06:00.0,,,,,,,
2020-01-23T07:07:00.0,,,,,,,
2020-01-23T07:08:00.0,,,,,,,
2020-01-23T07:09:00.0,,,,,,,
2020-01-23T07:10:00.0,,,,,,,
2020-01-23T07:11:00.0,,,,,,,
2020-01-23T07:12:00.0,,,,,,,
2020-01-23T07:13:00.0,,,,,,,
2020-01-23T07:14:00.0,,,,,,,
2020-01-23T07:15:00.0,,,,,,,
2020-01-23T07:16:00.0,,,,,,,
2020-01-23T07:17:00.0,,,,,,,
2020-01-23T07:18:00.0,,,,,,,
2020-01-23T07:19:00.0,,,,,,,
2020-01-23T07:20:00.0,,,,,,,
2020-01-23T07:21:00.0,,,,,,,
2020-01-23T07:22:00.0,,,,,,,
2020-01-23T07:23:00.0,,,,,,,
2020-01-23T07:24:00.0,,,,,,,
2020-01-23T07:25:00.0,,,,,,,
2020-01-23T07:26:00.0,,,,,,,
2020-01-23T07:27:00.0,,,,,,,
2020-01-23T07:28:00.0,,,,,,,
2020-01-23T07:29:00.0,,,,,,,
2020-01-23T07:30:00.0,,,,,,,
2020-01-23T07:31:00.0,,,,,,,
2020-01-23T07:32:00.0,,,,,,,
2020-01-23T07:33:00.0,,,,,,,
2020-01-23T07:34:00.0,,,,,,,
2020-01-23T07:35:00.0,,,,,,,
2020-01-23T07:36:00.0,,,,,,,
2020-01-23T07:37:00.0,,,,,,,
2020-01-23T07:38:00.0,,,,,,,
2020-01-23T07:39:00.0,,,,,,,
2020-01-23T07:40:00.0,,,,,,,
2020-01-23T07:41:00.0,,,,,,,
2020-01-23T07:42:00.0,,,,,,,
2020-01-23T07:43:00.0,,,,,,,
2020-01-23T07:44:00.0,,,,,,,
2020-01-23T07:45:00.0,,,,,,,
2020-01-23T07:46:00.0,,,,,,,
2020-01-23T07:47:00.0,,,,,,,
2020-01-23T07:48:00.0,,,,,,,
2020-01-23T07:49:00.0,,,,,,,
2020-01-23T07:50:00.0,,,,,,,
2020-01-23T07:51:00.0,,,,,,,
2020-01-23T07:52:00.0,,,,,,,
2020-01-23T07:53:00.0,,,,,,,
2020-01-23T07:54:00.0,,,,,,,
2020-01-23T07:55:00.0,,,,,,,
2020-01-23T07:56:00.0,,,,,,,
2020-01-23T07:57:00.0,,,,,,,
2020-01-23T07:58:00.0,,,,,,,
2020-01-23T07:59:00.0,,,,,,,
2020-01-23T08:00:00.0,,,,,,,
2020-01-23T08:01:00.0,,,,,,,
2020-01-23T08:02:00.0,,,,,,,
2020-01-23T08:03:00.0,,,,,,,
2020-01-23T08:04:00.0,,,,,,,
2020-01-23T08:05:00.0,,,,,,,
2020-01-23T08:06:00.0,,,,,,,
2020-01-23T08:07:00.0,,,,,,,
2020-01-23T08:08:00.0,,,,,,,
2020-01-23T08:09:00.0,,,,,,,
2020-01-23T08:10:00.0,,,,,,,
2020-01-23T08:11:00.0,,,,,,,
2020-01-23T08:12:00.0,,,,,,,
2020-01-23T08:13:00.0,,,,,,,
2020-01-23T08:14:00.0,,,,,,,
2020-01-23T08:15:00.0,,,,,,,
2020-01-23T08:16:00.0,,,,,,,
2020-01-23T08:17:00.0,,,,,,,
2020-01-23T08:18:00.0,,,,,,,
2020-01-23T08:19:00.0,,,,,,,
2020-01-23T08:20:00.0,,,,,,,
2020-01-23T08:21:00.0,,,,,,,
2020-01-23T08:22:00.0,,,,,,,
2020-01-23T08:23:00.0,,,,,,,
2020-01-23T08:24:00.0,,,,,,,
2020-01-23T08:25:00.0,,,,,,,
2020-01-23T08:26:00.0,,,,,,,
2020-01-23T08:27:00.0,,,,,,,
2020-01-23T08:28:00.0,,,,,,,
2020-01-23T08:29:00.0,,,,,,,
2020-01-23T08:30:00.0,,,,,,,
2020-01-23T08:31:00.0,,,,,,,
2020-01-23T08:32:00.0,,,,,,,
2020-01-23T08:33:00.0,,,,,,,
2020-01-23T08:34:00.0,,,,,,,
2020-01-23T08:35:00.0,,,,,,,
2020-01-23T08:36:00.0,,,,,,,
2020-01-23T08:37:00.0,,,,,,,
2020-01-23T08:38:00.0,,,,,,,
2020-01-23T08:39:00.0,,,,,,,
2020-01-23T08:40:00.0,,,,,,,
2020-01-23T08:41:00.0,,,,,,,
2020-01-23T08:42:00.0,,,,,,,
2020-01-23T08:43:00.0,,,,,,,
2020-01-23T08:44:00.0,,,,,,,
2020-01-23T08:45:00.0,,,,,,,
2020-01-23T08:46:00.0,,,,,,,
2020-01-23T08:47:00.0,,,,,,,
2020-01-23T08:48:00.0,,,,,,,
2020-01-23T08:49:00.0,,,,,,,
2020-01-23T08:50:00.0,,,,,,,
2020-01-23T08:51:00.0,,,,,,,
2020-01-23T08:52:00.0,,,,,,,
2020-01-23T08:53:00.0,,,,,,,
2020-01-23T08:54:00.0,,,,,,,
2020-01-23T08:55:00.0,,,,,,,
2020-01-23T08:56:00.0,,,,,,,
2020-01-23T08:57:00.0,,,,,,,
2020-01-23T08:58:00.0,,,,,,,
2020-01-23T08:59:00.0,,,,,,,
2020-01-23T09:00:00.0,,,,,,,
2020-01-23T09:01:00.0,,,,,,,
2020-01-23T09:02:00.0,,,,,,,
2020-01-23T09:03:00.0,,,,,,,
2020-01-23T09:04:00.0,,,,,,,
2020-01-23T09:05:00.0,,,,,,,
2020-01-23T09:06:00.0,,,,,,,
2020-01-23T09:07:00.0,,,,,,,
2020-01-23T09:08:00.0,,,,,,,
2020-01-23T09:09:00.0,,,,,,,
2020-01-23T09:10:00.0,,,,,,,
2020-01-23T09:11:00.0,,,,,,,
2020-01-23T09:12:00.0,,,,,,,
2020-01-23T09:13:00.0,,,,,,,
2020-01-23T09:14:00.0,,,,,,,
2020-01-23T09:15:00.0,,,,,,,
2020-01-23T09:16:00.0,,,,,,,
2020-01-23T09:17:00.0,,,,,,,
2020-01-23T09:18:00.0,,,,,,,
2020-01-23T09:19:00.0,,,,,,,
2020-01-23T09:20:00.0,,,,,,,
2020-01-23T09:21:00.0,,,,,,,
2020-01-23T09:22:00.0,,,,,,,
2020-01-23T09:23:00.0,,,,,,,
2020-01-23T09:24:00.0,,,,,,,
2020-01-23T09:25:00.0,,,,,,,
2020-01-23T09:26:00.0,,,,,,,
2020-01-23T09:27:00.0,,,,,,,
2020-01-23T09:28:00.0,,,,,,,
2020-01-23T09:29:00.0,,,,,,,
2020-01-23T09:30:00.0,,,,,,,
2020-01-23T09:31:00.0,,,,,,,
2020-01-23T09:32:00.0,,,,,,,
2020-01-23T09:33:00.0,,,,,,,
2020-01-23T09:34:00.0,,,,,,,
2020-01-23T09:35:00.0,,,,,,,
2020-01-23T09:36:00.0,,,,,,,
2020-01-23T09:37:00.0,,,,,,,
2020-01-23T09:38:00.0,,,,,,,
2020-01-23T09:39:00.0,,,,,,,
2020-01-23T09:40:00.0,,,,,,,
2020-01-23T09:41:00.0,,,,,,,
2020-01-23T09:42:00.0,,,,,,,
2020-01-23T09:43:00.0,,,,,,,
2020-01-23T09:44:00.0,,,,,,,
2020-01-23T09:45:00.0,,,,,,,
2020-01-23T09:46:00.0,,,,,,,
2020-01-23T09:47:00.0,,,,,,,
2020-01-23T09:48:00.0,,,,,,,
2020-01-23T09:49:00.0,,,,,,,
2020-01-23T09:50:00.0,,,,,,,
2020-01-23T09:51:00.0,,,,,,,
2020-01-23T09:52:00.0,,,,,,,
2020-01-23T09:53:00.0,,,,,,,
2020-01-23T09:54:00.0,,,,,,,
2020-01-23T09:55:00.0,,,,,,,
2020-01-23T09:56:00.0,,,,,,,
2020-01-23T09:57:00.0,,,,,,,
2020-01-23T09:58:00.0,,,,,,,
2020-01-23T09:59:00.0,,,,,,,
2020-01-23T10:00:00.0,,,,,,,
2020-01-23T10:01:00.0,,,,,,,
2020-01-23T10:02:00.0,,,,,,,
2020-01-23T10:03:00.0,,,,,,,
2020-01-23T10:04:00.0,,,,,,,
2020-01-23T10:05:00.0,,,,,,,
2020-01-23T10:06:00.0,,,,,,,
2020-01-23T10:07:00.0,,,,,,,
2020-01-23T10:08:00.0,,,,,,,
2020-01-23T10:09:00.0,,,,,,,
2020-01-23T10:10:00.0,,,,,,,
2020-01-23T10:11:00.0,,,,,,,
2020-01-23T10:12:00.0,,,,,,,
2020-01-23T10:13:00.0,,,,,,,
2020-01-23T10:14:00.0,,,,,,,
2020-01-23T10:15:00.0,,,,,,,
2020-01-23T10:16:00.0,,,,,,,
2020-01-23T10:17:00.0,,,,,,,
2020-01-23T10:18:00.0,,,,,,,
2020-01-23T10:19:00.0,,,,,,,
2020-01-23T10:20:00.0,,,,,,,
2020-01-23T10:21:00.0,,,,,,,
2020-01-23T10:22:00.0,,,,,,,
2020-01-23T10:23:00.0,,,,,,,
2020-01-23T10:24:00.0,,,,,,,
2020-01-23T10:25:00.0,,,,,,,
2020-01-23T10:26:00.0,,,,,,,
2020-01-23T10:27:00.0,,,,,,,
2020-01-23T10:28:00.0,,,,,,,
2020-01-23T10:29:00.0,,,,,,,
2020-01-23T10:30:00.0,,,,,,,
2020-01-23T10:31:00.0,,,,,,,
2020-01-23T10:32:00.0,,,,,,,
2020-01-23T10:33:00.0,,,,,,,
2020-01-23T10:34:00.0,,,,,,,
2020-01-23T10:35:00.0,,,,,,,
2020-01-23T10:36:00.0,,,,,,,
2020-01-23T10:37:00.0,,,,,,,
2020-01-23T10:38:00.0,,,,,,,
2020-01-23T10:39:00.0,,,,,,,
2020-01-23T10:40:00.0,,,,,,,
2020-01-23T10:41:00.0,,,,,,,
2020-01-23T10:42:00.0,,,,,,,
2020-01-23T10:43:00.0,,,,,,,
2020-01-23T10:44:00.0,,,,,,,
2020-01-23T10:45:00.0,,,,,,,
2020-01-23T10:46:00.0,,,,,,,
2020-01-23T10:47:00.0,,,,,,,
2020-01-23T10:48:00.0,,,,,,,
2020-01-23T10:49:00.0,,,,,,,
2020-01-23T10:50:00.0,,,,,,,
2020-01-23T10:51:00.0,,,,,,,
2020-01-23T10:52:00.0,,,,,,,
2020-01-23T10:53:00.0,,,,,,,
2020-01-23T10:54:00.0,,,,,,,
2020-01-23T10:55:00.0,,,,,,,
2020-01-23T10:56:00.0,,,,,,,
2020-01-23T10:57:00.0,,,,,,,
2020-01-23T10:58:00.0,,,,,,,
2020-01-23T10:59:00.0,9.39,8.59,10.43,7.98,83.5803845125,9.5,4.937
2020-01-23T11:00:00.0,9.67,8.89,11.03,7.8,84.230249938,9.5,4.937
2020-01-23T11:01:00.0,9.57,8.65,10.13,7.96,84.34309769800001,9.625,5
2020-01-23T11:02:00.0,9.81,8.45,10.65,7.89,83.80661612050001,9.625,5
2020-01-23T11:03:00.0,9.21,8.87,10.65,7.86,84.00440125,9.687,4.937
2020-01-23T11:04:00.0,9.47,8.69,10.65,7.7,83.35394868050001,9.687,4.937
2020-01-23T11:05:00.0,,,,,,,
2020-01-23T11:06:00.0,9.39,8.69,10.95,7.71,84.17380691200002,9.625,4.875
2020-01-23T11:07:00.0,,,,,,,
2020-01-23T11:08:00.0,9.43,8.61,10.93,7.92,85.6091169205,9.687,4.875
2020-01-23T11:09:00.0,,,,,,,
2020-01-23T11:10:00.0,,,,,,,
2020-01-23T11:11:00.0,,,,,,,
2020-01-23T11:12:00.0,,,,,,,
2020-01-23T11:13:00.0,,,,,,,
2020-01-23T11:14:00.0,,,,,,,
2020-01-23T11:15:00.0,,,,,,,
2020-01-23T11:16:00.0,,,,,,,
2020-01-23T11:17:00.0,,,,,,,
2020-01-23T11:18:00.0,,,,,,,
2020-01-23T11:19:00.0,,,,,,,
2020-01-23T11:20:00.0,,,,,,,
2020-01-23T11:21:00.0,,,,,,,
2020-01-23T11:22:00.0,,,,,,,
2020-01-23T11:23:00.0,,,,,,,
2020-01-23T11:24:00.0,,,,,,,
2020-01-23T11:25:00.0,,,,,,,
2020-01-23T11:26:00.0,,,,,,,
2020-01-23T11:27:00.0,,,,,,,
2020-01-23T11:28:00.0,,,,,,,
2020-01-23T11:29:00.0,,,,,,,
2020-01-23T11:30:00.0,,,,,,,
2020-01-23T11:31:00.0,,,,,,,
2020-01-23T11:32:00.0,,,,,,,
2020-01-23T11:33:00.0,,,,,,,
2020-01-23T11:34:00.0,,,,,,,
2020-01-23T11:35:00.0,,,,,,,
2020-01-23T11:36:00.0,,,,,,,
2020-01-23T11:37:00.0,,,,,,,
2020-01-23T11:38:00.0,,,,,,,
2020-01-23T11:39:00.0,,,,,,,
2020-01-23T11:40:00.0,,,,,,,
2020-01-23T11:41:00.0,,,,,,,
2020-01-23T11:42:00.0,,,,,,,
2020-01-23T11:43:00.0,,,,,,,
2020-01-23T11:44:00.0,,,,,,,
2020-01-23T11:45:00.0,,,,,,,
2020-01-23T11:46:00.0,,,,,,,
2020-01-23T11:47:00.0,,,,,,,
2020-01-23T11:48:00.0,,,,,,,
2020-01-23T11:49:00.0,,,,,,,
2020-01-23T11:50:00.0,,,,,,,
2020-01-23T11:51:00.0,,,,,,,
2020-01-23T11:52:00.0,,,,,,,
2020-01-23T11:53:00.0,,,,,,,
2020-01-23T11:54:00.0,,,,,,,
2020-01-23T11:55:00.0,,,,,,,
2020-01-23T11:56:00.0,,,,,,,
2020-01-23T11:57:00.0,,,,,,,
2020-01-23T11:58:00.0,,,,,,,
2020-01-23T11:59:00.0,,,,,,,
2020-01-23T12:00:00.0,,,,,,,
2020-01-23T12:01:00.0,,,,,,,
2020-01-23T12:02:00.0,,,,,,,
2020-01-23T12:03:00.0,,,,,,,
2020-01-23T12:04:00.0,,,,,,,
2020-01-23T12:05:00.0,,,,,,,
2020-01-23T12:06:00.0,,,,,,,
2020-01-23T12:07:00.0,,,,,,,
2020-01-23T12:08:00.0,,,,,,,
2020-01-23T12:09:00.0,,,,,,,
2020-01-23T12:10:00.0,,,,,,,
2020-01-23T12:11:00.0,,,,,,,
2020-01-23T12:12:00.0,,,,,,,
2020-01-23T12:13:00.0,,,,,,,
2020-01-23T12:14:00.0,,,,,,,
2020-01-23T12:15:00.0,,,,,,,
2020-01-23T12:16:00.0,,,,,,,
2020-01-23T12:17:00.0,,,,,,,
2020-01-23T12:18:00.0,,,,,,,
2020-01-23T12:19:00.0,,,,,,,
2020-01-23T12:20:00.0,,,,,,,
2020-01-23T12:21:00.0,,,,,,,
2020-01-23T12:22:00.0,,,,,,,
2020-01-23T12:23:00.0,,,,,,,
2020-01-23T12:24:00.0,,,,,,,
2020-01-23T12:25:00.0,,,,,,,
2020-01-23T12:26:00.0,,,,,,,
2020-01-23T12:27:00.0,,,,,,,
2020-01-23T12:28:00.0,,,,,,,
2020-01-23T12:29:00.0,,,,,,,
2020-01-23T12:30:00.0,,,,,,,
2020-01-23T12:31:00.0,,,,,,,
2020-01-23T12:32:00.0,,,,,,,
2020-01-23T12:33:00.0,,,,,,,
2020-01-23T12:34:00.0,,,,,,,
2020-01-23T12:35:00.0,,,,,,,
2020-01-23T12:36:00.0,,,,,,,
2020-01-23T12:37:00.0,,,,,,,
2020-01-23T12:38:00.0,,,,,,,
2020-01-23T12:39:00.0,,,,,,,
2020-01-23T12:40:00.0,,,,,,,
2020-01-23T12:41:00.0,,,,,,,
2020-01-23T12:42:00.0,,,,,,,
2020-01-23T12:43:00.0,,,,,,,
2020-01-23T12:44:00.0,,,,,,,
2020-01-23T12:45:00.0,,,,,,,
2020-01-23T12:46:00.0,,,,,,,
2020-01-23T12:47:00.0,,,,,,,
2020-01-23T12:48:00.0,,,,,,,
2020-01-23T12:49:00.0,,,,,,,
2020-01-23T12:50:00.0,,,,,,,
2020-01-23T12:51:00.0,,,,,,,
2020-01-23T12:52:00.0,,,,,,,
2020-01-23T12:53:00.0,,,,,,,
2020-01-23T12:54:00.0,,,,,,,
2020-01-23T12:55:00.0,,,,,,,
2020-01-23T12:56:00.0,,,,,,,
2020-01-23T12:57:00.0,,,,,,,
2020-01-23T12:58:00.0,,,,,,,
2020-01-23T12:59:00.0,,,,,,,
2020-01-23T13:00:00.0,,,,,,,
2020-01-23T13:01:00.0,,,,,,,
2020-01-23T13:02:00.0,,,,,,,
2020-01-23T13:03:00.0,,,,,,,
2020-01-23T13:04:00.0,,,,,,,
2020-01-23T13:05:00.0,,,,,,,
2020-01-23T13:06:00.0,,,,,,,
2020-01-23T13:07:00.0,,,,,,,
2020-01-23T13:08:00.0,,,,,,,
2020-01-23T13:09:00.0,,,,,,,
2020-01-23T13:10:00.0,,,,,,,
2020-01-23T13:11:00.0,,,,,,,
2020-01-23T13:12:00.0,,,,,,,
2020-01-23T13:13:00.0,,,,,,,
2020-01-23T13:14:00.0,,,,,,,
2020-01-23T13:15:00.0,,,,,,,
2020-01-23T13:16:00.0,,,,,,,
2020-01-23T13:17:00.0,,,,,,,
2020-01-23T13:18:00.0,,,,,,,
2020-01-23T13:19:00.0,,,,,,,
2020-01-23T13:20:00.0,,,,,,,
2020-01-23T13:21:00.0,,,,,,,
2020-01-23T13:22:00.0,,,,,,,
2020-01-23T13:23:00.0,,,,,,,
2020-01-23T13:24:00.0,,,,,,,
2020-01-23T13:25:00.0,,,,,,,
2020-01-23T13:26:00.0,,,,,,,
2020-01-23T13:27:00.0,,,,,,,
2020-01-23T13:28:00.0,,,,,,,
2020-01-23T13:29:00.0,,,,,,,
2020-01-23T13:30:00.0,,,,,,,
2020-01-23T13:31:00.0,,,,,,,
2020-01-23T13:32:00.0,,,,,,,
2020-01-23T13:33:00.0,,,,,,,
2020-01-23T13:34:00.0,,,,,,,
2020-01-23T13:35:00.0,,,,,,,
2020-01-23T13:36:00.0,,,,,,,
2020-01-23T13:37:00.0,,,,,,,
2020-01-23T13:38:00.0,,,,,,,
2020-01-23T13:39:00.0,,,,,,,
2020-01-23T13:40:00.0,,,,,,,
2020-01-23T13:41:00.0,,,,,,,
2020-01-23T13:42:00.0,,,,,,,
2020-01-23T13:43:00.0,,,,,,,
2020-01-23T13:44:00.0,,,,,,,
2020-01-23T13:45:00.0,,,,,,,
2020-01-23T13:46:00.0,,,,,,,
2020-01-23T13:47:00.0,,,,,,,
2020-01-23T13:48:00.0,,,,,,,
2020-01-23T13:49:00.0,,,,,,,
2020-01-23T13:50:00.0,,,,,,,
2020-01-23T13:51:00.0,,,,,,,
2020-01-23T13:52:00.0,,,,,,,
2020-01-23T13:53:00.0,,,,,,,
2020-01-23T13:54:00.0,,,,,,,
2020-01-23T13:55:00.0,,,,,,,
2020-01-23T13:56:00.0,,,,,,,
2020-01-23T13:57:00.0,,,,,,,
2020-01-23T13:58:00.0,,,,,,,
2020-01-23T13:59:00.0,,,,,,,
2020-01-23T14:00:00.0,,,,,,,
2020-01-23T14:01:00.0,,,,,,,
2020-01-23T14:02:00.0,,,,,,,
2020-01-23T14:03:00.0,,,,,,,
2020-01-23T14:04:00.0,,,,,,,
2020-01-23T14:05:00.0,,,,,,,
2020-01-23T14:06:00.0,,,,,,,
2020-01-23T14:07:00.0,,,,,,,
2020-01-23T14:08:00.0,,,,,,,
2020-01-23T14:09:00.0,,,,,,,
2020-01-23T14:10:00.0,,,,,,,
2020-01-23T14:11:00.0,,,,,,,
2020-01-23T14:12:00.0,,,,,,,
2020-01-23T14:13:00.0,,,,,,,
2020-01-23T14:14:00.0,,,,,,,
2020-01-23T14:15:00.0,,,,,,,
2020-01-23T14:16:00.0,,,,,,,
2020-01-23T14:17:00.0,,,,,,,
2020-01-23T14:18:00.0,,,,,,,
2020-01-23T14:19:00.0,,,,,,,
2020-01-23T14:20:00.0,,,,,,,
2020-01-23T14:21:00.0,,,,,,,
2020-01-23T14:22:00.0,,,,,,,
2020-01-23T14:23:00.0,,,,,,,
2020-01-23T14:24:00.0,,,,,,,
2020-01-23T14:25:00.0,,,,,,,
2020-01-23T14:26:00.0,,,,,,,
2020-01-23T14:27:00.0,,,,,,,
2020-01-23T14:28:00.0,,,,,,,
2020-01-23T14:29:00.0,,,,,,,
2020-01-23T14:30:00.0,,,,,,,
2020-01-23T14:31:00.0,,,,,,,
2020-01-23T14:32:00.0,,,,,,,
2020-01-23T14:33:00.0,,,,,,,
2020-01-23T14:34:00.0,,,,,,,
2020-01-23T14:35:00.0,,,,,,,
2020-01-23T14:36:00.0,,,,,,,
2020-01-23T14:37:00.0,,,,,,,
2020-01-23T14:38:00.0,,,,,,,
2020-01-23T14:39:00.0,,,,,,,
2020-01-23T14:40:00.0,,,,,,,
2020-01-23T14:41:00.0,,,,,,,
2020-01-23T14:42:00.0,,,,,,,
2020-01-23T14:43:00.0,,,,,,,
2020-01-23T14:44:00.0,,,,,,,
2020-01-23T14:45:00.0,,,,,,,
2020-01-23T14:46:00.0,,,,,,,
2020-01-23T14:47:00.0,,,,,,,
2020-01-23T14:48:00.0,,,,,,,
2020-01-23T14:49:00.0,,,,,,,
2020-01-23T14:50:00.0,,,,,,,
2020-01-23T14:51:00.0,,,,,,,
2020-01-23T14:52:00.0,,,,,,,
2020-01-23T14:53:00.0,,,,,,,
2020-01-23T14:54:00.0,,,,,,,
2020-01-23T14:55:00.0,,,,,,,
2020-01-23T14:56:00.0,,,,,,,
2020-01-23T14:57:00.0,,,,,,,
2020-01-23T14:58:00.0,,,,,,,
2020-01-23T14:59:00.0,,,,,,,
2020-01-23T15:00:00.0,,,,,,,
2020-01-23T15:01:00.0,,,,,,,
2020-01-23T15:02:00.0,,,,,,,
2020-01-23T15:03:00.0,,,,,,,
2020-01-23T15:04:00.0,,,,,,,
2020-01-23T15:05:00.0,,,,,,,
2020-01-23T15:06:00.0,,,,,,,
2020-01-23T15:07:00.0,,,,,,,
2020-01-23T15:08:00.0,,,,,,,
2020-01-23T15:09:00.0,,,,,,,
2020-01-23T15:10:00.0,,,,,,,
2020-01-23T15:11:00.0,,,,,,,
2020-01-23T15:12:00.0,,,,,,,
2020-01-23T15:13:00.0,,,,,,,
2020-01-23T15:14:00.0,,,,,,,
2020-01-23T15:15:00.0,,,,,,,
2020-01-23T15:16:00.0,,,,,,,
2020-01-23T15:17:00.0,,,,,,,
2020-01-23T15:18:00.0,,,,,,,
2020-01-23T15:19:00.0,,,,,,,
2020-01-23T15:20:00.0,,,,,,,
2020-01-23T15:21:00.0,,,,,,,
2020-01-23T15:22:00.0,,,,,,,
2020-01-23T15:23:00.0,,,,,,,
2020-01-23T15:24:00.0,,,,,,,
2020-01-23T15:25:00.0,,,,,,,
2020-01-23T15:26:00.0,,,,,,,
2020-01-23T15:27:00.0,,,,,,,
2020-01-23T15:28:00.0,,,,,,,
2020-01-23T15:29:00.0,,,,,,,
2020-01-23T15:30:00.0,,,,,,,
2020-01-23T15:31:00.0,,,,,,,
2020-01-23T15:32:00.0,,,,,,,
2020-01-23T15:33:00.0,,,,,,,
2020-01-23T15:34:00.0,,,,,,,
2020-01-23T15:35:00.0,,,,,,,
2020-01-23T15:36:00.0,,,,,,,
2020-01-23T15:37:00.0,,,,,,,
2020-01-23T15:38:00.0,,,,,,,
2020-01-23T15:39:00.0,,,,,,,
2020-01-23T15:40:00.0,,,,,,,
2020-01-23T15:41:00.0,,,,,,,
2020-01-23T15:42:00.0,,,,,,,
2020-01-23T15:43:00.0,,,,,,,
2020-01-23T15:44:00.0,,,,,,,
2020-01-23T15:45:00.0,,,,,,,
2020-01-23T15:46:00.0,,,,,,,
2020-01-23T15:47:00.0,,,,,,,
2020-01-23T15:48:00.0,,,,,,,
2020-01-23T15:49:00.0,,,,,,,
2020-01-23T15:50:00.0,,,,,,,
2020-01-23T15:51:00.0,,,,,,,
2020-01-23T15:52:00.0,,,,,,,
2020-01-23T15:53:00.0,,,,,,,
2020-01-23T15:54:00.0,,,,,,,
2020-01-23T15:55:00.0,,,,,,,
2020-01-23T15:56:00.0,,,,,,,
2020-01-23T15:57:00.0,,,,,,,
2020-01-23T15:58:00.0,,,,,,,
2020-01-23T15:59:00.0,,,,,,,
2020-01-23T16:00:00.0,,,,,,,
2020-01-23T16:01:00.0,,,,,,,
2020-01-23T16:02:00.0,,,,,,,
2020-01-23T16:03:00.0,,,,,,,
2020-01-23T16:04:00.0,,,,,,,
2020-01-23T16:05:00.0,,,,,,,
2020-01-23T16:06:00.0,,,,,,,
2020-01-23T16:07:00.0,,,,,,,
2020-01-23T16:08:00.0,,,,,,,
2020-01-23T16:09:00.0,,,,,,,
2020-01-23T16:10:00.0,,,,,,,
2020-01-23T16:11:00.0,,,,,,,
2020-01-23T16:12:00.0,,,,,,,
2020-01-23T16:13:00.0,,,,,,,
2020-01-23T16:14:00.0,,,,,,,
2020-01-23T16:15:00.0,,,,,,,
2020-01-23T16:16:00.0,,,,,,,
2020-01-23T16:17:00.0,,,,,,,
2020-01-23T16:18:00.0,,,,,,,
2020-01-23T16:19:00.0,,,,,,,
2020-01-23T16:20:00.0,,,,,,,
2020-01-23T16:21:00.0,,,,,,,
2020-01-23T16:22:00.0,,,,,,,
2020-01-23T16:23:00.0,,,,,,,
2020-01-23T16:24:00.0,,,,,,,
2020-01-23T16:25:00.0,,,,,,,
2020-01-23T16:26:00.0,,,,,,,
2020-01-23T16:27:00.0,,,,,,,
2020-01-23T16:28:00.0,,,,,,,
2020-01-23T16:29:00.0,,,,,,,
2020-01-23T16:30:00.0,,,,,,,
2020-01-23T16:31:00.0,10.37,9.29,11.21,10.19,76.40773701250001,10.562,5.937
2020-01-23T16:32:00.0,10.03,9.75,11.03,10.18,75.446047168,10.562,5.875
2020-01-23T16:33:00.0,10.43,9.77,11.31,10.09,77.1629845445,10.562,6
2020-01-23T16:34:00.0,9.81,9.71,11.17,10.04,78.2051507405,10.562,5.875
2020-01-23T16:35:00.0,10.33,9.85,11.13,10.18,76.1166828125,10.562,5.812
2020-01-23T16:36:00.0,,,,,,,
2020-01-23T16:37:00.0,10.19,9.81,11.21,10.36,76.46590956050001,10.562,5.625
2020-01-23T16:38:00.0,10.41,9.95,11.85,10.63,75.737835298,10.562,5.625
2020-01-23T16:39:00.0,10.43,9.91,11.51,10.62,74.099711762,10.625,5.687
2020-01-23T16:40:00.0,10.37,10.13,11.31,10.64,74.392967752,10.562,5.562
2020-01-23T16:41:00.0,10.83,9.99,11.65,10.73,74.45158065800001,10.625,5.625
2020-01-23T16:42:00.0,10.89,10.19,11.51,10.8,73.864877218,10.562,5.625
2020-01-23T16:43:00.0,10.47,9.95,11.33,10.84,74.21705245,10.5,5.562
2020-01-23T16:44:00.0,10.47,9.63,11.45,10.4,73.7767616125,10.437,5.5
2020-01-23T16:45:00.0,10.79,10.47,12.33,10.67,76.5240693445,10.437,5.375
2020-01-23T16:46:00.0,11.47,10.99,12.95,11.14,77.539799392,10.437,5.25
2020-01-23T16:47:00.0,11.85,11.07,13.05,11.45,78.2629276045,10.437,5.187
2020-01-23T16:48:00.0,11.61,10.89,12.81,11.58,74.89077060050002,10.562,5.312
2020-01-23T16:49:00.0,11.21,10.83,12.09,11.36,73.4828355125,10.625,5.5
2020-01-23T16:50:00.0,10.57,10.27,11.67,10.9,76.08755984200002,10.625,5.562
2020-01-23T16:51:00.0,10.55,10.09,11.31,10.54,77.249989682,10.625,5.437
2020-01-23T16:52:00.0,10.17,10.19,11.41,10.06,78.89763068450002,10.625,5.312
2020-01-23T16:53:00.0,10.47,10.33,11.47,10.24,79.5882726125,10.562,5.25
2020-01-23T16:54:00.0,10.03,10.09,11.23,10.19,79.73192500000002,10.562,5.25
2020-01-23T16:55:00.0,9.77,10.03,11.13,10.15,78.5804722,10.562,5.375
2020-01-23T16:56:00.0,9.77,9.85,11.03,10.12,79.21440305800002,10.562,5.375
2020-01-23T16:57:00.0,10.43,10.19,11.23,10.3,79.1856215245,10.562,5.312
2020-01-23T16:58:00.0,10.75,10.27,11.13,10.55,78.0317435645,10.562,5.312
2020-01-23T16:59:00.0,10.61,10.27,11.33,10.65,78.29181125000001,10.562,5.312
2020-01-23T17:00:00.0,,,,,,,
2020-01-23T17:01:00.0,11.07,10.75,12.03,10.96,76.17491918050001,10.562,5.312
2020-01-23T17:02:00.0,11.13,10.65,11.79,11.14,74.62734279200001,10.625,5.437
2020-01-23T17:03:00.0,,,,,,,
2020-01-23T17:04:00.0,11.07,10.65,12.03,10.98,76.0584336805,10.75,5.5
2020-01-23T17:05:00.0,10.95,10.57,12.33,11.14,76.145802592,10.75,5.625
2020-01-23T17:06:00.0,10.95,10.65,12.23,11.06,76.20403257800001,10.812,5.625
2020-01-23T17:07:00.0,11.13,11.21,12.51,11.32,75.504430322,10.875,5.5
2020-01-23T17:08:00.0,10.99,10.95,12.39,11.36,74.83225342450001,10.937,5.562
2020-01-23T17:09:00.0,11.13,11.27,12.27,11.42,74.94927501250001,10.937,5.625
2020-01-23T17:10:00.0,10.95,10.65,11.81,11.4,74.5101808,11,5.562
2020-01-23T17:11:00.0,11.61,11.33,12.47,11.54,74.62734279200001,11.062,5.562
2020-01-23T17:12:00.0,11.37,10.65,11.57,11.61,72.215317138,11.062,5.687
2020-01-23T17:13:00.0,11.51,10.79,12.47,11.78,71.86053805,11.125,5.812
2020-01-23T17:14:00.0,12.47,11.13,13.69,11.92,69.901039432,11.125,6
2020-01-23T17:15:00.0,12.29,11.75,13.35,12.21,69.21491786450001,11.25,6.25
2020-01-23T17:16:00.0,12.23,11.21,12.47,12.23,67.71752566450002,11.437,6.5
2020-01-23T17:17:00.0,12.13,11.17,12.83,12.35,69.5731049405,11.562,6.5
2020-01-23T17:18:00.0,12.29,11.31,13.65,12.54,69.72221393800001,11.562,6.437
2020-01-23T17:19:00.0,12.67,11.41,13.51,12.79,69.48360125,11.687,6.437
2020-01-23T17:20:00.0,13.07,11.75,13.65,12.96,68.0176423045,11.75,6.562
2020-01-23T17:21:00.0,12.97,11.95,13.89,12.81,68.28747445,11.875,6.562
2020-01-23T17:22:00.0,13.07,11.93,13.27,13.55,67.95764450450001,12,6.562
2020-01-23T17:23:00.0,12.51,11.65,13.35,13.27,64.789834562,12.125,6.687
2020-01-23T17:24:00.0,12.83,11.71,13.41,13.03,65.638023778,12.187,6.687
2020-01-23T17:25:00.0,13.91,11.81,14.21,13.43,65.8496801845,12.25,6.687
2020-01-23T17:26:00.0,14.11,12.61,14.29,13.79,63.024912832000005,12.312,6.687
2020-01-23T17:27:00.0,13.25,11.51,13.51,13.52,61.7095071205,12.437,7.125
2020-01-23T17:28:00.0,13.81,11.93,13.71,13.51,65.638023778,12.562,7
2020-01-23T17:29:00.0,13.71,12.47,14.39,13.64,63.32997552200001,12.625,7
2020-01-23T17:30:00.0,13.89,12.33,14.15,13.46,63.45191125000001,12.625,7
2020-01-23T17:31:00.0,13.39,11.99,13.51,13.32,63.17748406450001,12.812,7.062
2020-01-23T17:32:00.0,13.35,12.37,13.89,12.9,63.7565272,12.812,6.937
2020-01-23T17:33:00.0,13.65,12.27,14.21,12.96,65.15365056200001,12.875,6.812
2020-01-23T17:34:00.0,,,,,,,
2020-01-23T17:35:00.0,14.15,12.81,14.49,13.59,65.940342208,12.937,6.625
2020-01-23T17:36:00.0,14.11,12.23,14.41,13.43,63.78697124450001,12.937,6.687
2020-01-23T17:37:00.0,14.45,12.71,14.31,13.5,65.27482045,13,6.812
2020-01-23T17:38:00.0,13.85,12.09,14.51,13.39,62.6278542805,13,6.937
2020-01-23T17:39:00.0,13.35,11.75,13.69,13,64.2736419805,13,7
2020-01-23T17:40:00.0,13.55,12.23,13.35,12.89,65.335386248,13,7.062
2020-01-23T17:41:00.0,12.63,11.31,12.71,12.27,65.15365056200001,13,7.062
2020-01-23T17:42:00.0,12.53,11.33,12.91,12.09,67.32689697800001,12.937,6.812
2020-01-23T17:43:00.0,12.91,11.47,13.49,12.16,67.29682628050001,12.812,6.75
2020-01-23T17:44:00.0,,,,,,,
2020-01-23T17:45:00.0,,,,,,,
2020-01-23T17:46:00.0,12.33,10.89,12.71,11.89,67.68749645,12.562,6.812
2020-01-23T17:47:00.0,12.09,10.95,12.67,11.92,67.567347682,12.5,6.812
2020-01-23T17:48:00.0,,,,,,,
2020-01-23T17:49:00.0,11.71,11.09,12.91,11.92,68.28747445,12.437,6.937
2020-01-23T17:50:00.0,11.95,10.83,12.47,11.74,69.5731049405,12.312,6.937
2020-01-23T17:51:00.0,11.21,10.65,12.43,11.5,69.7818352,12.125,6.875
2020-01-23T17:52:00.0,,,,,,,
2020-01-23T17:53:00.0,11.37,11.17,12.73,11.12,71.1199391125,11.875,6.625
2020-01-23T17:54:00.0,11.41,10.71,12.37,11.22,71.1199391125,11.437,6.687
2020-01-23T17:55:00.0,10.95,10.55,12.23,11.17,70.8825262405,11.25,6.687
2020-01-23T17:56:00.0,11.07,10.65,12.29,11.2,71.14960136200001,11.062,6.625
2020-01-23T17:57:00.0,11.93,11.07,13.07,11.42,70.94189860450001,10.937,6.687
2020-01-23T17:58:00.0,11.67,10.99,12.57,11.42,70.79344376200001,10.812,6.687
2020-01-23T17:59:00.0,11.61,10.93,12.37,11.36,71.14960136200001,10.687,6.687
2020-01-23T18:00:00.0,11.65,11.03,12.61,11.44,71.5645378,10.625,6.562
2020-01-23T18:01:00.0,,,,,,,
2020-01-23T18:02:00.0,11.81,10.75,12.57,11.72,70.19882664200001,10.5,6.687
2020-01-23T18:03:00.0,11.57,11.03,13.05,11.88,69.18504820000001,10.5,6.812
2020-01-23T18:04:00.0,11.65,11.17,12.37,11.75,69.543273568,10.5,6.75
2020-01-23T18:05:00.0,,,,,,,
2020-01-23T18:06:00.0,11.93,10.99,11.93,11.43,70.67462245,10.375,6.687
2020-01-23T18:07:00.0,12.47,11.31,12.87,11.96,70.7637432205,10.312,6.75
2020-01-23T18:08:00.0,12.43,11.45,13.41,12.3,69.543273568,10.375,6.812
2020-01-23T18:09:00.0,11.99,11.09,12.71,12.11,68.82636332800001,10.375,6.875
2020-01-23T18:10:00.0,12.53,11.37,13.21,12.38,69.0954200605,10.375,6.875
2020-01-23T18:11:00.0,12.05,11.41,13.01,12.41,68.4971652005,10.437,6.812
2020-01-23T18:12:00.0,11.75,11.45,12.95,12.24,68.52710825800001,10.437,6.812
2020-01-23T18:13:00.0,12.03,11.17,12.81,12.22,67.8976339405,10.437,6.875
2020-01-23T18:14:00.0,12.67,11.47,13.39,12.28,69.005763202,10.437,6.812
2020-01-23T18:15:00.0,13.35,12.57,14.29,13.18,67.68749645,10.5,6.875
2020-01-23T18:16:00.0,12.63,11.45,13.65,12.68,65.940342208,10.562,6.937
2020-01-23T18:17:00.0,12.95,11.99,13.51,12.55,66.6947422205,10.625,7
2020-01-23T18:18:00.0,13.55,12.09,13.59,12.72,66.905616832,10.562,7
2020-01-23T18:19:00.0,13.01,11.81,13.75,12.8,66.5138681045,10.625,7.062
2020-01-23T18:20:00.0,12.91,11.85,14.01,12.74,66.54402176800001,10.687,7.125
2020-01-23T18:21:00.0,16.69,13.85,16.75,15.53,67.6574640445,10.75,7.187
2020-01-23T18:22:00.0,15.51,13.41,15.85,16.12,61.98531281800001,10.875,7.562
2020-01-23T18:23:00.0,14.89,13.21,15.67,15.92,65.214241888,11.125,7.75
2020-01-23T18:24:00.0,13.11,12.27,14.09,15.9,66.363051922,11.375,7.75
2020-01-23T18:25:00.0,12.81,11.85,13.27,15,68.9160776245,11.562,7.625
2020-01-23T18:26:00.0,12.63,11.33,12.43,13.94,71.5645378,11.687,7.375
2020-01-23T18:27:00.0,12.43,11.13,12.33,13.16,72.805594498,11.75,7
2020-01-23T18:28:00.0,12.13,11.41,12.37,12.6,74.59805708050001,11.812,6.687
2020-01-23T18:29:00.0,11.79,10.75,11.81,11.97,75.8253095125,11.875,6.625
2020-01-23T18:30:00.0,11.71,10.75,11.81,11.28,77.1629845445,11.812,6.625
2020-01-23T18:31:00.0,10.51,10.09,11.03,10.61,78.2629276045,11.812,6.25
2020-01-23T18:32:00.0,10.27,9.67,11.07,9.98,79.30072851250002,11.625,6.062
2020-01-23T18:33:00.0,10.51,9.95,10.65,9.6,79.76064590450001,11.5,5.937
2020-01-23T18:34:00.0,9.61,9.63,10.43,9.36,79.41578444450002,11.312,5.812
2020-01-23T18:35:00.0,9.77,9.47,10.13,9.11,80.2197464005,11.187,5.625
2020-01-23T18:36:00.0,9.91,8.97,10.09,8.96,81.10692896800002,11.062,5.437
2020-01-23T18:37:00.0,,,,,,,
2020-01-23T18:38:00.0,9.57,9.11,10.09,8.94,81.87713781250001,10.937,5.375
2020-01-23T18:39:00.0,9.43,9.33,10.05,9.08,81.620660002,10.875,5.375
2020-01-23T18:40:00.0,9.53,9.11,9.95,9.14,80.992626112,10.875,5.437
2020-01-23T18:41:00.0,9.75,9.15,10.05,9.26,79.1856215245,10.875,5.562
2020-01-23T18:42:00.0,9.71,9.19,9.91,9.44,79.44454045,10.875,5.562
2020-01-23T18:43:00.0,9.63,9.29,10.19,9.66,78.3206917045,10.875,5.75
2020-01-23T18:44:00.0,9.81,9.15,10.65,9.8,78.176257522,10.875,5.812
2020-01-23T18:45:00.0,10.31,9.71,10.83,10.05,78.43618161250001,10.875,5.812
2020-01-23T18:46:00.0,10.19,9.43,10.57,10.16,78.060652738,10.937,5.875
2020-01-23T18:47:00.0,10.41,9.39,10.83,10.19,77.91607496050001,10.937,5.937
2020-01-23T18:48:00.0,10.51,9.47,10.99,10.38,79.5307893205,11,5.875
2020-01-23T18:49:00.0,10.51,9.21,10.83,10.49,78.60932074450001,11,5.937
2020-01-23T18:50:00.0,10.57,9.07,10.41,10.3,78.2629276045,11,5.937
2020-01-23T18:51:00.0,10.47,9.33,10.85,10.32,77.13397645,11,5.937
2020-01-23T18:52:00.0,10.37,9.85,11.57,11.22,73.80613667200001,11.062,6.062
2020-01-23T18:53:00.0,10.43,9.99,11.61,11.43,72.5991426125,11.062,6.375
2020-01-23T18:54:00.0,10.93,9.43,10.55,11,72.5401276405,11.125,6.562
2020-01-23T18:55:00.0,11.31,10.19,11.65,11.05,75.1831650205,11.125,6.625
2020-01-23T18:56:00.0,11.13,10.13,11.71,11.12,74.80299005,11.125,6.687
2020-01-23T18:57:00.0,10.93,9.99,11.71,11.02,75.7669965605,11.125,6.75
2020-01-23T18:58:00.0,10.79,9.71,11.09,10.84,76.17491918050001,11.125,6.687
2020-01-23T18:59:00.0,10.75,9.91,11.55,11.21,75.59198112050001,11.125,6.687
2020-01-23T19:00:00.0,10.43,10.03,11.31,11.43,73.18859031250001,11.062,6.875
2020-01-23T19:01:00.0,10.33,9.75,11.09,11.32,72.98242880800001,11.062,7.125
2020-01-23T19:02:00.0,10.09,9.75,10.57,10.64,72.215317138,11,7.187
2020-01-23T19:03:00.0,9.95,9.21,10.17,10.25,74.24637964450001,10.875,7.187
2020-01-23T19:04:00.0,9.57,8.79,9.53,9.95,74.77372348450001,10.75,7.125
2020-01-23T19:05:00.0,9.21,8.65,9.39,9.56,75.85446120200001,10.625,6.937
2020-01-23T19:06:00.0,9.19,8.55,9.53,9.21,76.72752807200001,10.5,6.812
2020-01-23T19:07:00.0,8.59,8.27,8.71,8.98,77.5687628125,10.375,6.687
2020-01-23T19:08:00.0,8.71,8.15,8.97,8.68,78.55162046450002,10.312,6.437
2020-01-23T19:09:00.0,8.19,8.23,9.25,8.51,79.76064590450001,10.125,6.312
2020-01-23T19:10:00.0,,,,,,,
2020-01-23T19:11:00.0,8.41,7.79,8.65,8.27,80.59216405000001,9.875,6.187
2020-01-23T19:12:00.0,8.41,7.65,8.93,8.21,81.13549670450001,9.875,6.125
2020-01-23T19:13:00.0,8.19,7.79,8.59,8.06,81.53510996050001,9.625,6.125
2020-01-23T19:14:00.0,8.29,7.91,8.75,8.1,81.87713781250001,9.5,6.062
2020-01-23T19:15:00.0,8.37,8.15,9.03,8.12,81.99104498450001,9.312,6.062
2020-01-23T19:16:00.0,8.01,7.79,8.79,8.16,81.4780606445,9.187,6.062
2020-01-23T19:17:00.0,8.41,8.15,8.89,8.29,81.64917030050002,9.062,6.062
2020-01-23T19:18:00.0,8.61,8.19,9.03,8.4,81.4780606445,9,6.125
2020-01-23T19:19:00.0,8.29,7.87,8.87,8.4,81.1926226045,8.937,6.187
2020-01-23T19:20:00.0,8.69,8.01,9.19,8.48,81.10692896800002,8.875,6.187
2020-01-23T19:21:00.0,8.69,8.27,9.25,8.62,80.73525801250001,8.812,6.187
2020-01-23T19:22:00.0,8.69,8.13,9.57,8.64,80.70664560200001,8.75,6.187
2020-01-23T19:23:00.0,8.83,8.09,9.25,8.7,81.02120661250001,8.75,6.187
2020-01-23T19:24:00.0,8.65,8.41,9.39,8.74,80.90686546450002,8.75,6.25
2020-01-23T19:25:00.0,,,,,,,
2020-01-23T19:26:00.0,9.35,8.41,9.99,9.03,81.50658689800001,8.75,6.312
2020-01-23T19:27:00.0,8.69,8.19,9.03,8.95,79.78936361800001,8.75,6.375
2020-01-23T19:28:00.0,9.15,8.33,9.53,8.72,80.3057368,8.875,6.375
2020-01-23T19:29:00.0,8.97,8.45,8.83,8.66,80.10504786050001,8.937,6.312
2020-01-23T19:30:00.0,8.71,8.09,9.15,8.58,80.3057368,8.937,6.312
2020-01-23T19:31:00.0,8.59,7.87,8.69,8.48,80.59216405000001,8.937,6.375
2020-01-23T19:32:00.0,8.61,7.87,8.75,8.44,81.4780606445,8.937,6.312
2020-01-23T19:33:00.0,8.59,7.91,8.83,8.44,81.8201650805,8.937,6.187
2020-01-23T19:34:00.0,8.55,8.05,8.45,8.31,82.0195138,8.937,6.125
2020-01-23T19:35:00.0,8.09,7.77,8.51,8.11,82.50299544050002,8.937,6
2020-01-23T19:36:00.0,8.01,7.61,8.37,7.92,82.81534508800002,8.937,6
2020-01-23T19:37:00.0,7.83,7.41,8.05,7.82,83.12730862450002,8.937,5.812
2020-01-23T19:38:00.0,7.51,7.09,7.79,7.59,83.80661612050001,8.937,5.625
2020-01-23T19:39:00.0,7.59,7.09,7.69,7.33,84.48408560050001,8.937,5.375
2020-01-23T19:40:00.0,7.83,7.45,8.27,7.36,85.13160245000002,8.875,5.25
2020-01-23T19:41:00.0,7.91,7.27,8.01,7.28,85.300242272,8.875,5.187
2020-01-23T19:42:00.0,7.51,7.01,7.79,7.31,85.5529866125,8.875,5.187
2020-01-23T19:43:00.0,7.41,6.75,7.87,7.1,85.77743126050001,8.812,5.187
2020-01-23T19:44:00.0,7.33,7.09,7.83,7.07,86.39360101250001,8.812,5.125
2020-01-23T19:45:00.0,7.37,7.15,7.73,7.06,86.78490490450001,8.812,5.125
2020-01-23T19:46:00.0,,,,,,,
2020-01-23T19:47:00.0,7.01,6.57,7.61,6.96,87.0640247645,8.812,5.062
2020-01-23T19:48:00.0,7.05,6.33,7.33,6.86,87.00822632050001,8.812,4.875
2020-01-23T19:49:00.0,7.15,6.35,7.29,6.74,87.1755833605,8.75,4.812
2020-01-23T19:50:00.0,6.91,6.29,7.27,6.7,87.81605448200001,8.75,4.75
2020-01-23T19:51:00.0,7.29,6.75,7.37,6.74,87.95506396450001,8.687,4.625
2020-01-23T19:52:00.0,7.19,6.35,7.55,6.84,87.92726845000001,8.687,4.562
2020-01-23T19:53:00.0,7.47,6.83,7.05,6.9,87.89946974450001,8.625,4.5
2020-01-23T19:54:00.0,7.29,6.69,7.41,6.99,87.4542564805,8.625,4.5
2020-01-23T19:55:00.0,7.61,7.09,7.83,7.06,87.8438627605,8.687,4.5
2020-01-23T19:56:00.0,7.73,7.01,7.87,7.28,88.6211990125,8.625,4.5
2020-01-23T19:57:00.0,7.59,7.15,8.59,7.46,88.45483756450001,8.625,4.5
2020-01-23T19:58:00.0,7.41,7.19,7.97,7.69,88.34386611250001,8.687,4.562
2020-01-23T19:59:00.0,7.59,7.27,8.01,7.88,88.3993582205,8.75,4.562
2020-01-23T20:00:00.0,7.61,6.93,8.01,7.96,88.5103041445,8.812,4.562
2020-01-23T20:01:00.0,7.69,7.11,8.01,7.94,88.6766273005,8.75,4.562
2020-01-23T20:02:00.0,7.69,7.15,8.05,7.91,88.7320428245,8.812,4.562
2020-01-23T20:03:00.0,7.69,7.23,7.95,7.74,88.7320428245,8.812,4.625
2020-01-23T20:04:00.0,7.59,7.41,8.13,7.69,88.84283558050001,8.812,4.687
2020-01-23T20:05:00.0,,,,,,,
2020-01-23T20:06:00.0,7.87,7.11,7.73,7.64,87.14769849800001,8.812,4.75
2020-01-23T20:07:00.0,7.37,7.15,8.05,7.45,87.2313435125,8.812,4.75
2020-01-23T20:08:00.0,7.37,6.75,8.09,7.16,88.5103041445,8.687,4.625
2020-01-23T20:09:00.0,6.97,6.75,8.01,7.11,88.28836124050001,8.562,4.562
2020-01-23T20:10:00.0,7.55,6.79,7.79,7.12,88.3993582205,8.562,4.625
2020-01-23T20:11:00.0,7.51,6.97,7.65,7.19,88.56575796050001,8.5,4.625
2020-01-23T20:12:00.0,6.97,7.01,7.73,7.24,88.64891475200001,8.5,4.562
2020-01-23T20:13:00.0,6.97,6.75,7.59,7.1,87.8438627605,8.5,4.562
2020-01-23T20:14:00.0,7.45,6.61,7.41,7.07,87.8438627605,8.5,4.625
2020-01-23T20:15:00.0,7.01,6.65,7.29,6.8,86.9524151125,8.5,4.625
2020-01-23T20:16:00.0,7.19,6.47,7.37,6.7,88.0106454205,8.5,4.562
2020-01-23T20:17:00.0,7.09,6.87,7.05,6.74,88.925896642,8.437,4.5
2020-01-23T20:18:00.0,6.87,6.61,7.29,6.77,89.20255943200002,8.375,4.437
2020-01-23T20:19:00.0,7.27,6.83,7.45,6.78,88.7874455845,8.312,4.437
2020-01-23T20:20:00.0,6.61,6.91,7.29,6.8,88.84283558050001,8.25,4.437
2020-01-23T20:21:00.0,6.65,6.87,6.93,6.8,88.6766273005,8.187,4.375
2020-01-23T20:22:00.0,,,,,,,
2020-01-23T20:23:00.0,7.01,6.73,7.45,6.88,89.81009433800001,8.187,4.375
2020-01-23T20:24:00.0,7.09,6.53,7.41,6.94,89.36840393800001,8.125,4.375
2020-01-23T20:25:00.0,6.75,6.53,7.01,6.85,88.7874455845,8.187,4.437
2020-01-23T20:26:00.0,6.91,6.79,7.11,6.76,88.6211990125,8.125,4.437
2020-01-23T20:27:00.0,7.05,6.57,7.19,6.73,88.64891475200001,8.187,4.5
2020-01-23T20:28:00.0,6.93,6.43,7.61,6.73,88.6766273005,8.125,4.5
2020-01-23T20:29:00.0,6.93,6.39,7.41,6.74,88.8982128125,8.062,4.5
2020-01-23T20:30:00.0,7.09,6.57,7.09,6.86,89.4512831125,8,4.5
2020-01-23T20:31:00.0,,,,,,,
2020-01-23T20:32:00.0,7.05,6.79,7.51,6.86,88.95357728050001,8.062,4.562
2020-01-23T20:33:00.0,6.65,6.25,7.47,6.84,88.84283558050001,8,4.562
2020-01-23T20:34:00.0,6.97,6.43,7.37,6.78,88.64891475200001,8.062,4.625
2020-01-23T20:35:00.0,6.75,6.43,7.29,6.8,88.6211990125,8,4.625
2020-01-23T20:36:00.0,6.69,6.39,7.33,6.74,88.23284360450002,8.062,4.75
2020-01-23T20:37:00.0,,,,,,,
2020-01-23T20:38:00.0,6.65,6.57,7.05,6.64,88.316115272,8.062,4.812
2020-01-23T20:39:00.0,6.53,6.29,6.97,6.58,88.5103041445,8,4.812
2020-01-23T20:40:00.0,6.47,6.13,7.05,6.53,88.6766273005,8.062,4.812
2020-01-23T20:41:00.0,6.47,5.85,6.61,6.54,88.815142178,8.062,4.812
2020-01-23T20:42:00.0,6.47,6.03,6.57,6.43,88.815142178,8.062,4.812
2020-01-23T20:43:00.0,6.43,5.85,6.57,6.42,88.95357728050001,8.062,4.812
2020-01-23T20:44:00.0,6.11,5.71,6.61,6.32,89.09193260800001,8.062,4.812
2020-01-23T20:45:00.0,6.11,5.77,6.75,6.32,89.4512831125,8.062,4.812
2020-01-23T20:46:00.0,,,,,,,
2020-01-23T20:47:00.0,6.33,5.77,6.73,6.2,89.478903122,8.062,4.75
2020-01-23T20:48:00.0,6.13,5.99,6.57,6.26,89.39603352050001,8.062,4.812
2020-01-23T20:49:00.0,5.93,5.81,6.29,6.22,89.50651994050001,8,4.812
2020-01-23T20:50:00.0,6.17,5.93,6.69,6.27,89.699748322,8,4.812
2020-01-23T20:51:00.0,5.95,5.37,6.11,6.26,89.2302081605,8,4.812
2020-01-23T20:52:00.0,5.89,5.41,6.39,6.13,89.09193260800001,8,4.812
2020-01-23T20:53:00.0,5.81,5.45,6.21,6.12,89.56174400450001,8,4.75
2020-01-23T20:54:00.0,5.81,5.51,6.25,6.08,89.94795506050001,7.937,4.687
2020-01-23T20:55:00.0,6.13,5.89,6.39,6.04,89.8652482,7.937,4.687
2020-01-23T20:56:00.0,5.89,5.59,6.11,5.96,90.71850086450002,7.875,4.562
2020-01-23T20:57:00.0,5.85,5.49,5.95,5.97,90.96564500000001,7.875,4.5
2020-01-23T20:58:00.0,5.63,5.29,6.39,5.96,91.04796894050001,7.875,4.437
2020-01-23T20:59:00.0,6.11,5.59,5.95,5.94,91.294768448,7.812,4.375
2020-01-23T21:00:00.0,5.85,5.51,6.21,5.89,91.294768448,7.75,4.312
2020-01-23T21:01:00.0,5.99,5.41,6.17,5.88,91.21253066450001,7.75,4.312
2020-01-23T21:02:00.0,6.11,5.19,6.33,5.84,91.23994645,7.75,4.312
2020-01-23T21:03:00.0,6.11,5.45,6.25,5.85,91.32217466050001,7.75,4.312
2020-01-23T21:04:00.0,5.89,5.41,6.17,5.85,91.43176760050001,7.687,4.25
2020-01-23T21:05:00.0,5.89,5.67,6.17,5.84,91.48654492450001,7.687,4.312
2020-01-23T21:06:00.0,5.89,5.41,6.35,5.89,91.5413094845,7.687,4.312
2020-01-23T21:07:00.0,5.55,5.45,6.03,5.84,91.678165042,7.687,4.312
2020-01-23T21:08:00.0,6.03,5.55,5.99,5.88,91.7055265805,7.625,4.375
2020-01-23T21:09:00.0,5.93,5.67,6.13,5.84,91.43176760050001,7.625,4.375
2020-01-23T21:10:00.0,5.85,5.55,5.99,5.83,91.32217466050001,7.562,4.437
2020-01-23T21:11:00.0,5.67,5.23,6.03,5.86,91.43176760050001,7.562,4.437
2020-01-23T21:12:00.0,5.89,5.29,5.73,5.82,90.93819730450001,7.5,4.5
2020-01-23T21:13:00.0,5.59,5.11,5.73,5.77,90.9930895045,7.5,4.5
2020-01-23T21:14:00.0,5.63,5.59,5.93,5.74,91.26735904450001,7.437,4.5
2020-01-23T21:15:00.0,5.71,5.07,5.85,5.71,91.23994645,7.375,4.5
2020-01-23T21:16:00.0,5.45,5.51,5.81,5.66,91.32217466050001,7.375,4.5
2020-01-23T21:17:00.0,5.85,5.41,5.71,5.7,91.349577682,7.312,4.5
2020-01-23T21:18:00.0,5.63,5.37,5.71,5.71,91.43176760050001,7.312,4.5
2020-01-23T21:19:00.0,5.37,5.19,5.71,5.66,91.43176760050001,7.312,4.5
2020-01-23T21:20:00.0,5.67,5.07,5.89,5.68,91.43176760050001,7.25,4.5
2020-01-23T21:21:00.0,5.51,5.73,5.37,5.66,91.51392880000002,7.25,4.5
2020-01-23T21:22:00.0,5.93,5.19,5.73,5.63,91.48654492450001,7.187,4.562
2020-01-23T21:23:00.0,5.33,4.97,5.81,5.6,91.5960612805,7.187,4.5
2020-01-23T21:24:00.0,5.77,5.07,5.67,5.52,91.7055265805,7.187,4.5
2020-01-23T21:25:00.0,5.67,5.11,5.45,5.55,91.76024008450001,7.187,4.5
2020-01-23T21:26:00.0,5.41,4.93,5.93,5.52,91.842286408,7.187,4.5
2020-01-23T21:27:00.0,5.41,5.07,6.03,5.47,91.9789664605,7.125,4.437
2020-01-23T21:28:00.0,,,,,,,
2020-01-23T21:29:00.0,5.45,4.97,5.49,5.46,92.3612462045,7.062,4.437
2020-01-23T21:30:00.0,5.55,4.79,5.71,5.43,92.4703541125,7.062,4.437
2020-01-23T21:31:00.0,5.41,5.11,5.51,5.43,92.63392024450002,7.062,4.437
2020-01-23T21:32:00.0,5.23,5.01,5.59,5.47,92.74290051250001,7.062,4.437
2020-01-23T21:33:00.0,5.51,5.07,5.77,5.42,92.770137602,7.062,4.375
2020-01-23T21:34:00.0,5.41,4.93,5.59,5.48,92.7973715005,7.062,4.312
2020-01-23T21:35:00.0,5.77,5.07,5.95,5.5,92.7973715005,7.062,4.312
2020-01-23T21:36:00.0,5.15,5.01,6.07,5.44,92.63392024450002,7,4.375
2020-01-23T21:37:00.0,5.45,4.81,6.03,5.46,92.770137602,7,4.312
2020-01-23T21:38:00.0,5.41,5.05,5.93,5.48,92.74290051250001,7,4.375
2020-01-23T21:39:00.0,5.33,4.81,5.89,5.52,92.7973715005,7,4.375
2020-01-23T21:40:00.0,5.59,4.97,5.55,5.54,92.7973715005,7,4.375
2020-01-23T21:41:00.0,5.41,5.15,5.59,5.47,92.9062751845,7,4.375
2020-01-23T21:42:00.0,5.05,4.89,5.63,5.41,93.06953498050001,7,4.375
2020-01-23T21:43:00.0,,,,,,,
2020-01-23T21:44:00.0,4.75,4.71,5.59,5.35,93.25985955200001,6.937,4.312
2020-01-23T21:45:00.0,5.29,5.01,5.51,5.38,93.23267990050002,6.937,4.312
2020-01-23T21:46:00.0,4.63,4.85,5.49,5.32,93.06953498050001,6.937,4.25
2020-01-23T21:47:00.0,5.37,4.89,5.63,5.35,93.28703601250001,6.937,4.25
2020-01-23T21:48:00.0,5.07,4.81,5.67,5.32,93.1239293845,6.937,4.187
2020-01-23T21:49:00.0,5.01,4.75,5.73,5.39,93.1239293845,6.937,4.187
2020-01-23T21:50:00.0,5.41,4.75,5.51,5.36,93.04233299200001,6.875,4.187
2020-01-23T21:51:00.0,5.23,4.85,5.07,5.32,92.87905405000001,6.875,4.187
2020-01-23T21:52:00.0,5.07,5.07,5.45,5.37,92.8518297245,6.875,4.187
2020-01-23T21:53:00.0,5.37,5.15,5.37,5.4,92.96070788050001,6.875,4.25
2020-01-23T21:54:00.0,5.29,5.23,5.77,5.4,93.06953498050001,6.812,4.312
2020-01-23T21:55:00.0,,,,,,,
2020-01-23T21:56:00.0,5.51,5.15,5.71,5.36,93.06953498050001,6.75,4.312
2020-01-23T21:57:00.0,5.37,4.89,5.93,5.4,92.8518297245,6.812,4.312
2020-01-23T21:58:00.0,,,,,,,
2020-01-23T21:59:00.0,5.11,4.93,5.73,5.38,92.6884167605,6.75,4.375
2020-01-23T22:00:00.0,5.19,4.89,5.59,5.37,92.74290051250001,6.75,4.312
2020-01-23T22:01:00.0,5.41,4.63,5.55,5.32,92.9062751845,6.812,4.312
2020-01-23T22:02:00.0,5.19,4.71,5.33,5.32,92.8518297245,6.812,4.312
2020-01-23T22:03:00.0,5.51,5.19,5.29,5.3,92.93349312800001,6.812,4.312
2020-01-23T22:04:00.0,5.41,4.79,5.07,5.24,92.987919442,6.812,4.312
2020-01-23T22:05:00.0,5.29,4.75,5.45,5.3,93.23267990050002,6.875,4.312
2020-01-23T22:06:00.0,5.33,4.81,5.29,5.32,93.23267990050002,6.875,4.312
2020-01-23T22:07:00.0,5.41,4.89,5.49,5.34,93.28703601250001,6.875,4.312
2020-01-23T22:08:00.0,5.33,5.07,5.67,5.36,93.28703601250001,6.937,4.312
2020-01-23T22:09:00.0,5.19,4.81,5.55,5.36,93.4500277645,6.937,4.312
2020-01-23T22:10:00.0,5.23,4.93,5.63,5.29,93.53148056200001,6.937,4.312
2020-01-23T22:11:00.0,5.23,4.71,5.29,5.24,93.74854761800002,6.937,4.25
2020-01-23T22:12:00.0,5.19,4.93,5.49,5.24,93.74854761800002,6.937,4.25
2020-01-23T22:13:00.0,5.27,4.67,5.19,5.24,93.7756666405,6.937,4.25
2020-01-23T22:14:00.0,5.37,4.71,5.59,5.22,93.8298951125,7,4.25
2020-01-23T22:15:00.0,5.15,4.85,5.45,5.2,93.85700456200001,6.937,4.187
2020-01-23T22:16:00.0,4.89,4.79,5.49,5.2,93.88411082050001,6.937,4.187
2020-01-23T22:17:00.0,5.07,4.59,5.27,5.19,94.04668136050002,6.937,4.187
2020-01-23T22:18:00.0,5.01,4.71,5.27,5.17,94.1008460125,7,4.187
2020-01-23T22:19:00.0,5.15,4.75,5.15,5.13,94.1549979005,6.937,4.187
2020-01-23T22:20:00.0,5.19,4.81,5.51,5.14,94.26326338450001,6.937,4.187
2020-01-23T22:21:00.0,,,,,,,
2020-01-23T22:22:00.0,4.97,4.93,5.15,5.1,94.3173769805,6.875,4.187
2020-01-23T22:23:00.0,4.97,4.93,5.59,5.16,94.58775350050001,6.875,4.187
2020-01-23T22:24:00.0,5.15,4.49,5.29,5.16,94.58775350050001,6.875,4.187
2020-01-23T22:25:00.0,5.63,4.67,5.71,5.16,94.66880423200001,6.875,4.187
2020-01-23T22:26:00.0,4.75,4.49,5.23,5.14,94.58775350050001,6.812,4.187
2020-01-23T22:27:00.0,,,,,,,
2020-01-23T22:28:00.0,5.11,4.79,5.37,5.14,94.96574454050001,6.812,4.187
2020-01-23T22:29:00.0,5.33,4.59,4.97,5.17,95.100589768,6.812,4.25
2020-01-23T22:30:00.0,5.05,4.59,5.07,5.22,95.0736271045,6.812,4.25
2020-01-23T22:31:00.0,5.29,4.81,5.37,5.2,95.100589768,6.812,4.312
2020-01-23T22:32:00.0,5.23,4.89,5.19,5.22,95.2353552205,6.75,4.375
2020-01-23T22:33:00.0,5.27,4.75,5.19,5.24,95.3969684605,6.75,4.437
2020-01-23T22:34:00.0,5.33,4.81,5.33,5.23,95.34311014450002,6.75,4.437
2020-01-23T22:35:00.0,4.97,4.49,5.29,5.26,95.45081401250002,6.75,4.5
2020-01-23T22:36:00.0,5.23,4.89,5.01,5.2,95.45081401250002,6.687,4.562
2020-01-23T22:37:00.0,,,,,,,
2020-01-23T22:38:00.0,5.15,4.53,5.07,5.11,95.907985858,6.687,4.5
2020-01-23T22:39:00.0,5.29,4.57,4.93,5.09,96.069120448,6.687,4.5
2020-01-23T22:40:00.0,4.97,4.67,5.07,5.02,96.31060694050001,6.687,4.437
2020-01-23T22:41:00.0,4.85,4.49,5.11,5,96.4714543405,6.687,4.437
2020-01-23T22:42:00.0,5.07,4.53,4.85,4.96,96.73927806050001,6.687,4.375
2020-01-23T22:43:00.0,5.05,4.11,4.81,4.9,96.87307025800001,6.625,4.375
2020-01-23T22:44:00.0,4.75,4.81,5.15,4.88,97.033515592,6.625,4.312
2020-01-23T22:45:00.0,4.85,4.49,4.93,4.83,97.24726400800002,6.625,4.25
2020-01-23T22:46:00.0,4.53,4.57,4.81,4.77,97.43412634450002,6.625,4.187
2020-01-23T22:47:00.0,4.81,4.57,4.85,4.75,97.59416961250001,6.625,4.125
2020-01-23T22:48:00.0,4.71,4.49,4.93,4.77,97.78074156800001,6.562,4.125
2020-01-23T22:49:00.0,4.85,4.37,5.05,4.74,97.887283912,6.562,4.125
2020-01-23T22:50:00.0,4.49,4.45,4.75,4.71,97.96715716450001,6.5,4.125
2020-01-23T22:51:00.0,4.71,4.23,4.85,4.67,98.18001210050001,6.5,4.062
2020-01-23T22:52:00.0,4.75,4.31,4.75,4.66,98.2863629845,6.437,4.062
2020-01-23T22:53:00.0,4.49,4.41,5.23,4.69,98.33951928050001,6.437,4
2020-01-23T22:54:00.0,4.75,4.27,4.89,4.72,98.419229792,6.375,4
2020-01-23T22:55:00.0,4.53,4.49,4.79,4.7,98.49891158450001,6.375,4
2020-01-23T22:56:00.0,4.45,4.11,4.85,4.64,98.44579358050001,6.437,4
2020-01-23T22:57:00.0,4.59,4.33,4.93,4.61,98.44579358050001,6.437,4
2020-01-23T22:58:00.0,4.63,4.33,4.75,4.6,98.472354178,6.437,4
2020-01-23T22:59:00.0,4.49,4.37,4.33,4.58,98.5254658,6.437,3.937
2020-01-23T23:00:00.0,4.53,4.41,4.67,4.58,98.55201682450001,6.5,3.875
2020-01-23T23:01:00.0,4.67,4.05,4.59,4.56,98.684724082,6.5,3.875
2020-01-23T23:02:00.0,4.63,4.45,4.81,4.54,98.7112559605,6.437,3.875
2020-01-23T23:03:00.0,4.53,4.37,4.81,4.52,98.7643101445,6.5,3.812
2020-01-23T23:04:00.0,4.63,4.53,4.71,4.56,98.7643101445,6.5,3.812
2020-01-23T23:05:00.0,4.37,4.19,4.63,4.56,98.81735156450002,6.5,3.875
2020-01-23T23:06:00.0,4.67,4.49,4.67,4.56,98.81735156450002,6.5,3.875
2020-01-23T23:07:00.0,4.37,4.59,4.59,4.58,98.84386748800001,6.5,3.875
2020-01-23T23:08:00.0,4.75,4.57,4.75,4.59,98.92339611250001,6.5,3.875
2020-01-23T23:09:00.0,4.75,4.45,4.59,4.59,98.94989927200001,6.562,3.937
2020-01-23T23:10:00.0,4.41,4.53,4.85,4.6,99.002896018,6.562,3.875
2020-01-23T23:11:00.0,4.53,4.59,4.67,4.6,99.002896018,6.562,3.937
2020-01-23T23:12:00.0,4.63,4.53,4.57,4.62,99.0823672045,6.625,4
2020-01-23T23:13:00.0,4.33,4.53,4.75,4.62,99.0823672045,6.562,4
2020-01-23T23:14:00.0,4.41,4.63,4.97,4.63,99.1353320405,6.562,3.937
2020-01-23T23:15:00.0,4.63,4.53,5.01,4.64,99.1882841125,6.625,4
2020-01-23T23:16:00.0,5.11,4.31,5.05,4.62,99.2412234205,6.625,4
2020-01-23T23:17:00.0,4.75,4.57,4.93,4.67,99.2412234205,6.625,4
2020-01-23T23:18:00.0,4.67,4.49,4.75,4.67,99.2412234205,6.625,4
2020-01-23T23:19:00.0,4.71,4.45,5.07,4.66,99.32060845000001,6.625,4.062
2020-01-23T23:20:00.0,4.53,4.27,4.85,4.67,99.29414996450001,6.625,4.062
2020-01-23T23:21:00.0,4.49,4.37,4.81,4.71,99.3470637445,6.687,4.062
2020-01-23T23:22:00.0,4.45,4.41,4.75,4.74,99.3999647605,6.687,4.062
2020-01-23T23:23:00.0,4.53,4.57,4.89,4.72,99.3999647605,6.687,4.062
2020-01-23T23:24:00.0,4.81,4.63,4.89,4.78,99.45285301250001,6.75,4.125
2020-01-23T23:25:00.0,4.63,4.37,4.81,4.77,99.50572850050001,6.687,4.125
2020-01-23T23:26:00.0,4.85,4.37,5.01,4.77,99.50572850050001,6.687,4.125
2020-01-23T23:27:00.0,4.57,4.79,5.19,4.78,99.5585912245,6.687,4.125
2020-01-23T23:28:00.0,4.71,4.49,4.67,4.76,99.61144118450001,6.687,4.125
2020-01-23T23:29:00.0,4.49,4.49,5.01,4.72,99.66427838050001,6.687,4.125
2020-01-23T23:30:00.0,4.59,4.63,5.11,4.71,99.74351024200001,6.687,4.125
2020-01-23T23:31:00.0,4.31,4.57,5.05,4.66,99.71710281250002,6.687,4.187
2020-01-23T23:32:00.0,4.85,4.33,4.59,4.62,99.7699144805,6.75,4.125
2020-01-23T23:33:00.0,4.49,4.19,4.59,4.58,99.82271338450002,6.75,4.187
2020-01-23T23:34:00.0,4.57,4.19,4.63,4.58,99.82271338450002,6.75,4.125
2020-01-23T23:35:00.0,4.41,4.19,4.63,4.62,99.8754995245,6.687,4.125
2020-01-23T23:36:00.0,4.67,4.23,4.75,4.64,99.9282729005,6.75,4.125
2020-01-23T23:37:00.0,4.57,4.37,4.75,4.62,99.9810335125,6.75,4.125
2020-01-23T23:38:00.0,4.49,4.19,4.57,4.64,100.0337813605,6.687,4.125
2020-01-23T23:39:00.0,4.59,4.19,4.81,4.62,100.0337813605,6.687,4.125
2020-01-23T23:40:00.0,4.59,4.41,4.59,4.62,100.06015049800001,6.687,4.125
2020-01-23T23:41:00.0,4.81,4.41,4.75,4.61,100.00740903200001,6.687,4.125
2020-01-23T23:42:00.0,4.57,4.37,4.59,4.66,99.9810335125,6.687,4.187
2020-01-23T23:43:00.0,4.53,4.11,4.59,4.61,100.06015049800001,6.687,4.187
2020-01-23T23:44:00.0,4.53,4.59,4.75,4.62,100.06015049800001,6.687,4.187
2020-01-23T23:45:00.0,4.71,4.45,4.49,4.62,100.0865164445,6.687,4.187
2020-01-23T23:46:00.0,4.71,4.11,4.71,4.66,100.0865164445,6.687,4.125
2020-01-23T23:47:00.0,4.71,4.37,4.81,4.66,100.1392387645,6.687,4.187
2020-01-23T23:48:00.0,4.53,4.33,4.53,4.58,100.35000040450001,6.687,4.062
2020-01-23T23:49:00.0,4.59,4.07,4.57,4.56,100.4553046405,6.625,4
2020-01-23T23:50:00.0,4.23,4.31,4.57,4.55,100.56055782050001,6.562,3.937
2020-01-23T23:51:00.0,4.33,4.45,4.33,4.54,100.61316526450001,6.562,3.875
2020-01-23T23:52:00.0,4.53,4.57,4.37,4.53,100.7183418605,6.5,3.812
2020-01-23T23:53:00.0,4.63,4.15,4.37,4.54,100.7183418605,6.5,3.812
2020-01-23T23:54:00.0,4.31,4.11,4.81,4.6,100.7183418605,6.437,3.75
2020-01-23T23:55:00.0,4.57,3.93,4.85,4.6,100.74462803200001,6.437,3.812
2020-01-23T23:56:00.0,4.33,4.49,4.85,4.62,100.7709110125,6.437,3.812
2020-01-23T23:57:00.0,4.41,4.41,4.59,4.64,100.82346740050001,6.437,3.75
2020-01-23T23:58:00.0,4.33,4.11,4.75,4.61,100.87601102450002,6.5,3.75
2020-01-23T23:59:00.0,4.27,4.23,4.79,4.59,100.9285418845,6.5,3.812
