TempPlant1,TempPlant2,TempPlant4,Air_temp_loc,Humedity,air_temp,Ambient_1_4,Date
1.83,1.85,1.13,0.6,52.778828962000006,3.062,0,2020-03-09 00-00-18
1.29,2.01,0.91,0.49,52.652502418000005,3.125,0,2020-03-09 00-01-18
1.09,1.59,0.87,0.6,52.58932000000001,3.125,0,2020-03-09 00-02-19
1.55,1.05,1.05,0.64,51.70342592800001,3.125,0,2020-03-09 00-03-19
1.47,1.41,1.55,0.38,52.58932000000001,3.125,0,2020-03-09 00-04-19
1.01,1.41,0.87,0.62,54.03928632200001,3.125,0,2020-03-09 00-05-19
1.67,1.59,0.97,0.64,52.36808102050001,3.125,0,2020-03-09 00-06-19
1.97,1.79,1.05,0.57,52.33646268800001,3.187,0.062,2020-03-09 00-07-19
1.51,1.43,1.09,0.58,53.504215784500005,3.187,0,2020-03-09 00-08-19
1.33,1.13,0.97,0.74,52.6209128045,3.187,0.062,2020-03-09 00-09-19
0.97,1.37,1.09,0.68,52.17832316050001,3.187,0.062,2020-03-09 00-10-19
1.13,1.33,0.87,0.32,51.48156151250001,3.187,0.062,2020-03-09 00-11-19
1.21,1.79,1.21,0.63,52.5577240045,3.187,0.062,2020-03-09 00-12-19
1.59,1.33,1.05,0.85,52.36808102050001,3.125,0.062,2020-03-09 00-13-19
1.21,1.05,1.13,0.66,51.766787042000004,3.125,0.062,2020-03-09 00-14-19
1.59,1.63,1.13,0.9,52.715672072000004,3.125,0.125,2020-03-09 00-15-19
1.67,1.63,1.13,0.5,51.893470978,3.062,0.062,2020-03-09 00-16-19
1.59,2.09,1.09,0.56,51.196077512,3.062,0.125,2020-03-09 00-17-18
1.29,1.63,1.01,0.75,52.146685682000005,3.062,0.125,2020-03-09 00-18-19
1.51,1.71,0.91,0.7,52.17832316050001,3.062,0.125,2020-03-09 00-19-19
1.25,1.79,1.01,0.68,52.27321645000001,3,0.125,2020-03-09 00-20-18
1.33,1.59,1.25,0.64,52.146685682000005,3.062,0.125,2020-03-09 00-21-19
1.43,1.59,0.79,0.87,52.17832316050001,3.062,0.187,2020-03-09 00-23-19
1.63,1.17,1.21,0.82,52.58932000000001,3.062,0.125,2020-03-09 00-24-19
1.63,1.25,1.21,0.84,51.98845042450001,3.062,0.125,2020-03-09 00-25-18
1.51,1.05,1.05,0.8,52.146685682000005,3.062,0.187,2020-03-09 00-26-19
1.51,1.59,1.25,0.67,52.209957448000004,3,0.187,2020-03-09 00-27-19
1.67,1.55,1.21,1.03,52.652502418000005,3,0.187,2020-03-09 00-28-19
2.05,1.79,1.13,0.66,53.409695842000005,3,0.125,2020-03-09 00-29-19
1.83,1.55,0.97,0.36,51.64005205000001,3.062,0.187,2020-03-09 00-30-19
1.85,1.43,1.01,0.94,52.083401152,3,0.187,2020-03-09 00-31-19
1.51,1.63,0.97,0.74,52.46291687200001,3,0.187,2020-03-09 00-32-19
1.25,1.71,1.09,0.63,52.083401152,3,0.187,2020-03-09 00-33-19
1.85,1.55,1.05,0.64,52.74725211250001,3.062,0.187,2020-03-09 00-34-18
1.09,1.97,0.97,0.81,52.58932000000001,3.062,0.187,2020-03-09 00-35-19
1.79,1.83,1.21,0.84,52.241588544500004,3.062,0.187,2020-03-09 00-36-19
1.17,1.71,0.79,0.5,53.315147180500006,3.062,0.125,2020-03-09 00-37-19
0.97,1.41,1.05,0.44,51.735108080500005,3.062,0.125,2020-03-09 00-38-19
1.89,1.59,1.21,0.5,52.841973088,3.062,0.125,2020-03-09 00-39-19
1.59,1.21,1.09,0.76,52.399696162000005,3.062,0.125,2020-03-09 00-40-19
2.05,1.47,1.13,0.92,52.241588544500004,3.062,0.125,2020-03-09 00-41-19
1.63,1.89,0.91,0.72,52.020103858000006,3.062,0.125,2020-03-09 00-42-19
1.97,1.25,1.25,0.7,53.252098784500006,3.062,0.125,2020-03-09 00-43-19
2.13,1.85,1.21,0.66,51.35471164450001,3.062,0.187,2020-03-09 00-44-19
1.43,1.71,1.05,0.78,52.399696162000005,3.062,0.187,2020-03-09 00-45-19
1.33,1.67,0.95,0.74,52.33646268800001,3.062,0.187,2020-03-09 00-46-18
1.09,1.47,0.97,0.65,53.15750225800001,3.062,0.125,2020-03-09 00-47-19
1.37,1.55,0.97,0.76,53.787603298,3.062,0.125,2020-03-09 00-48-19
1.93,1.05,0.97,0.54,53.15750225800001,3,0.125,2020-03-09 00-49-19
1.75,1.75,1.09,0.58,52.083401152,3.062,0.125,2020-03-09 00-50-19
1.47,1.41,1.01,0.46,54.03928632200001,3.062,0.062,2020-03-09 00-51-19
1.47,1.67,1.05,0.75,52.841973088,3.062,0.062,2020-03-09 00-52-18
1.85,1.63,1.13,0.68,52.209957448000004,3.062,0.062,2020-03-09 00-54-19
1.97,1.55,1.21,0.7,52.68408884050001,3.125,0.062,2020-03-09 00-55-19
1.59,1.51,1.17,0.64,52.431308112500005,3.125,0.062,2020-03-09 00-56-19
1.25,1.67,1.13,0.88,50.05155680000001,3.125,0.062,2020-03-09 00-57-19
1.55,1.51,1.25,0.82,53.12596370050001,3.187,0.062,2020-03-09 00-58-19
1.67,1.85,1.37,0.84,53.47271232800001,3.187,0.062,2020-03-09 00-59-18
1.75,1.75,0.63,0.62,53.504215784500005,3.25,0.125,2020-03-09 01-00-18
1.63,1.47,1.13,0.8,52.115045012500005,3.25,0.125,2020-03-09 01-01-19
1.59,1.67,0.87,0.76,52.90510445,3.312,0.125,2020-03-09 01-02-19
1.33,1.75,1.17,0.74,52.52612481800001,3.25,0.187,2020-03-09 01-03-19
1.85,1.41,0.59,0.73,52.36808102050001,3.25,0.125,2020-03-09 01-04-18
1.55,1.41,0.67,0.66,52.399696162000005,3.312,0.125,2020-03-09 01-05-19
1.37,1.63,1.05,0.61,52.87354036450001,3.312,0.125,2020-03-09 01-06-19
1.63,1.37,0.63,0.77,53.661685202,3.312,0.062,2020-03-09 01-07-19
1.33,1.43,0.95,0.68,50.656124744500005,3.312,0.062,2020-03-09 01-08-19
1.59,1.55,0.87,0.7,52.33646268800001,3.375,0.125,2020-03-09 01-09-19
1.55,1.43,0.91,0.69,52.33646268800001,3.375,0.125,2020-03-09 01-11-19
1.33,1.33,0.71,0.72,52.52612481800001,3.375,0.125,2020-03-09 01-12-18
1.17,1.59,0.87,0.74,52.841973088,3.375,0.125,2020-03-09 01-13-19
1.71,1.59,0.87,0.84,52.652502418000005,3.437,0.125,2020-03-09 01-14-19
1.55,1.17,0.91,0.7,52.209957448000004,3.375,0.187,2020-03-09 01-15-19
1.29,1.79,0.79,0.76,52.17832316050001,3.375,0.187,2020-03-09 01-16-18
1.47,1.63,0.87,0.72,52.020103858000006,3.375,0.187,2020-03-09 01-17-19
1.51,2.09,0.51,0.84,52.083401152,3.437,0.187,2020-03-09 01-18-19
1.79,1.79,0.47,0.72,52.33646268800001,3.437,0.187,2020-03-09 01-19-19
0.97,1.37,0.87,0.75,51.92513398450001,3.437,0.187,2020-03-09 01-20-19
1.71,1.97,0.79,0.72,52.020103858000006,3.437,0.187,2020-03-09 01-21-19
1.21,1.85,0.75,0.74,52.399696162000005,3.437,0.187,2020-03-09 01-22-19
0.91,2.13,0.55,0.76,52.083401152,3.437,0.187,2020-03-09 01-23-18
1.25,1.37,0.55,0.74,51.98845042450001,3.437,0.187,2020-03-09 01-24-19
1.41,1.63,0.47,0.61,52.68408884050001,3.437,0.187,2020-03-09 01-25-19
1.41,1.21,0.67,0.98,52.27321645000001,3.437,0.187,2020-03-09 01-26-19
1.59,2.01,1.05,0.98,52.52612481800001,3.437,0.187,2020-03-09 01-27-19
1.41,1.41,0.75,0.75,51.893470978,3.437,0.187,2020-03-09 01-28-25
1.37,1.97,0.79,0.86,51.95679380000001,3.437,0.25,2020-03-09 01-29-18
1.67,1.21,0.47,0.78,52.146685682000005,3.437,0.25,2020-03-09 01-30-19
1.33,1.51,0.67,0.78,51.069112768000004,3.437,0.187,2020-03-09 01-31-19
1.37,1.71,1.09,0.78,51.766787042000004,3.437,0.187,2020-03-09 01-32-19
1.21,1.59,1.05,0.78,51.6717405845,3.375,0.187,2020-03-09 01-33-19
1.41,1.93,0.97,0.74,51.735108080500005,3.437,0.187,2020-03-09 01-34-19
1.33,1.43,0.87,0.94,52.81040262050001,3.437,0.187,2020-03-09 01-35-19
1.67,1.41,0.71,0.84,52.27321645000001,3.437,0.25,2020-03-09 01-37-19
1.37,1.71,0.75,0.8,50.8468016125,3.437,0.25,2020-03-09 01-38-19
1.93,1.55,0.87,0.88,51.44985383200001,3.437,0.25,2020-03-09 01-39-19
1.75,1.47,1.01,0.92,51.386428898000005,3.5,0.25,2020-03-09 01-40-19
1.51,2.17,0.55,0.84,51.48156151250001,3.5,0.25,2020-03-09 01-41-19
1.63,1.97,0.91,0.78,52.52612481800001,3.5,0.25,2020-03-09 01-42-18
1.55,2.01,0.97,0.91,51.893470978,3.5,0.25,2020-03-09 01-43-19
1.33,1.51,0.87,0.88,50.624334098000006,3.562,0.25,2020-03-09 01-44-19
1.55,1.47,0.67,1.22,51.70342592800001,3.5,0.25,2020-03-09 01-45-19
1.37,1.21,0.79,1,50.497139602000004,3.562,0.25,2020-03-09 01-46-19
1.47,2.25,0.79,0.84,51.44985383200001,3.562,0.25,2020-03-09 01-47-19
1.55,1.41,0.79,0.91,50.783255420500005,3.562,0.25,2020-03-09 01-48-18
1.47,1.41,0.67,0.81,51.48156151250001,3.562,0.25,2020-03-09 01-49-18
1.85,1.85,1.17,0.88,51.322991200000004,3.625,0.25,2020-03-09 01-50-19
1.55,1.67,0.95,0.85,51.766787042000004,3.625,0.25,2020-03-09 01-51-19
1.41,1.93,0.67,0.38,51.322991200000004,3.687,0.25,2020-03-09 01-52-19
1.67,1.51,0.71,0.87,51.196077512,3.687,0.25,2020-03-09 01-53-19
1.17,1.63,1.29,0.7,50.17892999200001,3.687,0.312,2020-03-09 01-54-19
1.83,1.43,1.25,0.8,51.164341112500004,3.687,0.312,2020-03-09 01-55-19
1.43,1.55,1.13,0.86,51.069112768000004,3.687,0.312,2020-03-09 01-56-19
1.21,1.63,0.71,0.9,51.10085874050001,3.687,0.312,2020-03-09 01-57-19
1.47,1.13,1.05,0.86,51.069112768000004,3.75,0.312,2020-03-09 01-58-19
1.29,1.47,0.91,0.8,51.069112768000004,3.687,0.312,2020-03-09 01-59-19
1.67,1.59,0.97,0.9,51.132601522,3.687,0.312,2020-03-09 02-00-19
1.59,1.97,0.87,0.88,51.132601522,3.75,0.312,2020-03-09 02-01-19
1.79,1.79,0.83,0.84,51.069112768000004,3.75,0.312,2020-03-09 02-02-19
1.71,1.71,0.97,0.89,51.322991200000004,3.75,0.312,2020-03-09 02-03-19
1.71,1.43,0.67,0.92,51.386428898000005,3.75,0.312,2020-03-09 02-04-19
1.47,1.89,0.71,0.88,51.259540738000005,3.75,0.312,2020-03-09 02-05-19
1.79,1.93,0.83,0.84,51.10085874050001,3.75,0.312,2020-03-09 02-06-19
1.75,1.67,1.01,0.82,50.973855704500004,3.75,0.312,2020-03-09 02-07-18
1.85,1.67,0.95,0.9,51.132601522,3.75,0.312,2020-03-09 02-08-18
1.47,1.85,0.59,0.82,51.10085874050001,3.687,0.312,2020-03-09 02-09-19
1.75,1.25,0.63,0.82,51.069112768000004,3.687,0.312,2020-03-09 02-10-19
1.25,1.59,0.79,0.84,51.259540738000005,3.687,0.312,2020-03-09 02-11-19
1.75,1.47,0.71,0.89,50.94209696800001,3.625,0.312,2020-03-09 02-12-19
1.21,2.01,0.67,0.84,51.10085874050001,3.625,0.312,2020-03-09 02-13-19
1.25,1.79,0.67,0.88,50.973855704500004,3.625,0.312,2020-03-09 02-14-18
1.33,1.13,0.97,0.9,50.81503011200001,3.625,0.375,2020-03-09 02-15-19
1.21,2.09,0.67,0.86,51.57666540800001,3.625,0.375,2020-03-09 02-16-19
1.05,1.97,0.71,0.89,51.00561125000001,3.687,0.312,2020-03-09 02-17-19
1.43,1.79,0.83,0.82,51.00561125000001,3.625,0.312,2020-03-09 02-18-19
1.51,1.51,0.75,0.84,50.973855704500004,3.625,0.312,2020-03-09 02-19-19
1.43,1.09,0.95,0.8,50.973855704500004,3.625,0.312,2020-03-09 02-20-19
1.47,1.85,0.51,0.84,50.973855704500004,3.625,0.312,2020-03-09 02-21-19
1.37,1.37,1.09,0.89,50.94209696800001,3.625,0.312,2020-03-09 02-22-19
1.55,1.63,0.97,0.88,50.9103350405,3.687,0.312,2020-03-09 02-23-19
1.25,2.01,0.91,0.86,50.94209696800001,3.625,0.312,2020-03-09 02-24-19
1.59,1.85,0.95,0.94,51.51326600200001,3.625,0.312,2020-03-09 02-25-19
1.55,1.79,1.01,0.84,50.783255420500005,3.625,0.312,2020-03-09 02-26-19
1.25,1.51,0.87,0.88,50.878569922000004,3.625,0.312,2020-03-09 02-28-19
1.59,1.51,0.75,0.76,50.17892999200001,3.687,0.312,2020-03-09 02-29-19
1.55,1.93,0.95,0.87,50.81503011200001,3.687,0.312,2020-03-09 02-30-19
1.01,1.37,1.05,0.91,50.75147753800001,3.687,0.312,2020-03-09 02-31-19
1.59,1.41,1.01,0.87,50.81503011200001,3.687,0.312,2020-03-09 02-32-19
1.29,1.75,0.63,0.9,50.878569922000004,3.75,0.375,2020-03-09 02-33-18
1.43,1.41,0.67,0.95,50.05155680000001,3.75,0.375,2020-03-09 02-35-19
1.55,0.75,0.75,0.88,50.68791220000001,3.75,0.312,2020-03-09 02-36-19
1.79,1.85,0.71,0.9,49.35009161800001,3.75,0.312,2020-03-09 02-37-19
1.33,1.83,0.75,0.96,51.00561125000001,3.75,0.25,2020-03-09 02-38-19
1.17,1.55,0.67,0.86,51.322991200000004,3.75,0.25,2020-03-09 02-39-19
1.13,1.89,0.55,0.94,50.783255420500005,3.75,0.25,2020-03-09 02-40-19
1.29,1.09,0.95,0.92,50.94209696800001,3.75,0.312,2020-03-09 02-41-19
1.17,1.85,0.83,0.86,50.94209696800001,3.75,0.312,2020-03-09 02-42-19
1.89,1.43,0.71,0.86,50.8468016125,3.75,0.312,2020-03-09 02-43-19
1.47,1.55,0.83,0.9,50.81503011200001,3.75,0.312,2020-03-09 02-44-19
1.25,1.75,0.47,0.87,50.75147753800001,3.75,0.25,2020-03-09 02-45-19
1.21,1.67,0.83,0.4,51.44985383200001,3.75,0.25,2020-03-09 02-46-18
1.63,1.41,0.63,0.9,50.81503011200001,3.75,0.25,2020-03-09 02-47-19
1.21,1.43,0.43,0.88,52.841973088,3.75,0.25,2020-03-09 02-48-19
1.67,1.33,0.55,0.84,51.132601522,3.687,0.25,2020-03-09 02-49-19
1.43,1.43,0.59,0.79,51.10085874050001,3.687,0.25,2020-03-09 02-50-19
1.21,1.79,0.55,0.87,51.70342592800001,3.687,0.25,2020-03-09 02-51-19
1.33,1.83,0.67,0.8,51.259540738000005,3.687,0.187,2020-03-09 02-52-18
1.09,1.21,0.79,0.72,51.766787042000004,3.625,0.25,2020-03-09 02-53-19
1.21,1.79,0.43,0.75,51.48156151250001,3.625,0.25,2020-03-09 02-54-19
1.09,1.41,0.47,0.74,51.86180478050001,3.562,0.25,2020-03-09 02-55-19
1.21,1.29,0.67,0.77,51.64005205000001,3.562,0.25,2020-03-09 02-56-19
1.17,1.33,0.67,0.74,51.766787042000004,3.562,0.25,2020-03-09 02-57-19
1.17,1.33,0.75,0.7,52.209957448000004,3.562,0.187,2020-03-09 02-58-19
0.87,1.75,0.67,0.8,51.798462812500006,3.562,0.25,2020-03-09 02-59-18
0.95,1.75,0.47,0.78,51.57666540800001,3.625,0.25,2020-03-09 03-00-18
0.71,1.79,0.51,0.8,51.64005205000001,3.625,0.25,2020-03-09 03-02-19
1.05,1.17,0.91,0.76,51.95679380000001,3.625,0.187,2020-03-09 03-03-19
1.01,1.29,0.67,0.82,52.209957448000004,3.625,0.25,2020-03-09 03-04-19
1.17,1.55,0.71,0.82,51.92513398450001,3.625,0.25,2020-03-09 03-05-19
1.43,1.59,0.51,0.8,52.020103858000006,3.625,0.25,2020-03-09 03-06-19
1.29,1.37,0.67,0.76,51.98845042450001,3.625,0.25,2020-03-09 03-07-19
1.09,1.51,0.75,0.72,52.083401152,3.625,0.187,2020-03-09 03-08-19
1.33,1.33,0.59,0.8,51.86180478050001,3.625,0.187,2020-03-09 03-09-19
1.63,1.67,0.67,0.78,51.10085874050001,3.625,0.187,2020-03-09 03-10-19
1.63,1.63,0.21,0.78,51.735108080500005,3.687,0.187,2020-03-09 03-11-19
1.33,1.83,0.79,0.83,52.778828962000006,3.687,0.25,2020-03-09 03-12-19
1.51,1.13,0.87,0.81,51.798462812500006,3.687,0.25,2020-03-09 03-13-19
1.47,1.43,0.55,0.86,51.6717405845,3.687,0.187,2020-03-09 03-14-19
1.51,1.47,0.59,0.82,51.44985383200001,3.687,0.25,2020-03-09 03-15-19
1.01,1.51,0.71,0.8,51.544967300500005,3.687,0.187,2020-03-09 03-16-25
1.63,1.55,0.47,0.78,51.291267564500004,3.687,0.187,2020-03-09 03-17-19
1.43,1.59,0.83,0.77,51.48156151250001,3.687,0.187,2020-03-09 03-18-25
1.43,0.95,0.75,0.76,51.544967300500005,3.625,0.187,2020-03-09 03-19-19
1.63,1.33,0.67,0.76,51.35471164450001,3.687,0.187,2020-03-09 03-20-19
1.51,1.63,0.71,0.78,51.57666540800001,3.687,0.187,2020-03-09 03-21-19
1.21,1.55,0.63,0.78,51.544967300500005,3.687,0.187,2020-03-09 03-22-18
1.51,1.71,0.51,0.77,51.95679380000001,3.687,0.187,2020-03-09 03-23-18
1.09,1.17,0.47,0.8,51.893470978,3.687,0.187,2020-03-09 03-24-19
1.37,1.59,0.87,0.76,51.64005205000001,3.687,0.187,2020-03-09 03-25-19
1.59,1.37,0.91,0.79,51.51326600200001,3.687,0.187,2020-03-09 03-26-19
1.29,1.37,0.63,0.74,51.64005205000001,3.687,0.187,2020-03-09 03-27-19
0.91,1.67,0.75,0.72,51.735108080500005,3.625,0.187,2020-03-09 03-28-19
1.59,0.87,0.71,0.78,51.95679380000001,3.687,0.187,2020-03-09 03-29-18
1.17,1.67,0.91,0.76,51.70342592800001,3.625,0.187,2020-03-09 03-30-19
1.17,1.51,0.37,0.75,51.798462812500006,3.625,0.187,2020-03-09 03-31-19
1.13,1.47,0.43,0.8,51.92513398450001,3.625,0.187,2020-03-09 03-32-19
1.59,1.63,0.47,0.74,51.70342592800001,3.625,0.187,2020-03-09 03-33-19
1.47,1.41,0.67,0.76,52.115045012500005,3.625,0.187,2020-03-09 03-34-19
1.33,1.63,0.51,0.76,51.98845042450001,3.625,0.187,2020-03-09 03-35-19
1.79,1.59,0.51,0.74,52.146685682000005,3.625,0.187,2020-03-09 03-36-18
1.55,1.71,0.75,0.76,52.27321645000001,3.625,0.187,2020-03-09 03-37-19
0.97,1.75,0.67,0.76,52.399696162000005,3.625,0.187,2020-03-09 03-38-19
1.59,1.21,0.47,0.84,51.766787042000004,3.625,0.187,2020-03-09 03-39-19
1.63,1.79,0.51,0.83,51.48156151250001,3.625,0.187,2020-03-09 03-40-19
1.33,1.25,0.63,0.62,52.304841164500004,3.625,0.187,2020-03-09 03-41-19
1.21,1.67,0.47,0.78,52.241588544500004,3.625,0.187,2020-03-09 03-42-18
1.41,1.37,0.67,0.8,52.27321645000001,3.625,0.187,2020-03-09 03-43-19
1.01,1.55,0.37,0.82,52.431308112500005,3.625,0.187,2020-03-09 03-44-19
1.41,1.25,0.55,0.86,52.68408884050001,3.687,0.187,2020-03-09 03-45-19
1.37,1.13,0.33,0.82,52.715672072000004,3.625,0.187,2020-03-09 03-46-19
1.13,1.51,0.33,0.75,52.68408884050001,3.625,0.187,2020-03-09 03-47-19
1.17,1.55,0.59,0.72,52.652502418000005,3.625,0.187,2020-03-09 03-48-18
1.37,1.47,0.87,0.82,53.346666592000005,3.625,0.187,2020-03-09 03-49-18
0.97,1.43,0.43,0.73,53.031328882000004,3.625,0.125,2020-03-09 03-50-19
0.91,1.41,0.59,0.74,53.1890376245,3.625,0.125,2020-03-09 03-51-19
1.67,1.71,0.47,0.68,54.10217516800001,3.625,0.125,2020-03-09 03-52-19
1.43,1.33,0.67,0.74,53.441205680500005,3.625,0.125,2020-03-09 03-53-19
1.47,1.37,0.67,0.81,53.787603298,3.625,0.125,2020-03-09 03-54-19
0.97,1.41,0.83,0.67,53.75612856050001,3.625,0.125,2020-03-09 03-56-19
1.29,1.47,0.37,0.7,53.630197700500005,3.625,0.125,2020-03-09 03-57-19
1.09,1.47,0.79,0.67,53.850543200000004,3.625,0.125,2020-03-09 03-58-19
1.43,1.55,0.95,0.69,53.693169512500006,3.625,0.125,2020-03-09 03-59-19
0.47,1.59,0.37,0.7,53.72465063200001,3.625,0.125,2020-03-09 04-00-19
1.55,1.67,0.95,0.73,53.47271232800001,3.625,0.125,2020-03-09 04-01-19
0.91,1.21,0.59,0.79,53.598707008000005,3.625,0.062,2020-03-09 04-02-19
1.05,1.33,0.33,0.64,53.47271232800001,3.625,0.125,2020-03-09 04-03-19
1.37,1.29,0.55,0.66,53.97638471200001,3.625,0.062,2020-03-09 04-04-19
1.51,1.25,0.63,0.66,53.693169512500006,3.625,0.062,2020-03-09 04-05-19
1.01,0.91,0.75,0.66,53.75612856050001,3.625,0.062,2020-03-09 04-06-18
1.13,1.33,0.67,0.7,54.007837112500006,3.625,0.062,2020-03-09 04-07-19
1.05,1.17,0.29,0.86,52.778828962000006,3.625,0.062,2020-03-09 04-08-19
1.05,1.79,0.51,0.68,53.787603298,3.625,0.062,2020-03-09 04-09-19
0.75,0.95,0.75,0.64,53.787603298,3.625,0.062,2020-03-09 04-10-19
1.09,1.71,0.71,0.58,53.1890376245,3.562,0.062,2020-03-09 04-11-19
1.05,1.43,0.41,0.56,53.47271232800001,3.562,0.062,2020-03-09 04-12-18
1.63,1.55,0.29,0.68,54.165051250000005,3.562,0.062,2020-03-09 04-14-19
1.13,1.29,0.43,0.62,53.72465063200001,3.562,0.062,2020-03-09 04-15-19
1.25,1.51,0.59,0.74,53.661685202,3.562,0.062,2020-03-09 04-16-19
0.83,1.47,0.63,0.7,54.981278792000005,3.562,0.062,2020-03-09 04-17-19
1.25,1.41,0.59,0.66,54.2593414405,3.562,0.062,2020-03-09 04-18-18
1.21,1.47,0.25,0.45,53.75612856050001,3.562,0.062,2020-03-09 04-19-18
1.71,1.33,0.37,0.72,54.38501702050001,3.562,0.062,2020-03-09 04-20-19
0.87,2.01,0.55,0.66,54.47924020000001,3.562,0.062,2020-03-09 04-21-19
1.05,1.13,0.43,0.66,54.73036160800001,3.5,0.062,2020-03-09 04-22-19
1.01,1.51,0.67,0.66,56.5136903125,3.5,0.062,2020-03-09 04-23-19
0.95,0.91,0.71,0.68,54.8872087805,3.562,0.062,2020-03-09 04-24-19
1.01,1.51,0.55,0.64,55.231991752000006,3.5,0.062,2020-03-09 04-25-20
1.59,1.59,0.87,0.68,55.482500488,3.5,0.062,2020-03-09 04-26-19
1.43,1.21,0.87,0.66,55.482500488,3.5,0.062,2020-03-09 04-27-19
1.17,0.79,0.29,0.64,55.32595646050001,3.5,0.062,2020-03-09 04-28-18
1.47,1.29,0.63,0.54,56.01415346450001,3.562,0.062,2020-03-09 04-30-19
1.29,1.25,0.41,0.62,55.5137997205,3.562,0.062,2020-03-09 04-31-19
1.41,1.29,0.51,0.62,56.107878848000006,3.562,0.062,2020-03-09 04-32-19
1.13,1.25,0.05,0.58,56.04539845000001,3.562,0.062,2020-03-09 04-33-19
1.29,0.63,0.75,0.69,56.60726252800001,3.562,0,2020-03-09 04-34-25
1.55,1.21,0.47,0.59,55.732805000000006,3.5,0,2020-03-09 04-35-18
1.09,1.89,0.59,0.36,54.981278792000005,3.562,0.062,2020-03-09 04-36-19
1.51,1.17,0.43,0.62,56.04539845000001,3.562,0.062,2020-03-09 04-37-19
1.55,1.59,0.71,0.56,56.04539845000001,3.562,0.062,2020-03-09 04-38-19
1.47,0.95,0.37,0.68,56.326459724500005,3.562,0.062,2020-03-09 04-39-19
1.21,1.05,0.47,0.64,57.04355313800001,3.562,0,2020-03-09 04-40-19
1.63,1.37,0.43,0.62,56.981264200000005,3.5,0.062,2020-03-09 04-41-18
1.51,1.25,0.67,0.69,56.700806024500004,3.5,0.062,2020-03-09 04-42-19
1.09,1.51,0.41,0.62,55.732805000000006,3.5,0.062,2020-03-09 04-43-19
1.37,1.43,0.67,0.66,57.60357920000001,3.5,0,2020-03-09 04-44-19
1.41,1.17,0.75,0.7,57.29258125000001,3.437,0.062,2020-03-09 04-45-19
1.17,1.25,0.41,0.63,57.479218312,3.375,0,2020-03-09 04-46-18
1.63,1.43,0.63,0.6,57.29258125000001,3.375,0.062,2020-03-09 04-47-25
1.47,1.47,0.37,0.64,57.60357920000001,3.375,0.062,2020-03-09 04-48-19
1.05,1.37,0.29,0.68,57.665740498000005,3.312,0,2020-03-09 04-49-19
0.97,1.41,0.29,0.66,57.727889032000014,3.312,0,2020-03-09 04-50-19
1.25,1.63,0.59,0.79,57.54140513800001,3.312,0,2020-03-09 04-51-19
1.05,1.13,0.55,0.63,58.06947781250001,3.312,0.062,2020-03-09 04-52-19
1.85,1.33,0.71,0.62,58.131543380500005,3.312,0.062,2020-03-09 04-53-19
0.91,1.01,0.55,0.63,58.286651458,3.25,0.062,2020-03-09 04-54-19
1.41,1.75,0.37,0.82,58.286651458,3.25,0,2020-03-09 04-55-19
1.09,1.17,0.43,0.56,56.54488424200001,3.187,0,2020-03-09 04-56-19
1.01,0.87,0.43,0.5,59.277454082000006,3.187,0,2020-03-09 04-57-19
1.33,1.29,0.37,0.58,58.131543380500005,3.187,0,2020-03-09 04-58-19
1.41,1.37,0.83,0.58,58.47267584800001,3.125,0,2020-03-09 04-59-19
1.21,1.41,0.55,0.51,58.78246121800001,3.125,-0.062,2020-03-09 05-00-19
1.13,1.13,0.43,0.72,58.53465845000001,3.125,-0.062,2020-03-09 05-01-19
1.47,1.63,0.33,0.67,58.34867235200001,3.125,-0.062,2020-03-09 05-02-18
0.91,1.05,0.41,0.48,58.720529672000005,3.125,-0.062,2020-03-09 05-03-19
0.97,1.13,0.41,0.36,59.80248892450001,3.125,-0.125,2020-03-09 05-04-19
1.55,1.41,0.13,0.32,59.401074658000006,3.125,-0.125,2020-03-09 05-05-19
1.05,1.33,0.43,0.54,59.92589251250001,3.062,-0.125,2020-03-09 05-06-19
1.09,1.05,0.41,0.48,59.15378245000001,3.062,-0.062,2020-03-09 05-07-19
1.13,1.63,0.33,0.58,59.401074658000006,3,-0.125,2020-03-09 05-08-18
1.41,1.17,0.43,0.48,60.418996304500006,2.937,-0.125,2020-03-09 05-09-18
0.63,1.21,0.21,0.54,60.3574030045,2.937,-0.125,2020-03-09 05-10-19
1.47,1.37,0.25,0.54,60.480576840500014,2.937,0,2020-03-09 05-11-19
0.97,1.75,0.37,0.58,60.572923712000005,2.875,0,2020-03-09 05-12-19
1.47,1.79,0.79,0.12,60.6960082,2.812,0,2020-03-09 05-13-19
1.43,1.13,0.91,0.56,60.94202400800001,2.812,0,2020-03-09 05-14-19
1.05,1.25,0.51,0.55,61.341364124500004,2.812,0.062,2020-03-09 05-15-18
0.67,0.97,0.33,0.62,61.494812882,2.812,0,2020-03-09 05-16-19
1.13,0.83,0.37,0.52,61.64818186450001,2.75,0.062,2020-03-09 05-17-19
1.41,1.47,0.59,0.6,60.63447233800001,2.812,0,2020-03-09 05-18-19
1.37,1.25,0.09,0.56,60.72677134450001,2.812,0.062,2020-03-09 05-19-19
1.33,1.13,0.29,0.55,60.63447233800001,2.875,0.062,2020-03-09 05-20-19
0.75,1.51,0.47,0.64,60.172546520500006,2.812,0,2020-03-09 05-21-18
1.21,0.83,0.79,0.67,60.7882880605,2.875,0,2020-03-09 05-22-19
1.09,1.13,0.51,0.57,62.5055739245,2.937,0,2020-03-09 05-23-19
1.21,1.29,0.47,0.89,59.77163005,2.937,0,2020-03-09 05-24-19
1.13,0.97,0.55,0.54,60.172546520500006,2.937,0,2020-03-09 05-25-19
0.91,0.83,0.33,0.58,60.84979201250001,3,0,2020-03-09 05-26-19
1.21,1.09,0.41,0.6,60.94202400800001,3,0,2020-03-09 05-27-19
1.17,0.97,0.79,0.36,61.4641295125,3.062,0,2020-03-09 05-28-19
1.29,1.33,0.33,0.7,60.38820125000001,3.062,0,2020-03-09 05-29-19
1.29,1.37,0.51,0.76,60.665241864500004,3.125,0,2020-03-09 05-30-19
1.13,1.13,0.55,0.61,60.757531298,3.125,0,2020-03-09 05-31-19
1.25,1.29,0.51,0.62,62.01594194050001,3.187,0,2020-03-09 05-32-18
1.01,1.01,0.47,0.46,60.88053920200001,3.187,0,2020-03-09 05-33-19
1.05,1.41,0.67,0.58,61.21854768050001,3.25,0,2020-03-09 05-34-19
1.13,1.55,0.47,0.62,60.572923712000005,3.25,0,2020-03-09 05-35-19
1.17,0.97,0.51,0.61,60.326601568,3.25,0,2020-03-09 05-36-18
1.41,1.97,0.91,0.66,60.63447233800001,3.25,0,2020-03-09 05-37-19
1.41,1.25,0.47,0.7,60.141725938000015,3.312,0.062,2020-03-09 05-38-19
1.17,1.43,0.63,0.85,59.7407679845,3.375,0.062,2020-03-09 05-39-18
1.25,1.01,0.41,0.7,59.9875751605,3.312,0.062,2020-03-09 05-40-19
1.21,1.13,0.59,0.64,60.757531298,3.25,0.062,2020-03-09 05-41-19
1.29,1.29,0.25,0.48,60.72677134450001,3.187,0.062,2020-03-09 05-42-19
1.25,1.47,0.37,0.7,61.0342272845,3.187,0.062,2020-03-09 05-43-19
1.05,1.63,0.43,0.63,61.98531281800001,3.125,0.062,2020-03-09 05-44-19
0.55,1.09,0.37,0.62,62.07719061250001,3.062,0.062,2020-03-09 05-45-19
0.71,1.63,0.47,0.65,62.260860044500006,3.062,0.062,2020-03-09 05-46-19
1.09,1.67,0.55,0.47,62.35265168200001,3.062,0.062,2020-03-09 05-47-19
0.95,1.59,0.47,0.64,61.86276441800001,3.062,0.062,2020-03-09 05-48-19
1.09,1.43,0.59,0.66,61.556170048000006,3.125,0.062,2020-03-09 05-49-19
1.29,1.13,0.13,0.6,61.43344295200001,3.125,0.062,2020-03-09 05-50-19
0.95,0.83,0.37,0.65,61.12640184200001,3.125,0.062,2020-03-09 05-51-18
1.05,1.17,0.41,0.69,61.09568018050001,3.187,0.062,2020-03-09 05-52-19
1.33,1.13,0.59,0.63,61.0342272845,3.187,0.062,2020-03-09 05-53-19
1.21,1.05,0.43,0.64,61.18783559200001,3.187,0.062,2020-03-09 05-54-19
1.33,1.21,0.51,0.59,60.94202400800001,3.187,0.062,2020-03-09 05-55-19
1.41,0.87,0.51,0.62,60.7882880605,3.187,0.062,2020-03-09 05-56-19
1.05,1.47,0.51,0.62,61.0342272845,3.187,0.062,2020-03-09 05-57-19
1.33,1.41,0.37,0.6,60.97276162450001,3.25,0.062,2020-03-09 05-58-18
1.33,0.83,0.05,0.62,60.9112832005,3.187,0,2020-03-09 05-59-19
1.47,1.13,0.41,0.58,60.97276162450001,3.187,0.062,2020-03-09 06-01-19
0.91,1.09,0.47,0.82,61.0342272845,3.187,0.062,2020-03-09 06-02-19
1.21,0.87,0.33,0.63,61.279962284500016,3.187,0.062,2020-03-09 06-03-19
1.05,1.47,0.51,0.63,61.09568018050001,3.25,0.062,2020-03-09 06-04-19
1.43,1.01,0.79,0.66,61.1571203125,3.25,0.062,2020-03-09 06-05-19
1.05,1.05,0.37,0.62,61.556170048000006,3.25,0.062,2020-03-09 06-06-19
0.91,0.91,0.41,0.79,61.31066480000001,3.25,0.062,2020-03-09 06-07-19
1.17,1.25,0.33,0.39,62.719531042,3.25,0.062,2020-03-09 06-08-19
1.13,0.97,0.51,1.11,61.86276441800001,3.25,0.062,2020-03-09 06-09-19
1.13,1.37,0.41,0.72,61.801471072000005,3.25,0.062,2020-03-09 06-10-18
1.33,1.01,0.33,0.74,63.055433460500005,3.25,0.062,2020-03-09 06-11-18
1.13,1.37,0.29,0.82,63.11646514450001,3.25,0.125,2020-03-09 06-12-19
1.43,1.51,0.33,0.87,62.963862002,3.25,0.125,2020-03-09 06-13-19
1.37,1.59,0.33,0.9,64.51667101250001,3.25,0.125,2020-03-09 06-14-19
1.13,1.21,0.47,0.53,63.7260799645,3.25,0.062,2020-03-09 06-15-19
1.17,0.95,0.33,0.58,63.7565272,3.25,0.125,2020-03-09 06-16-19
1.29,1.13,0.43,0.24,63.7260799645,3.25,0.125,2020-03-09 06-17-18
1.01,1.09,0.63,0.83,63.57379592200001,3.312,0.062,2020-03-09 06-18-19
1.09,1.21,0.59,0.64,63.299483612500005,3.312,0.125,2020-03-09 06-19-19
1.33,1.37,0.51,0.7,63.695629538000006,3.312,0.125,2020-03-09 06-20-19
1.09,1.41,0.51,0.44,64.243248992,3.375,0.125,2020-03-09 06-21-20
0.83,1.59,0.41,0.54,63.6042591125,3.312,0.125,2020-03-09 06-22-18
1.67,1.41,0.47,0.54,63.78697124450001,3.375,0.125,2020-03-09 06-23-19
0.83,1.41,0.41,0.08,63.48238720450001,3.375,0.125,2020-03-09 06-24-19
1.29,0.67,0.25,0.48,64.36480180000001,3.375,0.125,2020-03-09 06-25-25
0.91,1.17,0.55,0.76,65.18394782050001,3.375,0.125,2020-03-09 06-26-25
1.55,1.59,0.55,0.6,63.93914360200001,3.375,0.125,2020-03-09 06-27-19
1.29,1.51,0.37,0.4,64.3951820245,3.375,0.125,2020-03-09 06-28-19
1.55,0.95,0.67,0.96,62.963862002,3.375,0.187,2020-03-09 06-29-18
1.09,1.33,0.43,0.62,63.26898851200001,3.312,0.125,2020-03-09 06-30-18
1.59,1.29,0.59,0.66,63.32997552200001,3.312,0.125,2020-03-09 06-31-19
1.05,1.01,0.41,0.38,64.12164512800001,3.312,0.125,2020-03-09 06-32-19
1.29,1.25,0.63,0.91,63.055433460500005,3.312,0.125,2020-03-09 06-33-19
1.55,1.79,0.59,0.78,63.512859968,3.312,0.125,2020-03-09 06-34-19
1.33,1.75,0.21,0.58,63.6042591125,3.312,0.125,2020-03-09 06-35-18
1.21,1.05,0.41,0.53,63.512859968,3.312,0.125,2020-03-09 06-36-19
1.29,1.37,0.75,0.63,63.17748406450001,3.312,0.125,2020-03-09 06-37-19
1.33,1.21,0.33,0.72,62.811179084500004,3.312,0.125,2020-03-09 06-38-19
1.13,1.09,0.59,0.74,63.11646514450001,3.25,0.125,2020-03-09 06-39-19
1.25,1.29,0.55,0.52,63.48238720450001,3.25,0.125,2020-03-09 06-40-19
1.59,1.13,0.47,0.42,64.57739636050002,3.187,0.187,2020-03-09 06-41-18
1.25,1.33,0.55,0.8,64.06082405000001,3.187,0.187,2020-03-09 06-42-19
1.41,1.41,0.63,1.08,63.878284232,3.125,0.187,2020-03-09 06-43-19
1.25,1.47,0.47,1.02,63.999990208,3.125,0.187,2020-03-09 06-44-19
1.17,1.47,0.83,0.45,64.547035282,3.062,0.187,2020-03-09 06-45-19
1.33,1.29,0.55,0.74,65.093046472,3.062,0.187,2020-03-09 06-46-19
1.51,1.37,0.83,0.73,65.456479552,3.062,0.187,2020-03-09 06-47-18
1.29,1.37,0.75,0.8,65.6077743845,3.062,0.187,2020-03-09 06-48-18
1.71,1.41,0.43,1.18,64.45593290050002,3.062,0.187,2020-03-09 06-49-19
1.47,1.97,0.95,1.02,64.51667101250001,3.062,0.187,2020-03-09 06-50-19
1.89,1.21,0.55,0.78,65.15365056200001,3.062,0.187,2020-03-09 06-51-19
1.59,1.25,0.71,1.09,65.8496801845,3.062,0.187,2020-03-09 06-52-19
1.41,1.17,0.87,0.84,65.819453128,3.125,0.25,2020-03-09 06-53-19
1.59,1.25,0.91,0.64,66.8152611445,3.125,0.187,2020-03-09 06-54-18
1.41,1.37,1.01,0.9,66.905616832,3.125,0.187,2020-03-09 06-55-18
1.37,1.67,0.95,0.62,66.96583800200001,3.125,0.125,2020-03-09 06-56-19
1.75,1.17,0.83,0.77,68.04763641800001,3.125,0.187,2020-03-09 06-57-19
1.59,1.33,0.95,0.71,68.07762734050002,3.187,0.125,2020-03-09 06-58-19
1.47,1.05,0.55,0.24,67.5973896605,3.187,0.187,2020-03-09 06-59-19
1.21,2.01,0.87,1.09,66.96583800200001,3.25,0.187,2020-03-09 07-00-19
1.83,1.75,0.91,0.92,67.0561458245,3.312,0.187,2020-03-09 07-01-18
1.21,1.55,0.87,0.96,66.93572901250002,3.312,0.187,2020-03-09 07-02-19
1.79,1.43,0.97,1.1,66.905616832,3.375,0.187,2020-03-09 07-03-19
1.43,1.37,0.87,0.97,66.4535512045,3.375,0.25,2020-03-09 07-04-19
1.79,1.85,1.13,0.8,65.87990405000001,3.437,0.25,2020-03-09 07-05-19
1.93,1.75,0.83,1.13,65.69851299200002,3.375,0.25,2020-03-09 07-06-19
1.47,1.83,0.97,0.98,65.03242961800001,3.437,0.25,2020-03-09 07-07-18
1.83,1.59,0.83,1.03,65.06273964050001,3.437,0.25,2020-03-09 07-08-19
1.21,0.91,1.01,0.96,64.82017011250001,3.5,0.187,2020-03-09 07-09-19
1.33,1.59,0.71,1.02,64.7594958205,3.5,0.187,2020-03-09 07-10-19
1.17,1.83,1.09,0.92,64.57739636050002,3.5,0.187,2020-03-09 07-11-19
1.25,1.29,0.91,0.98,64.12164512800001,3.5,0.125,2020-03-09 07-12-19
1.41,1.13,0.79,0.94,63.634719112,3.562,0.125,2020-03-09 07-13-18
1.17,1.29,0.87,1.09,63.7565272,3.562,0.062,2020-03-09 07-15-19
1.83,0.91,0.91,1.26,62.658416392000014,3.562,0.062,2020-03-09 07-16-19
1.67,1.37,0.59,0.72,61.7095071205,3.5,0,2020-03-09 07-17-19
1.37,1.09,0.59,0.73,62.35265168200001,3.5,0.062,2020-03-09 07-18-19
1.41,0.95,0.91,0.8,64.18245344200001,3.437,0.062,2020-03-09 07-19-18
1.05,1.63,0.67,0.84,62.47499585800001,3.437,0,2020-03-09 07-20-18
1.33,1.13,0.97,0.94,61.06495532800001,3.437,0.062,2020-03-09 07-21-19
1.67,1.55,0.83,0.8,60.819041632,3.437,0.062,2020-03-09 07-22-19
1.09,1.43,1.37,0.85,60.418996304500006,3.375,0,2020-03-09 07-23-19
1.37,1.63,0.59,0.92,59.648162642,3.375,0,2020-03-09 07-24-19
1.47,1.67,0.91,0.91,59.060995220500004,3.312,0.062,2020-03-09 07-25-19
1.75,1.89,0.47,1.28,58.286651458,3.312,0.062,2020-03-09 07-26-18
1.17,1.43,0.97,0.76,58.41068048200001,3.25,0.062,2020-03-09 07-27-19
1.51,1.09,1.09,1.03,57.479218312,3.25,0.062,2020-03-09 07-28-25
1.63,1.59,0.91,0.72,56.88780686050001,3.187,0.062,2020-03-09 07-29-19
1.71,1.75,1.33,1.02,56.5760749805,3.187,0.062,2020-03-09 07-30-19
1.85,1.79,0.97,0.97,56.5136903125,3.187,0.062,2020-03-09 07-31-19
1.67,1.63,1.13,1,56.5136903125,3.187,0,2020-03-09 07-32-18
2.01,1.83,1.21,1,58.87533460450001,3.187,0,2020-03-09 07-34-18
1.85,1.63,0.91,1.08,59.95673543200001,3.25,0.062,2020-03-09 07-35-19
1.97,1.97,1.17,1.13,60.94202400800001,3.25,0.062,2020-03-09 07-36-19
1.97,2.17,1.47,1.19,61.770819612500006,3.312,0.125,2020-03-09 07-37-19
1.55,2.01,1.37,1.3,62.658416392000014,3.312,0.125,2020-03-09 07-38-19
1.89,1.83,1.41,1.4,62.56672048450001,3.375,0.187,2020-03-09 07-39-18
1.55,2.05,1.37,1.46,63.146976200000005,3.375,0.187,2020-03-09 07-40-19
2.25,2.09,1.67,1.48,65.335386248,3.5,0.25,2020-03-09 07-41-26
2.35,2.39,1.93,1.47,67.68749645,3.437,0.25,2020-03-09 07-42-19
2.43,2.13,2.01,1.54,69.5731049405,3.5,0.312,2020-03-09 07-43-19
2.47,2.39,1.89,1.72,70.7637432205,3.562,0.312,2020-03-09 07-44-19
2.51,2.13,1.93,1.6,72.15621920000001,3.625,0.375,2020-03-09 07-45-18
2.43,2.55,1.83,1.53,72.0084185125,3.625,0.375,2020-03-09 07-46-19
2.39,2.59,1.75,1.66,71.83095238450001,3.625,0.375,2020-03-09 07-47-19
2.43,2.25,2.17,1.76,74.041022272,3.687,0.375,2020-03-09 07-48-19
3.07,2.85,2.17,1.92,72.6581448205,3.687,0.437,2020-03-09 07-49-25
2.95,2.77,2.21,2.14,72.3039401125,3.75,0.437,2020-03-09 07-50-19
2.95,2.69,2.47,1.94,74.334342082,3.812,0.5,2020-03-09 07-51-19
2.35,2.61,2.21,2,73.74738336200001,3.812,0.5,2020-03-09 07-52-19
1.89,2.69,2.13,1.8,74.30502446050001,3.875,0.5,2020-03-09 07-53-19
2.95,2.43,1.93,1.74,73.5416462605,3.875,0.5,2020-03-09 07-54-19
2.59,2.51,2.17,1.77,72.5401276405,3.937,0.562,2020-03-09 07-55-19
2.55,2.21,2.25,1.83,73.15914824200001,3.937,0.562,2020-03-09 07-56-19
2.81,2.85,2.27,1.7,74.275703648,3.937,0.562,2020-03-09 07-57-19
3.03,3.07,2.31,1.79,74.0703686125,3.937,0.562,2020-03-09 07-58-18
2.69,2.65,2.09,2.01,75.12471166450001,3.937,0.562,2020-03-09 07-59-19
2.85,2.61,2.21,1.94,74.4222758005,3.937,0.625,2020-03-09 08-01-19
2.61,2.85,2.21,2.44,75.56280071200001,3.937,0.625,2020-03-09 08-02-19
2.39,3.25,2.27,1.92,74.94927501250001,3.937,0.625,2020-03-09 08-03-25
3.11,2.65,2.51,2.18,74.80299005,4,0.625,2020-03-09 08-04-25
3.07,3.19,2.65,2.26,74.7151807805,4,0.625,2020-03-09 08-05-19
2.69,2.81,2.65,2.35,74.0703686125,4.062,0.687,2020-03-09 08-06-19
2.95,3.07,2.55,2.48,73.89424270450002,4.125,0.625,2020-03-09 08-07-19
2.73,3.07,2.59,2.48,75.12471166450001,4.125,0.625,2020-03-09 08-08-19
2.89,2.89,2.69,2.38,75.3584485045,4.187,0.625,2020-03-09 08-09-19
3.19,3.33,2.51,2.7,75.0662455445,4.25,0.625,2020-03-09 08-10-19
2.39,3.25,2.43,2.56,74.56876817800001,4.312,0.687,2020-03-09 08-11-18
3.11,3.29,2.77,2.59,74.861513608,4.312,0.687,2020-03-09 08-12-19
2.95,3.07,2.65,2.48,75.24160561250001,4.312,0.687,2020-03-09 08-13-19
3.29,3.23,2.65,2.68,75.38765125,4.375,0.687,2020-03-09 08-14-19
3.25,3.25,2.91,2.77,74.5394760845,4.437,0.687,2020-03-09 08-15-19
3.23,3.37,2.69,2.8,74.5394760845,4.5,0.75,2020-03-09 08-16-19
3.33,3.29,3.07,2.84,75.56280071200001,4.5,0.687,2020-03-09 08-17-18
3.63,3.45,2.85,2.8,76.2331427845,4.5,0.687,2020-03-09 08-18-19
3.53,3.71,2.91,2.91,76.64035062050002,4.562,0.687,2020-03-09 08-19-19
3.53,3.41,3.33,3,77.1629845445,4.562,0.75,2020-03-09 08-20-19
3.33,3.41,3.45,2.72,79.387025248,4.625,0.75,2020-03-09 08-21-19
3.63,3.19,2.89,2.89,78.2051507405,4.625,0.75,2020-03-09 08-22-25
3.71,3.25,3.03,3.12,77.7424763245,4.687,0.812,2020-03-09 08-23-19
3.45,3.37,2.85,3.07,77.4528899845,4.75,0.812,2020-03-09 08-24-18
3.45,3.59,2.59,2.91,77.655633928,4.75,0.812,2020-03-09 08-25-19
3.79,3.79,3.11,2.82,77.97391564450001,4.75,0.812,2020-03-09 08-26-19
3.45,3.89,2.69,3.21,77.59772304200001,4.812,0.75,2020-03-09 08-27-19
3.33,3.85,3.19,3.11,78.060652738,4.875,0.812,2020-03-09 08-28-19
3.89,3.97,2.59,3.2,78.0317435645,4.875,0.812,2020-03-09 08-29-19
3.59,3.67,2.85,3.27,77.97391564450001,4.937,0.812,2020-03-09 08-30-18
4.01,4.23,2.77,3.27,77.94499689800001,4.937,0.812,2020-03-09 08-31-19
3.93,3.53,2.99,3.24,79.4732932645,4.937,0.875,2020-03-09 08-32-19
3.71,4.01,3.03,3.26,78.43618161250001,5,0.875,2020-03-09 08-33-19
3.81,4.31,3.23,3.36,78.3206917045,5,0.937,2020-03-09 08-34-19
4.07,4.27,3.49,3.33,77.7424763245,5,0.937,2020-03-09 08-35-18
3.97,4.27,3.81,3.36,77.13397645,5,0.875,2020-03-09 08-36-18
3.71,4.07,3.15,3.3,77.1049651645,5.062,0.875,2020-03-09 08-37-19
4.01,3.97,3.33,3.22,77.887149832,5.125,0.875,2020-03-09 08-38-19
4.31,4.01,3.07,3.23,77.1629845445,5.125,0.875,2020-03-09 08-39-19
3.81,3.89,3.37,3.29,76.93083044050002,5.125,0.812,2020-03-09 08-40-19
4.05,3.63,2.99,3.18,77.771417408,5.125,0.812,2020-03-09 08-41-19
3.71,3.67,3.15,3.28,77.5687628125,5.125,0.812,2020-03-09 08-42-18
3.79,4.31,3.23,3.3,77.539799392,5.187,0.812,2020-03-09 08-43-18
4.11,4.63,3.49,3.34,77.94499689800001,5.187,0.812,2020-03-09 08-44-19
4.11,4.31,3.63,3.38,78.2629276045,5.187,0.812,2020-03-09 08-45-19
3.75,4.23,3.15,3.46,78.060652738,5.187,0.812,2020-03-09 08-46-19
4.19,4.45,3.03,3.48,78.14736111250001,5.187,0.875,2020-03-09 08-47-19
4.19,4.45,3.41,3.56,78.34956896800001,5.25,0.937,2020-03-09 08-48-19
4.07,4.45,3.07,3.6,78.66700826050001,5.25,1,2020-03-09 08-49-18
3.71,4.63,3.41,3.56,78.753515602,5.25,1,2020-03-09 08-50-18
4.01,4.37,3.67,3.6,78.522765538,5.25,1,2020-03-09 08-51-19
4.15,4.37,3.67,3.34,79.01286531250001,5.312,1.062,2020-03-09 08-52-19
4.11,4.33,3.33,3.42,78.34956896800001,5.312,1.062,2020-03-09 08-53-19
3.33,4.01,3.97,3.42,78.29181125000001,5.375,1.062,2020-03-09 08-54-18
4.53,4.11,3.93,3.2,78.55162046450002,5.375,1,2020-03-09 08-55-19
4.19,4.41,3.71,3.2,78.66700826050001,5.312,1,2020-03-09 08-56-19
3.93,4.45,4.07,3.02,78.08955872050001,5.375,0.937,2020-03-09 08-57-19
4.27,4.07,4.19,3.04,76.494991048,5.375,0.937,2020-03-09 08-58-19
4.01,4.05,4.01,3.06,77.39493442450001,5.375,0.875,2020-03-09 08-59-19
4.23,4.15,3.97,3.17,76.1166828125,5.375,0.875,2020-03-09 09-00-19
3.85,4.37,3.71,3.26,76.40773701250001,5.375,0.812,2020-03-09 09-01-19
4.41,4.19,3.97,3.24,76.78563041800001,5.375,0.75,2020-03-09 09-02-19
4.05,4.23,3.97,3.14,76.378645952,5.375,0.75,2020-03-09 09-03-19
3.67,4.27,4.15,3.2,76.378645952,5.375,0.687,2020-03-09 09-04-19
4.53,4.59,4.11,3.2,77.0469330205,5.375,0.687,2020-03-09 09-05-19
4.49,4.01,4.19,3.16,77.5687628125,5.375,0.625,2020-03-09 09-06-19
4.79,4.57,4.33,3.18,77.5687628125,5.375,0.625,2020-03-09 09-07-19
4.45,3.93,4.49,3.32,77.91607496050001,5.375,0.687,2020-03-09 09-08-19
4.37,4.37,4.85,3.54,78.23404076800001,5.375,0.75,2020-03-09 09-09-25
5.05,4.33,4.79,3.28,77.307977152,5.437,0.812,2020-03-09 09-11-19
4.71,4.93,4.89,3.32,77.82929000200001,5.5,0.812,2020-03-09 09-12-19
4.97,4.81,4.97,3.38,77.94499689800001,5.5,0.812,2020-03-09 09-13-19
5.45,4.57,4.71,3.66,77.307977152,5.5,0.812,2020-03-09 09-14-19
4.57,4.63,4.89,3.8,78.0317435645,5.562,0.812,2020-03-09 09-15-19
4.79,4.81,5.23,3.9,77.71353205000001,5.562,0.875,2020-03-09 09-16-18
4.71,5.15,4.85,3.95,78.66700826050001,5.625,0.875,2020-03-09 09-17-19
5.45,5.15,5.15,4.02,78.60932074450001,5.687,0.812,2020-03-09 09-18-19
4.67,5.27,5.37,4.02,78.72468301250001,5.687,0.812,2020-03-09 09-19-19
4.97,5.33,5.49,4,78.66700826050001,5.75,0.875,2020-03-09 09-20-19
5.41,5.05,5.33,4.04,79.0704634805,5.812,0.812,2020-03-09 09-21-19
5.63,5.49,5.55,4.12,79.30072851250002,5.812,0.875,2020-03-09 09-22-18
5.11,5.37,5.77,4.18,79.0704634805,5.875,0.937,2020-03-09 09-23-18
5.77,5.51,5.67,4.24,79.1856215245,5.937,0.937,2020-03-09 09-24-19
5.45,5.55,5.55,4.23,79.41578444450002,5.937,0.937,2020-03-09 09-25-19
6.03,5.11,5.95,4.23,79.329497282,6,1.062,2020-03-09 09-26-19
6.11,5.85,5.93,4.31,79.1856215245,6.125,1.125,2020-03-09 09-27-19
5.73,6.03,5.85,4.46,78.98406144200001,6.125,1.125,2020-03-09 09-28-19
5.81,5.81,6.03,4.66,79.041665992,6.187,1.125,2020-03-09 09-29-18
5.85,5.95,6.25,4.78,79.0704634805,6.25,1.125,2020-03-09 09-30-19
6.07,6.13,6.07,5.08,78.86881405000001,6.375,1.125,2020-03-09 09-31-19
5.85,6.25,6.17,5.18,78.811171208,6.437,1.187,2020-03-09 09-32-19
6.03,6.61,5.85,5.22,78.753515602,6.5,1.187,2020-03-09 09-33-19
6.03,6.33,6.17,5.24,79.0704634805,6.562,1.187,2020-03-09 09-34-19
6.73,5.95,6.21,5.3,78.98406144200001,6.562,1.187,2020-03-09 09-35-19
6.35,6.07,6.11,5.36,78.66700826050001,6.625,1.187,2020-03-09 09-36-19
6.17,6.07,6.21,5.24,78.49390742050001,6.625,1.187,2020-03-09 09-37-19
6.17,6.03,6.43,5.22,78.3784430405,6.687,1.25,2020-03-09 09-38-19
6.33,6.03,6.53,5.18,78.49390742050001,6.75,1.25,2020-03-09 09-39-19
6.53,6.29,6.61,5.04,78.60932074450001,6.812,1.25,2020-03-09 09-40-19
6.35,6.13,6.73,5.01,78.66700826050001,6.875,1.312,2020-03-09 09-41-19
6.33,6.29,7.11,5.13,79.09925777800001,6.875,1.312,2020-03-09 09-42-18
6.47,6.25,6.69,5.05,78.753515602,6.937,1.375,2020-03-09 09-43-19
6.65,6.61,6.93,5.01,78.695847232,7,1.312,2020-03-09 09-44-19
6.47,6.07,6.93,5.16,79.01286531250001,7,1.312,2020-03-09 09-45-18
6.25,6.87,7.15,5.16,78.72468301250001,7.062,1.375,2020-03-09 09-46-19
6.53,6.61,7.11,5.13,78.522765538,7.062,1.437,2020-03-09 09-47-19
6.13,6.69,7.15,5.28,78.522765538,7.125,1.375,2020-03-09 09-48-18
6.53,6.53,7.05,5.5,78.78234500050002,7.125,1.437,2020-03-09 09-49-18
6.91,6.69,7.11,5.59,78.46504611200001,7.25,1.437,2020-03-09 09-50-19
6.51,6.73,7.37,5.64,78.60932074450001,7.25,1.437,2020-03-09 09-51-19
6.73,6.25,7.09,5.52,77.7424763245,7.25,1.375,2020-03-09 09-52-19
6.33,6.51,7.33,5.34,78.11846151200001,7.312,1.375,2020-03-09 09-53-19
6.69,6.91,7.45,5.34,78.55162046450002,7.312,1.375,2020-03-09 09-54-19
7.05,7.51,7.41,5.34,78.60932074450001,7.437,1.375,2020-03-09 09-56-19
7.09,7.23,7.83,5.54,78.72468301250001,7.437,1.375,2020-03-09 09-57-19
7.11,6.91,7.87,5.5,78.176257522,7.437,1.5,2020-03-09 09-58-19
7.29,6.65,7.87,5.42,78.176257522,7.437,1.625,2020-03-09 09-59-19
7.11,6.69,8.29,5.5,78.60932074450001,7.5,1.625,2020-03-09 10-00-19
7.23,6.43,8.15,5.34,78.49390742050001,7.5,1.625,2020-03-09 10-01-19
7.41,6.69,8.15,5.34,78.8399942245,7.5,1.687,2020-03-09 10-02-19
6.83,6.87,7.69,5.27,78.3206917045,7.437,1.687,2020-03-09 10-03-19
7.15,6.73,8.41,5.36,78.43618161250001,7.375,1.625,2020-03-09 10-04-19
7.83,7.27,8.37,5.43,77.91607496050001,7.312,1.625,2020-03-09 10-05-19
7.55,7.09,8.79,5.54,78.0317435645,7.375,1.625,2020-03-09 10-06-18
7.91,6.97,8.93,5.63,77.7424763245,7.312,1.625,2020-03-09 10-07-19
7.87,7.61,8.83,5.71,77.68458458450002,7.375,1.687,2020-03-09 10-08-19
8.09,7.83,8.79,5.78,77.68458458450002,7.375,1.75,2020-03-09 10-09-19
8.27,7.11,9.33,5.82,77.68458458450002,7.375,1.812,2020-03-09 10-10-19
7.55,7.09,8.75,5.76,77.249989682,7.375,1.812,2020-03-09 10-11-19
7.87,7.15,8.75,5.6,77.307977152,7.375,1.812,2020-03-09 10-12-18
7.51,6.91,8.89,5.49,77.82929000200001,7.312,1.812,2020-03-09 10-13-19
7.79,7.11,8.83,5.4,77.85822151250001,7.312,1.75,2020-03-09 10-14-19
7.47,7.11,8.69,5.5,78.14736111250001,7.25,1.75,2020-03-09 10-15-19
7.83,7.45,9.03,5.76,77.7424763245,7.25,1.875,2020-03-09 10-16-19
8.29,7.11,8.83,5.86,77.51083278050001,7.25,1.875,2020-03-09 10-17-19
8.13,7.29,8.93,5.88,77.13397645,7.25,1.875,2020-03-09 10-18-18
7.83,7.15,9.47,5.89,77.0469330205,7.25,1.937,2020-03-09 10-19-18
8.13,7.47,9.39,5.93,76.9888881125,7.25,2,2020-03-09 10-20-19
8.01,7.19,9.63,5.97,77.0469330205,7.25,2.125,2020-03-09 10-21-19
7.91,7.41,9.53,6.02,77.0469330205,7.312,2.125,2020-03-09 10-22-19
7.87,7.45,9.25,6.06,76.29135362450002,7.312,2.187,2020-03-09 10-23-19
8.15,7.47,9.67,6.14,76.2622498,7.25,2.125,2020-03-09 10-24-19
8.27,7.45,9.35,6.13,76.29135362450002,7.25,2.187,2020-03-09 10-25-19
7.51,6.69,9.35,6.04,75.97103605000001,7.25,2.25,2020-03-09 10-26-19
7.79,7.15,9.53,5.98,74.94927501250001,7.25,2.125,2020-03-09 10-27-19
8.29,7.47,9.39,5.96,74.83225342450001,7.187,2.187,2020-03-09 10-28-19
8.65,7.65,9.75,6.02,75.446047168,7.187,2.25,2020-03-09 10-29-19
8.09,7.59,9.49,6.22,75.65033236450002,7.125,2.25,2020-03-09 10-30-19
9.21,8.05,10.23,6.46,75.09548020000001,7.125,2.187,2020-03-09 10-31-18
8.97,7.87,9.99,6.54,73.4828355125,7.187,2.187,2020-03-09 10-32-19
9.21,7.79,9.99,6.64,72.83507486050001,7.187,2.25,2020-03-09 10-33-19
8.23,7.65,9.77,6.34,72.39253436800001,7.187,2.312,2020-03-09 10-34-19
8.59,7.61,9.57,6.26,72.3039401125,7.187,2.375,2020-03-09 10-35-19
9.15,7.97,9.95,6.4,72.03798503200001,7.125,2.375,2020-03-09 10-36-18
9.19,7.91,9.71,6.52,71.6533713805,7.125,2.375,2020-03-09 10-37-19
8.75,7.95,9.49,6.6,71.09027367200001,7.062,2.312,2020-03-09 10-38-19
8.97,7.37,9.75,6.65,70.5854729605,7,2.312,2020-03-09 10-39-25
8.61,7.41,9.63,6.51,69.8116410445,6.937,2.312,2020-03-09 10-40-18
9.43,7.97,9.91,6.43,70.37734580000001,6.937,2.312,2020-03-09 10-41-19
8.55,7.51,9.81,6.39,70.40708782450001,6.937,2.312,2020-03-09 10-42-18
8.61,7.15,10.19,6.36,69.8712431605,6.937,2.312,2020-03-09 10-43-18
9.19,7.83,9.81,6.41,69.9308325125,7,2.312,2020-03-09 10-44-19
8.59,7.79,9.57,6.36,68.88617605,7,2.312,2020-03-09 10-45-19
9.11,8.01,10.27,6.62,69.63275811250001,7.062,2.312,2020-03-09 10-46-19
9.63,8.19,10.37,7.08,69.423916168,7.125,2.312,2020-03-09 10-47-19
10.03,8.19,10.51,7.17,67.29682628050001,7.125,2.5,2020-03-09 10-48-19
9.63,8.13,10.23,6.92,66.5741722405,7.062,2.437,2020-03-09 10-49-18
10.09,8.69,10.03,6.95,68.07762734050002,7.062,2.375,2020-03-09 10-50-19
10.43,8.89,9.67,7.45,69.39406884050001,7,2.312,2020-03-09 10-51-19
9.63,8.45,10.13,7.34,66.724876738,7,2.437,2020-03-09 10-52-19
9.91,8.37,9.67,7.1,67.2366753125,6.937,2.562,2020-03-09 10-53-19
9.39,8.23,9.95,6.95,67.026046408,6.937,2.5,2020-03-09 10-54-19
9.19,7.65,9.89,7,67.4170899245,6.875,2.5,2020-03-09 10-55-19
10.03,8.45,9.77,7.02,67.50725415200002,6.875,2.437,2020-03-09 10-56-19
9.89,7.95,9.91,7.08,67.08624205000001,6.812,2.437,2020-03-09 10-57-19
9.43,8.19,10.03,7.04,66.7851362,6.812,2.5,2020-03-09 10-58-19
9.91,7.97,10.31,7.26,66.93572901250002,6.812,2.5,2020-03-09 10-59-19
9.99,8.01,10.69,7.16,66.000767602,6.875,2.5,2020-03-09 11-00-19
10.09,8.45,10.43,7.36,66.0913817605,6.937,2.5,2020-03-09 11-01-19
10.33,8.79,10.23,7.32,65.7892228805,7,2.5,2020-03-09 11-02-19
10.05,8.27,10.69,7.5,65.39593928200001,7.062,2.562,2020-03-09 11-03-19
10.09,8.45,10.71,7.57,65.87990405000001,7.062,2.625,2020-03-09 11-04-19
10.23,8.55,10.43,7.74,65.3051049445,7.187,2.625,2020-03-09 11-05-19
10.75,8.29,10.17,7.78,64.91115761800002,7.187,2.625,2020-03-09 11-06-18
10.71,9.19,10.69,7.82,64.51667101250001,7.187,2.687,2020-03-09 11-07-19
10.43,8.61,11.09,7.88,63.93914360200001,7.187,2.562,2020-03-09 11-08-19
11.13,8.59,10.93,8.08,64.06082405000001,7.187,2.562,2020-03-09 11-09-19
11.17,9.43,10.93,8.38,64.7594958205,7.25,2.75,2020-03-09 11-10-19
10.79,8.51,10.61,8.12,62.32205766050001,7.312,2.75,2020-03-09 11-11-18
11.33,9.91,11.23,8.18,63.45191125000001,7.437,2.75,2020-03-09 11-12-19
11.37,9.03,11.17,8.29,62.658416392000014,7.5,2.812,2020-03-09 11-13-19
11.21,8.71,11.51,8.18,62.90279840800001,7.562,2.75,2020-03-09 11-14-19
11.07,8.37,11.13,8.26,62.658416392000014,7.562,2.687,2020-03-09 11-15-19
11.85,9.57,11.47,9.36,61.09568018050001,7.625,2.75,2020-03-09 11-16-25
12.63,10.27,13.25,10.97,57.945308384499995,7.687,2.75,2020-03-09 11-17-19
12.63,10.17,13.17,11.48,55.10666080000001,7.937,2.75,2020-03-09 11-18-19
12.71,10.19,12.77,10.94,55.169332658,8.312,2.875,2020-03-09 11-19-19
12.57,10.13,11.37,10.6,58.31766350050001,8.5,2.875,2020-03-09 11-20-19
11.75,9.67,11.55,10.04,58.6276084205,8.687,2.875,2020-03-09 11-21-19
11.03,8.97,11.13,9.52,58.53465845000001,8.687,2.812,2020-03-09 11-22-19
12.67,10.89,12.97,13.96,52.74725211250001,8.812,2.937,2020-03-09 11-23-19
13.59,11.71,13.91,17.43,45.62591625800001,9.312,3.187,2020-03-09 11-24-19
14.01,11.51,14.55,18.81,41.172235112500005,10.187,3.625,2020-03-09 11-25-19
14.31,11.61,14.89,20.45,39.959144288000005,11,3.875,2020-03-09 11-26-19
14.85,11.71,14.95,20.94,35.662294978000006,11.75,4.062,2020-03-09 11-27-18
14.89,11.85,15.41,20.45,36.06118645000001,12.437,4.062,2020-03-09 11-28-18
15.01,11.55,15.45,20.91,35.129724898,13,4.25,2020-03-09 11-29-19
13.75,10.57,14.05,16.82,38.576828402000004,13.375,4.312,2020-03-09 11-30-19
13.71,10.85,13.81,15.2,44.6233918045,13.375,4.25,2020-03-09 11-31-19
15.35,10.79,15.11,17.92,38.576828402000004,13.312,4.062,2020-03-09 11-32-19
14.55,9.99,15.01,16.62,38.972350178000006,13.375,4.062,2020-03-09 11-33-19
14.95,10.79,15.47,16.53,40.05766574450001,13.437,4,2020-03-09 11-34-18
16.47,11.07,16.65,18.06,38.1478279405,13.562,3.937,2020-03-09 11-35-19
16.85,10.95,17.05,19.25,35.928273682000004,13.812,4.125,2020-03-09 11-36-19
16.95,11.23,17.63,19.74,34.96312922050001,14.187,4.312,2020-03-09 11-37-19
16.17,10.61,17.17,17.97,35.32953440800001,14.625,4.562,2020-03-09 11-38-19
17.57,10.95,18.37,19.4,35.69555348450001,14.937,4.5,2020-03-09 11-39-19
16.63,10.93,17.09,18.24,36.82444406050001,15.187,4.625,2020-03-09 11-40-19
15.11,9.57,16.39,15.56,40.3530578,15.187,4.25,2020-03-09 11-42-19
13.99,9.07,15.15,13.32,43.617800800000005,15,4.187,2020-03-09 11-43-19
14.59,9.03,15.25,13.97,43.682770178000006,14.687,4.062,2020-03-09 11-44-19
15.51,9.63,15.75,14.7,43.065045740500004,14.687,3.937,2020-03-09 11-45-18
15.35,9.47,14.91,14.21,44.5586075045,14.312,3.937,2020-03-09 11-46-19
15.11,9.21,15.19,14.89,43.715250080500006,14.062,3.875,2020-03-09 11-47-19
16.83,10.13,15.55,16.21,42.380957458000005,14.062,4.062,2020-03-09 11-48-19
18.41,10.27,16.39,18.24,37.85051171200001,13.875,4.375,2020-03-09 11-49-19
17.63,10.33,16.53,18.68,34.863133522000005,14,4.625,2020-03-09 11-50-19
17.79,10.57,16.65,18.2,37.61908706050001,14.187,4.625,2020-03-09 11-51-19
14.89,8.87,15.09,15.72,38.444885698,14.312,4.437,2020-03-09 11-52-19
16.47,9.89,14.49,14.94,42.934851704500005,14.25,4.187,2020-03-09 11-53-18
17.09,9.33,15.21,17.41,37.32131132800001,14,4.062,2020-03-09 11-55-19
17.79,9.53,14.79,17.94,37.7182882,14.062,4.187,2020-03-09 11-56-19
17.79,9.01,15.35,18.16,35.762060924500005,14.187,4.187,2020-03-09 11-57-19
18.49,9.43,15.45,18.97,35.928273682000004,14.375,4.312,2020-03-09 11-58-19
18.43,9.07,15.77,19.21,35.0297770645,14.562,4.437,2020-03-09 11-59-19
18.75,9.67,14.71,19.93,34.996454738000004,14.687,4.375,2020-03-09 12-00-18
19.13,9.53,15.11,19.83,34.52960711200001,14.687,4.437,2020-03-09 12-01-19
19.17,9.03,15.11,19.93,33.52711328200001,14.812,4.687,2020-03-09 12-02-19
19.63,10.03,14.69,20.72,34.195761602000005,14.875,4.687,2020-03-09 12-03-19
17.93,9.15,14.75,19,33.79472577800001,14.875,4.687,2020-03-09 12-04-19
16.79,8.97,13.95,16.76,36.691824864500006,14.812,4.687,2020-03-09 12-05-19
15.65,9.33,13.41,14.86,41.59741913800001,14.687,4.625,2020-03-09 12-06-19
14.55,8.79,13.01,13.58,42.315732800000006,14.437,4.562,2020-03-09 12-07-19
16.65,8.79,13.89,15.9,41.2376831405,14.187,4.312,2020-03-09 12-08-19
19.07,9.71,13.95,18.48,38.9394075805,14.062,4.312,2020-03-09 12-09-19
19.13,9.49,13.95,19.46,35.262944002000005,14.187,4.812,2020-03-09 12-10-19
19.47,9.15,14.11,19.96,33.326269888,14.312,4.937,2020-03-09 12-11-18
20.77,10.19,13.69,21.13,33.694395024500004,14.312,4.937,2020-03-09 12-12-19
21.43,10.57,14.29,22.42,31.782654098000005,14.437,4.812,2020-03-09 12-13-19
20.65,9.77,14.75,23.06,28.369722344500005,14.75,5.062,2020-03-09 12-14-19
20.43,9.95,14.51,21.68,30.772310408,15,5.125,2020-03-09 12-15-19
19.35,9.63,14.69,21.08,29.691445,15.25,5.125,2020-03-09 12-16-19
20.59,10.03,15.15,20.76,30.974608898000007,15.375,5.5,2020-03-09 12-17-16
20.59,10.03,15.15,20.76,30.974608898000007,15.375,5.5,2020-03-09 12-17-18
20.93,10.17,15.11,20.72,31.446191968,15.437,5.5,2020-03-09 12-18-19
21.23,10.83,15.55,21.33,31.547164112500006,15.437,5.437,2020-03-09 12-19-19
21.77,11.51,15.65,22.04,31.715387200000006,15.5,5.562,2020-03-09 12-20-19
22.59,12.91,14.45,23.2,32.7565897645,15.625,5.625,2020-03-09 12-21-19
21.45,13.41,14.21,23.86,30.940900460500004,15.875,5.437,2020-03-09 12-22-19
22.81,14.09,14.19,25.55,29.217538882000007,16.187,5.187,2020-03-09 12-23-19
24.63,14.21,14.99,25.92,26.804529012500005,16.625,5.187,2020-03-09 12-24-19
25.67,15.71,15.51,26,27.656015200000002,16.812,5.5,2020-03-09 12-25-19
24.11,16.29,15.81,27.54,25.882683848000003,17.062,5.562,2020-03-09 12-26-19
25.73,17.21,16.27,27.79,26.087739362,17.5,5.687,2020-03-09 12-27-19
26.05,17.09,17.11,27.21,26.599875564500003,17.687,6,2020-03-09 12-28-18
25.87,17.83,16.43,27.24,25.951048450000002,17.812,6.062,2020-03-09 12-29-18
25.87,17.75,16.69,28.08,25.095573512500003,18,6,2020-03-09 12-30-19
23.65,16.89,16.01,26.57,26.702216648000004,18.187,6,2020-03-09 12-31-19
24.69,18.15,15.91,26.86,28.131976322000003,18.437,5.875,2020-03-09 12-32-19
25.29,18.43,16.37,27.33,26.224379218000003,18.687,5.812,2020-03-09 12-33-19
26.05,18.87,16.89,27.26,25.472228192000003,18.937,5.75,2020-03-09 12-34-19
25.37,18.59,16.27,26.61,27.656015200000002,19.187,5.812,2020-03-09 12-35-19
23.57,17.89,17.41,25.62,25.745916352000005,19.312,5.937,2020-03-09 12-36-19
23.27,17.25,16.43,23.12,29.217538882000007,19.375,6,2020-03-09 12-37-19
21.51,17.69,16.07,21.74,32.051594050000006,19.312,5.937,2020-03-09 12-38-19
21.97,18.43,16.39,22.94,32.320329778,19.25,5.687,2020-03-09 12-39-20
22.95,18.55,15.93,22.92,29.89435616200001,19.312,5.5,2020-03-09 12-40-19
21.33,17.89,16.03,21.59,31.782654098000005,19.312,5.312,2020-03-09 12-41-18
21.61,17.43,15.57,20.17,33.15881264050001,19.25,5.062,2020-03-09 12-42-19
23.63,19.73,15.75,23.37,32.118797128000004,19.125,5,2020-03-09 12-43-19
21.61,18.11,15.09,22.9,31.311517768,19.187,4.937,2020-03-09 12-44-19
20.45,17.85,14.51,20.71,32.65596224800001,19.125,5.062,2020-03-09 12-45-19
21.45,18.71,15.19,21.21,34.195761602000005,19.125,5.25,2020-03-09 12-46-19
23.41,19.93,15.45,23.6,32.3874818,19.187,5.312,2020-03-09 12-47-18
20.95,17.79,14.89,21.27,32.320329778,19.25,5.312,2020-03-09 12-49-19
19.19,17.51,14.01,19.44,36.12762368800001,19.187,5.187,2020-03-09 12-50-19
19.41,18.05,14.09,18.77,36.791294048000005,19.125,4.812,2020-03-09 12-51-19
19.41,17.57,14.15,17.74,36.82444406050001,19,4.812,2020-03-09 12-52-19
21.29,17.75,14.95,18.11,37.3544102845,18.875,4.75,2020-03-09 12-53-19
20.93,18.49,15.91,19.72,38.90646179200001,18.812,4.812,2020-03-09 12-54-18
19.57,17.73,14.91,19.78,36.691824864500006,18.812,4.75,2020-03-09 12-55-19
21.55,18.25,15.93,20.42,34.195761602000005,18.812,4.75,2020-03-09 12-56-19
21.49,17.95,17.11,20.56,32.7565897645,18.75,4.875,2020-03-09 12-57-19
19.63,16.43,16.03,18.62,35.529229042000004,18.562,5.062,2020-03-09 12-58-19
21.89,18.71,16.83,20.96,36.326858818000005,18.375,5,2020-03-09 12-59-18
20.49,16.91,17.17,21.43,30.063361044500002,18.375,5.125,2020-03-09 13-00-19
22.69,17.69,17.95,21.88,30.637380928000002,18.375,5.375,2020-03-09 13-01-19
23.57,19.03,17.01,22.28,30.83975600200001,18.5,5.812,2020-03-09 13-02-19
22.87,18.27,17.85,21.57,31.244161522000002,18.5,5.937,2020-03-09 13-03-19
22.93,17.89,17.01,20.28,33.326269888,18.375,5.812,2020-03-09 13-04-19
23.91,18.09,18.43,20.98,32.857188562000005,18.25,5.687,2020-03-09 13-05-19
22.69,17.99,17.43,20.02,33.660945058,18.125,5.625,2020-03-09 13-06-18
22.95,17.69,16.99,19.79,33.861596992,17.812,5.437,2020-03-09 13-08-19
23.47,18.25,16.47,20.39,33.326269888,17.5,5.5,2020-03-09 13-09-19
24.35,18.31,17.73,21.43,32.521747552,17.312,5.562,2020-03-09 13-10-19
25.19,18.87,18.79,23.48,30.83975600200001,17.125,5.687,2020-03-09 13-11-19
26.17,18.71,18.87,24.17,28.573380200500004,17.125,5.875,2020-03-09 13-12-19
25.69,18.21,19.01,23.95,27.996051250000004,17.25,5.875,2020-03-09 13-13-18
25.43,18.41,19.57,24.51,26.565755488000004,17.187,6.187,2020-03-09 13-15-19
26.17,18.71,19.99,24.4,27.860075122,17,6.25,2020-03-09 13-16-19
26.53,19.23,20.05,24.52,27.043146178000004,16.875,6.25,2020-03-09 13-17-18
26.23,18.69,20.11,24.16,27.860075122,16.875,6.375,2020-03-09 13-18-19
26.09,17.89,19.39,23.8,26.633992450000004,16.75,6.375,2020-03-09 13-19-18
26.03,18.53,19.55,23.54,28.471565632000004,16.687,6.375,2020-03-09 13-20-19
25.85,17.75,20.33,23.86,27.247550728000004,16.5,6.062,2020-03-09 13-21-19
25.55,17.85,19.99,24.06,27.417800100500003,16.375,5.937,2020-03-09 13-22-19
25.59,17.21,20.61,24.34,27.111293792000005,16.187,5.812,2020-03-09 13-23-19
24.77,17.01,20.49,24.42,26.702216648000004,16,5.875,2020-03-09 13-24-19
25.25,17.41,20.45,24.65,26.974985800000002,15.812,5.687,2020-03-09 13-25-19
24.51,16.65,20.61,24.63,25.951048450000002,15.687,5.562,2020-03-09 13-26-19
24.33,16.39,19.99,23.39,26.565755488000004,15.562,5.562,2020-03-09 13-27-19
24.59,16.17,20.17,23.32,27.656015200000002,15.375,5.687,2020-03-09 13-28-19
23.87,16.01,19.73,22.97,27.451840402000006,15.25,5.75,2020-03-09 13-29-19
24.53,16.37,20.51,23.67,28.097999840500005,15.125,5.75,2020-03-09 13-30-19
23.33,15.21,19.89,23.4,26.838626752000003,15,5.625,2020-03-09 13-31-18
22.93,15.29,19.47,23.08,27.31566005,14.812,5.625,2020-03-09 13-32-19
23.51,15.61,19.77,23.62,27.724047938000002,14.687,5.562,2020-03-09 13-33-19
23.23,15.47,20.11,23.13,27.928069568000005,14.625,5.75,2020-03-09 13-34-19
22.75,14.75,19.93,23.17,27.928069568000005,14.687,6.062,2020-03-09 13-35-19
22.53,14.75,19.83,23.32,27.928069568000005,14.625,6.187,2020-03-09 13-36-19
22.17,14.25,20.37,23.14,26.087739362,14.625,5.937,2020-03-09 13-37-18
21.71,14.61,19.71,22.38,28.539445202000003,14.562,5.812,2020-03-09 13-38-19
21.89,14.31,19.57,22.18,28.946454578,14.5,5.937,2020-03-09 13-39-19
21.21,14.75,19.51,22.35,28.471565632000004,14.5,6.125,2020-03-09 13-40-19
21.17,14.25,18.69,21.72,28.539445202000003,14.437,6.25,2020-03-09 13-41-19
21.33,14.21,19.19,21.95,29.420718088000005,14.5,6.25,2020-03-09 13-42-19
21.11,13.91,19.89,22.11,28.946454578,14.562,6.25,2020-03-09 13-43-19
20.73,14.69,18.55,22.85,29.657615304500005,14.562,6.25,2020-03-09 13-44-18
21.71,14.59,18.59,22.42,28.539445202000003,14.687,6.125,2020-03-09 13-45-19
21.27,14.25,19.29,22.55,28.946454578,14.937,6.062,2020-03-09 13-46-19
20.61,14.49,19.89,23.56,29.826731872,15.125,6.062,2020-03-09 13-47-19
21.39,14.91,19.35,23.98,28.267850338000002,15.312,6.25,2020-03-09 13-48-19
20.39,14.81,18.43,25.35,27.383756608000002,15.875,5.937,2020-03-09 13-50-19
20.67,14.85,18.47,24.05,27.860075122,16.125,5.875,2020-03-09 13-51-19
21.71,14.79,19.35,24.12,26.804529012500005,16.437,5.937,2020-03-09 13-52-19
20.33,14.59,18.97,25.23,27.928069568000005,16.687,6,2020-03-09 13-53-19
19.71,14.29,18.85,25.88,27.179428642000005,16.937,6,2020-03-09 13-54-19
20.37,14.99,19.19,25.02,26.292680000000004,17.25,5.937,2020-03-09 13-55-19
19.99,14.11,19.45,24.94,25.643307224500003,17.5,6,2020-03-09 13-56-16
19.95,14.51,19.47,24.49,26.360968018000005,17.75,6.187,2020-03-09 13-57-19
19.41,14.51,19.77,24.53,26.974985800000002,17.812,6.187,2020-03-09 13-58-19
