TempPlant2,TempPlant3,TempPlant5,Air_temp_loc,Humedity,air_temp,Ambient_1,time
4.67,4.89,4.41,4.43,105.57836125,6.562,3.062,2020-01-24T06:05:00.0
5.05,5.27,5.29,4.48,105.55266860450001,6.562,3.062,2020-01-24T06:06:00.0
4.89,5.15,5.71,4.48,105.55266860450001,6.5,3.062,2020-01-24T06:07:00.0
4.85,5.33,4.97,4.52,105.55266860450001,6.562,3.062,2020-01-24T06:08:00.0
5.01,5.11,4.45,4.56,105.55266860450001,6.5,3.062,2020-01-24T06:09:00.0
4.57,5.55,4.93,4.54,105.55266860450001,6.5,3.062,2020-01-24T06:10:00.0
5.11,5.29,5.05,4.52,105.55266860450001,6.5,3.187,2020-01-24T06:11:00.0
5.05,5.55,4.79,4.48,105.6554200405,6.562,3.25,2020-01-24T06:12:00.0
4.93,5.63,5.45,4.48,105.70677661250002,6.562,3.25,2020-01-24T06:13:00.0
4.97,5.29,5.11,4.43,105.7581204205,6.625,3.25,2020-01-24T06:14:00.0
4.97,5.59,5.45,4.36,105.7581204205,6.625,3.25,2020-01-24T06:15:00.0
5.15,5.11,5.29,4.32,105.80945146450001,6.625,3.187,2020-01-24T06:16:00.0
5.05,5.51,5.89,4.32,105.80945146450001,6.625,3.125,2020-01-24T06:17:00.0
5.07,5.49,5.33,4.28,105.8607697445,6.625,3.062,2020-01-24T06:18:00.0
4.89,5.55,5.05,4.24,105.83511220000001,6.625,3.0,2020-01-24T06:19:00.0
5.07,5.77,5.37,4.25,105.8607697445,6.625,3.0,2020-01-24T06:20:00.0
5.33,5.45,5.15,4.2,105.8607697445,6.625,3.0,2020-01-24T06:21:00.0
4.81,5.41,4.71,4.16,105.83511220000001,6.625,3.0,2020-01-24T06:22:00.0
5.07,5.19,5.11,4.16,105.8607697445,6.625,2.937,2020-01-24T06:23:00.0
5.01,5.71,4.97,4.16,105.80945146450001,6.625,2.937,2020-01-24T06:24:00.0
4.949999999999999,5.3,5.24,4.17,105.83511060450002,6.625,2.937,2020-01-24T06:25:00.0
4.89,4.89,5.51,4.18,105.8607697445,6.625,2.937,2020-01-24T06:26:00.0
5.15,5.49,5.41,4.23,105.8607697445,6.625,2.937,2020-01-24T06:27:00.0
4.93,5.63,5.33,4.22,105.8607697445,6.625,2.937,2020-01-24T06:28:00.0
5.23,5.37,4.37,4.23,105.8607697445,6.625,2.937,2020-01-24T06:29:00.0
5.27,5.49,4.97,4.23,105.80945146450001,6.687,2.937,2020-01-24T06:30:00.0
5.07,5.67,5.49,4.28,105.8607697445,6.687,3.0,2020-01-24T06:31:00.0
5.37,5.71,5.77,4.26,105.80945146450001,6.687,3.062,2020-01-24T06:32:00.0
5.23,5.63,5.49,4.29,105.80945146450001,6.687,3.062,2020-01-24T06:33:00.0
5.23,5.71,5.41,4.32,105.7581204205,6.687,3.062,2020-01-24T06:34:00.0
5.15,5.95,4.97,4.35,105.73245011200001,6.687,3.062,2020-01-24T06:35:00.0
5.05,5.27,5.49,4.4,105.70677661250002,6.75,3.125,2020-01-24T06:36:00.0
5.05,5.41,5.390000000000001,4.42,105.65541365850001,6.75,3.0934999999999997,2020-01-24T06:37:00.0
5.05,5.55,5.29,4.44,105.6040507045,6.75,3.062,2020-01-24T06:38:00.0
5.11,5.45,5.19,4.44,105.6040507045,6.75,3.125,2020-01-24T06:39:00.0
5.27,5.81,5.45,4.46,105.6040507045,6.75,3.125,2020-01-24T06:40:00.0
4.85,5.67,5.19,4.45,105.55266860450001,6.812,3.062,2020-01-24T06:41:00.0
5.27,5.81,5.33,4.45,105.55266860450001,6.75,3.125,2020-01-24T06:42:00.0
5.07,5.59,4.97,4.42,105.55266860450001,6.812,3.125,2020-01-24T06:43:00.0
5.07,5.51,5.63,4.46,105.55266860450001,6.75,3.125,2020-01-24T06:44:00.0
5.29,5.59,4.67,4.48,105.55266860450001,6.75,3.187,2020-01-24T06:45:00.0
5.07,5.55,5.27,4.46,105.50127374050001,6.75,3.187,2020-01-24T06:46:00.0
5.23,5.71,5.27,4.48,105.50127374050001,6.75,3.187,2020-01-24T06:47:00.0
5.29,5.37,5.11,4.51,105.52697276800001,6.75,3.187,2020-01-24T06:48:00.0
5.29,5.07,5.23,4.54,105.52697276800001,6.75,3.187,2020-01-24T06:49:00.0
4.97,5.37,5.55,4.56,105.50127374050001,6.687,3.125,2020-01-24T06:50:00.0
5.33,5.55,5.59,4.54,105.50127374050001,6.75,3.062,2020-01-24T06:51:00.0
5.19,5.55,4.85,4.51,105.47557152200001,6.75,3.0,2020-01-24T06:52:00.0
5.01,5.49,5.77,4.48,105.44986611250002,6.75,3.0,2020-01-24T06:53:00.0
5.27,5.77,5.41,4.47,105.3984457205,6.75,3.0,2020-01-24T06:54:00.0
5.49,5.63,5.51,4.47,105.3984457205,6.75,3.0,2020-01-24T06:55:00.0
5.41,5.71,5.01,4.42,105.3984457205,6.812,3.0,2020-01-24T06:56:00.0
5.45,5.81,5.89,4.49,105.3984457205,6.75,3.062,2020-01-24T06:57:00.0
5.59,5.93,5.71,4.58,105.42415751200002,6.812,3.125,2020-01-24T06:58:00.0
5.51,5.71,5.51,4.65,105.3984457205,6.812,3.187,2020-01-24T06:59:00.0
5.77,6.21,5.81,4.64,105.3984457205,6.875,3.187,2020-01-24T07:00:00.0
5.63,6.25,5.89,4.7,105.3984457205,6.812,3.25,2020-01-24T07:01:00.0
5.99,5.93,6.07,4.75,105.44986611250002,6.875,3.25,2020-01-24T07:02:00.0
5.45,6.03,5.63,4.83,105.3984457205,6.875,3.25,2020-01-24T07:03:00.0
5.89,6.13,5.73,4.91,105.3984457205,6.875,3.312,2020-01-24T07:04:00.0
5.77,5.85,5.41,4.96,105.3984457205,6.875,3.312,2020-01-24T07:05:00.0
5.71,6.33,6.13,5.01,105.3984457205,6.937,3.375,2020-01-24T07:06:00.0
6.13,6.47,6.11,4.98,105.3470125645,6.875,3.375,2020-01-24T07:07:00.0
6.21,6.35,6.11,5.02,105.2955666445,6.937,3.375,2020-01-24T07:08:00.0
6.11,5.81,5.73,4.96,105.2955666445,6.937,3.375,2020-01-24T07:09:00.0
6.11,5.93,5.85,4.96,105.3984457205,7.0,3.437,2020-01-24T07:10:00.0
6.33,6.25,6.29,4.96,105.44986611250002,7.0,3.437,2020-01-24T07:11:00.0
6.35,6.21,6.47,5.01,105.3984457205,7.062,3.5,2020-01-24T07:12:00.0
6.13,6.43,6.29,4.97,105.44986611250002,7.062,3.562,2020-01-24T07:13:00.0
6.23,6.38,6.41,4.994999999999999,105.46271881725002,7.093500000000001,3.5934999999999997,2020-01-24T07:14:00.0
6.33,6.33,6.53,5.02,105.47557152200001,7.125,3.625,2020-01-24T07:15:00.0
6.65,6.91,7.01,4.98,105.50127374050001,7.187,3.625,2020-01-24T07:16:00.0
6.69,6.61,6.91,5.02,105.50127374050001,7.25,3.625,2020-01-24T07:17:00.0
6.87,6.69,7.05,5.02,105.50127374050001,7.25,3.625,2020-01-24T07:18:00.0
6.65,6.79,7.09,5.04,105.50127374050001,7.25,3.625,2020-01-24T07:19:00.0
6.79,6.69,6.93,5.03,105.47557152200001,7.312,3.625,2020-01-24T07:20:00.0
6.61,6.83,6.79,5.0,105.52697276800001,7.375,3.625,2020-01-24T07:21:00.0
6.75,7.11,7.09,4.98,105.55266860450001,7.375,3.562,2020-01-24T07:22:00.0
7.11,6.73,7.79,5.04,105.55266860450001,7.437,3.5,2020-01-24T07:23:00.0
6.97,7.05,7.01,5.04,105.55266860450001,7.437,3.5,2020-01-24T07:24:00.0
7.29,7.15,7.15,5.1,105.50127374050001,7.437,3.437,2020-01-24T07:25:00.0
7.11,7.05,7.23,5.14,105.44986611250002,7.5,3.437,2020-01-24T07:26:00.0
7.27,7.29,7.37,5.16,105.50127374050001,7.562,3.5,2020-01-24T07:27:00.0
7.37,7.23,7.59,5.2,105.50127374050001,7.625,3.5,2020-01-24T07:28:00.0
7.11,7.15,7.23,5.18,105.50127374050001,7.625,3.5,2020-01-24T07:29:00.0
7.11,7.15,7.65,5.17,105.50127374050001,7.687,3.5,2020-01-24T07:30:00.0
7.41,7.11,7.09,5.2,105.50127374050001,7.687,3.562,2020-01-24T07:31:00.0
7.33,6.93,7.65,5.16,105.55266860450001,7.687,3.562,2020-01-24T07:32:00.0
7.41,7.41,7.27,5.2,105.50127374050001,7.75,3.5,2020-01-24T07:33:00.0
7.41,7.37,7.83,5.18,105.50127374050001,7.75,3.5,2020-01-24T07:34:00.0
7.27,7.41,7.61,5.23,105.52697276800001,7.75,3.5,2020-01-24T07:35:00.0
7.23,7.33,7.47,5.26,105.52697276800001,7.75,3.5,2020-01-24T07:36:00.0
7.73,7.01,7.01,5.19,105.52697276800001,7.812,3.5,2020-01-24T07:37:00.0
7.55,7.55,7.69,5.25,105.50127374050001,7.875,3.5,2020-01-24T07:38:00.0
7.95,7.47,7.83,5.25,105.55266860450001,7.875,3.5,2020-01-24T07:39:00.0
7.95,7.59,7.91,5.29,105.50127374050001,7.875,3.562,2020-01-24T07:40:00.0
7.73,8.33,8.15,5.43,105.3984457205,7.937,3.562,2020-01-24T07:41:00.0
7.87,7.55,7.77,5.56,105.2955666445,7.937,3.562,2020-01-24T07:42:00.0
8.01,7.95,8.41,5.66,105.1926365125,7.937,3.562,2020-01-24T07:43:00.0
8.45,8.13,8.29,5.68,105.218373832,7.937,3.562,2020-01-24T07:44:00.0
8.13,7.97,8.79,5.74,105.24410796050002,7.937,3.562,2020-01-24T07:45:00.0
8.15,8.47,8.41,5.81,105.14115230050001,8.0,3.687,2020-01-24T07:46:00.0
8.65,8.19,8.45,5.81,105.14115230050001,8.062,3.75,2020-01-24T07:47:00.0
8.65,8.37,8.33,5.85,105.14115230050001,8.062,3.812,2020-01-24T07:48:00.0
8.55,8.83,8.59,5.88,105.14115230050001,8.125,3.875,2020-01-24T07:49:00.0
8.83,8.83,8.61,5.94,105.14115230050001,8.187,3.875,2020-01-24T07:50:00.0
8.89,8.83,8.69,5.96,105.14115230050001,8.25,3.937,2020-01-24T07:51:00.0
8.71,8.41,8.45,6.02,105.115405408,8.312,3.937,2020-01-24T07:52:00.0
8.83,8.69,8.83,6.05,105.14115230050001,8.375,3.937,2020-01-24T07:53:00.0
9.39,8.87,9.19,6.09,105.0896553245,8.437,4.062,2020-01-24T07:54:00.0
8.87,8.79,9.11,6.24,104.98662308050001,8.562,4.062,2020-01-24T07:55:00.0
8.97,9.11,9.57,6.28,104.8835397805,8.562,4.062,2020-01-24T07:56:00.0
8.93,9.01,9.19,6.34,104.8835397805,8.625,4.125,2020-01-24T07:57:00.0
9.19,9.03,8.89,6.42,104.8319789845,8.625,4.125,2020-01-24T07:58:00.0
9.29,9.19,9.25,6.42,104.8835397805,8.75,4.187,2020-01-24T07:59:00.0
8.93,8.87,8.79,6.37,104.9350878125,8.75,4.187,2020-01-24T08:00:00.0
9.03,9.15,9.19,6.35,104.98662308050001,8.812,4.25,2020-01-24T08:01:00.0
9.77,9.19,9.39,6.36,104.8319789845,8.875,4.187,2020-01-24T08:02:00.0
9.47,9.33,10.19,6.37,104.67722001250002,8.937,4.312,2020-01-24T08:03:00.0
9.49,9.11,9.29,6.46,104.62560816050001,9.0,4.375,2020-01-24T08:04:00.0
9.29,8.71,9.25,6.53,104.599797448,9.062,4.375,2020-01-24T08:05:00.0
8.61,9.03,9.33,6.42,104.47069602050001,9.125,4.312,2020-01-24T08:06:00.0
9.21,9.11,9.57,6.46,104.52234616450001,9.125,4.312,2020-01-24T08:07:00.0
9.07,9.85,9.39,6.57,104.47069602050001,9.187,4.312,2020-01-24T08:08:00.0
8.97,9.33,9.71,6.62,104.47069602050001,9.25,4.312,2020-01-24T08:09:00.0
9.43,9.25,9.61,6.62,104.4190331125,9.25,4.437,2020-01-24T08:10:00.0
9.53,9.35,9.61,6.68,104.62560816050001,9.312,4.437,2020-01-24T08:11:00.0
9.61,9.33,10.09,6.66,104.65141568200002,9.312,4.5,2020-01-24T08:12:00.0
9.21,9.43,9.43,6.68,104.47069602050001,9.312,4.5,2020-01-24T08:13:00.0
9.43,9.47,9.07,6.65,104.52234616450001,9.312,4.5,2020-01-24T08:14:00.0
9.33,9.39,9.77,6.66,104.57398354450001,9.312,4.5,2020-01-24T08:15:00.0
9.33,9.29,9.89,6.6,104.67722001250002,9.375,4.5,2020-01-24T08:16:00.0
9.61,9.35,9.63,6.58,104.65141568200002,9.375,4.437,2020-01-24T08:17:00.0
9.81,9.25,10.09,6.66,104.62560816050001,9.437,4.437,2020-01-24T08:18:00.0
9.49,9.53,9.85,6.66,104.67722001250002,9.437,4.437,2020-01-24T08:19:00.0
9.47,9.67,10.09,6.65,104.67722001250002,9.5,4.437,2020-01-24T08:20:00.0
9.49,9.39,9.81,6.63,104.7288191005,9.562,4.437,2020-01-24T08:21:00.0
9.53,9.35,9.77,6.59,104.7288191005,9.562,4.5,2020-01-24T08:22:00.0
9.99,9.49,9.81,6.55,104.67722001250002,9.562,4.5,2020-01-24T08:23:00.0
9.89,9.39,9.91,6.56,104.62560816050001,9.562,4.375,2020-01-24T08:24:00.0
9.71,9.39,9.39,6.55,104.52234616450001,9.562,4.375,2020-01-24T08:25:00.0
9.91,9.75,9.77,6.58,104.65141568200002,9.562,4.375,2020-01-24T08:26:00.0
10.0,9.68,9.899999999999999,6.545,104.66431784725002,9.593499999999999,4.375,2020-01-24T08:27:00.0
10.09,9.61,10.03,6.51,104.67722001250002,9.625,4.375,2020-01-24T08:28:00.0
9.71,9.43,9.91,6.55,104.7288191005,9.562,4.312,2020-01-24T08:29:00.0
9.77,10.03,9.75,6.6,104.67722001250002,9.625,4.312,2020-01-24T08:30:00.0
9.91,9.67,10.19,6.66,104.62560816050001,9.687,4.312,2020-01-24T08:31:00.0
10.03,10.03,10.23,6.71,104.4190331125,9.687,4.437,2020-01-24T08:32:00.0
9.85,9.67,9.63,6.75,104.2639678045,9.75,4.437,2020-01-24T08:33:00.0
9.95,9.75,10.55,6.75,104.134658962,9.75,4.5,2020-01-24T08:34:00.0
10.19,9.67,9.61,6.85,104.10878762050001,9.812,4.562,2020-01-24T08:35:00.0
10.05,9.95,9.99,6.9,104.00527034450002,9.812,4.687,2020-01-24T08:36:00.0
10.13,9.95,10.05,6.92,103.9534925605,9.937,4.75,2020-01-24T08:37:00.0
9.95,10.09,10.23,6.96,103.9534925605,9.937,4.812,2020-01-24T08:38:00.0
10.37,9.85,9.67,7.0,103.92759888200001,10.0,4.812,2020-01-24T08:39:00.0
10.03,9.99,10.41,7.04,103.8498987005,10.062,4.875,2020-01-24T08:40:00.0
9.85,10.09,9.57,7.0,103.69441218050001,10.062,4.875,2020-01-24T08:41:00.0
10.19,9.67,9.61,7.1,103.79808262450001,10.125,4.875,2020-01-24T08:42:00.0
10.05,9.49,9.61,7.12,103.720334578,10.125,4.875,2020-01-24T08:43:00.0
9.75,9.47,10.17,7.05,103.53881078450001,10.125,4.875,2020-01-24T08:44:00.0
9.780000000000001,9.620000000000001,9.68,7.0,103.53881078450001,10.155999999999999,4.843500000000001,2020-01-24T08:45:00.0
9.81,9.77,9.19,6.95,103.53881078450001,10.187,4.812,2020-01-24T08:46:00.0
9.71,9.57,9.95,6.86,103.33116356050002,10.187,4.812,2020-01-24T08:47:00.0
9.61,9.71,9.89,6.86,103.2792198445,10.187,4.75,2020-01-24T08:48:00.0
9.81,9.67,10.09,6.8,103.2272633645,10.125,4.687,2020-01-24T08:49:00.0
10.17,9.57,10.23,6.8,103.2272633645,10.125,4.687,2020-01-24T08:50:00.0
10.17,9.64,10.23,6.779999999999999,103.12328658450001,10.125,4.656000000000001,2020-01-24T08:51:00.0
10.17,9.71,10.23,6.76,103.01930980450001,10.125,4.625,2020-01-24T08:52:00.0
9.9,9.64,9.79,6.76,103.0453135725,10.125,4.6875,2020-01-24T08:53:00.0
9.63,9.57,9.35,6.76,103.0713173405,10.125,4.75,2020-01-24T08:54:00.0
9.89,9.49,9.49,6.75,103.0713173405,10.062,4.812,2020-01-24T08:55:00.0
9.92,9.440000000000001,9.74,6.720000000000001,102.9932868905,10.062,4.812,2020-01-24T08:56:00.0
9.95,9.39,9.99,6.69,102.9152564405,10.062,4.812,2020-01-24T08:57:00.0
9.63,9.43,10.03,6.66,102.86321061250001,10.062,4.812,2020-01-24T08:58:00.0
9.71,8.69,9.35,6.68,103.01930980450001,10.062,4.687,2020-01-24T08:59:00.0
9.63,9.15,9.53,6.7,103.01930980450001,10.062,4.562,2020-01-24T09:00:00.0
10.19,9.11,9.47,6.72,102.9672895045,10.0,4.437,2020-01-24T09:01:00.0
9.67,8.83,9.29,6.68,102.86321061250001,9.937,4.375,2020-01-24T09:02:00.0
9.74,8.969999999999999,9.309999999999999,6.619999999999999,102.73300031250001,9.937,4.343500000000001,2020-01-24T09:03:00.0
9.81,9.11,9.33,6.56,102.60279001250001,9.937,4.312,2020-01-24T09:04:00.0
9.61,8.45,9.21,6.6,102.86321061250001,9.875,4.25,2020-01-24T09:05:00.0
9.63,8.61,9.11,6.51,102.60279001250001,9.875,4.187,2020-01-24T09:06:00.0
9.07,8.23,8.65,6.49,102.60279001250001,9.812,4.187,2020-01-24T09:07:00.0
9.01,8.69,9.03,6.52,102.62884643200002,9.812,4.125,2020-01-24T09:08:00.0
9.29,9.03,9.07,6.54,102.7069965445,9.75,4.062,2020-01-24T09:09:00.0
9.29,9.19,9.01,6.64,102.8111520205,9.75,4.0,2020-01-24T09:10:00.0
9.25,9.19,8.97,6.6,102.55066760050002,9.75,4.0,2020-01-24T09:11:00.0
9.63,9.19,9.29,6.64,102.55066760050002,9.75,4.0,2020-01-24T09:12:00.0
9.47,8.97,9.15,6.57,102.420305728,9.75,4.125,2020-01-24T09:13:00.0
9.39,8.79,9.35,6.44,102.28986408050001,9.75,4.187,2020-01-24T09:14:00.0
9.49,8.97,9.47,6.33,102.0287414605,9.75,4.187,2020-01-24T09:15:00.0
9.49,8.97,9.53,6.22,102.1854533245,9.687,4.312,2020-01-24T09:16:00.0
9.21,8.51,9.49,6.12,102.05486808200001,9.625,4.312,2020-01-24T09:17:00.0
9.33,8.51,8.79,6.13,102.23766508450001,9.562,4.062,2020-01-24T09:18:00.0
9.03,8.69,9.63,6.09,102.1332288005,9.5,4.0,2020-01-24T09:19:00.0
9.07,8.59,9.35,6.06,102.0809915125,9.437,4.0,2020-01-24T09:20:00.0
8.97,8.61,8.79,6.06,102.10711175200001,9.375,3.937,2020-01-24T09:21:00.0
9.35,8.29,8.83,5.96,102.002611648,9.312,3.812,2020-01-24T09:22:00.0
9.53,8.97,8.69,5.87,101.9764786445,9.25,3.687,2020-01-24T09:23:00.0
9.53,8.74,8.69,5.925000000000001,102.2114315645,9.218499999999999,3.8434999999999997,2020-01-24T09:24:00.0
9.53,8.51,8.69,5.98,102.44638448450002,9.187,4.0,2020-01-24T09:25:00.0
8.79,8.55,8.75,6.02,102.49853242450001,9.187,4.187,2020-01-24T09:26:00.0
9.29,8.45,8.61,6.0,102.49853242450001,9.187,4.25,2020-01-24T09:27:00.0
8.71,8.51,8.83,6.08,102.49853242450001,9.125,4.312,2020-01-24T09:28:00.0
9.11,8.51,9.29,6.12,102.60279001250001,9.062,4.312,2020-01-24T09:29:00.0
9.33,8.29,9.33,6.13,102.44638448450002,9.062,4.25,2020-01-24T09:30:00.0
9.35,8.41,9.15,6.15,102.49853242450001,9.062,4.187,2020-01-24T09:31:00.0
9.19,8.45,9.25,6.17,102.55066760050002,9.0,4.312,2020-01-24T09:32:00.0
9.03,8.51,8.55,6.2,102.60279001250001,9.0,4.25,2020-01-24T09:33:00.0
8.41,8.13,8.51,6.06,102.1854533245,9.0,4.25,2020-01-24T09:34:00.0
8.83,8.27,8.47,5.96,101.76729974050001,8.937,4.187,2020-01-24T09:35:00.0
8.65,7.47,7.55,5.92,101.9242030645,8.875,4.187,2020-01-24T09:36:00.0
8.15,7.65,7.77,5.86,102.1854533245,8.812,4.125,2020-01-24T09:37:00.0
7.77,7.61,7.65,5.91,102.34205031250002,8.75,4.0,2020-01-24T09:38:00.0
8.01,7.11,7.77,5.86,102.23766508450001,8.75,3.875,2020-01-24T09:39:00.0
7.73,7.69,7.01,5.86,102.26376617800001,8.625,3.75,2020-01-24T09:40:00.0
7.41,7.29,6.83,5.84,102.23766508450001,8.625,3.75,2020-01-24T09:41:00.0
7.59,7.23,8.05,5.84,102.28986408050001,8.5,3.75,2020-01-24T09:42:00.0
7.59,7.87,7.37,5.84,102.315958792,8.5,3.75,2020-01-24T09:43:00.0
7.33,7.05,7.23,5.84,102.28986408050001,8.437,3.75,2020-01-24T09:44:00.0
7.45,7.15,7.77,5.9,102.3942237805,8.375,3.687,2020-01-24T09:45:00.0
7.29,7.47,7.37,5.86,102.28986408050001,8.375,3.687,2020-01-24T09:46:00.0
7.45,7.11,7.61,5.86,102.1854533245,8.375,3.75,2020-01-24T09:47:00.0
7.65,7.05,7.23,5.88,102.368138642,8.312,3.812,2020-01-24T09:48:00.0
7.51,7.37,7.59,5.86,102.28986408050001,8.312,3.812,2020-01-24T09:49:00.0
7.77,6.65,7.27,5.78,102.1332288005,8.312,3.75,2020-01-24T09:50:00.0
7.37,6.93,7.95,5.83,102.28986408050001,8.312,3.687,2020-01-24T09:51:00.0
7.73,7.47,7.65,5.82,102.26376617800001,8.25,3.625,2020-01-24T09:52:00.0
7.45,7.33,6.93,5.84,102.15934265800001,8.25,3.687,2020-01-24T09:53:00.0
7.51,7.55,7.33,5.88,102.0809915125,8.312,3.687,2020-01-24T09:54:00.0
7.41,7.91,7.29,5.94,102.23766508450001,8.312,3.812,2020-01-24T09:55:00.0
7.65,7.61,7.47,5.93,102.0809915125,8.312,3.812,2020-01-24T09:56:00.0
8.51,7.23,7.95,5.97,102.0809915125,8.312,3.812,2020-01-24T09:57:00.0
7.69,7.55,8.05,6.0,102.1332288005,8.312,3.812,2020-01-24T09:58:00.0
8.01,7.77,7.65,6.03,101.95034245000002,8.375,3.812,2020-01-24T09:59:00.0
8.27,7.61,7.79,6.08,102.1332288005,8.375,3.875,2020-01-24T10:00:00.0
7.83,8.13,8.23,6.06,101.76729974050001,8.375,3.875,2020-01-24T10:01:00.0
8.09,7.97,8.15,6.15,101.8196136125,8.375,3.875,2020-01-24T10:02:00.0
8.23,8.29,8.05,6.08,101.55791661250001,8.375,3.875,2020-01-24T10:03:00.0
8.61,8.01,8.37,6.06,101.55791661250001,8.375,3.812,2020-01-24T10:04:00.0
8.59,7.55,8.75,6.07,101.61028154050001,8.375,3.937,2020-01-24T10:05:00.0
7.95,7.41,8.47,6.09,101.61028154050001,8.437,4.0,2020-01-24T10:06:00.0
8.47,8.05,8.15,6.22,101.688805,8.437,4.062,2020-01-24T10:07:00.0
8.33,8.09,7.69,6.2,101.50553892050002,8.5,4.0,2020-01-24T10:08:00.0
8.23,8.13,8.27,6.22,101.55791661250001,8.562,3.937,2020-01-24T10:09:00.0
8.51,8.09,8.79,6.22,101.4007452445,8.562,3.875,2020-01-24T10:10:00.0
9.07,8.29,8.69,6.26,101.636459218,8.562,3.875,2020-01-24T10:11:00.0
7.95,7.77,8.15,6.2,101.4531484645,8.562,3.937,2020-01-24T10:12:00.0
7.890000000000001,7.84,8.45,6.17,101.4531484645,8.593499999999999,3.9059999999999997,2020-01-24T10:13:00.0
7.83,7.91,8.75,6.14,101.4531484645,8.625,3.875,2020-01-24T10:14:00.0
7.87,7.95,7.11,6.16,101.4531484645,8.562,3.875,2020-01-24T10:15:00.0
8.09,7.95,8.23,6.1,101.34832926050001,8.625,3.875,2020-01-24T10:16:00.0
8.45,8.15,8.15,6.17,101.4531484645,8.562,3.875,2020-01-24T10:17:00.0
8.23,7.97,8.19,6.07,101.0335653125,8.562,3.875,2020-01-24T10:18:00.0
8.09,7.91,8.01,6.05,101.2434590005,8.562,3.812,2020-01-24T10:19:00.0
7.87,7.97,8.23,6.08,101.34832926050001,8.562,3.812,2020-01-24T10:20:00.0
7.97,7.87,8.09,6.11,101.26968135200002,8.562,3.875,2020-01-24T10:21:00.0
8.09,7.77,8.05,6.14,101.29590051250001,8.562,3.875,2020-01-24T10:22:00.0
8.09,7.47,8.23,6.11,101.1910047245,8.562,3.812,2020-01-24T10:23:00.0
7.97,8.09,8.13,6.15,101.29590051250001,8.562,3.875,2020-01-24T10:24:00.0
8.23,8.15,8.37,6.16,101.4007452445,8.562,3.875,2020-01-24T10:25:00.0
8.13,8.19,8.59,6.13,101.21723345800001,8.562,3.875,2020-01-24T10:26:00.0
8.45,8.19,8.13,6.18,101.34832926050001,8.562,3.875,2020-01-24T10:27:00.0
8.15,7.59,8.29,6.16,101.1910047245,8.625,3.875,2020-01-24T10:28:00.0
8.19,8.01,8.33,6.22,101.47934528800002,8.625,3.875,2020-01-24T10:29:00.0
8.343333333333334,8.129999999999999,8.436666666666667,6.246666666666666,101.50553572950001,8.645666666666667,3.9583333333333335,2020-01-24T10:30:00.0
8.496666666666668,8.249999999999998,8.543333333333335,6.2733333333333325,101.531726171,8.666333333333334,4.041666666666667,2020-01-24T10:31:00.0
8.65,8.37,8.65,6.3,101.55791661250001,8.687,4.125,2020-01-24T10:32:00.0
8.55,8.29,8.01,6.36,101.50553892050002,8.687,4.125,2020-01-24T10:33:00.0
8.61,8.47,8.33,6.35,101.42694845,8.687,4.062,2020-01-24T10:34:00.0
8.61,8.41,8.29,6.4,101.2434590005,8.75,4.125,2020-01-24T10:35:00.0
8.61,8.41,9.21,6.38,100.9285418845,8.75,4.062,2020-01-24T10:36:00.0
8.51,8.45,9.33,6.41,101.08605788050001,8.812,3.937,2020-01-24T10:37:00.0
8.93,8.59,9.35,6.42,100.98105998050002,8.875,3.937,2020-01-24T10:38:00.0
9.39,8.61,9.15,6.53,101.1910047245,8.937,4.0,2020-01-24T10:39:00.0
9.15,8.75,9.57,6.61,101.29590051250001,9.0,4.062,2020-01-24T10:40:00.0
9.35,9.25,9.21,6.65,101.11229937800002,9.062,4.125,2020-01-24T10:41:00.0
9.89,9.15,9.29,6.71,101.08605788050001,9.062,4.25,2020-01-24T10:42:00.0
9.57,9.03,10.13,6.78,101.16477280000001,9.125,4.312,2020-01-24T10:43:00.0
9.71,9.35,9.35,6.78,100.90227805,9.25,4.375,2020-01-24T10:44:00.0
9.77,9.15,9.29,6.74,100.69205249800001,9.25,4.375,2020-01-24T10:45:00.0
9.47,9.01,9.35,6.8,100.9285418845,9.375,4.312,2020-01-24T10:46:00.0
9.85,9.35,9.89,6.82,100.7709110125,9.375,4.25,2020-01-24T10:47:00.0
9.870000000000001,9.25,9.850000000000001,6.79,100.5867849585,9.4375,4.25,2020-01-24T10:48:00.0
9.89,9.15,9.81,6.76,100.40265890450002,9.5,4.25,2020-01-24T10:49:00.0
9.89,9.29,9.91,6.66,100.165595138,9.5,4.375,2020-01-24T10:50:00.0
9.95,9.19,9.91,6.7,100.6657599445,9.562,4.437,2020-01-24T10:51:00.0
9.89,9.33,9.99,6.7,100.7709110125,9.625,4.437,2020-01-24T10:52:00.0
10.09,9.35,10.13,6.69,100.50793761250002,9.625,4.375,2020-01-24T10:53:00.0
9.39,9.15,9.53,6.75,100.7709110125,9.625,4.375,2020-01-24T10:54:00.0
9.77,9.21,9.53,6.84,100.87601102450002,9.625,4.312,2020-01-24T10:55:00.0
9.71,9.33,9.63,6.78,100.40265890450002,9.687,4.375,2020-01-24T10:56:00.0
9.71,8.97,9.11,6.63,99.8754995245,9.625,4.5,2020-01-24T10:57:00.0
9.89,9.33,9.33,6.54,100.0865164445,9.625,4.5,2020-01-24T10:58:00.0
9.81,9.07,9.49,6.58,100.4553046405,9.562,4.5,2020-01-24T10:59:00.0
9.57,8.87,9.71,6.5,100.24464511250001,9.5,4.437,2020-01-24T11:00:00.0
9.33,8.83,9.29,6.45,100.29732914050001,9.5,4.437,2020-01-24T11:01:00.0
9.21,8.87,9.19,6.46,100.50793761250002,9.5,4.375,2020-01-24T11:02:00.0
9.39,8.79,8.93,6.46,100.53424931200001,9.375,4.375,2020-01-24T11:03:00.0
9.35,8.51,8.83,6.52,100.56055782050001,9.375,4.375,2020-01-24T11:04:00.0
9.53,8.61,9.63,6.49,100.35000040450001,9.312,4.437,2020-01-24T11:05:00.0
9.21,8.51,8.75,6.42,100.24464511250001,9.312,4.5,2020-01-24T11:06:00.0
9.32,8.559999999999999,8.58,6.37,100.13921323650001,9.2495,4.5,2020-01-24T11:07:00.0
9.43,8.61,8.41,6.32,100.0337813605,9.187,4.5,2020-01-24T11:08:00.0
9.29,8.55,9.11,6.35,100.29732914050001,9.187,4.437,2020-01-24T11:09:00.0
9.29,8.51,8.71,6.28,99.90188780800001,9.187,4.437,2020-01-24T11:10:00.0
8.69,8.33,8.45,6.1,99.66427838050001,9.187,4.437,2020-01-24T11:11:00.0
8.89,8.13,8.51,5.98,99.7699144805,9.062,4.312,2020-01-24T11:12:00.0
8.71,8.23,8.59,5.87,99.8754995245,9.0,4.187,2020-01-24T11:13:00.0
8.65,8.41,8.16,5.835,100.2706297345,8.875,4.1245,2020-01-24T11:14:00.0
8.59,8.59,7.73,5.8,100.6657599445,8.75,4.062,2020-01-24T11:15:00.0
8.69,8.05,8.27,5.72,100.4553046405,8.625,4.062,2020-01-24T11:16:00.0
8.41,8.05,8.15,5.7,100.56055782050001,8.562,4.062,2020-01-24T11:17:00.0
8.15,8.09,7.87,5.68,100.7183418605,8.437,4.062,2020-01-24T11:18:00.0
8.47,7.87,8.37,5.64,100.7183418605,8.375,4.0,2020-01-24T11:19:00.0
8.09,7.73,7.47,5.63,100.6657599445,8.312,4.0,2020-01-24T11:20:00.0
8.37,8.29,8.23,5.65,100.9285418845,8.312,4.062,2020-01-24T11:21:00.0
8.55,8.05,7.33,5.7,101.13853768450001,8.312,4.062,2020-01-24T11:22:00.0
8.59,8.19,8.27,5.78,101.1910047245,8.25,4.062,2020-01-24T11:23:00.0
8.37,8.01,8.15,5.83,101.08605788050001,8.25,4.0,2020-01-24T11:24:00.0
8.87,8.37,8.51,5.88,101.08605788050001,8.312,4.0,2020-01-24T11:25:00.0
8.97,8.13,8.23,5.9,100.7183418605,8.25,4.0,2020-01-24T11:26:00.0
8.97,7.87,8.45,5.86,100.7709110125,8.25,4.062,2020-01-24T11:27:00.0
8.75,7.87,8.47,5.94,101.08605788050001,8.312,4.062,2020-01-24T11:28:00.0
8.75,8.13,9.01,5.84,100.40265890450002,8.312,4.125,2020-01-24T11:29:00.0
9.03,8.51,9.19,6.05,101.1910047245,8.312,4.125,2020-01-24T11:30:00.0
8.89,8.47,7.87,6.12,101.26968135200002,8.437,4.125,2020-01-24T11:31:00.0
8.75,8.01,8.37,6.2,101.08605788050001,8.5,4.187,2020-01-24T11:32:00.0
9.01,8.33,8.05,6.2,101.1910047245,8.562,4.125,2020-01-24T11:33:00.0
8.79,8.27,8.23,6.25,101.007314242,8.625,4.187,2020-01-24T11:34:00.0
8.87,8.55,8.15,6.28,100.98105998050002,8.75,4.125,2020-01-24T11:35:00.0
9.11,8.37,8.61,6.38,100.98105998050002,8.812,4.187,2020-01-24T11:36:00.0
8.83,8.29,8.47,6.17,99.9282729005,8.812,4.187,2020-01-24T11:37:00.0
9.15,8.13,8.71,6.14,100.0865164445,8.812,4.187,2020-01-24T11:38:00.0
9.21,8.37,9.11,6.26,100.7183418605,8.812,4.25,2020-01-24T11:39:00.0
8.83,8.75,8.71,6.36,100.98105998050002,8.875,4.187,2020-01-24T11:40:00.0
8.75,8.55,8.37,6.32,100.50793761250002,9.0,4.125,2020-01-24T11:41:00.0
8.97,8.83,8.79,6.16,99.9810335125,9.0,4.125,2020-01-24T11:42:00.0
9.03,8.59,9.53,6.1,100.0865164445,9.0,4.187,2020-01-24T11:43:00.0
9.35,8.45,9.39,6.27,100.9285418845,9.062,4.25,2020-01-24T11:44:00.0
9.21,8.97,9.43,6.37,100.98105998050002,9.125,4.312,2020-01-24T11:45:00.0
9.43,8.65,9.21,6.49,101.13853768450001,9.125,4.25,2020-01-24T11:46:00.0
9.49,8.89,9.19,6.56,100.9285418845,9.25,4.25,2020-01-24T11:47:00.0
9.35,8.83,9.39,6.6,100.56055782050001,9.312,4.25,2020-01-24T11:48:00.0
9.19,8.55,9.53,6.62,100.58686313800001,9.375,4.25,2020-01-24T11:49:00.0
8.93,8.83,9.33,6.66,100.29732914050001,9.375,4.25,2020-01-24T11:50:00.0
9.15,8.55,9.19,6.69,100.0865164445,9.437,4.187,2020-01-24T11:51:00.0
9.39,8.97,9.33,6.7,100.19194832050002,9.5,4.187,2020-01-24T11:52:00.0
9.43,9.02,9.43,6.58,99.83562033625,9.468499999999999,4.187,2020-01-24T11:53:00.0
9.47,9.07,9.53,6.46,99.479292352,9.437,4.187,2020-01-24T11:54:00.0
9.53,8.69,9.75,6.62,100.40265890450002,9.437,4.312,2020-01-24T11:55:00.0
9.43,9.15,9.77,6.66,100.29732914050001,9.437,4.375,2020-01-24T11:56:00.0
9.77,8.69,8.93,6.6,99.8754995245,9.437,4.375,2020-01-24T11:57:00.0
9.33,8.47,8.87,6.42,99.267688288,9.375,4.312,2020-01-24T11:58:00.0
9.15,8.23,9.01,6.31,99.02938960450001,9.312,4.187,2020-01-24T11:59:00.0
9.25,8.45,9.35,6.27,99.2412234205,9.312,4.062,2020-01-24T12:00:00.0
9.219999999999999,8.6,9.030000000000001,6.215,99.25445585425001,9.218499999999999,3.9995000000000003,2020-01-24T12:01:00.0
9.19,8.75,8.71,6.16,99.267688288,9.125,3.937,2020-01-24T12:02:00.0
8.75,8.13,8.41,6.07,99.214755362,9.062,3.937,2020-01-24T12:03:00.0
8.97,8.19,9.53,6.1,99.8754995245,9.0,3.875,2020-01-24T12:04:00.0
8.59,8.29,8.61,6.1,99.7699144805,8.875,3.812,2020-01-24T12:05:00.0
8.45,7.91,8.89,5.94,99.29414996450001,8.812,3.875,2020-01-24T12:06:00.0
8.79,7.65,8.61,5.97,100.00740903200001,8.812,3.937,2020-01-24T12:07:00.0
8.05,7.87,8.29,5.97,100.165595138,8.75,3.812,2020-01-24T12:08:00.0
8.93,8.27,8.33,6.0,100.165595138,8.75,3.687,2020-01-24T12:09:00.0
8.27,7.97,7.65,5.84,99.5585912245,8.687,3.687,2020-01-24T12:10:00.0
8.41,7.95,8.55,5.9,100.0865164445,8.562,3.687,2020-01-24T12:11:00.0
8.29,8.13,8.47,5.87,99.7699144805,8.562,3.75,2020-01-24T12:12:00.0
9.15,8.37,8.33,5.94,100.24464511250001,8.562,3.812,2020-01-24T12:13:00.0
8.71,7.83,8.47,6.0,100.35000040450001,8.562,3.75,2020-01-24T12:14:00.0
8.33,7.91,7.87,5.96,100.0337813605,8.562,3.687,2020-01-24T12:15:00.0
8.37,7.77,7.95,5.94,99.82271338450002,8.5,3.625,2020-01-24T12:16:00.0
8.45,7.33,8.23,5.8,99.29414996450001,8.5,3.812,2020-01-24T12:17:00.0
8.29,7.59,7.69,5.7,99.29414996450001,8.5,3.812,2020-01-24T12:18:00.0
8.59,7.77,7.95,5.68,99.53216145800002,8.437,3.687,2020-01-24T12:19:00.0
8.29,7.41,8.05,5.61,99.5585912245,8.312,3.562,2020-01-24T12:20:00.0
8.29,7.33,7.87,5.64,99.5850178,8.25,3.562,2020-01-24T12:21:00.0
7.95,7.29,7.73,5.46,98.6581890125,8.187,3.625,2020-01-24T12:22:00.0
8.01,7.19,7.47,5.54,99.71710281250002,8.125,3.5,2020-01-24T12:23:00.0
7.59,7.11,8.19,5.52,99.50572850050001,8.062,3.375,2020-01-24T12:24:00.0
8.19,7.79,7.15,5.52,99.50572850050001,8.0,3.375,2020-01-24T12:25:00.0
8.37,7.41,7.95,5.43,99.1353320405,7.937,3.312,2020-01-24T12:26:00.0
7.91,7.59,7.97,5.47,99.61144118450001,7.875,3.375,2020-01-24T12:27:00.0
7.59,7.95,7.77,5.51,99.7699144805,7.875,3.375,2020-01-24T12:28:00.0
7.69,7.61,7.69,5.51,99.3999647605,7.875,3.5,2020-01-24T12:29:00.0
7.95,7.19,7.77,5.48,99.45285301250001,7.812,3.437,2020-01-24T12:30:00.0
8.13,7.55,8.01,5.44,99.479292352,7.75,3.5,2020-01-24T12:31:00.0
7.95,7.41,7.65,5.37,99.1353320405,7.75,3.5,2020-01-24T12:32:00.0
8.19,7.87,7.97,5.4,99.66427838050001,7.75,3.5,2020-01-24T12:33:00.0
8.45,8.15,8.05,5.41,99.3470637445,7.687,3.5,2020-01-24T12:34:00.0
8.59,7.59,8.89,5.4,99.42641048200001,7.75,3.562,2020-01-24T12:35:00.0
8.97,8.15,8.55,5.49,99.7699144805,7.75,3.562,2020-01-24T12:36:00.0
8.69,8.05,8.47,5.52,99.71710281250002,7.812,3.687,2020-01-24T12:37:00.0
8.75,8.09,8.65,5.53,99.45285301250001,7.875,3.687,2020-01-24T12:38:00.0
8.97,8.61,8.89,5.54,99.66427838050001,7.937,3.75,2020-01-24T12:39:00.0
9.01,8.15,8.61,5.53,99.61144118450001,8.0,3.75,2020-01-24T12:40:00.0
8.55,8.51,8.79,5.57,99.3999647605,8.0,3.687,2020-01-24T12:41:00.0
9.35,8.55,8.33,5.62,99.61144118450001,8.187,3.625,2020-01-24T12:42:00.0
9.15,8.41,9.25,5.7,100.165595138,8.187,3.687,2020-01-24T12:43:00.0
9.03,8.51,8.79,5.71,100.0337813605,8.312,3.687,2020-01-24T12:44:00.0
9.43,8.71,8.93,5.76,99.9282729005,8.375,3.625,2020-01-24T12:45:00.0
9.43,8.71,9.07,5.82,99.79631552800001,8.437,3.687,2020-01-24T12:46:00.0
9.25,8.79,8.61,5.8,99.29414996450001,8.437,3.75,2020-01-24T12:47:00.0
9.01,8.75,9.43,5.78,99.2412234205,8.437,3.75,2020-01-24T12:48:00.0
8.71,8.79,9.01,5.64,98.6581890125,8.437,3.75,2020-01-24T12:49:00.0
9.03,8.83,9.15,5.64,99.161809672,8.437,3.625,2020-01-24T12:50:00.0
8.75,7.79,8.93,5.6,98.81735156450002,8.5,3.625,2020-01-24T12:51:00.0
9.11,9.07,8.69,5.59,99.0823672045,8.437,3.625,2020-01-24T12:52:00.0
9.39,9.15,9.43,5.61,98.7112559605,8.5,3.562,2020-01-24T12:53:00.0
9.57,9.53,8.75,5.71,99.1882841125,8.5,3.437,2020-01-24T12:54:00.0
9.15,8.61,9.07,5.74,99.0823672045,8.562,3.437,2020-01-24T12:55:00.0
9.53,8.75,8.79,5.72,98.5254658,8.562,3.5,2020-01-24T12:56:00.0
8.87,9.01,8.51,5.71,98.55201682450001,8.562,3.562,2020-01-24T12:57:00.0
8.29,8.15,8.55,5.52,97.59416961250001,8.5,3.5,2020-01-24T12:58:00.0
8.65,7.73,8.29,5.35,97.27396820050001,8.437,3.437,2020-01-24T12:59:00.0
8.46,8.0,8.329999999999998,5.365,98.00587642425,8.343499999999999,3.4059999999999997,2020-01-24T13:00:00.0
8.27,8.27,8.37,5.38,98.73778464800002,8.25,3.375,2020-01-24T13:01:00.0
7.77,7.79,8.19,5.28,98.153416402,8.187,3.375,2020-01-24T13:02:00.0
8.55,7.73,7.97,5.21,98.23319392450001,8.062,3.312,2020-01-24T13:03:00.0
8.23,7.87,7.95,5.21,98.2863629845,8.062,3.375,2020-01-24T13:04:00.0
8.19,7.83,8.05,5.2,98.44579358050001,8.0,3.375,2020-01-24T13:05:00.0
8.37,8.19,8.47,5.22,99.02938960450001,8.0,3.375,2020-01-24T13:06:00.0
8.37,7.83,7.87,5.26,98.6581890125,7.937,3.312,2020-01-24T13:07:00.0
8.13,8.13,8.09,5.24,98.92339611250001,8.0,3.437,2020-01-24T13:08:00.0
8.37,8.13,8.41,5.2,98.92339611250001,7.937,3.437,2020-01-24T13:09:00.0
8.19,8.47,7.95,5.18,98.44579358050001,7.937,3.375,2020-01-24T13:10:00.0
8.19,7.95,8.05,5.17,98.7112559605,7.875,3.312,2020-01-24T13:11:00.0
8.29,8.19,7.61,5.12,98.2863629845,7.812,3.25,2020-01-24T13:12:00.0
8.05,7.61,8.01,5.07,98.0203900445,7.75,3.25,2020-01-24T13:13:00.0
8.37,7.95,8.27,5.13,98.7643101445,7.75,3.312,2020-01-24T13:14:00.0
8.59,7.83,8.87,5.21,99.29414996450001,7.75,3.375,2020-01-24T13:15:00.0
8.13,8.19,8.01,5.22,99.02938960450001,7.75,3.437,2020-01-24T13:16:00.0
8.27,8.01,7.69,5.16,98.81735156450002,7.75,3.375,2020-01-24T13:17:00.0
8.27,8.01,7.77,5.16,98.6581890125,7.75,3.25,2020-01-24T13:18:00.0
8.15,8.13,8.23,5.14,98.7643101445,7.687,3.25,2020-01-24T13:19:00.0
8.15,8.27,7.91,5.14,98.6581890125,7.687,3.187,2020-01-24T13:20:00.0
8.15,7.95,8.05,5.14,98.79083245000001,7.625,3.25,2020-01-24T13:21:00.0
8.27,7.95,7.65,5.14,98.49891158450001,7.625,3.25,2020-01-24T13:22:00.0
8.23,8.13,8.27,5.17,98.49891158450001,7.562,3.25,2020-01-24T13:23:00.0
8.15,8.19,8.33,5.26,99.0823672045,7.562,3.312,2020-01-24T13:24:00.0
8.51,7.97,8.41,5.3,98.9763992405,7.562,3.375,2020-01-24T13:25:00.0
8.399999999999999,8.1,8.14,5.29,98.6845310265,7.593500000000001,3.4375,2020-01-24T13:26:00.0
8.29,8.23,7.87,5.28,98.3926628125,7.625,3.5,2020-01-24T13:27:00.0
8.13,7.97,8.23,5.3,98.44579358050001,7.625,3.5,2020-01-24T13:28:00.0
8.27,8.05,7.47,5.26,98.100215432,7.625,3.5,2020-01-24T13:29:00.0
8.09,8.19,8.13,5.23,98.12681751250001,7.625,3.312,2020-01-24T13:30:00.0
8.47,8.13,8.19,5.21,98.44579358050001,7.562,3.437,2020-01-24T13:31:00.0
8.41,8.29,7.95,5.3,98.94989927200001,7.562,3.437,2020-01-24T13:32:00.0
8.23,8.45,7.79,5.3,98.92339611250001,7.625,3.437,2020-01-24T13:33:00.0
8.370000000000001,8.209999999999999,7.970000000000001,5.3100000000000005,98.97639285850002,7.593500000000001,3.437,2020-01-24T13:34:00.0
8.51,7.97,8.15,5.32,99.02938960450001,7.562,3.437,2020-01-24T13:35:00.0
7.95,8.27,7.79,5.21,98.73778464800002,7.562,3.437,2020-01-24T13:36:00.0
7.91,8.19,7.61,5.18,98.7112559605,7.5,3.437,2020-01-24T13:37:00.0
8.15,8.13,7.45,5.19,98.49891158450001,7.5,3.312,2020-01-24T13:38:00.0
8.13,7.95,7.95,5.2,98.33951928050001,7.437,3.312,2020-01-24T13:39:00.0
7.87,8.15,7.91,5.19,98.44579358050001,7.437,3.312,2020-01-24T13:40:00.0
7.87,8.45,8.19,5.11,98.2863629845,7.375,3.312,2020-01-24T13:41:00.0
8.19,8.16,7.9799999999999995,5.12,98.2331875425,7.375,3.312,2020-01-24T13:42:00.0
8.51,7.87,7.77,5.13,98.18001210050001,7.375,3.312,2020-01-24T13:43:00.0
7.97,7.83,8.13,5.18,98.12681751250001,7.375,3.312,2020-01-24T13:44:00.0
8.33,8.23,8.33,5.26,98.3926628125,7.312,3.375,2020-01-24T13:45:00.0
8.55,8.71,8.79,5.38,98.7112559605,7.437,3.5,2020-01-24T13:46:00.0
8.89,8.45,8.79,5.44,98.312942728,7.437,3.5,2020-01-24T13:47:00.0
8.89,8.51,8.71,5.4,97.91391152050001,7.5,3.5,2020-01-24T13:48:00.0
8.83,8.55,8.23,5.44,98.312942728,7.5,3.5,2020-01-24T13:49:00.0
8.83,8.41,8.45,5.5,98.312942728,7.5,3.437,2020-01-24T13:50:00.0
8.47,8.93,8.41,5.45,98.23319392450001,7.562,3.437,2020-01-24T13:51:00.0
8.61,8.33,8.19,5.36,98.04700169800002,7.5,3.437,2020-01-24T13:52:00.0
8.45,8.37,8.27,5.28,98.3926628125,7.562,3.437,2020-01-24T13:53:00.0
8.15,8.05,7.83,5.28,98.7112559605,7.5,3.437,2020-01-24T13:54:00.0
8.17,8.260000000000002,7.83,5.27,98.84382760049999,7.468500000000001,3.3745,2020-01-24T13:55:00.0
8.19,8.47,7.83,5.26,98.9763992405,7.437,3.312,2020-01-24T13:56:00.0
8.09,8.27,8.33,5.24,98.81735156450002,7.437,3.25,2020-01-24T13:57:00.0
8.47,8.09,8.65,5.2,99.05588,7.437,3.25,2020-01-24T13:58:00.0
7.91,8.29,8.15,5.26,99.1353320405,7.437,3.312,2020-01-24T13:59:00.0
8.13,8.05,7.79,5.16,98.6581890125,7.437,3.312,2020-01-24T14:00:00.0
7.73,8.37,8.37,5.2,98.92339611250001,7.437,3.312,2020-01-24T14:01:00.0
8.01,8.15,7.83,5.22,98.9763992405,7.375,3.375,2020-01-24T14:02:00.0
7.83,8.45,8.23,5.2,98.6051093005,7.375,3.375,2020-01-24T14:03:00.0
7.91,7.91,7.69,5.18,98.87038022050001,7.312,3.375,2020-01-24T14:04:00.0
8.01,8.51,8.01,5.18,99.0823672045,7.312,3.312,2020-01-24T14:05:00.0
8.47,8.65,7.77,5.2,99.1882841125,7.375,3.312,2020-01-24T14:06:00.0
8.23,8.37,7.97,5.26,99.1353320405,7.375,3.187,2020-01-24T14:07:00.0
8.61,8.79,8.65,5.35,99.02938960450001,7.375,3.125,2020-01-24T14:08:00.0
8.37,7.97,8.55,5.36,98.2863629845,7.437,3.125,2020-01-24T14:09:00.0
8.59,8.65,8.71,5.28,97.514162338,7.437,3.062,2020-01-24T14:10:00.0
8.15,8.55,8.51,5.34,97.91391152050001,7.5,3.062,2020-01-24T14:11:00.0
8.69,8.83,8.89,5.39,98.55201682450001,7.562,3.062,2020-01-24T14:12:00.0
8.75,8.45,8.87,5.35,98.2863629845,7.687,3.125,2020-01-24T14:13:00.0
8.89,8.59,8.23,5.36,98.419229792,7.75,3.25,2020-01-24T14:14:00.0
8.05,8.55,8.05,5.26,97.94053593800001,7.875,3.312,2020-01-24T14:15:00.0
8.05,8.55,8.27,5.36,98.44579358050001,7.937,3.312,2020-01-24T14:16:00.0
8.47,8.51,8.55,5.4,98.07361016050001,8.0,3.187,2020-01-24T14:17:00.0
8.41,8.13,8.27,5.36,97.567503712,8.0,3.187,2020-01-24T14:18:00.0
8.56,8.41,8.32,5.34,97.71407841225002,8.030999999999999,3.187,2020-01-24T14:19:00.0
8.71,8.69,8.37,5.32,97.86065311250002,8.062,3.187,2020-01-24T14:20:00.0
8.69,8.47,9.15,5.34,97.80738194050001,8.125,3.187,2020-01-24T14:21:00.0
8.61,8.71,8.47,5.36,97.91391152050001,8.187,3.125,2020-01-24T14:22:00.0
8.29,8.19,8.69,5.41,98.0203900445,8.187,3.187,2020-01-24T14:23:00.0
8.13,8.01,8.61,5.44,98.0203900445,8.25,3.25,2020-01-24T14:24:00.0
8.37,8.29,8.51,5.34,97.27396820050001,8.187,3.25,2020-01-24T14:25:00.0
8.75,8.37,9.21,5.43,97.75409800450001,8.187,3.25,2020-01-24T14:26:00.0
8.79,8.51,8.65,5.45,97.75409800450001,8.25,3.375,2020-01-24T14:27:00.0
8.51,8.33,8.47,5.42,97.75409800450001,8.312,3.375,2020-01-24T14:28:00.0
8.6,8.68,8.68,5.45,97.99364596450002,8.312,3.3434999999999997,2020-01-24T14:29:00.0
8.69,9.03,8.89,5.48,98.23319392450001,8.312,3.312,2020-01-24T14:30:00.0
8.61,8.69,8.93,5.48,97.86065311250002,8.312,3.25,2020-01-24T14:31:00.0
8.55,8.83,9.07,5.48,97.38075306050001,8.375,3.25,2020-01-24T14:32:00.0
8.87,9.33,8.51,5.6,97.91391152050001,8.375,3.312,2020-01-24T14:33:00.0
8.87,8.55,8.75,5.54,97.27396820050001,8.375,3.25,2020-01-24T14:34:00.0
9.03,8.75,8.71,5.53,97.54083462050001,8.437,3.312,2020-01-24T14:35:00.0
9.15,9.15,9.11,5.6,97.7008013045,8.437,3.25,2020-01-24T14:36:00.0
9.03,8.87,8.33,5.59,97.1136951805,8.437,3.25,2020-01-24T14:37:00.0
9.19,8.71,8.83,5.65,97.64749184050001,8.5,3.25,2020-01-24T14:38:00.0
9.35,8.83,9.19,5.78,97.72745125,8.562,3.312,2020-01-24T14:39:00.0
9.67,8.87,9.29,5.88,97.86065311250002,8.625,3.312,2020-01-24T14:40:00.0
9.19,9.57,9.71,5.87,98.0203900445,8.687,3.375,2020-01-24T14:41:00.0
9.25,8.65,9.11,5.81,97.514162338,8.687,3.437,2020-01-24T14:42:00.0
9.35,9.03,8.87,5.82,97.59416961250001,8.75,3.437,2020-01-24T14:43:00.0
9.11,8.75,8.93,5.8,97.3273670125,8.812,3.437,2020-01-24T14:44:00.0
9.53,9.15,9.43,5.8,97.16713228450001,8.875,3.437,2020-01-24T14:45:00.0
8.89,8.87,8.55,5.78,96.4714543405,8.937,3.375,2020-01-24T14:46:00.0
9.35,9.25,9.11,5.76,96.57862212050001,8.937,3.375,2020-01-24T14:47:00.0
9.43,9.39,9.21,5.74,96.20331152050001,9.0,3.312,2020-01-24T14:48:00.0
9.66,9.3,9.58,5.8100000000000005,96.39096682050001,9.0,3.3745,2020-01-24T14:49:00.0
9.89,9.21,9.95,5.88,96.57862212050001,9.0,3.437,2020-01-24T14:50:00.0
9.67,9.49,9.63,5.89,96.498251072,9.062,3.5,2020-01-24T14:51:00.0
9.95,10.03,9.39,5.93,96.4714543405,9.062,3.5,2020-01-24T14:52:00.0
10.13,9.95,10.23,5.95,96.04227266050002,9.062,3.5,2020-01-24T14:53:00.0
10.51,9.67,10.09,6.08,96.79280451250001,9.187,3.625,2020-01-24T14:54:00.0
9.91,9.67,10.27,6.0,95.6122740845,9.25,3.625,2020-01-24T14:55:00.0
10.05,10.13,10.43,6.08,96.14964466450002,9.25,3.625,2020-01-24T14:56:00.0
10.31,9.99,10.33,6.14,96.391045,9.312,3.687,2020-01-24T14:57:00.0
10.41,9.85,9.89,6.11,95.9348496005,9.25,3.687,2020-01-24T14:58:00.0
9.89,9.67,9.89,6.08,96.20331152050001,9.25,3.75,2020-01-24T14:59:00.0
10.09,9.91,9.91,6.06,96.31060694050001,9.187,3.75,2020-01-24T15:00:00.0
9.77,9.81,10.17,6.02,95.98856751250001,9.187,3.75,2020-01-24T15:01:00.0
10.65,10.43,10.47,6.1,96.20331152050001,9.062,3.687,2020-01-24T15:02:00.0
9.85,9.91,10.41,6.11,96.20331152050001,9.0,3.625,2020-01-24T15:03:00.0
10.05,10.33,10.23,6.09,96.14964466450002,9.0,3.75,2020-01-24T15:04:00.0
10.41,10.27,10.17,6.19,96.4178513045,8.937,3.812,2020-01-24T15:05:00.0
10.69,10.75,10.23,6.25,96.0959650445,9.0,3.812,2020-01-24T15:06:00.0
10.69,10.33,10.57,6.26,95.82737548450001,9.0,3.687,2020-01-24T15:07:00.0
10.83,10.51,10.57,6.32,95.6122740845,9.062,3.812,2020-01-24T15:08:00.0
11.21,10.61,10.85,6.4,95.18145861250001,9.125,3.812,2020-01-24T15:09:00.0
11.23,9.95,10.43,6.4,94.58775350050001,9.187,3.75,2020-01-24T15:10:00.0
11.07,10.69,10.57,6.32,93.88411082050001,9.312,3.687,2020-01-24T15:11:00.0
10.93,10.65,11.41,6.34,94.5337037245,9.312,3.75,2020-01-24T15:12:00.0
10.93,10.71,10.69,6.29,93.6129046405,9.312,3.687,2020-01-24T15:13:00.0
11.03,10.99,10.23,6.44,95.66606858050001,9.375,3.875,2020-01-24T15:14:00.0
10.61,10.51,10.19,6.38,95.04666125000001,9.437,3.875,2020-01-24T15:15:00.0
10.69,10.41,10.89,6.37,95.3161762,9.437,3.812,2020-01-24T15:16:00.0
10.65,10.69,10.23,6.47,95.58537205,9.437,3.75,2020-01-24T15:17:00.0
10.56,10.53,10.39,6.404999999999999,95.19459850725,9.405999999999999,3.7184999999999997,2020-01-24T15:18:00.0
10.47,10.37,10.55,6.34,94.80382496450001,9.375,3.687,2020-01-24T15:19:00.0
10.61,10.75,10.05,6.39,95.531558408,9.375,3.812,2020-01-24T15:20:00.0
10.83,10.31,10.57,6.44,95.0196922045,9.437,3.875,2020-01-24T15:21:00.0
10.83,10.17,10.19,6.38,94.019594248,9.437,3.812,2020-01-24T15:22:00.0
10.55,10.33,9.95,6.33,93.8298951125,9.5,3.75,2020-01-24T15:23:00.0
11.27,10.31,10.51,6.38,93.93831376450001,9.5,3.687,2020-01-24T15:24:00.0
10.95,10.95,11.09,6.48,94.3173769805,9.562,3.625,2020-01-24T15:25:00.0
11.33,10.69,11.51,6.54,94.019594248,9.625,3.625,2020-01-24T15:26:00.0
11.21,10.85,11.37,6.5,93.85700456200001,9.687,3.687,2020-01-24T15:27:00.0
10.69,10.65,11.21,6.47,94.3714778125,9.75,3.687,2020-01-24T15:28:00.0
10.71,10.99,10.51,6.51,94.47964118450001,9.812,3.687,2020-01-24T15:29:00.0
11.09,10.55,10.75,6.39,94.1008460125,9.875,3.625,2020-01-24T15:30:00.0
11.09,10.89,10.95,6.44,94.3714778125,9.875,3.562,2020-01-24T15:31:00.0
11.33,11.17,11.13,6.56,94.88479911200001,9.875,3.562,2020-01-24T15:32:00.0
10.95,11.41,10.83,6.63,95.50464680050001,9.937,3.625,2020-01-24T15:33:00.0
11.07,11.27,10.83,6.66,95.26229873800001,10.062,3.812,2020-01-24T15:34:00.0
11.09,10.55,11.45,6.7,95.34311014450002,10.062,3.812,2020-01-24T15:35:00.0
11.07,10.75,11.21,6.82,95.45081401250002,10.062,3.812,2020-01-24T15:36:00.0
11.09,10.43,10.75,6.69,94.20913702450001,10.062,3.875,2020-01-24T15:37:00.0
11.21,10.93,10.83,6.64,94.34442899200002,10.0,3.75,2020-01-24T15:38:00.0
10.83,10.83,10.75,6.58,93.74854761800002,9.937,3.75,2020-01-24T15:39:00.0
10.57,10.75,9.99,6.57,94.26326338450001,9.875,3.625,2020-01-24T15:40:00.0
10.83,10.85,11.37,6.6,94.3173769805,9.812,3.687,2020-01-24T15:41:00.0
10.79,10.69,10.27,6.56,93.9925039445,9.75,3.687,2020-01-24T15:42:00.0
10.85,10.79,10.51,6.57,93.74854761800002,9.687,3.75,2020-01-24T15:43:00.0
11.03,10.93,10.83,6.6,93.34137936050001,9.687,3.625,2020-01-24T15:44:00.0
11.17,10.85,10.57,6.62,94.019594248,9.687,3.625,2020-01-24T15:45:00.0
10.99,10.55,10.47,6.69,94.50667405,9.75,3.75,2020-01-24T15:46:00.0
10.71,10.51,10.13,6.67,93.96541045000001,9.75,3.687,2020-01-24T15:47:00.0
10.71,10.13,9.67,6.57,93.23267990050002,9.75,3.687,2020-01-24T15:48:00.0
10.19,10.03,9.89,6.44,92.8518297245,9.687,3.75,2020-01-24T15:49:00.0
10.61,10.41,10.09,6.45,93.3957099445,9.625,3.812,2020-01-24T15:50:00.0
10.27,10.13,9.99,6.4,93.1783110245,9.5,3.875,2020-01-24T15:51:00.0
10.17,9.91,9.57,6.33,92.74290051250001,9.437,3.875,2020-01-24T15:52:00.0
9.99,10.27,9.29,6.2,92.6066672,9.375,3.687,2020-01-24T15:53:00.0
10.03,10.13,9.39,6.14,92.9062751845,9.187,3.687,2020-01-24T15:54:00.0
9.71,10.19,9.81,6.12,92.8518297245,9.125,3.687,2020-01-24T15:55:00.0
9.71,9.75,9.71,6.09,92.7973715005,9.062,3.687,2020-01-24T15:56:00.0
9.61,9.61,9.43,6.0,92.770137602,8.937,3.5,2020-01-24T15:57:00.0
9.47,9.49,9.49,6.02,93.1783110245,8.875,3.5,2020-01-24T15:58:00.0
9.81,9.35,9.39,6.0,93.06953498050001,8.75,3.375,2020-01-24T15:59:00.0
9.49,9.25,9.77,5.98,93.06953498050001,8.687,3.437,2020-01-24T16:00:00.0
9.49,9.57,9.25,5.96,92.93349312800001,8.625,3.375,2020-01-24T16:01:00.0
9.89,9.71,9.47,5.97,93.4500277645,8.562,3.437,2020-01-24T16:02:00.0
9.81,9.67,9.63,6.02,93.0151278125,8.562,3.437,2020-01-24T16:03:00.0
9.95,9.63,9.29,6.03,93.04233299200001,8.562,3.5,2020-01-24T16:04:00.0
9.33,9.81,9.43,6.04,92.8518297245,8.562,3.562,2020-01-24T16:05:00.0
9.81,9.89,9.43,6.04,93.1239293845,8.562,3.562,2020-01-24T16:06:00.0
9.71,9.89,9.89,6.02,93.6129046405,8.625,3.5,2020-01-24T16:07:00.0
10.23,9.67,8.93,6.11,93.6943,8.625,3.625,2020-01-24T16:08:00.0
9.67,9.77,8.79,6.12,93.368546248,8.625,3.687,2020-01-24T16:09:00.0
9.67,9.53,9.49,6.11,93.477181888,8.687,3.687,2020-01-24T16:10:00.0
9.49,9.63,9.47,6.06,92.93349312800001,8.625,3.437,2020-01-24T16:11:00.0
9.35,9.57,9.15,5.98,93.23267990050002,8.625,3.375,2020-01-24T16:12:00.0
9.71,9.61,9.43,5.98,93.23267990050002,8.625,3.312,2020-01-24T16:13:00.0
9.91,10.05,10.41,6.04,93.88411082050001,8.625,3.437,2020-01-24T16:14:00.0
10.17,10.003333333333334,10.103333333333333,6.126666666666667,93.89314517633335,8.645666666666667,3.4786666666666664,2020-01-24T16:15:00.0
10.43,9.956666666666667,9.796666666666667,6.213333333333334,93.90217953216668,8.666333333333334,3.520333333333333,2020-01-24T16:16:00.0
10.69,9.91,9.49,6.3,93.911213888,8.687,3.562,2020-01-24T16:17:00.0
10.43,10.27,10.09,6.28,93.1239293845,8.75,3.5,2020-01-24T16:18:00.0
10.55,10.23,10.71,6.42,94.3173769805,8.812,3.562,2020-01-24T16:19:00.0
10.47,10.55,10.43,6.56,94.5337037245,8.875,3.562,2020-01-24T16:20:00.0
10.75,10.65,10.33,6.68,94.93876592200002,9.0,3.625,2020-01-24T16:21:00.0
10.58,10.39,10.18,6.67,94.38433051725,9.093499999999999,3.7184999999999997,2020-01-24T16:22:00.0
10.41,10.13,10.03,6.66,93.8298951125,9.187,3.812,2020-01-24T16:23:00.0
10.19,9.61,9.85,6.56,92.4703541125,9.25,3.812,2020-01-24T16:24:00.0
10.27,9.99,10.13,6.6,92.1974886125,9.375,4.062,2020-01-24T16:25:00.0
10.47,10.47,10.37,6.6,92.52488892050002,9.375,4.25,2020-01-24T16:26:00.0
10.350000000000001,10.3,9.92,6.63,92.06047510050001,9.375,4.25,2020-01-24T16:27:00.0
10.23,10.13,9.47,6.66,91.5960612805,9.375,4.25,2020-01-24T16:28:00.0
10.05,10.57,10.27,6.62,90.93819730450001,9.375,4.187,2020-01-24T16:29:00.0
10.51,10.41,10.33,6.72,92.3066731045,9.312,4.187,2020-01-24T16:30:00.0
10.37,10.31,10.27,6.9,93.205497058,9.312,4.062,2020-01-24T16:31:00.0
10.57,10.69,10.37,6.88,92.06093620000001,9.25,4.062,2020-01-24T16:32:00.0
10.55,10.31,10.95,6.94,92.11556673800001,9.25,4.062,2020-01-24T16:33:00.0
10.56,10.600000000000001,10.78,6.925000000000001,92.36111696900001,9.25,4.093500000000001,2020-01-24T16:34:00.0
10.57,10.89,10.61,6.91,92.6066672,9.25,4.125,2020-01-24T16:35:00.0
10.37,10.69,10.95,6.94,91.78759205,9.312,4.187,2020-01-24T16:36:00.0
10.47,10.89,10.61,7.13,93.3957099445,9.312,4.125,2020-01-24T16:37:00.0
10.41,10.55,10.33,7.12,92.14287722050001,9.312,4.062,2020-01-24T16:38:00.0
10.27,10.37,10.03,7.16,92.08825306450001,9.312,4.062,2020-01-24T16:39:00.0
10.09,10.27,10.09,7.2,91.78759205,9.312,4.062,2020-01-24T16:40:00.0
10.23,10.33,10.05,7.24,91.43176760050001,9.25,4.062,2020-01-24T16:41:00.0
9.99,10.41,10.09,7.36,91.92430401250002,9.25,4.0,2020-01-24T16:42:00.0
10.09,10.27,10.33,7.41,92.4158065405,9.187,4.062,2020-01-24T16:43:00.0
9.91,10.27,9.99,7.36,91.43176760050001,9.187,4.0,2020-01-24T16:44:00.0
10.23,10.13,10.19,7.29,90.71850086450002,9.187,3.937,2020-01-24T16:45:00.0
9.99,9.77,10.09,7.1,90.581086882,9.187,4.0,2020-01-24T16:46:00.0
10.05,10.57,9.77,7.08,91.32217466050001,9.25,3.875,2020-01-24T16:47:00.0
10.09,9.95,9.91,6.95,90.8832923405,9.187,3.875,2020-01-24T16:48:00.0
9.89,9.99,9.61,6.8,90.60857606050001,9.187,3.812,2020-01-24T16:49:00.0
9.63,10.03,8.97,6.66,90.93819730450001,9.25,3.75,2020-01-24T16:50:00.0
9.53,9.81,9.81,6.6,91.89696800200001,9.187,3.75,2020-01-24T16:51:00.0
9.63,9.47,9.71,6.42,91.1576895205,9.125,3.75,2020-01-24T16:52:00.0
9.77,9.63,8.97,6.39,91.10283561250002,9.125,3.625,2020-01-24T16:53:00.0
9.53,9.43,9.15,6.3,91.10283561250002,9.062,3.5,2020-01-24T16:54:00.0
9.43,9.33,9.07,6.28,91.48654492450001,9.0,3.562,2020-01-24T16:55:00.0
9.53,9.67,9.19,6.29,92.06093620000001,8.937,3.437,2020-01-24T16:56:00.0
9.63,9.39,9.67,6.34,92.6066672,8.937,3.437,2020-01-24T16:57:00.0
9.35,9.67,9.35,6.3,92.87905405000001,8.937,3.437,2020-01-24T16:58:00.0
9.35,9.25,9.11,6.22,92.552151538,8.937,3.437,2020-01-24T16:59:00.0
9.35,9.39,9.21,6.18,93.1783110245,8.937,3.375,2020-01-24T17:00:00.0
9.19,9.21,9.39,6.17,92.5794109645,9.0,3.375,2020-01-24T17:01:00.0
9.21,9.21,9.07,6.12,92.8518297245,8.937,3.375,2020-01-24T17:02:00.0
9.01,8.51,8.61,6.1,93.3957099445,8.937,3.375,2020-01-24T17:03:00.0
9.01,9.11,8.69,6.11,93.5043328205,8.937,3.375,2020-01-24T17:04:00.0
9.15,8.79,8.37,6.05,92.8518297245,8.937,3.375,2020-01-24T17:05:00.0
8.79,9.07,8.45,6.12,93.31420928200001,8.937,3.375,2020-01-24T17:06:00.0
8.09,9.01,8.79,6.15,93.1239293845,8.937,3.437,2020-01-24T17:07:00.0
8.65,8.83,8.15,6.18,92.96070788050001,8.875,3.375,2020-01-24T17:08:00.0
8.15,8.71,8.33,6.19,92.7973715005,8.812,3.375,2020-01-24T17:09:00.0
8.59,8.47,8.79,6.22,92.63392024450002,8.812,3.375,2020-01-24T17:10:00.0
8.23,8.93,8.59,6.23,92.74290051250001,8.75,3.375,2020-01-24T17:11:00.0
8.37,8.23,8.09,6.16,93.06953498050001,8.75,3.375,2020-01-24T17:12:00.0
8.19,8.75,8.59,6.02,92.3612462045,8.687,3.437,2020-01-24T17:13:00.0
8.19,8.29,7.91,5.98,92.170184512,8.625,3.5,2020-01-24T17:14:00.0
8.19,8.47,7.79,5.96,92.388527968,8.625,3.5,2020-01-24T17:15:00.0
8.33,8.97,8.19,6.02,93.0151278125,8.562,3.5,2020-01-24T17:16:00.0
8.23,8.59,8.41,6.03,92.715660232,8.5,3.625,2020-01-24T17:17:00.0
7.95,8.79,8.23,5.94,91.43176760050001,8.437,3.625,2020-01-24T17:18:00.0
8.71,8.51,8.59,5.96,92.3066731045,8.375,3.5,2020-01-24T17:19:00.0
8.71,9.21,8.51,5.96,92.03361614450002,8.375,3.437,2020-01-24T17:20:00.0
8.87,9.25,8.61,6.05,92.08825306450001,8.375,3.375,2020-01-24T17:21:00.0
9.43,9.39,9.03,6.16,93.1783110245,8.375,3.437,2020-01-24T17:22:00.0
9.33,9.43,8.93,6.16,92.08825306450001,8.437,3.562,2020-01-24T17:23:00.0
9.25,9.47,9.85,6.36,93.23267990050002,8.5,3.5,2020-01-24T17:24:00.0
9.67,10.23,9.63,6.62,93.7756666405,8.5,3.5,2020-01-24T17:25:00.0
9.47,9.61,9.49,6.62,92.63392024450002,8.562,3.562,2020-01-24T17:26:00.0
9.29,9.19,9.61,6.44,90.9930895045,8.562,3.625,2020-01-24T17:27:00.0
9.75,9.77,9.43,6.37,91.43176760050001,8.687,3.75,2020-01-24T17:28:00.0
9.61,9.43,9.61,6.26,90.471098258,8.625,3.812,2020-01-24T17:29:00.0
9.15,9.29,8.93,6.24,90.7734441205,8.625,3.812,2020-01-24T17:30:00.0
9.15,9.25,9.47,6.17,90.9930895045,8.625,3.875,2020-01-24T17:31:00.0
8.71,9.01,8.55,6.07,90.66354484450001,8.625,3.875,2020-01-24T17:32:00.0
8.65,9.03,9.01,6.0,91.45915785800001,8.562,3.75,2020-01-24T17:33:00.0
8.75,8.71,8.59,5.93,92.1974886125,8.562,3.687,2020-01-24T17:34:00.0
8.75,9.03,8.83,5.98,92.82460220800002,8.562,3.625,2020-01-24T17:35:00.0
9.15,9.11,8.37,5.98,93.0151278125,8.562,3.625,2020-01-24T17:36:00.0
8.93,8.89,8.89,5.95,92.1974886125,8.5,3.5,2020-01-24T17:37:00.0
8.83,8.83,8.45,6.0,91.951636832,8.5,3.5,2020-01-24T17:38:00.0
8.71,8.61,8.55,6.0,91.732884928,8.5,3.437,2020-01-24T17:39:00.0
8.41,8.61,9.19,5.93,91.951636832,8.5,3.437,2020-01-24T17:40:00.0
8.45,8.47,8.09,5.92,91.92430401250002,8.375,3.437,2020-01-24T17:41:00.0
8.59,8.47,8.55,5.88,91.92430401250002,8.375,3.437,2020-01-24T17:42:00.0
7.95,8.33,8.47,5.86,91.951636832,8.312,3.5,2020-01-24T17:43:00.0
7.95,8.13,8.47,5.76,91.7055265805,8.312,3.5,2020-01-24T17:44:00.0
8.37,8.71,8.45,5.74,92.1974886125,8.25,3.437,2020-01-24T17:45:00.0
8.15,8.45,8.29,5.78,92.08825306450001,8.187,3.375,2020-01-24T17:46:00.0
8.19,8.41,7.59,5.71,91.76024008450001,8.187,3.312,2020-01-24T17:47:00.0
8.23,8.45,7.83,5.68,91.7055265805,8.125,3.187,2020-01-24T17:48:00.0
8.15,8.45,7.11,5.66,92.82460220800002,8.125,3.187,2020-01-24T17:49:00.0
8.01,7.97,7.87,5.6,93.06953498050001,8.125,3.125,2020-01-24T17:50:00.0
7.97,7.59,7.83,5.55,93.23267990050002,8.062,3.187,2020-01-24T17:51:00.0
7.91,8.15,7.33,5.52,93.66717140450001,8.062,3.125,2020-01-24T17:52:00.0
7.37,7.77,7.65,5.31,92.2520872405,8.062,3.062,2020-01-24T17:53:00.0
7.91,8.01,7.55,5.27,92.96070788050001,8.0,3.0,2020-01-24T17:54:00.0
7.47,7.73,7.41,5.25,93.5043328205,8.0,3.0,2020-01-24T17:55:00.0
7.33,7.55,7.33,5.16,93.28703601250001,7.937,2.875,2020-01-24T17:56:00.0
7.79,7.83,7.29,5.14,93.477181888,7.875,2.875,2020-01-24T17:57:00.0
7.15,7.61,7.19,5.08,93.23267990050002,7.812,2.875,2020-01-24T17:58:00.0
7.05,7.73,7.01,5.08,93.28703601250001,7.75,2.875,2020-01-24T17:59:00.0
7.23,7.73,6.73,5.12,93.3957099445,7.625,2.875,2020-01-24T18:00:00.0
7.23,7.95,6.65,5.12,93.6129046405,7.562,3.0,2020-01-24T18:01:00.0
6.97,7.27,6.87,5.1,93.6129046405,7.437,3.062,2020-01-24T18:02:00.0
7.09,6.97,6.75,5.1,93.8298951125,7.375,3.0,2020-01-24T18:03:00.0
7.01,7.23,6.57,5.04,93.34137936050001,7.312,2.937,2020-01-24T18:04:00.0
6.93,6.91,6.13,4.99,93.477181888,7.25,2.875,2020-01-24T18:05:00.0
6.73,7.11,6.83,4.9,93.34137936050001,7.187,2.75,2020-01-24T18:06:00.0
6.61,6.93,6.87,4.88,93.5043328205,7.125,2.75,2020-01-24T18:07:00.0
6.69,6.69,7.15,4.88,93.93831376450001,7.062,2.687,2020-01-24T18:08:00.0
6.91,7.09,7.01,4.88,94.20913702450001,7.062,2.687,2020-01-24T18:09:00.0
7.33,7.41,6.93,4.88,94.47964118450001,7.062,2.687,2020-01-24T18:10:00.0
6.97,7.27,6.97,4.95,94.64179051250001,7.062,2.687,2020-01-24T18:11:00.0
7.05,7.09,6.83,4.98,94.56073020800001,7.125,2.75,2020-01-24T18:12:00.0
6.83,7.23,6.97,4.95,94.1549979005,7.062,2.812,2020-01-24T18:13:00.0
7.05,7.11,7.19,4.94,94.1549979005,7.062,2.812,2020-01-24T18:14:00.0
7.23,7.47,7.15,4.93,93.8298951125,7.062,2.812,2020-01-24T18:15:00.0
7.140000000000001,7.49,7.08,4.96,93.9653705625,7.031000000000001,2.7809999999999997,2020-01-24T18:16:00.0
7.05,7.51,7.01,4.99,94.1008460125,7.0,2.75,2020-01-24T18:17:00.0
6.69,7.47,6.93,5.0,93.911213888,7.0,2.812,2020-01-24T18:18:00.0
6.79,7.55,6.65,5.03,94.3714778125,7.062,2.75,2020-01-24T18:19:00.0
7.01,7.61,7.19,4.98,94.66880423200001,7.062,2.812,2020-01-24T18:20:00.0
6.73,7.77,7.05,5.0,94.74982624450001,7.125,2.812,2020-01-24T18:21:00.0
6.65,7.11,7.41,4.92,94.47964118450001,7.187,2.812,2020-01-24T18:22:00.0
6.79,7.09,6.79,4.91,94.69581476050001,7.187,2.812,2020-01-24T18:23:00.0
6.7,6.96,6.63,4.885,94.85775348250002,7.187,2.812,2020-01-24T18:24:00.0
6.61,6.83,6.47,4.86,95.0196922045,7.187,2.812,2020-01-24T18:25:00.0
6.91,6.97,6.87,4.85,94.85781092050001,7.25,2.812,2020-01-24T18:26:00.0
6.71,6.9,6.76,4.859999999999999,95.23504250250001,7.218500000000001,2.7809999999999997,2020-01-24T18:27:00.0
6.51,6.83,6.65,4.87,95.6122740845,7.187,2.75,2020-01-24T18:28:00.0
6.43,6.65,6.11,4.78,94.992719968,7.187,2.812,2020-01-24T18:29:00.0
6.53,6.79,6.43,4.76,95.15450552200001,7.187,2.812,2020-01-24T18:30:00.0
6.25,6.83,6.07,4.76,95.45081401250002,7.187,2.812,2020-01-24T18:31:00.0
6.35,6.57,6.25,4.73,95.28923906450001,7.125,2.75,2020-01-24T18:32:00.0
6.13,6.35,6.13,4.62,95.0736271045,7.062,2.75,2020-01-24T18:33:00.0
6.0600000000000005,6.55,5.92,4.62,95.2352977825,7.031000000000001,2.75,2020-01-24T18:34:00.0
5.99,6.75,5.71,4.62,95.3969684605,7.0,2.75,2020-01-24T18:35:00.0
6.11,6.79,6.25,4.64,95.6122740845,7.0,2.687,2020-01-24T18:36:00.0
5.89,6.69,5.77,4.66,95.82737548450001,7.0,2.75,2020-01-24T18:37:00.0
5.95,7.27,5.29,4.66,95.7198503125,6.937,2.75,2020-01-24T18:38:00.0
6.11,6.69,5.59,4.68,95.82737548450001,6.875,2.75,2020-01-24T18:39:00.0
5.85,6.43,5.99,4.62,95.45081401250002,6.875,2.812,2020-01-24T18:40:00.0
6.13,6.43,5.49,4.6,95.82737548450001,6.812,2.812,2020-01-24T18:41:00.0
5.85,6.21,5.99,4.61,95.82737548450001,6.812,2.812,2020-01-24T18:42:00.0
6.03,6.51,5.99,4.56,95.9348496005,6.812,2.875,2020-01-24T18:43:00.0
6.13,6.43,6.03,4.58,96.20331152050001,6.75,2.875,2020-01-24T18:44:00.0
5.77,6.57,6.53,4.57,95.9348496005,6.75,2.875,2020-01-24T18:45:00.0
6.29,6.87,5.45,4.6,95.80049897800001,6.687,2.875,2020-01-24T18:46:00.0
6.35,6.75,6.11,4.58,95.55846682450002,6.687,2.812,2020-01-24T18:47:00.0
6.21,6.61,6.13,4.62,95.74673639200002,6.687,2.812,2020-01-24T18:48:00.0
6.11,7.01,6.53,4.6,96.01542168200001,6.687,2.75,2020-01-24T18:49:00.0
5.95,6.61,6.21,4.62,95.98856751250001,6.687,2.75,2020-01-24T18:50:00.0
6.35,6.83,6.73,4.67,96.0959650445,6.687,2.75,2020-01-24T18:51:00.0
6.35,6.87,6.69,4.66,96.20331152050001,6.75,2.812,2020-01-24T18:52:00.0
6.35,7.27,6.43,4.75,96.4178513045,6.75,2.937,2020-01-24T18:53:00.0
6.73,6.93,7.09,4.83,96.283787872,6.75,2.875,2020-01-24T18:54:00.0
6.79,7.23,6.73,4.81,95.88111892450002,6.812,2.875,2020-01-24T18:55:00.0
6.57,6.79,6.79,4.81,95.85424880000001,6.812,2.812,2020-01-24T18:56:00.0
6.51,6.61,6.69,4.78,96.14964466450002,6.812,2.812,2020-01-24T18:57:00.0
6.39,6.57,5.49,4.79,96.230140162,6.812,2.875,2020-01-24T18:58:00.0
6.47,6.39,6.61,4.72,96.14964466450002,6.812,2.812,2020-01-24T18:59:00.0
6.29,6.65,6.47,4.68,96.20331152050001,6.875,2.812,2020-01-24T19:00:00.0
6.35,6.53,6.29,4.62,96.01542168200001,6.812,2.75,2020-01-24T19:01:00.0
6.07,6.65,6.25,4.54,95.98856751250001,6.812,2.687,2020-01-24T19:02:00.0
6.33,6.43,6.43,4.51,95.66606858050001,6.75,2.625,2020-01-24T19:03:00.0
6.29,6.65,6.39,4.48,95.45081401250002,6.75,2.562,2020-01-24T19:04:00.0
6.35,6.69,6.21,4.48,95.55846682450002,6.687,2.562,2020-01-24T19:05:00.0
6.11,6.33,5.95,4.41,95.45081401250002,6.687,2.562,2020-01-24T19:06:00.0
6.21,6.47,6.35,4.39,95.639172928,6.687,2.562,2020-01-24T19:07:00.0
6.03,6.39,6.03,4.42,95.69296104200001,6.625,2.562,2020-01-24T19:08:00.0
6.13,6.57,6.25,4.36,95.50464680050001,6.625,2.562,2020-01-24T19:09:00.0
6.0600000000000005,6.48,6.23,4.390000000000001,95.63913304050001,6.593500000000001,2.5309999999999997,2020-01-24T19:10:00.0
5.99,6.39,6.21,4.42,95.77361928050001,6.562,2.5,2020-01-24T19:11:00.0
6.25,6.33,6.51,4.45,96.25696561250001,6.562,2.5,2020-01-24T19:12:00.0
6.21,6.61,6.07,4.52,96.73927806050001,6.625,2.5,2020-01-24T19:13:00.0
6.13,6.47,6.25,4.61,96.95330728450001,6.687,2.5,2020-01-24T19:14:00.0
6.35,6.73,6.53,4.66,96.57862212050001,6.75,2.562,2020-01-24T19:15:00.0
6.25,6.61,6.61,4.66,96.20331152050001,6.75,2.562,2020-01-24T19:16:00.0
6.17,6.29,6.33,4.64,96.36423550450002,6.812,2.625,2020-01-24T19:17:00.0
6.11,6.73,6.33,4.63,95.69296104200001,6.875,2.625,2020-01-24T19:18:00.0
6.21,6.75,6.29,4.64,95.50464680050001,6.875,2.687,2020-01-24T19:19:00.0
6.21,6.51,6.13,4.62,95.18145861250001,6.937,2.75,2020-01-24T19:20:00.0
6.29,6.39,6.11,4.57,94.992719968,6.937,2.687,2020-01-24T19:21:00.0
6.13,6.35,5.89,4.5,94.80382496450001,6.937,2.625,2020-01-24T19:22:00.0
6.21,6.21,5.49,4.46,94.69581476050001,6.875,2.625,2020-01-24T19:23:00.0
5.99,6.83,6.65,4.57,95.50464680050001,6.875,2.562,2020-01-24T19:24:00.0
6.03,6.51,5.59,4.7,96.36423550450002,6.875,2.562,2020-01-24T19:25:00.0
5.93,6.69,6.69,4.8,96.68573884450001,6.875,2.562,2020-01-24T19:26:00.0
6.35,6.47,7.09,4.92,96.819562952,6.875,2.562,2020-01-24T19:27:00.0
6.03,6.07,6.47,5.0,96.6321868645,6.812,2.562,2020-01-24T19:28:00.0
6.29,6.25,7.33,5.0,96.04227266050002,6.75,2.562,2020-01-24T19:29:00.0
6.25,6.69,5.89,4.96,95.531558408,6.75,2.562,2020-01-24T19:30:00.0
5.95,6.53,6.33,4.94,94.80382496450001,6.75,2.562,2020-01-24T19:31:00.0
6.13,6.73,5.93,5.05,95.82737548450001,6.75,2.625,2020-01-24T19:32:00.0
6.35,6.79,6.87,5.11,96.12280645,6.687,2.625,2020-01-24T19:33:00.0
6.11,6.83,6.43,4.99,95.639172928,6.687,2.75,2020-01-24T19:34:00.0
6.39,6.35,6.57,4.95,95.639172928,6.687,2.812,2020-01-24T19:35:00.0
6.21,6.279999999999999,6.140000000000001,4.855,95.38336108425,6.718500000000001,2.812,2020-01-24T19:36:00.0
6.03,6.21,5.71,4.76,95.1275492405,6.75,2.812,2020-01-24T19:37:00.0
6.21,6.35,6.21,4.68,95.18145861250001,6.812,2.75,2020-01-24T19:38:00.0
5.77,6.29,6.21,4.78,95.7198503125,6.75,2.75,2020-01-24T19:39:00.0
5.99,6.35,6.17,4.84,96.337422818,6.75,2.75,2020-01-24T19:40:00.0
6.03,6.47,6.25,4.9,96.36423550450002,6.75,2.687,2020-01-24T19:41:00.0
6.11,6.25,6.13,4.96,95.74673639200002,6.75,2.687,2020-01-24T19:42:00.0
6.03,6.47,5.81,4.99,95.7198503125,6.75,2.687,2020-01-24T19:43:00.0
5.93,6.03,6.21,4.92,94.47964118450001,6.812,2.687,2020-01-24T19:44:00.0
5.89,6.43,5.95,4.94,94.69581476050001,6.812,2.75,2020-01-24T19:45:00.0
5.67,6.91,5.77,4.94,93.96541045000001,6.875,2.75,2020-01-24T19:46:00.0
5.81,6.47,6.13,4.88,94.18206905800001,6.937,2.75,2020-01-24T19:47:00.0
6.07,6.07,5.73,4.96,94.88479911200001,6.937,2.812,2020-01-24T19:48:00.0
5.89,6.43,6.07,4.98,94.1008460125,7.0,2.75,2020-01-24T19:49:00.0
5.85,6.279999999999999,6.01,5.0,94.38482512225,7.0,2.75,2020-01-24T19:50:00.0
5.81,6.13,5.95,5.02,94.66880423200001,7.0,2.75,2020-01-24T19:51:00.0
5.85,5.93,5.81,5.01,94.26326338450001,7.0,2.75,2020-01-24T19:52:00.0
5.59,6.17,5.77,4.94,93.64003961800002,7.062,2.687,2020-01-24T19:53:00.0
6.03,5.89,5.45,4.96,94.47964118450001,7.062,2.75,2020-01-24T19:54:00.0
5.73,5.71,5.67,5.0,94.80382496450001,7.062,2.687,2020-01-24T19:55:00.0
6.11,5.95,5.77,5.06,95.34311014450002,7.0,2.75,2020-01-24T19:56:00.0
5.67,5.93,5.27,4.98,95.0736271045,7.0,2.75,2020-01-24T19:57:00.0
5.67,6.53,5.73,4.93,94.9117841125,6.875,2.812,2020-01-24T19:58:00.0
5.63,5.99,5.93,4.82,95.28923906450001,6.875,2.75,2020-01-24T19:59:00.0
5.71,5.93,5.85,4.78,95.34311014450002,6.875,2.812,2020-01-24T20:00:00.0
5.81,6.17,5.41,4.78,95.3969684605,6.875,2.812,2020-01-24T20:01:00.0
6.13,5.99,5.93,4.78,95.34311014450002,6.875,2.812,2020-01-24T20:02:00.0
5.89,6.17,5.93,4.79,95.04666125000001,6.875,2.875,2020-01-24T20:03:00.0
5.55,6.17,5.93,4.74,94.69581476050001,6.812,2.875,2020-01-24T20:04:00.0
5.67,6.43,6.03,4.7,94.93876592200002,6.875,2.812,2020-01-24T20:05:00.0
5.63,6.17,5.77,4.71,95.2353552205,6.812,2.75,2020-01-24T20:06:00.0
5.51,6.13,5.93,4.68,95.18145861250001,6.812,2.812,2020-01-24T20:07:00.0
5.71,6.21,5.71,4.59,94.9117841125,6.812,2.75,2020-01-24T20:08:00.0
5.37,5.77,5.85,4.47,94.96574454050001,6.812,2.75,2020-01-24T20:09:00.0
5.55,5.45,5.73,4.45,95.28923906450001,6.75,2.75,2020-01-24T20:10:00.0
5.51,5.67,5.49,4.42,95.28923906450001,6.75,2.75,2020-01-24T20:11:00.0
5.29,6.11,5.59,4.34,95.3969684605,6.687,2.75,2020-01-24T20:12:00.0
5.45,5.73,5.45,4.34,95.77361928050001,6.625,2.687,2020-01-24T20:13:00.0
4.89,5.59,5.05,4.36,95.85424880000001,6.625,2.625,2020-01-24T20:14:00.0
5.11,5.81,5.89,4.28,95.50464680050001,6.562,2.562,2020-01-24T20:15:00.0
5.23,5.51,5.29,4.39,96.25696561250001,6.5,2.562,2020-01-24T20:16:00.0
5.11,5.93,5.07,4.34,95.9348496005,6.437,2.5,2020-01-24T20:17:00.0
5.23,5.67,5.41,4.29,96.25696561250001,6.437,2.5,2020-01-24T20:18:00.0
4.89,5.15,5.11,4.25,96.5250446125,6.375,2.437,2020-01-24T20:19:00.0
4.89,5.29,5.37,4.16,96.55183496200002,6.375,2.437,2020-01-24T20:20:00.0
5.15,5.41,5.33,4.13,96.57862212050001,6.312,2.437,2020-01-24T20:21:00.0
5.33,5.51,5.33,4.14,96.9265648,6.312,2.437,2020-01-24T20:22:00.0
5.01,5.49,5.51,4.17,97.24726400800002,6.25,2.375,2020-01-24T20:23:00.0
4.93,5.27,4.63,4.1,97.06024531250002,6.25,2.437,2020-01-24T20:24:00.0
4.81,5.33,5.15,4.13,97.35406163200001,6.187,2.437,2020-01-24T20:25:00.0
4.53,5.89,4.85,4.1,97.54083462050001,6.187,2.437,2020-01-24T20:26:00.0
4.89,5.59,5.23,4.11,97.4874868645,6.187,2.437,2020-01-24T20:27:00.0
4.89,5.41,5.15,4.09,97.1136951805,6.25,2.5,2020-01-24T20:28:00.0
4.85,5.45,4.37,4.12,97.00678268050001,6.187,2.437,2020-01-24T20:29:00.0
4.67,5.29,5.01,4.16,97.3273670125,6.187,2.437,2020-01-24T20:30:00.0
5.05,5.55,5.19,4.25,97.27396820050001,6.187,2.375,2020-01-24T20:31:00.0
5.19,5.49,5.33,4.17,97.35406163200001,6.187,2.437,2020-01-24T20:32:00.0
5.37,5.01,4.63,4.16,97.38075306050001,6.25,2.437,2020-01-24T20:33:00.0
4.75,5.37,5.05,4.1,97.2205566245,6.187,2.5,2020-01-24T20:34:00.0
4.81,5.29,4.31,3.97,96.98004657800001,6.187,2.5,2020-01-24T20:35:00.0
4.97,5.19,4.93,3.99,97.2205566245,6.125,2.5,2020-01-24T20:36:00.0
4.63,5.19,5.01,3.94,97.35406163200001,6.125,2.437,2020-01-24T20:37:00.0
4.85,5.15,4.85,3.96,97.4874868645,6.125,2.437,2020-01-24T20:38:00.0
4.63,5.05,5.59,3.95,97.75409800450001,6.125,2.437,2020-01-24T20:39:00.0
4.75,4.97,4.49,3.94,97.72745125,6.062,2.437,2020-01-24T20:40:00.0
4.67,5.05,4.53,3.94,98.04700169800002,6.062,2.437,2020-01-24T20:41:00.0
4.79,5.15,3.81,3.92,98.18001210050001,6.062,2.437,2020-01-24T20:42:00.0
4.81,5.11,5.05,3.92,98.206604608,6.062,2.437,2020-01-24T20:43:00.0
4.71,4.85,4.49,3.9,98.04700169800002,6.0,2.437,2020-01-24T20:44:00.0
4.45,5.07,4.19,3.86,97.75409800450001,6.0,2.375,2020-01-24T20:45:00.0
4.53,4.97,4.45,3.84,98.0203900445,5.937,2.375,2020-01-24T20:46:00.0
4.19,5.27,3.97,3.82,98.2863629845,5.937,2.375,2020-01-24T20:47:00.0
4.49,5.05,4.45,3.81,98.07361016050001,5.937,2.375,2020-01-24T20:48:00.0
4.31,4.71,4.31,3.74,97.59416961250001,5.875,2.312,2020-01-24T20:49:00.0
4.31,4.97,4.41,3.69,97.3273670125,5.812,2.312,2020-01-24T20:50:00.0
4.05,4.45,3.55,3.62,97.27396820050001,5.687,2.25,2020-01-24T20:51:00.0
4.33,4.63,4.15,3.66,97.35406163200001,5.625,2.25,2020-01-24T20:52:00.0
4.33,4.89,4.23,3.6,97.43412634450002,5.562,2.187,2020-01-24T20:53:00.0
4.33,4.71,4.23,3.58,97.4874868645,5.562,2.187,2020-01-24T20:54:00.0
