TempPlant1,TempPlant5,TempPlant6,Air_temp_loc,Humedity,air_temp,Ambient_1,time
9.33,8.79,8.93,5.66,97.9937752,6.437,3.75,2020-01-24T00:00:00.0
8.79,8.97,9.01,5.66,98.12681751250001,6.437,3.75,2020-01-24T00:01:00.0
8.83,8.69,8.87,5.64,98.18001210050001,6.437,3.75,2020-01-24T00:02:00.0
8.79,8.69,8.93,5.6,98.23319392450001,6.437,3.75,2020-01-24T00:03:00.0
9.11,8.79,8.01,5.58,98.23319392450001,6.437,3.75,2020-01-24T00:04:00.0
8.79,8.87,9.01,5.58,98.33951928050001,6.437,3.75,2020-01-24T00:05:00.0
8.79,8.97,8.89,5.62,98.44579358050001,6.5,3.75,2020-01-24T00:06:00.0
8.75,9.11,8.93,5.63,98.55201682450001,6.5,3.75,2020-01-24T00:07:00.0
8.71,8.97,9.07,5.59,98.55201682450001,6.5,3.75,2020-01-24T00:08:00.0
8.79,9.15,9.03,5.59,98.55201682450001,6.5,3.75,2020-01-24T00:09:00.0
8.79,8.97,8.97,5.58,98.63165075200001,6.5,3.75,2020-01-24T00:10:00.0
9.19,8.69,8.71,5.58,98.7112559605,6.562,3.687,2020-01-24T00:11:00.0
8.71,8.89,8.83,5.58,98.7643101445,6.562,3.687,2020-01-24T00:12:00.0
8.75,9.15,8.83,5.56,98.7643101445,6.562,3.687,2020-01-24T00:13:00.0
9.21,9.01,8.89,5.48,98.7643101445,6.625,3.687,2020-01-24T00:14:00.0
8.89,8.97,8.89,5.48,98.81735156450002,6.625,3.625,2020-01-24T00:15:00.0
8.59,8.79,9.01,5.54,98.87038022050001,6.625,3.687,2020-01-24T00:16:00.0
8.87,8.69,8.97,5.54,98.92339611250001,6.625,3.687,2020-01-24T00:17:00.0
8.83,8.87,8.97,5.6,98.9763992405,6.625,3.687,2020-01-24T00:18:00.0
8.89,8.97,8.71,5.63,99.0823672045,6.625,3.625,2020-01-24T00:19:00.0
8.71,8.89,8.47,5.65,99.1353320405,6.625,3.687,2020-01-24T00:20:00.0
8.41,8.87,7.95,5.63,99.161809672,6.625,3.687,2020-01-24T00:21:00.0
8.97,8.89,8.79,5.62,99.2412234205,6.687,3.687,2020-01-24T00:22:00.0
8.79,8.87,8.61,5.64,99.29414996450001,6.625,3.687,2020-01-24T00:23:00.0
8.97,8.93,8.87,5.64,99.3470637445,6.625,3.687,2020-01-24T00:24:00.0
8.83,8.83,8.75,5.64,99.37351584800001,6.625,3.625,2020-01-24T00:25:00.0
8.65,8.55,8.93,5.63,99.42641048200001,6.625,3.687,2020-01-24T00:26:00.0
8.69,8.61,8.75,5.63,99.50572850050001,6.625,3.625,2020-01-24T00:27:00.0
9.03,9.01,7.97,5.65,99.50572850050001,6.625,3.625,2020-01-24T00:28:00.0
8.69,8.87,8.47,5.64,99.5585912245,6.625,3.625,2020-01-24T00:29:00.0
8.65,8.93,8.83,5.64,99.5850178,6.625,3.625,2020-01-24T00:30:00.0
8.79,8.79,8.79,5.59,99.61144118450001,6.625,3.625,2020-01-24T00:31:00.0
8.55,8.61,9.29,5.54,99.66427838050001,6.562,3.625,2020-01-24T00:32:00.0
8.93,8.55,8.75,5.5,99.71710281250002,6.562,3.562,2020-01-24T00:33:00.0
8.71,8.69,8.59,5.46,99.7699144805,6.562,3.5,2020-01-24T00:34:00.0
8.33,8.15,8.55,5.43,99.82271338450002,6.5,3.5,2020-01-24T00:35:00.0
8.58,8.24,8.55,5.369999999999999,99.8754931425,6.468500000000001,3.4375,2020-01-24T00:36:00.0
8.83,8.33,8.55,5.31,99.9282729005,6.437,3.375,2020-01-24T00:37:00.0
8.41,8.51,8.59,5.3,99.95465480200001,6.5,3.375,2020-01-24T00:38:00.0
8.37,8.41,8.41,5.28,99.9810335125,6.437,3.312,2020-01-24T00:39:00.0
8.41,8.37,8.45,5.29,100.00740903200001,6.437,3.312,2020-01-24T00:40:00.0
8.15,8.79,7.61,5.3,100.0337813605,6.437,3.312,2020-01-24T00:41:00.0
8.61,8.33,8.47,5.3,100.0865164445,6.437,3.312,2020-01-24T00:42:00.0
8.45,8.47,8.71,5.3,100.11287920000001,6.437,3.312,2020-01-24T00:43:00.0
8.45,8.55,8.27,5.31,100.11287920000001,6.437,3.375,2020-01-24T00:44:00.0
8.27,8.61,8.19,5.32,100.1392387645,6.437,3.375,2020-01-24T00:45:00.0
9.01,8.83,8.61,5.32,100.1392387645,6.375,3.375,2020-01-24T00:46:00.0
8.59,8.65,8.55,5.36,100.165595138,6.375,3.375,2020-01-24T00:47:00.0
8.47,8.65,8.61,5.37,100.165595138,6.375,3.375,2020-01-24T00:48:00.0
8.19,8.47,8.51,5.4,100.19194832050002,6.375,3.312,2020-01-24T00:49:00.0
8.59,8.29,8.45,5.42,100.19194832050002,6.437,3.375,2020-01-24T00:50:00.0
8.13,8.59,8.47,5.43,100.165595138,6.437,3.375,2020-01-24T00:51:00.0
8.71,8.59,7.45,5.38,100.19194832050002,6.437,3.375,2020-01-24T00:52:00.0
8.37,8.83,8.79,5.38,100.21829831200002,6.5,3.375,2020-01-24T00:53:00.0
8.51,8.59,8.65,5.42,100.21829831200002,6.5,3.375,2020-01-24T00:54:00.0
8.42,8.52,8.46,5.4399999999999995,100.23147171225001,6.531000000000001,3.4059999999999997,2020-01-24T00:55:00.0
8.33,8.45,8.27,5.46,100.24464511250001,6.562,3.437,2020-01-24T00:56:00.0
8.41,8.59,8.71,5.48,100.270988722,6.562,3.437,2020-01-24T00:57:00.0
8.65,8.45,8.69,5.46,100.24464511250001,6.562,3.437,2020-01-24T00:58:00.0
8.37,8.47,8.23,5.42,100.270988722,6.625,3.437,2020-01-24T00:59:00.0
8.37,8.71,8.51,5.4,100.29732914050001,6.625,3.5,2020-01-24T01:00:00.0
8.45,8.75,8.69,5.38,100.270988722,6.625,3.5,2020-01-24T01:01:00.0
8.97,8.87,8.87,5.36,100.24464511250001,6.625,3.562,2020-01-24T01:02:00.0
8.93,8.69,9.03,5.36,100.24464511250001,6.625,3.562,2020-01-24T01:03:00.0
9.91,9.61,9.67,5.38,100.21829831200002,6.687,3.562,2020-01-24T01:04:00.0
9.95,9.53,9.57,5.47,100.165595138,6.687,3.562,2020-01-24T01:05:00.0
9.6,9.39,9.379999999999999,5.525,100.12605579125,6.687,3.5934999999999997,2020-01-24T01:06:00.0
9.25,9.25,9.19,5.58,100.0865164445,6.687,3.625,2020-01-24T01:07:00.0
8.79,9.01,8.89,5.56,100.0337813605,6.687,3.687,2020-01-24T01:08:00.0
9.33,8.87,8.87,5.53,100.0337813605,6.687,3.687,2020-01-24T01:09:00.0
8.65,8.59,8.65,5.54,100.00740903200001,6.625,3.687,2020-01-24T01:10:00.0
8.65,8.71,8.51,5.51,100.0337813605,6.625,3.75,2020-01-24T01:11:00.0
9.03,9.11,9.01,5.52,100.06015049800001,6.625,3.812,2020-01-24T01:12:00.0
8.79,8.93,8.93,5.56,100.0865164445,6.625,3.812,2020-01-24T01:13:00.0
8.79,9.15,9.11,5.58,100.0865164445,6.562,3.875,2020-01-24T01:14:00.0
8.97,9.01,9.03,5.62,100.0865164445,6.562,3.937,2020-01-24T01:15:00.0
8.65,8.75,8.83,5.66,100.0337813605,6.562,3.937,2020-01-24T01:16:00.0
9.43,9.19,8.87,5.66,100.0337813605,6.562,3.937,2020-01-24T01:17:00.0
9.11,9.01,8.97,5.7,100.0337813605,6.562,4.0,2020-01-24T01:18:00.0
9.219999999999999,9.1,9.0,5.720000000000001,100.0074074365,6.562,4.0,2020-01-24T01:19:00.0
9.33,9.19,9.03,5.74,99.9810335125,6.562,4.0,2020-01-24T01:20:00.0
8.97,9.07,9.03,5.76,99.95465480200001,6.562,4.0,2020-01-24T01:21:00.0
9.47,9.25,9.61,5.74,99.9282729005,6.562,4.062,2020-01-24T01:22:00.0
9.33,9.39,9.39,5.76,99.9282729005,6.562,4.062,2020-01-24T01:23:00.0
9.11,9.25,9.15,5.79,99.9282729005,6.562,4.062,2020-01-24T01:24:00.0
9.03,9.35,9.21,5.78,99.8754995245,6.562,4.125,2020-01-24T01:25:00.0
9.19,8.93,8.89,5.79,99.8754995245,6.562,4.062,2020-01-24T01:26:00.0
9.39,9.03,9.63,5.76,99.8754995245,6.625,4.062,2020-01-24T01:27:00.0
9.19,9.43,9.29,5.78,99.8754995245,6.625,4.062,2020-01-24T01:28:00.0
8.93,9.33,9.29,5.78,99.82271338450002,6.625,4.062,2020-01-24T01:29:00.0
9.25,9.35,9.15,5.8,99.82271338450002,6.625,4.062,2020-01-24T01:30:00.0
9.15,9.19,9.11,5.8,99.79631552800001,6.687,4.062,2020-01-24T01:31:00.0
9.57,9.21,9.25,5.78,99.82271338450002,6.687,4.125,2020-01-24T01:32:00.0
9.49,9.33,9.35,5.79,99.7699144805,6.687,4.062,2020-01-24T01:33:00.0
9.25,9.49,9.21,5.83,99.79631552800001,6.75,4.062,2020-01-24T01:34:00.0
9.19,9.25,8.97,5.82,99.7699144805,6.75,4.125,2020-01-24T01:35:00.0
8.89,9.25,8.71,5.79,99.82271338450002,6.75,4.125,2020-01-24T01:36:00.0
9.57,9.19,9.19,5.8,99.82271338450002,6.75,4.187,2020-01-24T01:37:00.0
9.63,9.61,9.47,5.81,99.82271338450002,6.75,4.187,2020-01-24T01:38:00.0
9.15,9.21,9.53,5.85,99.82271338450002,6.687,4.187,2020-01-24T01:39:00.0
9.01,9.33,9.35,5.87,99.82271338450002,6.687,4.187,2020-01-24T01:40:00.0
9.11,9.03,9.43,5.88,99.79631552800001,6.687,4.25,2020-01-24T01:41:00.0
9.47,9.39,9.43,5.88,99.82271338450002,6.75,4.25,2020-01-24T01:42:00.0
9.11,9.47,9.21,5.92,99.82271338450002,6.75,4.25,2020-01-24T01:43:00.0
9.29,9.25,9.47,5.93,99.84910805000001,6.75,4.25,2020-01-24T01:44:00.0
9.07,9.35,9.25,6.0,99.90188780800001,6.812,4.25,2020-01-24T01:45:00.0
9.21,9.29,9.49,6.04,99.9282729005,6.812,4.25,2020-01-24T01:46:00.0
9.71,9.29,9.57,6.04,99.95465480200001,6.812,4.187,2020-01-24T01:47:00.0
9.07,9.25,9.57,6.04,99.9810335125,6.812,4.125,2020-01-24T01:48:00.0
9.25,9.29,9.29,6.04,100.0337813605,6.812,4.125,2020-01-24T01:49:00.0
9.43,9.25,9.25,6.01,100.0337813605,6.75,4.125,2020-01-24T01:50:00.0
8.79,8.89,9.03,5.96,100.1392387645,6.75,4.125,2020-01-24T01:51:00.0
9.21,9.21,9.07,5.91,100.19194832050002,6.687,4.0,2020-01-24T01:52:00.0
9.01,9.47,9.43,5.89,100.24464511250001,6.687,3.937,2020-01-24T01:53:00.0
8.71,9.07,9.01,5.86,100.29732914050001,6.687,3.937,2020-01-24T01:54:00.0
8.71,8.75,8.71,5.76,100.29732914050001,6.625,3.812,2020-01-24T01:55:00.0
8.01,8.75,9.07,5.68,100.37633125,6.562,3.687,2020-01-24T01:56:00.0
8.93,8.23,8.93,5.54,100.428983368,6.562,3.562,2020-01-24T01:57:00.0
8.61,8.75,8.69,5.46,100.50793761250002,6.5,3.5,2020-01-24T01:58:00.0
8.69,8.51,8.55,5.39,100.56055782050001,6.375,3.375,2020-01-24T01:59:00.0
8.33,8.59,8.45,5.3,100.6657599445,6.375,3.312,2020-01-24T02:00:00.0
8.51,8.71,8.23,5.24,100.7183418605,6.312,3.25,2020-01-24T02:01:00.0
8.59,8.59,8.37,5.16,100.7709110125,6.25,3.187,2020-01-24T02:02:00.0
7.83,7.79,8.41,5.12,100.82346740050001,6.25,3.125,2020-01-24T02:03:00.0
8.15,8.41,8.41,5.06,100.87601102450002,6.25,3.062,2020-01-24T02:04:00.0
7.77,7.79,8.19,5.02,100.98105998050002,6.125,3.0,2020-01-24T02:05:00.0
7.97,8.09,8.29,4.98,101.0335653125,6.125,3.0,2020-01-24T02:06:00.0
8.47,8.19,8.09,4.96,101.11229937800002,6.062,3.0,2020-01-24T02:07:00.0
8.51,7.87,8.09,4.96,101.16477280000001,6.062,3.0,2020-01-24T02:08:00.0
8.09,8.71,8.47,4.96,101.21723345800001,6.062,3.0,2020-01-24T02:09:00.0
7.91,8.33,7.83,5.0,101.2434590005,6.062,3.0,2020-01-24T02:10:00.0
7.73,8.27,8.15,4.96,101.29590051250001,6.062,3.062,2020-01-24T02:11:00.0
8.13,8.13,8.33,4.92,101.34832926050001,6.062,3.062,2020-01-24T02:12:00.0
8.09,8.37,8.01,4.98,101.4007452445,6.062,3.0,2020-01-24T02:13:00.0
7.83,8.23,8.09,4.98,101.42694845,6.062,3.062,2020-01-24T02:14:00.0
8.29,8.29,7.95,4.98,101.4531484645,6.062,3.062,2020-01-24T02:15:00.0
8.23,8.29,8.09,5.01,101.50553892050002,6.062,3.062,2020-01-24T02:16:00.0
8.65,8.33,8.37,4.99,101.50553892050002,6.062,3.062,2020-01-24T02:17:00.0
8.29,8.69,8.23,5.03,101.55791661250001,6.062,3.062,2020-01-24T02:18:00.0
8.1,8.51,8.16,5.03,101.57100864225,6.062,3.0934999999999997,2020-01-24T02:19:00.0
7.91,8.33,8.09,5.03,101.584100672,6.062,3.125,2020-01-24T02:20:00.0
8.27,8.09,8.27,5.01,101.636459218,6.062,3.125,2020-01-24T02:21:00.0
8.51,8.45,8.33,4.98,101.66263370450001,6.062,3.125,2020-01-24T02:22:00.0
8.399999999999999,8.36,8.309999999999999,5.02,101.6888034045,6.093500000000001,3.125,2020-01-24T02:23:00.0
8.29,8.27,8.29,5.06,101.7149731045,6.125,3.125,2020-01-24T02:24:00.0
8.19,8.29,8.37,5.08,101.7149731045,6.125,3.125,2020-01-24T02:25:00.0
7.87,8.19,8.09,5.09,101.7149731045,6.187,3.125,2020-01-24T02:26:00.0
8.37,8.29,8.23,5.06,101.7149731045,6.25,3.187,2020-01-24T02:27:00.0
8.59,8.47,8.55,5.06,101.76729974050001,6.25,3.187,2020-01-24T02:28:00.0
8.41,8.47,8.87,5.14,101.76729974050001,6.25,3.187,2020-01-24T02:29:00.0
8.51,8.15,8.33,5.17,101.79345827200001,6.312,3.187,2020-01-24T02:30:00.0
8.15,8.19,8.29,5.18,101.76729974050001,6.312,3.25,2020-01-24T02:31:00.0
8.75,8.45,8.13,5.18,101.8196136125,6.312,3.25,2020-01-24T02:32:00.0
8.55,8.51,8.55,5.2,101.8196136125,6.312,3.187,2020-01-24T02:33:00.0
8.27,8.65,8.05,5.17,101.845765762,6.312,3.187,2020-01-24T02:34:00.0
7.97,8.33,8.23,5.16,101.87191472050002,6.312,3.187,2020-01-24T02:35:00.0
8.12,8.469999999999999,8.41,5.140000000000001,101.89805889250002,6.312,3.187,2020-01-24T02:36:00.0
8.27,8.61,8.59,5.12,101.9242030645,6.312,3.187,2020-01-24T02:37:00.0
8.23,8.47,8.29,5.12,101.9242030645,6.312,3.25,2020-01-24T02:38:00.0
8.93,8.37,8.15,5.12,101.9242030645,6.375,3.25,2020-01-24T02:39:00.0
8.65,8.59,8.29,5.14,101.9242030645,6.312,3.25,2020-01-24T02:40:00.0
8.29,8.47,8.29,5.15,101.9764786445,6.375,3.25,2020-01-24T02:41:00.0
8.79,8.47,8.61,5.16,101.9764786445,6.375,3.25,2020-01-24T02:42:00.0
8.29,8.61,8.65,5.18,101.9764786445,6.375,3.187,2020-01-24T02:43:00.0
8.51,8.75,8.45,5.19,102.0287414605,6.375,3.187,2020-01-24T02:44:00.0
8.37,8.69,8.23,5.17,102.0287414605,6.375,3.125,2020-01-24T02:45:00.0
8.27,8.37,8.27,5.18,102.0809915125,6.375,3.125,2020-01-24T02:46:00.0
8.45,8.09,8.41,5.16,102.0809915125,6.375,3.125,2020-01-24T02:47:00.0
8.09,8.09,8.55,5.16,102.10711175200001,6.375,3.125,2020-01-24T02:48:00.0
8.51,8.18,8.39,5.140000000000001,102.12017027625001,6.375,3.125,2020-01-24T02:49:00.0
8.93,8.27,8.23,5.12,102.1332288005,6.375,3.125,2020-01-24T02:50:00.0
8.33,8.37,8.27,5.08,102.1332288005,6.375,3.125,2020-01-24T02:51:00.0
8.41,8.37,8.29,5.0,102.1854533245,6.375,3.125,2020-01-24T02:52:00.0
9.11,9.03,9.07,4.98,102.23766508450001,6.375,3.125,2020-01-24T02:53:00.0
8.87,9.11,9.21,5.1,102.23766508450001,6.375,3.125,2020-01-24T02:54:00.0
8.87,8.83,8.75,5.16,102.23766508450001,6.375,3.187,2020-01-24T02:55:00.0
8.33,8.59,8.61,5.18,102.23766508450001,6.375,3.125,2020-01-24T02:56:00.0
8.15,8.69,8.19,5.16,102.23766508450001,6.375,3.125,2020-01-24T02:57:00.0
8.27,8.23,8.27,5.15,102.23766508450001,6.375,3.125,2020-01-24T02:58:00.0
8.27,8.37,8.29,5.08,102.26376617800001,6.437,3.125,2020-01-24T02:59:00.0
8.27,8.33,8.01,5.02,102.34205031250002,6.375,3.125,2020-01-24T03:00:00.0
8.19,8.47,8.29,5.0,102.34205031250002,6.437,3.125,2020-01-24T03:01:00.0
8.19,8.37,8.23,4.96,102.3942237805,6.375,3.187,2020-01-24T03:02:00.0
8.69,8.51,8.29,4.94,102.420305728,6.375,3.187,2020-01-24T03:03:00.0
8.61,8.27,8.23,5.01,102.44638448450002,6.437,3.187,2020-01-24T03:04:00.0
8.47,8.33,8.27,4.98,102.44638448450002,6.437,3.187,2020-01-24T03:05:00.0
8.59,8.29,8.15,4.94,102.44638448450002,6.375,3.125,2020-01-24T03:06:00.0
7.95,8.23,8.33,4.91,102.44638448450002,6.437,3.125,2020-01-24T03:07:00.0
8.02,8.16,8.35,4.945,102.49852604250002,6.437,3.0934999999999997,2020-01-24T03:08:00.0
8.09,8.09,8.37,4.98,102.55066760050002,6.437,3.062,2020-01-24T03:09:00.0
7.91,8.37,7.83,5.05,102.524601608,6.437,3.062,2020-01-24T03:10:00.0
7.97,8.05,8.19,5.09,102.55066760050002,6.437,3.062,2020-01-24T03:11:00.0
8.37,8.29,8.19,5.08,102.55066760050002,6.375,3.062,2020-01-24T03:12:00.0
8.51,8.65,8.01,5.11,102.55066760050002,6.375,3.062,2020-01-24T03:13:00.0
7.97,8.05,8.33,5.14,102.55066760050002,6.375,3.062,2020-01-24T03:14:00.0
7.97,8.47,8.27,5.14,102.60279001250001,6.375,3.062,2020-01-24T03:15:00.0
7.87,8.13,8.05,5.14,102.60279001250001,6.375,3.062,2020-01-24T03:16:00.0
7.97,8.29,8.29,5.12,102.62884643200002,6.375,3.062,2020-01-24T03:17:00.0
8.29,8.29,8.23,5.0,102.60279001250001,6.375,3.062,2020-01-24T03:18:00.0
8.09,8.59,8.29,4.92,102.60279001250001,6.375,3.062,2020-01-24T03:19:00.0
8.29,8.27,8.05,4.89,102.6548996605,6.375,3.062,2020-01-24T03:20:00.0
8.37,8.37,8.19,4.82,102.6548996605,6.375,3.062,2020-01-24T03:21:00.0
8.29,8.37,8.27,4.79,102.7069965445,6.375,3.062,2020-01-24T03:22:00.0
9.0,8.86,8.83,4.82,102.7069965445,6.375,3.062,2020-01-24T03:23:00.0
9.71,9.35,9.39,4.92,102.7069965445,6.375,3.062,2020-01-24T03:24:00.0
9.77,9.39,9.89,4.92,102.7069965445,6.375,3.062,2020-01-24T03:24:00.0
10.33,9.99,10.19,5.1,102.6548996605,6.375,3.125,2020-01-24T03:25:00.0
10.27,10.05,10.37,5.34,102.60279001250001,6.375,3.125,2020-01-24T03:26:00.0
9.77,10.13,10.19,5.46,102.49853242450001,6.375,3.125,2020-01-24T03:27:00.0
9.25,9.47,9.53,5.5,102.47246005000001,6.312,3.125,2020-01-24T03:28:00.0
8.51,8.93,9.53,5.46,102.49853242450001,6.375,3.125,2020-01-24T03:29:00.0
8.01,8.75,8.89,5.38,102.55066760050002,6.375,3.125,2020-01-24T03:30:00.0
7.65,8.59,8.71,5.31,102.60279001250001,6.375,3.125,2020-01-24T03:31:00.0
8.55,8.69,8.41,5.23,102.6548996605,6.375,3.187,2020-01-24T03:32:00.0
8.37,8.19,8.47,5.16,102.680949698,6.312,3.187,2020-01-24T03:33:00.0
8.39,8.21,8.379999999999999,5.109999999999999,102.72001518125,6.343500000000001,3.187,2020-01-24T03:34:00.0
8.41,8.23,8.29,5.06,102.7590806645,6.375,3.187,2020-01-24T03:35:00.0
8.23,8.29,8.19,5.06,102.7590806645,6.312,3.187,2020-01-24T03:36:00.0
8.23,8.45,8.37,5.05,102.8111520205,6.375,3.125,2020-01-24T03:37:00.0
8.33,8.05,8.37,4.98,102.8111520205,6.375,3.187,2020-01-24T03:38:00.0
8.23,8.33,8.19,4.98,102.8111520205,6.375,3.187,2020-01-24T03:39:00.0
8.47,8.41,8.51,4.88,102.86321061250001,6.375,3.125,2020-01-24T03:40:00.0
8.19,8.19,8.29,4.86,102.86321061250001,6.375,3.187,2020-01-24T03:41:00.0
8.37,8.23,8.29,4.86,102.9152564405,6.375,3.125,2020-01-24T03:42:00.0
8.05,8.33,8.27,4.89,102.9152564405,6.375,3.187,2020-01-24T03:43:00.0
8.51,8.27,8.55,4.85,102.9152564405,6.437,3.187,2020-01-24T03:44:00.0
8.51,8.33,8.19,4.84,102.9152564405,6.375,3.187,2020-01-24T03:45:00.0
8.09,8.13,8.05,4.82,102.9152564405,6.375,3.187,2020-01-24T03:46:00.0
8.37,8.29,8.29,4.78,102.9672895045,6.375,3.187,2020-01-24T03:47:00.0
8.27,8.05,8.33,4.79,102.9672895045,6.375,3.187,2020-01-24T03:48:00.0
8.29,8.41,8.27,4.88,102.9672895045,6.375,3.187,2020-01-24T03:49:00.0
8.47,8.23,8.37,4.9,102.9672895045,6.375,3.125,2020-01-24T03:50:00.0
8.65,8.29,8.37,4.88,102.9672895045,6.375,3.125,2020-01-24T03:51:00.0
8.33,8.13,8.33,4.86,102.9672895045,6.437,3.125,2020-01-24T03:52:00.0
8.27,8.45,8.19,4.84,102.99330125,6.375,3.125,2020-01-24T03:53:00.0
8.29,8.29,7.87,4.93,102.9672895045,6.375,3.125,2020-01-24T03:54:00.0
9.19,8.93,9.35,4.9,102.99330125,6.437,3.125,2020-01-24T03:55:00.0
9.33,9.01,9.39,4.94,102.9672895045,6.437,3.125,2020-01-24T03:56:00.0
8.71,8.47,8.83,4.95,102.9672895045,6.437,3.125,2020-01-24T03:57:00.0
8.37,8.19,8.29,4.87,102.9672895045,6.437,3.125,2020-01-24T03:58:00.0
8.33,8.71,7.97,4.82,103.01930980450001,6.437,3.062,2020-01-24T03:59:00.0
8.01,8.47,8.33,4.78,103.045315168,6.437,3.125,2020-01-24T04:00:00.0
8.93,8.71,9.11,4.82,103.0713173405,6.437,3.125,2020-01-24T04:01:00.0
9.07,8.93,9.29,4.98,103.01930980450001,6.437,3.062,2020-01-24T04:02:00.0
10.31,10.19,10.09,5.15,102.9672895045,6.437,3.062,2020-01-24T04:03:00.0
10.13,9.57,10.05,5.24,102.86321061250001,6.437,3.062,2020-01-24T04:04:00.0
9.74,9.5,9.77,5.27,102.8892335265,6.437,3.062,2020-01-24T04:05:00.0
9.35,9.43,9.49,5.3,102.9152564405,6.437,3.062,2020-01-24T04:06:00.0
8.41,8.93,9.07,5.28,102.9152564405,6.437,3.062,2020-01-24T04:07:00.0
8.37,8.75,8.61,5.21,102.94127456800001,6.375,3.062,2020-01-24T04:08:00.0
8.19,7.59,8.61,5.07,102.94127456800001,6.375,3.062,2020-01-24T04:09:00.0
8.45,8.29,8.69,5.06,102.9672895045,6.437,3.062,2020-01-24T04:10:00.0
7.83,8.47,8.15,5.02,103.01930980450001,6.375,3.0,2020-01-24T04:11:00.0
8.47,8.33,8.15,4.96,103.045315168,6.375,3.062,2020-01-24T04:12:00.0
8.47,8.37,7.97,4.93,103.0713173405,6.375,3.062,2020-01-24T04:13:00.0
8.19,8.09,8.13,4.96,103.0713173405,6.375,3.062,2020-01-24T04:14:00.0
8.29,8.05,8.27,4.97,103.0713173405,6.375,3.062,2020-01-24T04:15:00.0
7.79,8.33,8.09,4.92,103.0713173405,6.375,3.0,2020-01-24T04:16:00.0
8.09,8.09,8.15,4.84,103.0713173405,6.375,3.0,2020-01-24T04:17:00.0
8.64,8.48,8.49,4.88,103.149304712,6.375,3.0,2020-01-24T04:18:00.0
9.19,8.87,8.83,4.92,103.12331211250002,6.437,3.0,2020-01-24T04:19:00.0
9.25,9.19,9.43,4.92,103.12331211250002,6.437,3.0,2020-01-24T04:19:00.0
10.23,10.03,10.09,5.12,103.0713173405,6.375,3.062,2020-01-24T04:20:00.0
10.05,10.05,10.41,5.3,102.9672895045,6.375,3.062,2020-01-24T04:21:00.0
10.03,9.89,10.03,5.46,102.9152564405,6.375,3.062,2020-01-24T04:22:00.0
9.15,9.81,9.43,5.52,102.86321061250001,6.375,3.062,2020-01-24T04:23:00.0
8.29,9.01,9.21,5.41,102.86321061250001,6.375,3.062,2020-01-24T04:24:00.0
8.19,8.69,8.89,5.33,102.9152564405,6.312,3.062,2020-01-24T04:25:00.0
7.65,8.89,8.33,5.24,102.94127456800001,6.312,3.062,2020-01-24T04:26:00.0
8.33,8.75,8.13,5.21,103.01930980450001,6.25,3.062,2020-01-24T04:27:00.0
8.01,8.41,8.23,5.12,103.0713173405,6.312,3.062,2020-01-24T04:28:00.0
8.47,8.27,8.13,5.08,103.0713173405,6.25,3.062,2020-01-24T04:29:00.0
8.23,8.01,8.37,5.02,103.12331211250002,6.312,3.062,2020-01-24T04:30:00.0
7.65,7.11,7.87,5.04,103.12331211250002,6.25,3.0,2020-01-24T04:31:00.0
8.19,8.37,8.19,4.98,103.12331211250002,6.312,2.937,2020-01-24T04:32:00.0
8.23,8.41,8.15,4.96,103.12331211250002,6.312,2.937,2020-01-24T04:33:00.0
8.15,8.29,8.09,4.84,103.17529412050001,6.312,2.937,2020-01-24T04:34:00.0
8.41,8.13,8.13,4.86,103.17529412050001,6.312,2.937,2020-01-24T04:35:00.0
7.95,7.95,7.79,4.78,103.17529412050001,6.312,2.937,2020-01-24T04:36:00.0
8.13,8.13,8.15,4.75,103.2272633645,6.312,2.875,2020-01-24T04:37:00.0
7.91,8.13,7.73,4.77,103.2272633645,6.312,2.812,2020-01-24T04:38:00.0
7.91,8.09,8.19,4.8,103.25324320000001,6.25,2.812,2020-01-24T04:39:00.0
7.97,8.19,7.83,4.77,103.2792198445,6.25,2.75,2020-01-24T04:40:00.0
7.95,7.69,8.01,4.75,103.2792198445,6.187,2.75,2020-01-24T04:41:00.0
7.97,7.97,8.27,4.75,103.2792198445,6.187,2.75,2020-01-24T04:42:00.0
8.13,7.91,7.91,4.72,103.2792198445,6.187,2.75,2020-01-24T04:43:00.0
8.13,7.83,8.01,4.75,103.305193298,6.125,2.75,2020-01-24T04:44:00.0
7.69,7.61,7.91,4.73,103.305193298,6.125,2.75,2020-01-24T04:45:00.0
7.59,7.91,7.97,4.75,103.305193298,6.125,2.75,2020-01-24T04:46:00.0
7.91,7.79,7.09,4.78,103.33116356050002,6.125,2.75,2020-01-24T04:47:00.0
7.47,7.91,7.97,4.85,103.33116356050002,6.187,2.75,2020-01-24T04:48:00.0
7.91,7.73,7.65,4.88,103.305193298,6.187,2.75,2020-01-24T04:49:00.0
7.95,8.01,7.91,4.92,103.2792198445,6.187,2.75,2020-01-24T04:50:00.0
7.65,8.01,8.01,4.88,103.25324320000001,6.187,2.812,2020-01-24T04:51:00.0
8.13,7.97,7.83,4.9,103.2792198445,6.187,2.812,2020-01-24T04:52:00.0
8.19,8.13,7.91,4.96,103.2792198445,6.25,2.875,2020-01-24T04:53:00.0
8.09,7.73,8.01,4.98,103.2792198445,6.25,2.875,2020-01-24T04:54:00.0
8.02,7.85,8.030000000000001,5.06,103.2792198445,6.25,2.937,2020-01-24T04:55:00.0
7.95,7.97,8.05,5.06,103.2792198445,6.312,2.937,2020-01-24T04:56:00.0
8.05,7.73,8.01,5.06,103.2792198445,6.312,2.937,2020-01-24T04:56:00.0
9.21,8.71,8.89,5.04,103.2272633645,6.25,3.0,2020-01-24T04:57:00.0
9.35,8.83,9.15,5.13,103.17529412050001,6.312,3.0,2020-01-24T04:58:00.0
9.01,8.55,8.37,5.18,103.201280338,6.312,3.062,2020-01-24T04:59:00.0
8.37,8.75,8.61,5.2,103.17529412050001,6.312,3.0,2020-01-24T05:00:00.0
8.05,8.19,8.13,5.12,103.12331211250002,6.312,3.0,2020-01-24T05:01:00.0
8.09,8.37,8.05,5.02,103.17529412050001,6.312,3.062,2020-01-24T05:02:00.0
8.09,8.19,8.41,5.05,103.201280338,6.375,3.062,2020-01-24T05:03:00.0
8.15,8.47,8.45,5.12,103.2272633645,6.375,3.125,2020-01-24T05:04:00.0
8.29,8.33,8.45,5.14,103.2272633645,6.375,3.062,2020-01-24T05:05:00.0
8.09,8.29,8.05,5.15,103.2272633645,6.375,3.062,2020-01-24T05:06:00.0
8.33,8.37,8.37,5.16,103.2272633645,6.375,3.062,2020-01-24T05:07:00.0
8.47,8.41,7.97,5.2,103.2272633645,6.375,3.062,2020-01-24T05:08:00.0
8.29,8.05,8.41,5.27,103.2272633645,6.375,3.062,2020-01-24T05:09:00.0
8.05,8.51,8.15,5.32,103.2272633645,6.375,3.062,2020-01-24T05:10:00.0
8.05,7.91,8.05,5.32,103.17529412050001,6.375,3.062,2020-01-24T05:11:00.0
8.37,8.29,8.01,5.3,103.149304712,6.375,3.062,2020-01-24T05:12:00.0
8.55,8.23,8.37,5.28,103.12331211250002,6.437,3.062,2020-01-24T05:13:00.0
8.41,8.29,8.51,5.3,103.17529412050001,6.437,3.062,2020-01-24T05:14:00.0
8.15,8.45,8.01,5.32,103.149304712,6.437,3.062,2020-01-24T05:15:00.0
8.01,8.29,8.07,5.295,103.13630841225,6.437,3.0309999999999997,2020-01-24T05:16:00.0
7.87,8.13,8.13,5.27,103.12331211250002,6.437,3.0,2020-01-24T05:17:00.0
8.33,8.37,7.91,5.3,103.0713173405,6.437,2.937,2020-01-24T05:18:00.0
8.15,8.05,7.95,5.24,103.0713173405,6.5,2.875,2020-01-24T05:19:00.0
7.87,7.91,7.97,5.18,103.12331211250002,6.5,2.875,2020-01-24T05:20:00.0
8.75,8.97,8.97,5.1,103.12331211250002,6.5,2.875,2020-01-24T05:21:00.0
9.01,8.87,8.93,5.16,103.12331211250002,6.5,2.875,2020-01-24T05:22:00.0
8.79,8.51,8.83,5.09,103.12331211250002,6.5,2.875,2020-01-24T05:23:00.0
8.19,7.47,8.55,5.12,103.17529412050001,6.5,2.937,2020-01-24T05:24:00.0
7.95,8.01,8.19,5.14,103.17529412050001,6.5,2.937,2020-01-24T05:25:00.0
8.05,8.01,8.09,5.14,103.17529412050001,6.5,3.0,2020-01-24T05:26:00.0
8.27,8.23,8.13,5.18,103.17529412050001,6.437,3.062,2020-01-24T05:27:00.0
8.29,8.05,8.33,5.18,103.17529412050001,6.5,3.125,2020-01-24T05:28:00.0
8.37,8.37,8.23,5.23,103.12331211250002,6.5,3.187,2020-01-24T05:29:00.0
8.33,8.55,8.51,5.25,103.12331211250002,6.5,3.25,2020-01-24T05:30:00.0
8.45,8.33,8.41,5.28,103.097316322,6.437,3.25,2020-01-24T05:31:00.0
8.47,8.51,8.41,5.36,103.0713173405,6.437,3.312,2020-01-24T05:32:00.0
8.23,8.61,8.27,5.38,103.01930980450001,6.5,3.312,2020-01-24T05:33:00.0
8.05,8.47,8.59,5.3,103.01930980450001,6.5,3.25,2020-01-24T05:34:00.0
8.09,8.15,8.41,5.19,103.0713173405,6.5,3.187,2020-01-24T05:35:00.0
8.05,8.33,8.51,5.13,103.0713173405,6.5,3.125,2020-01-24T05:36:00.0
8.37,8.37,8.33,5.1,103.12331211250002,6.5,3.062,2020-01-24T05:37:00.0
8.41,8.23,8.19,5.04,103.097316322,6.5,3.0,2020-01-24T05:38:00.0
8.01,8.19,8.05,5.07,103.12331211250002,6.5,3.0,2020-01-24T05:39:00.0
8.47,8.55,8.13,5.08,103.149304712,6.562,2.937,2020-01-24T05:40:00.0
8.19,8.19,7.97,5.08,103.149304712,6.5,2.937,2020-01-24T05:41:00.0
7.97,8.09,7.97,5.08,103.12331211250002,6.562,2.937,2020-01-24T05:42:00.0
8.01,8.29,8.27,5.17,103.17529412050001,6.562,3.0,2020-01-24T05:43:00.0
8.67,8.489999999999998,8.73,5.22,103.12331211250002,6.625,3.062,2020-01-24T05:44:00.0
9.33,8.69,9.19,5.19,103.0713173405,6.625,3.062,2020-01-24T05:45:00.0
9.67,9.21,9.67,5.19,103.0713173405,6.625,3.062,2020-01-24T05:45:00.0
10.95,10.41,10.69,5.23,103.01930980450001,6.625,3.062,2020-01-24T05:46:00.0
10.61,10.31,10.79,5.37,102.9672895045,6.625,3.062,2020-01-24T05:47:00.0
10.32,10.22,10.68,5.45,102.90223620825,6.625,3.0309999999999997,2020-01-24T05:48:00.0
10.03,10.13,10.57,5.53,102.83718291200002,6.625,3.0,2020-01-24T05:49:00.0
10.65,10.41,10.95,5.56,102.86321061250001,6.625,3.0,2020-01-24T05:50:00.0
10.89,10.23,10.85,5.52,102.7590806645,6.625,3.0,2020-01-24T05:51:00.0
10.51,10.09,10.57,5.56,102.7590806645,6.625,3.0,2020-01-24T05:52:00.0
10.33,9.75,10.51,5.56,102.7590806645,6.625,3.062,2020-01-24T05:53:00.0
9.77,9.53,10.33,5.5,102.7590806645,6.625,3.062,2020-01-24T05:54:00.0
9.29,9.19,10.55,5.52,102.7590806645,6.625,3.125,2020-01-24T05:55:00.0
9.21,8.97,10.33,5.52,102.7590806645,6.625,3.125,2020-01-24T05:56:00.0
8.71,8.93,10.33,5.5,102.78511793800001,6.625,3.125,2020-01-24T05:57:00.0
8.33,8.75,10.23,5.44,102.8111520205,6.625,3.125,2020-01-24T05:58:00.0
8.13,8.37,9.89,5.45,102.8111520205,6.625,3.125,2020-01-24T05:59:00.0
8.23,8.19,9.81,5.42,102.86321061250001,6.625,3.125,2020-01-24T06:00:00.0
8.51,8.55,9.53,5.4,102.86321061250001,6.625,3.062,2020-01-24T06:01:00.0
8.09,8.13,8.87,5.36,102.86321061250001,6.625,3.125,2020-01-24T06:02:00.0
8.33,8.41,9.01,5.34,102.86321061250001,6.625,3.062,2020-01-24T06:03:00.0
8.23,8.15,8.71,5.34,102.86321061250001,6.625,3.062,2020-01-24T06:04:00.0
4.75,5.01,4.07,5.34,-2.0462,5.5,2.187,2020-01-24T20:55:00.0
5.63,5.29,5.01,5.34,-2.0462,5.5,2.187,2020-01-24T20:56:00.0
6.61,6.35,6.47,5.34,-2.0462,5.5,2.187,2020-01-24T20:57:00.0
7.87,7.61,7.51,5.34,-2.0462,5.5,2.187,2020-01-24T20:58:00.0
7.59,7.23,7.29,5.34,-2.0462,5.5,2.125,2020-01-24T20:59:00.0
7.37,7.41,7.41,5.34,-2.0462,5.5,2.125,2020-01-24T21:00:00.0
7.19,7.11,7.27,5.34,-2.0462,5.562,2.125,2020-01-24T21:01:00.0
7.41,7.45,7.23,5.34,-2.0462,5.562,2.125,2020-01-24T21:02:00.0
7.41,7.61,7.33,5.34,-2.0462,5.562,2.125,2020-01-24T21:03:00.0
7.45,7.23,7.41,5.34,-2.0462,5.562,2.062,2020-01-24T21:04:00.0
7.37,6.83,7.29,5.34,-2.0462,5.625,2.062,2020-01-24T21:05:00.0
7.05,7.11,7.45,5.34,-2.0462,5.625,2.062,2020-01-24T21:06:00.0
7.33,7.45,7.47,5.34,-2.0462,5.625,2.062,2020-01-24T21:07:00.0
7.33,7.15,7.27,5.34,-2.0462,5.625,2.0,2020-01-24T21:08:00.0
7.41,7.11,6.97,5.34,-2.0462,5.625,2.062,2020-01-24T21:09:00.0
7.09,7.51,7.27,5.34,-2.0462,5.625,2.062,2020-01-24T21:10:00.0
6.57,6.93,6.93,5.34,-2.0462,5.625,2.062,2020-01-24T21:11:00.0
7.29,7.47,7.19,5.34,-2.0462,5.625,2.125,2020-01-24T21:12:00.0
7.05,7.33,7.51,5.34,-2.0462,5.625,2.125,2020-01-24T21:13:00.0
8.09,7.45,7.29,5.34,-2.0462,5.625,2.187,2020-01-24T21:14:00.0
7.33,6.97,7.45,5.34,-2.0462,5.625,2.187,2020-01-24T21:15:00.0
7.27,7.15,7.11,5.34,-2.0462,5.625,2.187,2020-01-24T21:16:00.0
7.25,7.24,7.29,5.34,-2.0462,5.593500000000001,2.1559999999999997,2020-01-24T21:17:00.0
7.23,7.33,7.47,5.34,-2.0462,5.562,2.125,2020-01-24T21:18:00.0
7.05,7.19,7.29,5.34,-2.0462,5.562,2.125,2020-01-24T21:19:00.0
7.37,7.45,7.23,5.34,-2.0462,5.5,2.125,2020-01-24T21:20:00.0
7.29,6.97,7.55,5.34,-2.0462,5.437,2.125,2020-01-24T21:21:00.0
6.87,6.93,7.05,5.34,-2.0462,5.5,2.125,2020-01-24T21:22:00.0
7.11,7.33,7.37,5.34,-2.0462,5.437,2.125,2020-01-24T21:23:00.0
6.97,7.19,6.57,5.34,-2.0462,5.375,2.062,2020-01-24T21:24:00.0
7.47,6.97,6.91,5.34,-2.0462,5.375,2.062,2020-01-24T21:25:00.0
7.09,6.73,7.05,5.34,-2.0462,5.375,2.125,2020-01-24T21:26:00.0
7.45,7.37,7.45,5.34,-2.0462,5.375,2.125,2020-01-24T21:27:00.0
7.37,7.55,7.37,5.34,-2.0462,5.312,2.125,2020-01-24T21:28:00.0
7.27,6.91,7.33,5.34,-2.0462,5.312,2.125,2020-01-24T21:29:00.0
7.09,7.11,7.37,5.34,-2.0462,5.312,2.062,2020-01-24T21:30:00.0
6.57,6.25,7.27,5.34,-2.0462,5.312,2.062,2020-01-24T21:31:00.0
7.73,7.37,7.23,5.34,-2.0462,5.312,2.0,2020-01-24T21:32:00.0
7.47,7.33,7.11,5.34,-2.0462,5.25,2.0,2020-01-24T21:33:00.0
7.27,7.15,7.11,5.34,-2.0462,5.25,1.937,2020-01-24T21:34:00.0
6.73,7.23,6.75,5.34,-2.0462,5.312,1.937,2020-01-24T21:35:00.0
6.73,6.91,7.05,5.34,-2.0462,5.312,1.937,2020-01-24T21:36:00.0
7.69,7.33,7.19,5.34,-2.0462,5.312,1.937,2020-01-24T21:37:00.0
7.23,7.33,6.93,5.34,-2.0462,5.312,1.937,2020-01-24T21:38:00.0
7.27,6.33,6.91,5.34,-2.0462,5.312,1.937,2020-01-24T21:39:00.0
6.93,6.97,7.15,5.34,-2.0462,5.312,1.937,2020-01-24T21:40:00.0
6.21,6.79,6.97,5.34,-2.0462,5.312,1.937,2020-01-24T21:41:00.0
7.19,6.87,6.79,5.34,-2.0462,5.312,1.937,2020-01-24T21:42:00.0
7.91,6.83,7.11,5.34,-2.0462,5.312,1.937,2020-01-24T21:43:00.0
7.19,7.23,7.09,5.34,-2.0462,5.312,1.937,2020-01-24T21:44:00.0
7.19,7.15,7.29,5.34,-2.0462,5.312,1.937,2020-01-24T21:45:00.0
6.87,7.19,6.79,5.34,-2.0462,5.312,1.937,2020-01-24T21:46:00.0
7.23,6.87,6.79,5.34,-2.0462,5.25,2.0,2020-01-24T21:47:00.0
7.11,7.19,7.29,5.34,-2.0462,5.25,1.937,2020-01-24T21:48:00.0
7.05,6.79,6.83,5.34,-2.0462,5.312,1.937,2020-01-24T21:49:00.0
7.19,7.05,6.97,5.34,-2.0462,5.25,1.937,2020-01-24T21:50:00.0
6.75,6.73,6.93,5.34,-2.0462,5.187,1.937,2020-01-24T21:51:00.0
7.33,7.29,7.15,5.34,-2.0462,5.187,1.937,2020-01-24T21:52:00.0
7.23,7.09,6.91,5.34,-2.0462,5.187,1.937,2020-01-24T21:53:00.0
6.97,7.09,7.19,5.34,-2.0462,5.062,2.0,2020-01-24T21:54:00.0
6.91,6.91,6.91,5.34,-2.0462,5.062,2.0,2020-01-24T21:55:00.0
6.75,6.75,6.93,5.34,-2.0462,5.0,1.937,2020-01-24T21:56:00.0
7.11,7.09,7.23,5.34,-2.0462,5.0,1.937,2020-01-24T21:57:00.0
7.33,6.79,6.93,5.34,-2.0462,4.937,1.937,2020-01-24T21:58:00.0
7.05,6.91,7.05,5.34,-2.0462,4.937,1.937,2020-01-24T21:59:00.0
6.97,6.83,7.27,5.34,-2.0462,4.875,1.937,2020-01-24T22:00:00.0
6.87,7.11,6.93,5.34,-2.0462,4.875,1.937,2020-01-24T22:01:00.0
7.19,6.73,6.91,5.34,-2.0462,4.875,1.937,2020-01-24T22:02:00.0
6.91,7.15,6.75,5.34,-2.0462,4.812,1.937,2020-01-24T22:03:00.0
6.91,7.01,6.91,5.34,-2.0462,4.812,1.937,2020-01-24T22:04:00.0
7.09,7.23,7.29,5.34,-2.0462,4.812,1.937,2020-01-24T22:05:00.0
6.65,7.09,6.07,5.34,-2.0462,4.812,2.0,2020-01-24T22:06:00.0
7.15,6.93,7.01,5.34,-2.0462,4.812,2.0,2020-01-24T22:07:00.0
7.23,7.05,7.19,5.34,-2.0462,4.812,1.937,2020-01-24T22:08:00.0
6.97,7.01,7.09,5.34,-2.0462,4.812,1.937,2020-01-24T22:09:00.0
6.91,6.87,7.01,5.34,-2.0462,4.812,1.937,2020-01-24T22:10:00.0
6.65,6.65,6.39,5.34,-2.0462,4.812,1.937,2020-01-24T22:11:00.0
7.33,7.37,7.33,5.34,-2.0462,4.812,1.937,2020-01-24T22:12:00.0
7.09,7.01,7.15,5.34,-2.0462,4.812,1.937,2020-01-24T22:13:00.0
6.73,6.97,7.29,5.34,-2.0462,4.812,1.937,2020-01-24T22:14:00.0
6.73,6.859999999999999,6.88,5.34,-2.0462,4.812,1.937,2020-01-24T22:15:00.0
6.73,6.75,6.47,5.34,-2.0462,4.812,1.937,2020-01-24T22:16:00.0
7.19,7.27,7.11,5.34,-2.0462,4.75,1.937,2020-01-24T22:17:00.0
6.87,6.97,7.19,5.34,-2.0462,4.75,1.875,2020-01-24T22:18:00.0
7.73,7.09,7.27,5.34,-2.0462,4.75,1.937,2020-01-24T22:19:00.0
7.01,6.91,7.41,5.34,-2.0462,4.75,1.875,2020-01-24T22:20:00.0
6.73,6.61,6.91,5.34,-2.0462,4.75,1.875,2020-01-24T22:21:00.0
7.01,7.09,7.15,5.34,-2.0462,4.75,1.875,2020-01-24T22:22:00.0
6.65,7.09,6.57,5.34,-2.0462,4.75,1.875,2020-01-24T22:23:00.0
6.91,6.91,6.79,5.34,-2.0462,4.75,1.812,2020-01-24T22:24:00.0
6.93,7.09,6.83,5.34,-2.0462,4.75,1.875,2020-01-24T22:25:00.0
6.91,6.69,6.83,5.34,-2.0462,4.75,1.875,2020-01-24T22:26:00.0
7.05,7.27,6.87,5.34,-2.0462,4.687,1.875,2020-01-24T22:27:00.0
6.73,6.93,7.05,5.34,-2.0462,4.75,1.875,2020-01-24T22:28:00.0
6.75,7.33,7.05,5.34,-2.0462,4.75,1.875,2020-01-24T22:29:00.0
6.87,7.11,7.45,5.34,-2.0462,4.75,1.875,2020-01-24T22:30:00.0
7.19,6.61,6.91,5.34,-2.0462,4.75,1.875,2020-01-24T22:31:00.0
6.93,7.23,7.01,5.34,-2.0462,4.687,1.937,2020-01-24T22:32:00.0
7.45,7.33,6.97,5.34,-2.0462,4.75,1.875,2020-01-24T22:33:00.0
7.23,6.97,7.09,5.34,-2.0462,4.75,1.875,2020-01-24T22:34:00.0
7.07,6.9399999999999995,6.98,5.34,-2.0462,4.75,1.9060000000000001,2020-01-24T22:35:00.0
6.91,6.91,6.87,5.34,-2.0462,4.75,1.937,2020-01-24T22:36:00.0
7.09,6.97,6.97,5.34,-2.0462,4.812,1.937,2020-01-24T22:37:00.0
7.37,7.01,6.83,5.34,-2.0462,4.75,1.937,2020-01-24T22:38:00.0
7.01,7.11,6.93,5.34,-2.0462,4.75,1.937,2020-01-24T22:39:00.0
6.93,7.05,7.11,5.34,-2.0462,4.75,1.875,2020-01-24T22:40:00.0
7.05,6.87,7.19,5.34,-2.0462,4.687,1.875,2020-01-24T22:41:00.0
6.97,7.27,7.01,5.34,-2.0462,4.687,1.875,2020-01-24T22:42:00.0
6.75,6.93,7.09,5.34,-2.0462,4.625,1.875,2020-01-24T22:43:00.0
7.37,7.33,7.09,5.34,-2.0462,4.625,1.875,2020-01-24T22:44:00.0
7.01,6.83,7.11,5.34,-2.0462,4.625,1.875,2020-01-24T22:45:00.0
6.69,6.57,6.73,5.34,-2.0462,4.625,1.875,2020-01-24T22:46:00.0
6.93,7.37,7.11,5.34,-2.0462,4.625,1.875,2020-01-24T22:47:00.0
7.33,6.73,6.75,5.34,-2.0462,4.625,1.875,2020-01-24T22:48:00.0
6.79,7.11,6.93,5.34,-2.0462,4.562,1.875,2020-01-24T22:49:00.0
7.05,7.09,6.97,5.34,-2.0462,4.625,1.875,2020-01-24T22:50:00.0
6.47,6.39,6.69,5.34,-2.0462,4.625,1.937,2020-01-24T22:51:00.0
7.61,7.19,7.11,5.34,-2.0462,4.625,1.875,2020-01-24T22:52:00.0
7.05,6.73,6.97,5.34,-2.0462,4.625,1.875,2020-01-24T22:53:00.0
7.11,6.93,7.29,5.34,-2.0462,4.625,1.937,2020-01-24T22:54:00.0
6.87,6.87,6.83,5.34,-2.0462,4.625,1.937,2020-01-24T22:55:00.0
6.51,6.83,6.53,5.34,-2.0462,4.625,1.875,2020-01-24T22:56:00.0
6.93,7.29,7.19,5.34,-2.0462,4.562,1.875,2020-01-24T22:57:00.0
6.79,7.11,7.11,5.34,-2.0462,4.562,1.812,2020-01-24T22:58:00.0
6.87,6.83,7.19,5.34,-2.0462,4.562,1.75,2020-01-24T22:59:00.0
7.79,7.01,7.15,5.34,-2.0462,4.562,1.75,2020-01-24T23:00:00.0
7.55,6.87,7.01,5.34,-2.0462,4.625,1.75,2020-01-24T23:01:00.0
7.05,6.97,6.79,5.34,-2.0462,4.625,1.75,2020-01-24T23:02:00.0
6.69,7.19,6.79,5.34,-2.0462,4.625,1.75,2020-01-24T23:03:00.0
6.91,7.05,6.91,5.34,-2.0462,4.687,1.75,2020-01-24T23:04:00.0
6.87,7.09,6.83,5.34,-2.0462,4.75,1.75,2020-01-24T23:05:00.0
7.07,6.92,6.9,5.34,-2.0462,4.718500000000001,1.75,2020-01-24T23:06:00.0
7.27,6.75,6.97,5.34,-2.0462,4.687,1.75,2020-01-24T23:07:00.0
7.11,6.97,6.79,5.34,-2.0462,4.687,1.687,2020-01-24T23:08:00.0
6.79,6.73,6.73,5.34,-2.0462,4.687,1.687,2020-01-24T23:09:00.0
7.09,6.83,6.91,5.34,-2.0462,4.625,1.687,2020-01-24T23:10:00.0
6.47,6.57,6.51,5.34,-2.0462,4.625,1.625,2020-01-24T23:11:00.0
6.61,6.83,6.87,5.34,-2.0462,4.625,1.687,2020-01-24T23:12:00.0
6.65,7.11,6.91,5.34,-2.0462,4.625,1.625,2020-01-24T23:13:00.0
6.87,6.87,7.05,5.34,-2.0462,4.625,1.625,2020-01-24T23:14:00.0
6.57,6.73,6.61,5.34,-2.0462,4.625,1.625,2020-01-24T23:15:00.0
6.35,6.39,6.25,5.34,-2.0462,4.625,1.625,2020-01-24T23:16:00.0
6.93,6.91,6.83,5.34,-2.0462,4.562,1.687,2020-01-24T23:17:00.0
6.93,6.75,7.01,5.34,-2.0462,4.562,1.687,2020-01-24T23:18:00.0
6.51,6.65,6.91,5.34,-2.0462,4.5,1.625,2020-01-24T23:19:00.0
6.69,6.83,6.73,5.34,-2.0462,4.5,1.687,2020-01-24T23:20:00.0
6.35,6.11,6.35,5.34,-2.0462,4.5,1.687,2020-01-24T23:21:00.0
6.91,6.79,6.75,5.34,-2.0462,4.5,1.687,2020-01-24T23:22:00.0
6.91,6.91,6.91,5.34,-2.0462,4.437,1.687,2020-01-24T23:23:00.0
6.87,6.91,6.87,5.34,-2.0462,4.437,1.687,2020-01-24T23:24:00.0
6.53,6.75,6.57,5.34,-2.0462,4.437,1.687,2020-01-24T23:25:00.0
6.13,6.51,6.65,5.34,-2.0462,4.437,1.75,2020-01-24T23:26:00.0
6.51,6.93,7.11,5.34,-2.0462,4.5,1.75,2020-01-24T23:27:00.0
7.05,6.51,6.79,5.34,-2.0462,4.5,1.75,2020-01-24T23:28:00.0
6.43,7.19,6.87,5.34,-2.0462,4.5,1.687,2020-01-24T23:29:00.0
6.57,5.49,6.47,5.34,-2.0462,4.5,1.75,2020-01-24T23:30:00.0
6.91,6.39,6.91,5.34,-2.0462,4.5,1.687,2020-01-24T23:31:00.0
7.11,6.91,6.93,5.34,-2.0462,4.5,1.687,2020-01-24T23:32:00.0
6.79,6.93,6.75,5.34,-2.0462,4.5,1.687,2020-01-24T23:33:00.0
6.93,6.65,7.05,5.34,-2.0462,4.562,1.687,2020-01-24T23:34:00.0
6.75,6.83,6.79,5.34,-2.0462,4.5,1.687,2020-01-24T23:35:00.0
6.51,6.73,5.63,5.34,-2.0462,4.562,1.687,2020-01-24T23:36:00.0
7.05,7.09,6.93,5.34,-2.0462,4.562,1.687,2020-01-24T23:37:00.0
6.51,6.39,6.87,5.34,-2.0462,4.562,1.687,2020-01-24T23:38:00.0
6.75,6.53,7.05,5.34,-2.0462,4.562,1.75,2020-01-24T23:39:00.0
7.19,7.09,7.27,5.34,-2.0462,4.562,1.687,2020-01-24T23:40:00.0
6.43,6.17,6.65,5.34,-2.0462,4.562,1.687,2020-01-24T23:41:00.0
7.23,6.83,6.65,5.34,-2.0462,4.562,1.687,2020-01-24T23:42:00.0
6.83,6.65,6.53,5.34,-2.0462,4.5,1.687,2020-01-24T23:43:00.0
6.83,7.05,7.15,5.34,-2.0462,4.5,1.687,2020-01-24T23:44:00.0
6.83,6.93,7.01,5.34,-2.0462,4.5,1.687,2020-01-24T23:45:00.0
6.13,6.21,6.11,5.34,-2.0462,4.5,1.687,2020-01-24T23:46:00.0
6.87,6.91,7.09,5.34,-2.0462,4.5,1.687,2020-01-24T23:47:00.0
7.23,6.97,6.69,5.34,-2.0462,4.5,1.687,2020-01-24T23:48:00.0
7.01,6.39,7.01,5.34,-2.0462,4.5,1.687,2020-01-24T23:49:00.0
6.53,6.65,7.05,5.34,-2.0462,4.5,1.625,2020-01-24T23:50:00.0
5.73,6.39,6.65,5.34,-2.0462,4.437,1.625,2020-01-24T23:51:00.0
6.69,6.79,6.83,5.34,-2.0462,4.437,1.625,2020-01-24T23:52:00.0
6.57,6.69,6.93,5.34,-2.0462,4.437,1.625,2020-01-24T23:53:00.0
6.87,6.57,6.57,5.34,-2.0462,4.437,1.625,2020-01-24T23:54:00.0
6.75,6.53,6.51,5.34,-2.0462,4.375,1.687,2020-01-24T23:55:00.0
5.95,6.39,6.73,5.34,-2.0462,4.375,1.625,2020-01-24T23:56:00.0
7.33,6.93,6.91,5.34,-2.0462,4.375,1.625,2020-01-24T23:57:00.0
6.97,6.97,6.75,5.34,-2.0462,4.375,1.625,2020-01-24T23:58:00.0
6.57,6.79,6.61,5.34,-2.0462,4.437,1.687,2020-01-24T23:59:00.0
