Date,NodeID,FrameID,MeasurementCounter,PlantTemp1,PlantTemp2,PlantTemp3,PlantTemp4,PlantTemp5,PlantTemp6,AirTempLoc,Humidity,AirTemp
2020-01-29 00-42-14,10,16,30342,,,,,,,,,3.125
2020-01-29 00-42-14,10,17,30342,114.42,124.23,126.02,,,,,,3.125
2020-01-29 00-42-14,10,18,30342,114.42,124.23,126.02,41.5,40.95,81.92,,,4.312
2020-01-29 00-43-23,11,16,2492,,,,,,,,,3.125
2020-01-29 00-43-23,11,17,2492,5.93,5.55,5.93,,,,,,3.125
2020-01-29 00-43-23,11,18,2492,5.93,5.55,5.93,5.89,5.89,5.63,,,4.312
2020-01-29 00-43-23,11,19,2492,5.93,5.55,5.93,5.89,5.89,5.63,-39.389999999999986,-2.0462,4.312
2020-01-29 00-43-23,23,16,2494,5.93,5.55,5.93,5.89,5.89,5.63,-39.389999999999986,-2.0462,3.125
2020-01-29 00-43-26,23,17,,3.41,3.59,2.69,,,,,,3.125
2020-01-29 00-43-26,23,18,,3.41,3.59,2.69,3.37,3.29,1.89,,,4.312
2020-01-29 00-43-26,23,19,,3.41,3.59,2.69,3.37,3.29,1.89,3.62,98.44579358050001,4.312
2020-01-29 00-43-26,18,16,2479,3.41,3.59,2.69,3.37,3.29,1.89,3.62,98.44579358050001,3.125
2020-01-29 00-43-26,18,17,2479,2.69,3.11,3.53,3.37,3.29,1.89,3.62,98.44579358050001,3.125
2020-01-29 00-43-33,18,18,,,,,2.95,3.59,2.99,,,4.375
2020-01-29 00-43-33,18,19,,,,,2.95,3.59,2.99,3.12,106.83339190450002,4.375
2020-01-29 00-43-33,12,16,9102,,,,2.95,3.59,2.99,3.12,106.83339190450002,3.125
2020-01-29 00-43-33,12,17,9102,9.11,9.35,9.49,2.95,3.59,2.99,3.12,106.83339190450002,3.125
2020-01-29 00-43-33,12,18,9102,9.11,9.35,9.49,9.33,9.21,9.33,3.12,106.83339190450002,4.375
2020-01-29 00-43-37,12,19,,,,,,,,4.46,55.482500488,4.375
2020-01-29 00-43-37,14,16,8979,,,,,,,4.46,55.482500488,3.125
2020-01-29 00-43-37,14,17,8979,5.49,10.13,10.93,,,,4.46,55.482500488,3.125
2020-01-29 00-43-37,14,18,8979,5.49,10.13,10.93,10.37,9.33,10.55,4.46,55.482500488,4.375
2020-01-29 00-43-37,14,19,8979,5.49,10.13,10.93,10.37,9.33,10.55,5.52,88.704336658,4.375
2020-01-29 00-43-40,11,16,2493,,,,,,,,,3.125
2020-01-29 00-43-40,11,17,2493,5.89,5.81,6.11,,,,,,3.125
2020-01-29 00-43-40,11,18,2493,5.89,5.81,6.11,6.03,5.95,6.21,,,4.375
2020-01-29 00-43-40,11,19,2493,5.89,5.81,6.11,6.03,5.95,6.21,-39.389999999999986,-2.0462,4.375
2020-01-29 00-43-40,23,16,2495,5.89,5.81,6.11,6.03,5.95,6.21,-39.389999999999986,-2.0462,3.125
2020-01-29 00-43-40,23,17,,3.23,3.63,3.23,,,,,,3.125
2020-01-29 00-43-40,23,18,,3.23,3.63,3.23,3.25,3.25,3.07,,,4.375
2020-01-29 00-43-40,23,19,,3.23,3.63,3.23,3.25,3.25,3.07,3.59,98.6051093005,4.375
2020-01-29 00-43-40,18,16,2480,3.23,3.63,3.23,3.25,3.25,3.07,3.59,98.6051093005,3.125
2020-01-29 00-43-40,18,17,2480,3.07,3.25,3.63,3.25,3.25,3.07,3.59,98.6051093005,3.125
2020-01-29 00-43-40,18,18,,,,,3.03,3.45,3.25,,,4.375
2020-01-29 00-43-40,18,19,,,,,3.03,3.45,3.25,3.11,106.85892500000001,4.375
2020-01-29 00-43-40,12,16,9103,,,,3.03,3.45,3.25,3.11,106.85892500000001,3.125
2020-01-29 00-43-40,12,17,9103,9.07,9.49,9.33,3.03,3.45,3.25,3.11,106.85892500000001,3.125
2020-01-29 00-43-40,12,18,9103,9.07,9.49,9.33,9.19,9.39,8.83,3.11,106.85892500000001,4.375
2020-01-29 00-43-40,12,19,,,,,,,,4.5,55.451198064500005,4.375
2020-01-29 00-43-40,14,16,8980,,,,,,,4.5,55.451198064500005,3.125
2020-01-29 00-43-40,14,17,8980,5.45,9.85,10.31,,,,4.5,55.451198064500005,3.125
2020-01-29 00-43-40,14,18,8980,5.45,9.85,10.31,10.55,8.87,10.37,4.5,55.451198064500005,4.375
2020-01-29 00-43-40,14,19,8980,5.45,9.85,10.31,10.55,8.87,10.37,5.51,88.6211990125,4.375
2020-01-29 00-43-59,10,16,30343,,,,,,,,,3.125
2020-01-29 00-43-59,10,17,,96.19,122.63,122.44,,,,,,3.125
2020-01-29 00-43-59,10,18,,96.19,122.63,122.44,41.29,40.95,81.92,,,4.375
2020-01-29 00-43-59,11,16,2494,,,,,,,,,3.125
2020-01-29 00-43-59,11,17,,6.07,6.47,5.67,,,,,,3.125
2020-01-29 00-43-59,11,18,,6.07,6.47,5.67,5.89,5.81,6.33,,,4.375
2020-01-29 00-43-59,11,19,,6.07,6.47,5.67,5.89,5.81,6.33,-39.389999999999986,-2.0462,4.375
2020-01-29 00-44-00,12,16,9104,,,,,,,,,3.125
2020-01-29 00-44-00,12,17,,8.87,9.15,9.07,,,,,,3.125
2020-01-29 00-44-00,12,18,,8.87,9.15,9.07,9.35,9.25,9.07,,,4.375
2020-01-29 00-44-00,12,19,,8.87,9.15,9.07,9.35,9.25,9.07,4.48,55.419892450000006,4.375
2020-01-29 00-44-00,13,16,9949,,,,,,,,,3.125
2020-01-29 00-44-01,13,17,,8.29,8.23,8.15,,,,,,3.125
2020-01-29 00-44-01,13,18,,8.29,8.23,8.15,8.23,8.41,8.41,,,4.375
2020-01-29 00-44-01,13,19,,8.29,8.23,8.15,8.23,8.41,8.41,3.74,98.12681751250001,4.375
2020-01-29 00-44-01,14,16,8981,,,,,,,,,3.125
2020-01-29 00-44-01,14,17,,5.67,10.27,9.81,,,,,,3.125
2020-01-29 00-44-01,14,18,,5.67,10.27,9.81,9.63,8.71,10.27,,,4.375
2020-01-29 00-44-01,14,19,,5.67,10.27,9.81,9.63,8.71,10.27,5.48,88.53803264800001,4.375
2020-01-29 00-44-04,15,16,0,,,,,,,,,3.125
2020-01-29 00-44-04,15,17,0,0.0,0.0,0.0,,,,,,3.125
2020-01-29 00-44-04,15,18,0,0.0,0.0,0.0,0.0,0.0,0.0,,,4.375
2020-01-29 00-44-04,15,19,0,0.0,0.0,0.0,0.0,0.0,0.0,0.0,-2.0462,4.375
2020-01-29 00-44-07,16,16,2362,,,,,,,,,3.125
2020-01-29 00-44-07,16,17,2362,2.91,3.75,2.51,,,,,,3.125
2020-01-29 00-44-07,16,18,2362,2.91,3.75,2.51,3.07,3.29,3.55,,,4.375
2020-01-29 00-44-07,16,19,2362,2.91,3.75,2.51,3.07,3.29,3.55,3.4,99.9810335125,4.375
2020-01-29 00-44-07,10,16,30344,2.91,3.75,2.51,3.07,3.29,3.55,3.4,99.9810335125,3.125
2020-01-29 00-44-07,10,17,,65.11,112.48,120.41,,,,,,3.125
2020-01-29 00-44-07,10,18,,65.11,112.48,120.41,41.55,40.95,81.92,,,4.375
2020-01-29 00-44-08,17,16,2375,,,,,,,,,3.125
2020-01-29 00-44-08,17,17,,3.33,3.79,3.11,,,,,,3.125
2020-01-29 00-44-08,17,18,,3.33,3.79,3.11,3.11,3.37,3.23,,,4.375
2020-01-29 00-44-08,17,19,,3.33,3.79,3.11,3.11,3.37,3.23,3.58,107.19056486050002,4.375
2020-01-29 00-44-08,18,16,2481,,,,,,,,,3.125
2020-01-29 00-44-08,18,17,,2.91,3.29,3.23,,,,,,3.125
2020-01-29 00-44-08,18,18,,2.91,3.29,3.23,3.07,3.15,3.11,,,4.375
2020-01-29 00-44-08,18,19,,2.91,3.29,3.23,3.07,3.15,3.11,3.15,106.83339190450002,4.375
2020-01-29 00-44-09,19,16,8996,,,,,,,,,3.125
2020-01-29 00-44-09,19,17,,3.23,3.45,3.37,,,,,,3.125
2020-01-29 00-44-09,19,18,,3.23,3.45,3.37,2.73,3.89,3.25,,,4.375
2020-01-29 00-44-09,19,19,,3.23,3.45,3.37,2.73,3.89,3.25,3.05,46.914964978,4.375
2020-01-29 00-44-09,20,16,31115,,,,,,,,,3.125
2020-01-29 00-44-09,20,17,,-327.67,-327.67,-327.67,,,,,,3.125
2020-01-29 00-44-09,20,18,,-327.67,-327.67,-327.67,-327.67,-327.67,-327.67,,,4.375
2020-01-29 00-44-09,20,19,,-327.67,-327.67,-327.67,-327.67,-327.67,-327.67,3.6,103.7462537845,4.375
2020-01-29 00-44-10,21,16,9944,,,,,,,,,3.125
2020-01-29 00-44-10,21,17,,2.95,3.45,2.73,,,,,,3.125
2020-01-29 00-44-10,21,18,,2.95,3.45,2.73,3.75,3.55,2.65,,,4.375
2020-01-29 00-44-10,21,19,,2.95,3.45,2.73,3.75,3.55,2.65,3.3,95.55846682450002,4.375
2020-01-29 00-44-11,23,16,2496,,,,,,,,,3.125
2020-01-29 00-44-11,23,17,,3.29,3.79,3.15,,,,,,3.125
2020-01-29 00-44-11,23,18,,3.29,3.79,3.15,3.19,3.49,3.11,,,4.375
2020-01-29 00-44-11,23,19,,3.29,3.79,3.15,3.19,3.49,3.11,3.66,98.55201682450001,4.375
2020-01-29 00-44-12,25,16,0,,,,,,,,,3.125
2020-01-29 00-44-12,25,17,,0.0,0.0,0.0,,,,,,3.125
2020-01-29 00-44-12,25,18,,0.0,0.0,0.0,0.0,0.0,0.0,,,4.375
2020-01-29 00-44-12,25,19,,0.0,0.0,0.0,0.0,0.0,0.0,0.0,-2.0462,4.375
2020-01-29 00-45-07,10,16,30345,,,,,,,,,3.187
2020-01-29 00-45-07,10,17,30345,112.68,123.21,126.16,,,,,,3.187
2020-01-29 00-45-07,10,18,30345,112.68,123.21,126.16,41.35,40.95,81.92,,,4.375
2020-01-29 00-45-10,11,16,2495,,,,,,,,,3.187
2020-01-29 00-45-10,11,17,,6.91,7.37,7.79,,,,,,3.187
2020-01-29 00-45-10,11,18,,6.91,7.37,7.79,6.39,6.97,6.69,,,4.375
2020-01-29 00-45-10,11,19,,6.91,7.37,7.79,6.39,6.97,6.69,-39.389999999999986,-2.0462,4.375
2020-01-29 00-45-16,23,16,2497,,,,,,,,,3.187
2020-01-29 00-45-16,23,17,,3.23,3.97,2.91,,,,,,3.187
2020-01-29 00-45-16,23,18,,3.23,3.97,2.91,3.23,3.29,2.91,,,4.375
2020-01-29 00-45-16,23,19,,3.23,3.97,2.91,3.23,3.29,2.91,3.7,98.2863629845,4.375
2020-01-29 00-45-18,18,16,2482,,,,,,,,,3.187
2020-01-29 00-45-18,18,17,,3.15,3.37,3.23,,,,,,3.187
2020-01-29 00-45-18,18,18,,3.15,3.37,3.23,2.91,3.37,3.07,,,4.375
2020-01-29 00-45-18,18,19,,3.15,3.37,3.23,2.91,3.37,3.07,3.2,106.4244284005,4.375
2020-01-29 00-45-19,12,16,9105,,,,,,,,,3.187
2020-01-29 00-45-19,12,17,,7.59,7.95,7.95,,,,,,3.187
2020-01-29 00-45-19,12,18,,7.59,7.95,7.95,8.15,7.77,7.27,,,4.375
2020-01-29 00-45-19,12,19,,7.59,7.95,7.95,8.15,7.77,7.27,4.46,55.231991752000006,4.375
2020-01-29 00-45-19,14,16,8982,,,,,,,,,3.187
2020-01-29 00-45-19,14,17,,5.49,8.27,8.75,,,,,,3.187
2020-01-29 00-45-19,14,18,,5.49,8.27,8.75,8.27,7.77,8.97,,,4.375
2020-01-29 00-45-19,14,19,,5.49,8.27,8.75,8.27,7.77,8.97,5.34,88.316115272,4.375
2020-01-29 00-45-25,22,16,9030,,,,,,,,,3.187
2020-01-29 00-45-25,22,17,,2.77,2.95,2.47,,,,,,3.187
2020-01-29 00-45-25,22,18,,2.77,2.95,2.47,2.65,3.41,3.29,,,4.375
2020-01-29 00-45-25,22,19,,2.77,2.95,2.47,2.65,3.41,3.29,3.42,74.59805708050001,4.375
2020-01-29 00-46-14,10,16,30346,,,,,,,,,3.187
2020-01-29 00-46-14,10,17,,78.31,117.85,122.73,,,,,,3.187
2020-01-29 00-46-14,10,18,,78.31,117.85,122.73,41.35,40.95,81.92,,,4.375
2020-01-29 00-46-15,11,16,2496,,,,,,,,,3.187
2020-01-29 00-46-15,11,17,,6.69,6.57,7.29,,,,,,3.187
2020-01-29 00-46-15,11,18,,6.69,6.57,7.29,6.33,6.57,6.47,,,4.375
2020-01-29 00-46-15,11,19,,6.69,6.57,7.29,6.33,6.57,6.47,-39.389999999999986,-2.0462,4.375
2020-01-29 00-46-15,12,16,9106,,,,,,,,,3.187
2020-01-29 00-46-15,12,17,,7.79,8.71,8.79,,,,,,3.187
2020-01-29 00-46-15,12,18,,7.79,8.71,8.79,9.11,8.05,7.59,,,4.375
2020-01-29 00-46-15,12,19,,7.79,8.71,8.79,9.11,8.05,7.59,4.42,55.20066380050001,4.375
2020-01-29 00-46-16,13,16,9950,,,,,,,,,3.187
2020-01-29 00-46-16,13,17,,8.19,7.87,8.01,,,,,,3.187
2020-01-29 00-46-16,13,18,,8.19,7.87,8.01,8.13,7.97,8.09,,,4.375
2020-01-29 00-46-16,13,19,,8.19,7.87,8.01,8.13,7.97,8.09,3.76,97.9937752,4.375
2020-01-29 00-46-16,14,16,8983,,,,,,,,,3.187
2020-01-29 00-46-16,14,17,,5.51,7.91,8.55,,,,,,3.187
2020-01-29 00-46-16,14,18,,5.51,7.91,8.55,8.59,7.69,9.11,,,4.375
2020-01-29 00-46-16,14,19,,5.51,7.91,8.55,8.59,7.69,9.11,5.27,88.56575796050001,4.375
2020-01-29 00-46-17,15,16,0,,,,,,,,,3.187
2020-01-29 00-46-17,15,17,,0.0,0.0,0.0,,,,,,3.187
2020-01-29 00-46-17,15,18,,0.0,0.0,0.0,0.0,0.0,0.0,,,4.375
2020-01-29 00-46-17,15,19,,0.0,0.0,0.0,0.0,0.0,0.0,0.0,-2.0462,4.375
2020-01-29 00-46-17,16,16,2363,,,,,,,,,3.187
2020-01-29 00-46-17,16,17,,3.15,3.79,3.03,,,,,,3.187
2020-01-29 00-46-17,16,18,,3.15,3.79,3.03,2.89,3.37,2.81,,,4.375
2020-01-29 00-46-17,16,19,,3.15,3.79,3.03,2.89,3.37,2.81,3.58,99.1353320405,4.375
2020-01-29 00-46-18,17,16,2376,,,,,,,,,3.187
2020-01-29 00-46-18,17,17,,3.37,2.95,3.19,,,,,,3.187
2020-01-29 00-46-18,17,18,,3.37,2.95,3.19,2.43,3.67,3.23,,,4.375
2020-01-29 00-46-18,17,19,,3.37,2.95,3.19,2.43,3.67,3.23,3.68,106.98654261249999,4.375
2020-01-29 00-46-18,18,16,2483,,,,,,,,,3.187
2020-01-29 00-46-18,18,17,,2.99,2.85,3.37,,,,,,3.187
2020-01-29 00-46-18,18,18,,2.99,2.85,3.37,2.95,3.59,3.15,,,4.375
2020-01-29 00-46-18,18,19,,2.99,2.85,3.37,2.95,3.59,3.15,3.17,106.450012552,4.375
2020-01-29 00-46-19,19,16,8997,,,,,,,,,3.187
2020-01-29 00-46-19,19,17,,3.11,3.15,3.45,,,,,,3.187
2020-01-29 00-46-19,19,18,,3.11,3.15,3.45,2.95,3.59,2.89,,,4.375
2020-01-29 00-46-19,19,19,,3.11,3.15,3.45,2.95,3.59,2.89,3.12,51.70342592800001,4.375
2020-01-29 00-46-19,20,16,31116,,,,,,,,,3.187
2020-01-29 00-46-19,20,17,,-327.67,-327.67,-327.67,,,,,,3.187
2020-01-29 00-46-19,20,18,,-327.67,-327.67,-327.67,-327.67,-327.67,-327.67,,,4.375
2020-01-29 00-46-19,20,19,,-327.67,-327.67,-327.67,-327.67,-327.67,-327.67,3.68,103.33116356050002,4.375
2020-01-29 00-46-20,21,16,9945,,,,,,,,,3.187
2020-01-29 00-46-20,21,17,,2.95,3.49,3.23,,,,,,3.187
2020-01-29 00-46-20,21,18,,2.95,3.49,3.23,2.95,2.91,2.77,,,4.375
2020-01-29 00-46-20,21,19,,2.95,3.49,3.23,2.95,2.91,2.77,3.35,95.34311014450002,4.375
2020-01-29 00-46-20,22,16,9031,,,,,,,,,3.187
2020-01-29 00-46-20,22,17,,2.99,3.03,2.59,,,,,,3.187
2020-01-29 00-46-20,22,18,,2.99,3.03,2.59,2.31,3.29,2.91,,,4.375
2020-01-29 00-46-20,22,19,,2.99,3.03,2.59,2.31,3.29,2.91,3.42,74.48088232450002,4.375
2020-01-29 00-46-21,23,16,2498,,,,,,,,,3.187
2020-01-29 00-46-21,23,17,,3.19,3.81,2.91,,,,,,3.187
2020-01-29 00-46-21,23,18,,3.19,3.81,2.91,2.91,3.19,2.77,,,4.375
2020-01-29 00-46-21,23,19,,3.19,3.81,2.91,2.91,3.19,2.77,3.71,98.07361016050001,4.375
2020-01-29 00-46-22,25,16,0,,,,,,,,,3.187
2020-01-29 00-46-22,25,17,,0.0,0.0,0.0,,,,,,3.187
2020-01-29 00-46-22,25,18,,0.0,0.0,0.0,0.0,0.0,0.0,,,4.375
2020-01-29 00-46-22,25,19,,0.0,0.0,0.0,0.0,0.0,0.0,0.0,-2.0462,4.375
2020-01-29 00-47-14,10,16,30347,,,,,,,,,3.187
2020-01-29 00-47-14,10,17,,74.05,116.78,122.2,,,,,,3.187
2020-01-29 00-47-14,10,18,,74.05,116.78,122.2,41.43,40.95,81.92,,,4.375
2020-01-29 00-47-15,11,16,2497,,,,,,,,,3.187
2020-01-29 00-47-15,11,17,,7.55,7.19,8.45,,,,,,3.187
2020-01-29 00-47-15,11,18,,7.55,7.19,8.45,6.69,7.23,6.91,,,4.375
2020-01-29 00-47-15,11,19,,7.55,7.19,8.45,6.69,7.23,6.91,-39.389999999999986,-2.0462,4.375
2020-01-29 00-47-15,12,16,9107,,,,,,,,,3.187
2020-01-29 00-47-15,12,17,,8.09,8.05,8.29,,,,,,3.187
2020-01-29 00-47-15,12,18,,8.09,8.05,8.29,8.33,8.29,8.13,,,4.375
2020-01-29 00-47-15,12,19,,8.09,8.05,8.29,8.33,8.29,8.13,4.38,55.20066380050001,4.375
2020-01-29 00-47-16,13,16,9951,,,,,,,,,3.187
2020-01-29 00-47-16,13,17,,8.27,8.27,8.45,,,,,,3.187
2020-01-29 00-47-16,13,18,,8.27,8.27,8.45,8.27,8.27,8.01,,,4.375
2020-01-29 00-47-16,13,19,,8.27,8.27,8.45,8.27,8.27,8.01,3.71,98.0203900445,4.375
2020-01-29 00-47-16,14,16,8984,,,,,,,,,3.187
2020-01-29 00-47-16,14,17,,5.71,8.45,8.45,,,,,,3.187
2020-01-29 00-47-16,14,18,,5.71,8.45,8.45,8.29,7.55,8.51,,,4.375
2020-01-29 00-47-16,14,19,,5.71,8.45,8.45,8.29,7.55,8.51,5.19,88.925896642,4.375
2020-01-29 00-47-17,15,16,0,,,,,,,,,3.187
2020-01-29 00-47-17,15,17,,0.0,0.0,0.0,,,,,,3.187
2020-01-29 00-47-17,15,18,,0.0,0.0,0.0,0.0,0.0,0.0,,,4.375
2020-01-29 00-47-17,15,19,,0.0,0.0,0.0,0.0,0.0,0.0,0.0,-2.0462,4.375
2020-01-29 00-47-17,16,16,2364,,,,,,,,,3.187
2020-01-29 00-47-17,16,17,,3.19,3.71,3.11,,,,,,3.187
2020-01-29 00-47-17,16,18,,3.19,3.71,3.11,2.61,3.19,3.15,,,4.375
2020-01-29 00-47-17,16,19,,3.19,3.71,3.11,2.61,3.19,3.15,3.5,99.32060845000001,4.375
2020-01-29 00-47-18,17,16,2377,,,,,,,,,3.187
2020-01-29 00-47-18,17,17,,2.99,3.49,3.25,,,,,,3.187
2020-01-29 00-47-18,17,18,,2.99,3.49,3.25,2.81,2.89,3.11,,,4.375
2020-01-29 00-47-18,17,19,,2.99,3.49,3.25,2.81,2.89,3.11,3.66,107.0885792645,4.375
2020-01-29 00-47-18,18,16,2484,,,,,,,,,3.187
2020-01-29 00-47-18,18,17,,2.73,3.71,3.89,,,,,,3.187
2020-01-29 00-47-18,18,18,,2.73,3.71,3.89,3.07,3.71,3.03,,,4.375
2020-01-29 00-47-18,18,19,,2.73,3.71,3.89,3.07,3.71,3.03,3.14,106.5778854445,4.375
2020-01-29 00-47-19,19,16,8998,,,,,,,,,3.187
2020-01-29 00-47-19,19,17,,3.53,3.55,2.95,,,,,,3.187
2020-01-29 00-47-19,19,18,,3.53,3.55,2.95,3.03,3.55,3.07,,,4.375
2020-01-29 00-47-19,19,19,,3.53,3.55,2.95,3.03,3.55,3.07,3.08,51.44985383200001,4.375
2020-01-29 00-47-19,20,16,31117,,,,,,,,,3.187
2020-01-29 00-47-19,20,17,,-327.67,-327.67,-327.67,,,,,,3.187
2020-01-29 00-47-19,20,18,,-327.67,-327.67,-327.67,-327.67,-327.67,-327.67,,,4.375
2020-01-29 00-47-19,20,19,,-327.67,-327.67,-327.67,-327.67,-327.67,-327.67,3.66,103.17529412050001,4.375
2020-01-29 00-47-20,21,16,9946,,,,,,,,,3.187
2020-01-29 00-47-20,21,17,,2.99,3.53,2.85,,,,,,3.187
2020-01-29 00-47-20,21,18,,2.99,3.53,2.85,3.33,2.91,2.73,,,4.375
2020-01-29 00-47-20,21,19,,2.99,3.53,2.85,3.33,2.91,2.73,3.32,95.34311014450002,4.375
2020-01-29 00-47-20,22,16,9032,,,,,,,,,3.187
2020-01-29 00-47-20,22,17,,2.73,3.03,2.47,,,,,,3.187
2020-01-29 00-47-20,22,18,,2.73,3.03,2.47,2.27,3.53,3.25,,,4.375
2020-01-29 00-47-20,22,19,,2.73,3.03,2.47,2.27,3.53,3.25,3.39,74.12905172050002,4.375
2020-01-29 00-47-21,23,16,2499,,,,,,,,,3.187
2020-01-29 00-47-21,23,17,,3.37,3.81,3.03,,,,,,3.187
2020-01-29 00-47-21,23,18,,3.37,3.81,3.03,3.19,3.15,2.77,,,4.375
2020-01-29 00-47-21,23,19,,3.37,3.81,3.03,3.19,3.15,2.77,3.67,98.07361016050001,4.375
2020-01-29 00-47-22,25,16,0,,,,,,,,,3.187
2020-01-29 00-47-22,25,17,,0.0,0.0,0.0,,,,,,3.187
2020-01-29 00-47-22,25,18,,0.0,0.0,0.0,0.0,0.0,0.0,,,4.375
2020-01-29 00-47-22,25,19,,0.0,0.0,0.0,0.0,0.0,0.0,0.0,-2.0462,4.375
2020-01-29 00-48-14,10,16,30348,,,,,,,,,3.187
2020-01-29 00-48-14,10,17,,75.79,117.17,122.78,,,,,,3.187
2020-01-29 00-48-14,10,18,,75.79,117.17,122.78,41.5,40.95,81.92,,,4.312
2020-01-29 00-48-15,11,16,2498,,,,,,,,,3.187
2020-01-29 00-48-15,11,17,,8.05,7.91,7.95,,,,,,3.187
2020-01-29 00-48-15,11,18,,8.05,7.91,7.95,6.75,7.77,7.73,,,4.312
2020-01-29 00-48-15,11,19,,8.05,7.91,7.95,6.75,7.77,7.73,-39.389999999999986,-2.0462,4.312
2020-01-29 00-48-15,12,16,9108,,,,,,,,,3.187
2020-01-29 00-48-15,12,17,,7.77,8.45,8.29,,,,,,3.187
2020-01-29 00-48-15,12,18,,7.77,8.45,8.29,8.33,8.23,8.15,,,4.312
2020-01-29 00-48-15,12,19,,7.77,8.45,8.29,8.33,8.23,8.15,4.32,55.231991752000006,4.312
2020-01-29 00-48-16,13,16,9952,,,,,,,,,3.187
2020-01-29 00-48-16,13,17,,8.47,8.01,8.13,,,,,,3.187
2020-01-29 00-48-16,13,18,,8.47,8.01,8.13,8.13,7.95,8.19,,,4.312
2020-01-29 00-48-16,13,19,,8.47,8.01,8.13,8.13,7.95,8.19,3.69,98.07361016050001,4.312
2020-01-29 00-48-16,14,16,8985,,,,,,,,,3.187
2020-01-29 00-48-16,14,17,,5.71,8.29,8.05,,,,,,3.187
2020-01-29 00-48-16,14,18,,5.71,8.29,8.05,8.45,7.47,8.15,,,4.312
2020-01-29 00-48-16,14,19,,5.71,8.29,8.05,8.45,7.47,8.15,5.16,89.11959410050001,4.312
2020-01-29 00-48-17,15,16,0,,,,,,,,,3.187
2020-01-29 00-48-17,15,17,,0.0,0.0,0.0,,,,,,3.187
2020-01-29 00-48-17,15,18,,0.0,0.0,0.0,0.0,0.0,0.0,,,4.312
2020-01-29 00-48-17,15,19,,0.0,0.0,0.0,0.0,0.0,0.0,0.0,-2.0462,4.312
2020-01-29 00-48-17,16,16,2365,,,,,,,,,3.187
2020-01-29 00-48-17,16,17,,2.65,4.05,3.19,,,,,,3.187
2020-01-29 00-48-17,16,18,,2.65,4.05,3.19,2.73,2.95,3.03,,,4.312
2020-01-29 00-48-17,16,19,,2.65,4.05,3.19,2.73,2.95,3.03,3.44,99.7699144805,4.312
2020-01-29 00-48-18,17,16,2378,,,,,,,,,3.187
2020-01-29 00-48-18,17,17,,3.07,3.11,3.85,,,,,,3.187
2020-01-29 00-48-18,17,18,,3.07,3.11,3.85,2.91,3.15,3.25,,,4.312
2020-01-29 00-48-18,17,19,,3.07,3.11,3.85,2.91,3.15,3.25,3.64,107.0885792645,4.312
2020-01-29 00-48-18,18,16,2485,,,,,,,,,3.187
2020-01-29 00-48-18,18,17,,2.73,2.95,3.25,,,,,,3.187
2020-01-29 00-48-18,18,18,,2.73,2.95,3.25,2.81,2.99,3.29,,,4.312
2020-01-29 00-48-18,18,19,,2.73,2.95,3.25,2.81,2.99,3.29,3.12,106.68012632050001,4.312
2020-01-29 00-48-19,19,16,8999,,,,,,,,,3.187
2020-01-29 00-48-19,19,17,,2.65,3.45,2.91,,,,,,3.187
2020-01-29 00-48-19,19,18,,2.65,3.45,2.91,3.23,3.85,3.41,,,4.312
2020-01-29 00-48-19,19,19,,2.65,3.45,2.91,3.23,3.85,3.41,3.03,50.719696464500004,4.312
2020-01-29 00-48-19,20,16,31118,,,,,,,,,3.187
2020-01-29 00-48-19,20,17,,-327.67,-327.67,-327.67,,,,,,3.187
2020-01-29 00-48-19,20,18,,-327.67,-327.67,-327.67,-327.67,-327.67,-327.67,,,4.312
2020-01-29 00-48-19,20,19,,-327.67,-327.67,-327.67,-327.67,-327.67,-327.67,3.61,103.17529412050001,4.312
2020-01-29 00-48-20,21,16,9947,,,,,,,,,3.187
2020-01-29 00-48-20,21,17,,2.99,3.49,3.49,,,,,,3.187
2020-01-29 00-48-20,21,18,,2.99,3.49,3.49,2.51,3.29,2.73,,,4.312
2020-01-29 00-48-20,21,19,,2.99,3.49,3.49,2.51,3.29,2.73,3.3,95.37004089800001,4.312
2020-01-29 00-48-20,22,16,9033,,,,,,,,,3.187
2020-01-29 00-48-20,22,17,,2.43,3.15,2.59,,,,,,3.187
2020-01-29 00-48-20,22,18,,2.43,3.15,2.59,2.25,3.19,2.85,,,4.312
2020-01-29 00-48-20,22,19,,2.43,3.15,2.59,2.25,3.19,2.85,3.37,74.15838848800001,4.312
2020-01-29 00-48-21,23,16,2500,,,,,,,,,3.187
2020-01-29 00-48-21,23,17,,3.45,3.85,2.89,,,,,,3.187
2020-01-29 00-48-21,23,18,,3.45,3.85,2.89,3.25,3.29,3.07,,,4.312
2020-01-29 00-48-21,23,19,,3.45,3.85,2.89,3.25,3.29,3.07,3.63,98.153416402,4.312
2020-01-29 00-48-22,25,16,0,,,,,,,,,3.187
2020-01-29 00-48-22,25,17,,0.0,0.0,0.0,,,,,,3.187
2020-01-29 00-48-22,25,18,,0.0,0.0,0.0,0.0,0.0,0.0,,,4.312
2020-01-29 00-48-22,25,19,,0.0,0.0,0.0,0.0,0.0,0.0,0.0,-2.0462,4.312
2020-01-29 00-49-14,10,16,30349,,,,,,,,,3.125
2020-01-29 00-49-14,10,17,,61.63,111.32,120.02,,,,,,3.125
2020-01-29 00-49-14,10,18,,61.63,111.32,120.02,41.33,40.95,81.92,,,4.312
2020-01-29 00-49-15,11,16,2499,,,,,,,,,3.125
2020-01-29 00-49-15,11,17,,8.27,8.37,8.19,,,,,,3.125
2020-01-29 00-49-15,11,18,,8.27,8.37,8.19,7.59,8.01,8.09,,,4.312
2020-01-29 00-49-15,11,19,,8.27,8.37,8.19,7.59,8.01,8.09,-39.389999999999986,-2.0462,4.312
2020-01-29 00-49-15,12,16,9109,,,,,,,,,3.125
2020-01-29 00-49-16,12,17,,7.65,7.97,8.19,,,,,,3.125
2020-01-29 00-49-16,12,18,,7.65,7.97,8.19,7.91,8.15,8.09,,,4.312
2020-01-29 00-49-16,12,19,,7.65,7.97,8.19,7.91,8.15,8.09,4.25,55.294638082000006,4.312
2020-01-29 00-49-16,13,16,9953,,,,,,,,,3.125
2020-01-29 00-49-16,13,17,,8.19,8.45,7.83,,,,,,3.125
2020-01-29 00-49-16,13,18,,8.19,8.45,7.83,8.23,7.77,7.91,,,4.312
2020-01-29 00-49-16,13,19,,8.19,8.45,7.83,8.23,7.77,7.91,3.68,98.100215432,4.312
2020-01-29 00-49-17,14,16,8986,,,,,,,,,3.125
2020-01-29 00-49-17,14,17,,5.95,7.79,8.13,,,,,,3.125
2020-01-29 00-49-17,14,18,,5.95,7.79,8.13,8.15,7.83,7.83,,,4.312
2020-01-29 00-49-17,14,19,,5.95,7.79,8.13,8.15,7.83,7.83,5.13,89.28549604450001,4.312
2020-01-29 00-49-17,15,16,0,,,,,,,,,3.125
2020-01-29 00-49-17,15,17,,0.0,0.0,0.0,,,,,,3.125
2020-01-29 00-49-17,15,18,,0.0,0.0,0.0,0.0,0.0,0.0,,,4.312
2020-01-29 00-49-17,15,19,,0.0,0.0,0.0,0.0,0.0,0.0,0.0,-2.0462,4.312
2020-01-29 00-49-18,16,16,2366,,,,,,,,,3.125
2020-01-29 00-49-18,16,17,,2.99,3.85,2.85,,,,,,3.125
2020-01-29 00-49-18,16,18,,2.99,3.85,2.85,2.43,3.49,2.91,,,4.312
2020-01-29 00-49-18,16,19,,2.99,3.85,2.85,2.43,3.49,2.91,3.44,99.82271338450002,4.312
2020-01-29 00-49-18,17,16,2379,,,,,,,,,3.125
2020-01-29 00-49-18,17,17,,3.53,4.11,3.79,,,,,,3.125
2020-01-29 00-49-18,17,18,,3.53,4.11,3.79,2.47,3.23,3.19,,,4.312
2020-01-29 00-49-18,17,19,,3.53,4.11,3.79,2.47,3.23,3.19,3.61,107.1395784445,4.312
2020-01-29 00-49-19,18,16,2486,,,,,,,,,3.125
2020-01-29 00-49-19,18,17,,3.07,3.15,3.59,,,,,,3.125
2020-01-29 00-49-19,18,18,,3.07,3.15,3.59,2.81,3.37,2.95,,,4.312
2020-01-29 00-49-19,18,19,,3.07,3.15,3.59,2.81,3.37,2.95,3.11,106.705678562,4.312
2020-01-29 00-49-19,19,16,9000,,,,,,,,,3.125
2020-01-29 00-49-19,19,17,,3.15,3.15,2.91,,,,,,3.125
2020-01-29 00-49-19,19,18,,3.15,3.15,2.91,2.89,3.59,3.23,,,4.312
2020-01-29 00-49-19,19,19,,3.15,3.15,2.91,2.89,3.59,3.23,2.97,49.222386562000004,4.312
2020-01-29 00-49-20,20,16,31119,,,,,,,,,3.125
2020-01-29 00-49-20,20,17,,-327.67,-327.67,-327.67,,,,,,3.125
2020-01-29 00-49-20,20,18,,-327.67,-327.67,-327.67,-327.67,-327.67,-327.67,,,4.312
2020-01-29 00-49-20,20,19,,-327.67,-327.67,-327.67,-327.67,-327.67,-327.67,3.6,103.12331211250002,4.312
2020-01-29 00-49-20,21,16,9948,,,,,,,,,3.125
2020-01-29 00-49-20,21,17,,2.99,3.63,3.11,,,,,,3.125
2020-01-29 00-49-20,21,18,,2.99,3.63,3.11,3.41,3.25,2.77,,,4.312
2020-01-29 00-49-20,21,19,,2.99,3.63,3.11,3.41,3.25,2.77,3.28,95.423892832,4.312
2020-01-29 00-49-21,22,16,9034,,,,,,,,,3.125
2020-01-29 00-49-21,22,17,,2.65,2.91,2.65,,,,,,3.125
2020-01-29 00-49-21,22,18,,2.65,2.91,2.65,2.17,3.53,2.85,,,4.312
2020-01-29 00-49-21,22,19,,2.65,2.91,2.65,2.17,3.53,2.85,3.36,74.01167274050002,4.312
2020-01-29 00-49-21,23,16,2501,,,,,,,,,3.125
2020-01-29 00-49-21,23,17,,3.15,3.81,3.33,,,,,,3.125
2020-01-29 00-49-21,23,18,,3.15,3.81,3.33,3.07,3.15,2.95,,,4.312
2020-01-29 00-49-21,23,19,,3.15,3.81,3.33,3.07,3.15,2.95,3.6,98.2863629845,4.312
2020-01-29 00-49-22,25,16,0,,,,,,,,,3.125
2020-01-29 00-49-22,25,17,,0.0,0.0,0.0,,,,,,3.125
2020-01-29 00-49-22,25,18,,0.0,0.0,0.0,0.0,0.0,0.0,,,4.312
2020-01-29 00-49-22,25,19,,0.0,0.0,0.0,0.0,0.0,0.0,0.0,-2.0462,4.312
2020-01-29 00-50-15,10,16,30350,,,,,,,,,3.125
2020-01-29 00-50-15,10,17,,117.51,124.86,126.55,,,,,,3.125
2020-01-29 00-50-15,10,18,,117.51,124.86,126.55,41.29,40.95,81.92,,,4.312
2020-01-29 00-50-15,11,16,2500,,,,,,,,,3.125
2020-01-29 00-50-15,11,17,,8.13,8.05,7.87,,,,,,3.125
2020-01-29 00-50-15,11,18,,8.13,8.05,7.87,7.73,7.47,8.01,,,4.312
2020-01-29 00-50-15,11,19,,8.13,8.05,7.87,7.73,7.47,8.01,-39.389999999999986,-2.0462,4.312
2020-01-29 00-50-16,12,16,9110,,,,,,,,,3.125
2020-01-29 00-50-16,12,17,,7.95,8.33,7.97,,,,,,3.125
2020-01-29 00-50-16,12,18,,7.95,8.33,7.97,8.29,8.13,7.95,,,4.312
2020-01-29 00-50-16,12,19,,7.95,8.33,7.97,8.29,8.13,7.95,4.2,55.26331651250001,4.312
2020-01-29 00-50-16,13,16,9954,,,,,,,,,3.125
2020-01-29 00-50-16,13,17,,8.19,7.83,7.83,,,,,,3.125
2020-01-29 00-50-16,13,18,,8.19,7.83,7.83,7.79,7.69,8.05,,,4.312
2020-01-29 00-50-16,13,19,,8.19,7.83,7.83,7.79,7.69,8.05,3.66,98.18001210050001,4.312
2020-01-29 00-50-17,14,16,8987,,,,,,,,,3.125
2020-01-29 00-50-17,14,17,,5.81,8.13,8.23,,,,,,3.125
2020-01-29 00-50-17,14,18,,5.81,8.13,8.23,8.23,8.01,7.65,,,4.312
2020-01-29 00-50-17,14,19,,5.81,8.13,8.23,8.23,8.01,7.65,5.1,89.50651994050001,4.312
2020-01-29 00-50-17,15,16,0,,,,,,,,,3.125
2020-01-29 00-50-17,15,17,,-327.67,-327.67,-327.67,,,,,,3.125
2020-01-29 00-50-17,15,18,,-327.67,-327.67,-327.67,-327.67,-327.67,-327.67,,,4.312
2020-01-29 00-50-17,15,19,,-327.67,-327.67,-327.67,-327.67,-327.67,-327.67,0.0,-2.0462,4.312
2020-01-29 00-50-18,16,16,2367,,,,,,,,,3.125
2020-01-29 00-50-18,16,17,,2.99,3.41,2.81,,,,,,3.125
2020-01-29 00-50-18,16,18,,2.99,3.41,2.81,2.55,3.55,2.91,,,4.312
2020-01-29 00-50-18,16,19,,2.99,3.41,2.81,2.55,3.55,2.91,3.49,99.9282729005,4.312
2020-01-29 00-50-18,17,16,2380,,,,,,,,,3.125
2020-01-29 00-50-18,17,17,,3.25,3.75,2.91,,,,,,3.125
2020-01-29 00-50-18,17,18,,3.25,3.75,2.91,2.85,3.11,2.89,,,4.312
2020-01-29 00-50-18,17,19,,3.25,3.75,2.91,2.85,3.11,2.89,3.65,107.03756732050002,4.312
2020-01-29 00-50-19,18,16,2487,,,,,,,,,3.125
2020-01-29 00-50-19,18,17,,2.85,2.89,3.67,,,,,,3.125
2020-01-29 00-50-19,18,18,,2.85,2.89,3.67,2.85,3.15,3.11,,,4.312
2020-01-29 00-50-19,18,19,,2.85,2.89,3.67,2.85,3.15,3.11,3.15,106.7312276125,4.312
2020-01-29 00-50-19,19,16,9001,,,,,,,,,3.125
2020-01-29 00-50-19,19,17,,3.67,3.93,3.23,,,,,,3.125
2020-01-29 00-50-19,19,18,,3.67,3.93,3.23,2.85,3.59,3.59,,,4.312
2020-01-29 00-50-19,19,19,,3.67,3.93,3.23,2.85,3.59,3.59,3.03,48.102789464500006,4.312
2020-01-29 00-50-20,20,16,31120,,,,,,,,,3.125
2020-01-29 00-50-20,20,17,,-327.67,-327.67,-327.67,,,,,,3.125
2020-01-29 00-50-20,20,18,,-327.67,-327.67,-327.67,-327.67,-327.67,-327.67,,,4.312
2020-01-29 00-50-20,20,19,,-327.67,-327.67,-327.67,-327.67,-327.67,-327.67,3.58,103.12331211250002,4.312
2020-01-29 00-50-20,21,16,9949,,,,,,,,,3.125
2020-01-29 00-50-20,21,17,,3.03,3.97,3.03,,,,,,3.125
2020-01-29 00-50-20,21,18,,3.03,3.97,3.03,3.37,3.11,3.07,,,4.312
2020-01-29 00-50-20,21,19,,3.03,3.97,3.03,3.37,3.11,3.07,3.28,95.423892832,4.312
2020-01-29 00-50-21,22,16,9035,,,,,,,,,3.125
2020-01-29 00-50-21,22,17,,2.61,2.89,2.69,,,,,,3.125
2020-01-29 00-50-21,22,18,,2.61,2.89,2.69,2.47,3.45,3.15,,,4.312
2020-01-29 00-50-21,22,19,,2.61,2.89,2.69,2.47,3.45,3.15,3.36,73.89424270450002,4.312
2020-01-29 00-50-21,23,16,2502,,,,,,,,,3.125
2020-01-29 00-50-21,23,17,,2.99,4.07,3.29,,,,,,3.125
2020-01-29 00-50-21,23,18,,2.99,4.07,3.29,3.19,2.99,2.99,,,4.312
2020-01-29 00-50-21,23,19,,2.99,4.07,3.29,3.19,2.99,2.99,3.62,98.3926628125,4.312
2020-01-29 00-50-22,25,16,0,,,,,,,,,3.125
2020-01-29 00-50-22,25,17,,0.0,0.0,0.0,,,,,,3.125
2020-01-29 00-50-22,25,18,,0.0,0.0,0.0,0.0,0.0,0.0,,,4.312
2020-01-29 00-50-22,25,19,,0.0,0.0,0.0,0.0,0.0,0.0,0.0,-2.0462,4.312
2020-01-29 00-51-14,10,16,30351,,,,,,,,,3.125
2020-01-29 00-51-14,10,17,,113.11,122.87,125.82,,,,,,3.125
2020-01-29 00-51-14,10,18,,113.11,122.87,125.82,41.58,40.95,81.92,,,4.312
2020-01-29 00-51-14,11,16,2501,,,,,,,,,3.125
2020-01-29 00-51-14,11,17,,7.37,7.29,7.29,,,,,,3.125
2020-01-29 00-51-14,11,18,,7.37,7.29,7.29,6.57,7.01,6.65,,,4.312
2020-01-29 00-51-14,11,19,,7.37,7.29,7.29,6.57,7.01,6.65,-39.389999999999986,-2.0462,4.312
2020-01-29 00-51-15,12,16,9111,,,,,,,,,3.125
2020-01-29 00-51-15,12,17,,7.41,7.23,7.47,,,,,,3.125
2020-01-29 00-51-15,12,18,,7.41,7.23,7.47,7.41,7.37,7.27,,,4.312
2020-01-29 00-51-15,12,19,,7.41,7.23,7.47,7.41,7.37,7.27,4.24,55.294638082000006,4.312
2020-01-29 00-51-15,13,16,9955,,,,,,,,,3.125
2020-01-29 00-51-15,13,17,,8.13,7.69,7.23,,,,,,3.125
2020-01-29 00-51-15,13,18,,8.13,7.69,7.23,7.05,6.39,7.29,,,4.312
2020-01-29 00-51-15,13,19,,8.13,7.69,7.23,7.05,6.39,7.29,3.68,98.2863629845,4.312
2020-01-29 00-51-16,14,16,8988,,,,,,,,,3.125
2020-01-29 00-51-16,14,17,,4.81,7.11,7.61,,,,,,3.125
2020-01-29 00-51-16,14,18,,4.81,7.11,7.61,7.65,7.41,7.55,,,4.312
2020-01-29 00-51-16,14,19,,4.81,7.11,7.61,7.65,7.41,7.55,5.12,89.56174400450001,4.312
2020-01-29 00-51-16,15,16,0,,,,,,,,,3.125
2020-01-29 00-51-16,15,17,,-327.67,-327.67,-327.67,,,,,,3.125
2020-01-29 00-51-16,15,18,,-327.67,-327.67,-327.67,-327.67,-327.67,-327.67,,,4.312
2020-01-29 00-51-16,15,19,,-327.67,-327.67,-327.67,-327.67,-327.67,-327.67,0.0,-2.0462,4.312
2020-01-29 00-51-17,16,16,2368,,,,,,,,,3.125
2020-01-29 00-51-17,16,17,,2.91,3.93,2.73,,,,,,3.125
2020-01-29 00-51-17,16,18,,2.91,3.93,2.73,2.61,3.15,3.15,,,4.312
2020-01-29 00-51-17,16,19,,2.91,3.93,2.73,2.61,3.15,3.15,3.52,99.63786137800001,4.312
2020-01-29 00-51-17,17,16,2381,,,,,,,,,3.125
2020-01-29 00-51-17,17,17,,3.11,3.93,3.07,,,,,,3.125
2020-01-29 00-51-17,17,18,,3.11,3.93,3.07,2.77,3.33,3.25,,,4.312
2020-01-29 00-51-17,17,19,,3.11,3.93,3.07,2.77,3.33,3.25,3.64,107.1395784445,4.312
2020-01-29 00-51-18,18,16,2488,,,,,,,,,3.125
2020-01-29 00-51-18,18,17,,3.25,3.11,3.45,,,,,,3.125
2020-01-29 00-51-18,18,18,,3.25,3.11,3.45,2.59,3.25,2.89,,,4.312
2020-01-29 00-51-18,18,19,,3.25,3.11,3.45,2.59,3.25,2.89,3.18,106.62901226450002,4.312
2020-01-29 00-51-18,19,16,9002,,,,,,,,,3.125
2020-01-29 00-51-18,19,17,,3.19,3.49,3.19,,,,,,3.125
2020-01-29 00-51-18,19,18,,3.19,3.49,3.19,3.33,3.45,3.53,,,4.312
2020-01-29 00-51-18,19,19,,3.19,3.49,3.19,3.33,3.45,3.53,3.1,48.07074353800001,4.312
2020-01-29 00-51-19,20,16,31121,,,,,,,,,3.125
2020-01-29 00-51-19,20,17,,-327.67,-327.67,-327.67,,,,,,3.125
2020-01-29 00-51-19,20,18,,-327.67,-327.67,-327.67,-327.67,-327.67,-327.67,,,4.312
2020-01-29 00-51-19,20,19,,-327.67,-327.67,-327.67,-327.67,-327.67,-327.67,3.64,103.0713173405,4.312
2020-01-29 00-51-19,21,16,9950,,,,,,,,,3.125
2020-01-29 00-51-19,21,17,,3.15,3.45,3.25,,,,,,3.125
2020-01-29 00-51-19,21,18,,3.15,3.45,3.25,3.29,3.11,2.77,,,4.312
2020-01-29 00-51-19,21,19,,3.15,3.45,3.25,3.29,3.11,2.77,3.32,95.423892832,4.312
2020-01-29 00-51-20,22,16,9036,,,,,,,,,3.125
2020-01-29 00-51-20,22,17,,3.03,3.03,2.55,,,,,,3.125
2020-01-29 00-51-20,22,18,,3.03,3.03,2.55,2.39,3.45,3.25,,,4.312
2020-01-29 00-51-20,22,19,,3.03,3.03,2.55,2.39,3.45,3.25,3.4,74.099711762,4.312
2020-01-29 00-51-20,23,16,2503,,,,,,,,,3.125
2020-01-29 00-51-20,23,17,,3.55,3.85,3.29,,,,,,3.125
2020-01-29 00-51-20,23,18,,3.55,3.85,3.29,3.33,3.41,2.95,,,4.312
2020-01-29 00-51-20,23,19,,3.55,3.85,3.29,3.33,3.41,2.95,3.66,98.3926628125,4.312
2020-01-29 00-52-14,10,16,30352,,,,,,,,,3.187
2020-01-29 00-52-14,10,17,,85.85,121.18,124.08,,,,,,3.187
2020-01-29 00-52-14,10,18,,85.85,121.18,124.08,41.54,40.95,81.92,,,4.312
2020-01-29 00-52-15,11,16,2502,,,,,,,,,3.187
2020-01-29 00-52-15,11,17,,7.41,7.47,7.79,,,,,,3.187
2020-01-29 00-52-15,11,18,,7.41,7.47,7.79,6.57,6.83,7.11,,,4.312
2020-01-29 00-52-15,11,19,,7.41,7.47,7.79,6.57,6.83,7.11,-39.389999999999986,-2.0462,4.312
2020-01-29 00-52-15,12,16,9112,,,,,,,,,3.187
2020-01-29 00-52-15,12,17,,7.27,8.15,7.83,,,,,,3.187
2020-01-29 00-52-15,12,18,,7.27,8.15,7.83,8.19,8.15,7.41,,,4.312
2020-01-29 00-52-15,12,19,,7.27,8.15,7.83,8.19,8.15,7.41,4.22,55.20066380050001,4.312
2020-01-29 00-52-16,13,16,9956,,,,,,,,,3.187
2020-01-29 00-52-16,13,17,,8.15,8.09,7.33,,,,,,3.187
2020-01-29 00-52-16,13,18,,8.15,8.09,7.33,7.55,7.29,7.55,,,4.312
2020-01-29 00-52-16,13,19,,8.15,8.09,7.33,7.55,7.29,7.55,3.72,98.23319392450001,4.312
2020-01-29 00-52-16,14,16,8989,,,,,,,,,3.187
2020-01-29 00-52-16,14,17,,5.15,7.51,7.79,,,,,,3.187
2020-01-29 00-52-16,14,18,,5.15,7.51,7.79,7.55,6.97,8.09,,,4.312
2020-01-29 00-52-16,14,19,,5.15,7.51,7.79,7.55,6.97,8.09,5.04,89.754927712,4.312
2020-01-29 00-52-17,15,16,0,,,,,,,,,3.187
2020-01-29 00-52-17,15,17,,-327.67,-327.67,-327.67,,,,,,3.187
2020-01-29 00-52-17,15,18,,-327.67,-327.67,-327.67,-327.67,-327.67,-327.67,,,4.312
2020-01-29 00-52-17,15,19,,-327.67,-327.67,-327.67,-327.67,-327.67,-327.67,0.0,-2.0462,4.312
2020-01-29 00-52-17,16,16,2369,,,,,,,,,3.187
2020-01-29 00-52-17,16,17,,2.95,4.01,2.89,,,,,,3.187
2020-01-29 00-52-17,16,18,,2.95,4.01,2.89,2.81,3.15,3.15,,,4.312
2020-01-29 00-52-17,16,19,,2.95,4.01,2.89,2.81,3.15,3.15,3.68,99.1882841125,4.312
2020-01-29 00-52-18,17,16,2382,,,,,,,,,3.187
2020-01-29 00-52-18,17,17,,2.95,3.19,3.59,,,,,,3.187
2020-01-29 00-52-18,17,18,,2.95,3.19,3.59,2.81,3.19,3.07,,,4.312
2020-01-29 00-52-18,17,19,,2.95,3.19,3.59,2.81,3.19,3.07,3.72,107.03756732050002,4.312
2020-01-29 00-52-18,18,16,2489,,,,,,,,,3.187
2020-01-29 00-52-18,18,17,,2.61,3.23,3.67,,,,,,3.187
2020-01-29 00-52-18,18,18,,2.61,3.23,3.67,3.07,3.15,3.11,,,4.312
2020-01-29 00-52-18,18,19,,2.61,3.23,3.67,3.07,3.15,3.11,3.27,106.5267458605,4.312
2020-01-29 00-52-19,19,16,9003,,,,,,,,,3.187
2020-01-29 00-52-19,19,17,,3.19,3.63,3.41,,,,,,3.187
2020-01-29 00-52-19,19,18,,3.19,3.63,3.41,3.11,3.71,3.23,,,4.312
2020-01-29 00-52-19,19,19,,3.19,3.63,3.41,3.11,3.71,3.23,3.16,50.115249778000006,4.312
2020-01-29 00-52-19,20,16,31122,,,,,,,,,3.187
2020-01-29 00-52-19,20,17,,-327.67,-327.67,-327.67,,,,,,3.187
2020-01-29 00-52-19,20,18,,-327.67,-327.67,-327.67,-327.67,-327.67,-327.67,,,4.312
2020-01-29 00-52-19,20,19,,-327.67,-327.67,-327.67,-327.67,-327.67,-327.67,3.72,102.9152564405,4.312
2020-01-29 00-52-20,21,16,9951,,,,,,,,,3.187
2020-01-29 00-52-20,21,17,,2.99,3.23,3.15,,,,,,3.187
2020-01-29 00-52-20,21,18,,2.99,3.23,3.15,3.49,2.99,2.85,,,4.312
2020-01-29 00-52-20,21,19,,2.99,3.23,3.15,3.49,2.99,2.85,3.38,95.3969684605,4.312
2020-01-29 00-52-20,22,16,9037,,,,,,,,,3.187
2020-01-29 00-52-20,22,17,,2.89,3.29,2.51,,,,,,3.187
2020-01-29 00-52-20,22,18,,2.89,3.29,2.51,2.59,3.23,2.69,,,4.312
2020-01-29 00-52-20,22,19,,2.89,3.29,2.51,2.59,3.23,2.69,3.44,74.18772206450001,4.312
2020-01-29 00-52-21,23,16,2504,,,,,,,,,3.187
2020-01-29 00-52-21,23,17,,3.45,3.71,3.33,,,,,,3.187
2020-01-29 00-52-21,23,18,,3.45,3.71,3.33,3.11,3.67,2.99,,,4.312
2020-01-29 00-52-21,23,19,,3.45,3.71,3.33,3.11,3.67,2.99,3.76,98.12681751250001,4.312
2020-01-29 00-52-22,25,16,0,,,,,,,,,3.187
2020-01-29 00-52-22,25,17,,0.0,0.0,0.0,,,,,,3.187
2020-01-29 00-52-22,25,18,,0.0,0.0,0.0,0.0,0.0,0.0,,,4.312
2020-01-29 00-52-22,25,19,,0.0,0.0,0.0,0.0,0.0,0.0,0.0,-2.0462,4.312
2020-01-29 00-53-14,10,16,30353,,,,,,,,,3.187
2020-01-29 00-53-14,10,17,,65.59,113.01,120.7,,,,,,3.187
2020-01-29 00-53-14,10,18,,65.59,113.01,120.7,41.57,40.95,81.92,,,4.25
2020-01-29 00-53-15,11,16,2503,,,,,,,,,3.187
2020-01-29 00-53-15,11,17,,8.19,7.79,8.37,,,,,,3.187
2020-01-29 00-53-15,11,18,,8.19,7.79,8.37,7.09,7.55,8.27,,,4.25
2020-01-29 00-53-15,11,19,,8.19,7.79,8.37,7.09,7.55,8.27,-39.389999999999986,-2.0462,4.25
2020-01-29 00-53-15,12,16,9113,,,,,,,,,3.187
2020-01-29 00-53-15,12,17,,7.45,7.95,8.23,,,,,,3.187
2020-01-29 00-53-15,12,18,,7.45,7.95,8.23,7.83,8.23,7.65,,,4.25
2020-01-29 00-53-15,12,19,,7.45,7.95,8.23,7.83,8.23,7.65,4.3,55.20066380050001,4.25
2020-01-29 00-53-16,13,16,9957,,,,,,,,,3.187
2020-01-29 00-53-16,13,17,,8.13,8.51,8.41,,,,,,3.187
2020-01-29 00-53-16,13,18,,8.13,8.51,8.41,8.27,8.05,7.79,,,4.25
2020-01-29 00-53-16,13,19,,8.13,8.51,8.41,8.27,8.05,7.79,3.78,98.206604608,4.25
2020-01-29 00-53-16,14,16,8990,,,,,,,,,3.187
2020-01-29 00-53-16,14,17,,5.63,7.95,8.41,,,,,,3.187
2020-01-29 00-53-16,14,18,,5.63,7.95,8.41,8.29,7.29,8.09,,,4.25
2020-01-29 00-53-16,14,19,,5.63,7.95,8.41,8.29,7.29,8.09,5.1,89.94795506050001,4.25
2020-01-29 00-53-17,15,16,0,,,,,,,,,3.187
2020-01-29 00-53-17,15,17,,-327.67,-327.67,-327.67,,,,,,3.187
2020-01-29 00-53-17,15,18,,-327.67,-327.67,-327.67,-327.67,-327.67,-327.67,,,4.25
2020-01-29 00-53-17,15,19,,-327.67,-327.67,-327.67,-327.67,-327.67,-327.67,0.0,-2.0462,4.25
2020-01-29 00-53-17,16,16,2370,,,,,,,,,3.187
2020-01-29 00-53-17,16,17,,3.11,3.41,3.19,,,,,,3.187
2020-01-29 00-53-17,16,18,,3.11,3.41,3.19,2.55,3.07,3.11,,,4.25
2020-01-29 00-53-17,16,19,,3.11,3.41,3.19,2.55,3.07,3.11,3.6,99.1353320405,4.25
2020-01-29 00-53-18,17,16,2383,,,,,,,,,3.187
2020-01-29 00-53-18,17,17,,3.29,3.37,2.85,,,,,,3.187
2020-01-29 00-53-18,17,18,,3.29,3.37,2.85,2.31,3.11,3.25,,,4.25
2020-01-29 00-53-18,17,19,,3.29,3.37,2.85,2.31,3.11,3.25,3.7,107.06307488800002,4.25
2020-01-29 00-53-18,18,16,2490,,,,,,,,,3.187
2020-01-29 00-53-18,18,17,,3.03,3.07,3.23,,,,,,3.187
2020-01-29 00-53-18,18,18,,3.03,3.07,3.23,2.91,3.59,3.07,,,4.25
2020-01-29 00-53-18,18,19,,3.03,3.07,3.23,2.91,3.59,3.07,3.23,106.47559351250001,4.25
2020-01-29 00-53-19,19,16,9004,,,,,,,,,3.187
2020-01-29 00-53-19,19,17,,2.77,3.71,2.99,,,,,,3.187
2020-01-29 00-53-19,19,18,,2.77,3.71,2.99,3.19,3.63,2.65,,,4.25
2020-01-29 00-53-19,19,19,,2.77,3.71,2.99,3.19,3.63,2.65,3.18,50.5925402605,4.25
2020-01-29 00-53-19,20,16,31123,,,,,,,,,3.187
2020-01-29 00-53-19,20,17,,-327.67,-327.67,-327.67,,,,,,3.187
2020-01-29 00-53-19,20,18,,-327.67,-327.67,-327.67,-327.67,-327.67,-327.67,,,4.25
2020-01-29 00-53-19,20,19,,-327.67,-327.67,-327.67,-327.67,-327.67,-327.67,3.73,102.86321061250001,4.25
2020-01-29 00-53-20,21,16,9952,,,,,,,,,3.187
2020-01-29 00-53-20,21,17,,2.91,3.59,2.73,,,,,,3.187
2020-01-29 00-53-20,21,18,,2.91,3.59,2.73,2.89,3.29,2.89,,,4.25
2020-01-29 00-53-20,21,19,,2.91,3.59,2.73,2.89,3.29,2.89,3.4,95.3969684605,4.25
2020-01-29 00-53-20,22,16,9038,,,,,,,,,3.187
2020-01-29 00-53-20,22,17,,2.65,3.15,2.35,,,,,,3.187
2020-01-29 00-53-20,22,18,,2.65,3.15,2.35,2.43,3.37,2.91,,,4.25
2020-01-29 00-53-20,22,19,,2.65,3.15,2.35,2.43,3.37,2.91,3.44,74.041022272,4.25
2020-01-29 00-53-21,23,16,2505,,,,,,,,,3.187
2020-01-29 00-53-21,23,17,,3.63,3.79,3.07,,,,,,3.187
2020-01-29 00-53-21,23,18,,3.63,3.79,3.07,3.41,3.41,3.23,,,4.25
2020-01-29 00-53-21,23,19,,3.63,3.79,3.07,3.41,3.41,3.23,3.74,98.07361016050001,4.25
2020-01-29 00-54-14,10,16,30354,,,,,,,,,3.187
2020-01-29 00-54-14,10,17,,114.13,123.94,126.16,,,,,,3.187
2020-01-29 00-54-14,10,18,,114.13,123.94,126.16,41.45,40.95,81.92,,,4.25
2020-01-29 00-54-15,11,16,2504,,,,,,,,,3.187
2020-01-29 00-54-15,11,17,,7.95,8.05,8.41,,,,,,3.187
2020-01-29 00-54-15,11,18,,7.95,8.05,8.41,7.73,8.33,7.73,,,4.25
2020-01-29 00-54-15,11,19,,7.95,8.05,8.41,7.73,8.33,7.73,-39.389999999999986,-2.0462,4.25
2020-01-29 00-54-15,12,16,9114,,,,,,,,,3.187
2020-01-29 00-54-15,12,17,,7.95,8.15,8.27,,,,,,3.187
2020-01-29 00-54-15,12,18,,7.95,8.15,8.27,7.83,7.83,7.61,,,4.25
2020-01-29 00-54-15,12,19,,7.95,8.15,8.27,7.83,7.83,7.61,4.38,55.231991752000006,4.25
2020-01-29 00-54-16,13,16,9958,,,,,,,,,3.187
2020-01-29 00-54-16,13,17,,8.05,8.41,7.79,,,,,,3.187
2020-01-29 00-54-16,13,18,,8.05,8.41,7.79,7.55,7.87,7.73,,,4.25
2020-01-29 00-54-16,13,19,,8.05,8.41,7.79,7.55,7.87,7.73,3.78,98.18001210050001,4.25
2020-01-29 00-54-16,14,16,8991,,,,,,,,,3.187
2020-01-29 00-54-16,14,17,,5.59,8.09,7.77,,,,,,3.187
2020-01-29 00-54-16,14,18,,5.59,8.09,7.77,8.33,7.01,7.79,,,4.25
2020-01-29 00-54-16,14,19,,5.59,8.09,7.77,8.33,7.01,7.79,5.18,89.8652482,4.25
2020-01-29 00-54-17,15,16,0,,,,,,,,,3.187
2020-01-29 00-54-17,15,17,,-327.67,-327.67,-327.67,,,,,,3.187
2020-01-29 00-54-17,15,18,,-327.67,-327.67,-327.67,-327.67,-327.67,-327.67,,,4.25
2020-01-29 00-54-17,15,19,,-327.67,-327.67,-327.67,-327.67,-327.67,-327.67,0.0,-2.0462,4.25
2020-01-29 00-54-17,16,16,2371,,,,,,,,,3.187
2020-01-29 00-54-17,16,17,,3.37,3.79,2.95,,,,,,3.187
2020-01-29 00-54-17,16,18,,3.37,3.79,2.95,2.81,3.23,3.19,,,4.25
2020-01-29 00-54-17,16,19,,3.37,3.79,2.95,2.81,3.23,3.19,3.62,99.108851218,4.25
2020-01-29 00-54-18,17,16,2384,,,,,,,,,3.187
2020-01-29 00-54-18,17,17,,3.23,3.75,3.33,,,,,,3.187
2020-01-29 00-54-18,17,18,,3.23,3.75,3.33,2.51,3.53,2.95,,,4.25
2020-01-29 00-54-18,17,19,,3.23,3.75,3.33,2.51,3.53,2.95,3.7,107.0885792645,4.25
2020-01-29 00-54-18,18,16,2491,,,,,,,,,3.187
2020-01-29 00-54-18,18,17,,2.99,3.41,3.63,,,,,,3.187
2020-01-29 00-54-18,18,18,,2.99,3.41,3.63,2.95,3.41,3.15,,,4.25
2020-01-29 00-54-18,18,19,,2.99,3.41,3.63,2.95,3.41,3.15,3.27,106.5267458605,4.25
2020-01-29 00-54-19,19,16,9005,,,,,,,,,3.187
2020-01-29 00-54-19,19,17,,3.41,3.23,3.11,,,,,,3.187
2020-01-29 00-54-19,19,18,,3.41,3.23,3.11,3.15,3.53,3.37,,,4.25
2020-01-29 00-54-19,19,19,,3.41,3.23,3.11,3.15,3.53,3.37,3.16,50.719696464500004,4.25
2020-01-29 00-54-19,20,16,31124,,,,,,,,,3.187
2020-01-29 00-54-19,20,17,,-327.67,-327.67,-327.67,,,,,,3.187
2020-01-29 00-54-19,20,18,,-327.67,-327.67,-327.67,-327.67,-327.67,-327.67,,,4.25
2020-01-29 00-54-19,20,19,,-327.67,-327.67,-327.67,-327.67,-327.67,-327.67,3.74,102.7590806645,4.25
2020-01-29 00-54-20,21,16,9953,,,,,,,,,3.187
2020-01-29 00-54-20,21,17,,3.03,3.67,3.67,,,,,,3.187
2020-01-29 00-54-20,21,18,,3.03,3.67,3.67,3.19,3.23,2.61,,,4.25
2020-01-29 00-54-20,21,19,,3.03,3.67,3.67,3.19,3.23,2.61,3.41,95.3969684605,4.25
2020-01-29 00-54-20,22,16,9039,,,,,,,,,3.187
2020-01-29 00-54-20,22,17,,3.29,3.15,2.95,,,,,,3.187
2020-01-29 00-54-20,22,18,,3.29,3.15,2.95,2.17,3.55,3.23,,,4.25
2020-01-29 00-54-20,22,19,,3.29,3.15,2.95,2.17,3.55,3.23,3.46,74.30502446050001,4.25
2020-01-29 00-54-21,23,16,2506,,,,,,,,,3.187
2020-01-29 00-54-21,23,17,,3.59,3.75,3.33,,,,,,3.187
2020-01-29 00-54-21,23,18,,3.59,3.75,3.33,3.25,3.45,2.89,,,4.25
2020-01-29 00-54-21,23,19,,3.59,3.75,3.33,3.25,3.45,2.89,3.76,97.94053593800001,4.25
2020-01-29 00-54-22,25,16,0,,,,,,,,,3.187
2020-01-29 00-54-22,25,17,,0.0,0.0,0.0,,,,,,3.187
2020-01-29 00-54-22,25,18,,0.0,0.0,0.0,0.0,0.0,0.0,,,4.25
2020-01-29 00-54-22,25,19,,0.0,0.0,0.0,0.0,0.0,0.0,0.0,-2.0462,4.25
2020-01-29 00-55-15,10,16,30355,,,,,,,,,3.25
2020-01-29 00-55-15,10,17,,83.53,120.65,123.55,,,,,,3.25
2020-01-29 00-55-15,10,18,,83.53,120.65,123.55,41.27,40.95,81.92,,,4.25
2020-01-29 00-55-15,11,16,2505,,,,,,,,,3.25
2020-01-29 00-55-15,11,17,,7.87,8.09,8.33,,,,,,3.25
2020-01-29 00-55-15,11,18,,7.87,8.09,8.33,7.95,7.79,8.19,,,4.25
2020-01-29 00-55-15,11,19,,7.87,8.09,8.33,7.95,7.79,8.19,-39.389999999999986,-2.0462,4.25
2020-01-29 00-55-16,12,16,9115,,,,,,,,,3.25
2020-01-29 00-55-16,12,17,,8.13,8.33,8.13,,,,,,3.25
2020-01-29 00-55-16,12,18,,8.13,8.33,8.13,8.15,8.27,7.51,,,4.25
2020-01-29 00-55-16,12,19,,8.13,8.33,8.13,8.15,8.27,7.51,4.52,55.012629080500005,4.25
2020-01-29 00-55-16,13,16,9959,,,,,,,,,3.25
2020-01-29 00-55-16,13,17,,8.19,8.05,7.91,,,,,,3.25
2020-01-29 00-55-16,13,18,,8.19,8.05,7.91,7.73,7.87,8.19,,,4.25
2020-01-29 00-55-16,13,19,,8.19,8.05,7.91,7.73,7.87,8.19,3.83,98.18001210050001,4.25
2020-01-29 00-55-17,14,16,8992,,,,,,,,,3.25
2020-01-29 00-55-17,14,17,,5.67,7.87,8.79,,,,,,3.25
2020-01-29 00-55-17,14,18,,5.67,7.87,8.79,8.19,7.51,8.23,,,4.25
2020-01-29 00-55-17,14,19,,5.67,7.87,8.79,8.19,7.51,8.23,5.26,89.56174400450001,4.25
2020-01-29 00-55-17,15,16,0,,,,,,,,,3.25
2020-01-29 00-55-17,15,17,,-327.67,-327.67,-327.67,,,,,,3.25
2020-01-29 00-55-17,15,18,,-327.67,-327.67,-327.67,-327.67,-327.67,-327.67,,,4.25
2020-01-29 00-55-17,15,19,,-327.67,-327.67,-327.67,-327.67,-327.67,-327.67,0.0,-2.0462,4.25
2020-01-29 00-55-18,16,16,2372,,,,,,,,,3.25
2020-01-29 00-55-18,16,17,,2.99,3.55,3.53,,,,,,3.25
2020-01-29 00-55-18,16,18,,2.99,3.55,3.53,2.59,3.63,3.07,,,4.25
2020-01-29 00-55-18,16,19,,2.99,3.55,3.53,2.59,3.63,3.07,3.73,98.896889762,4.25
2020-01-29 00-55-18,17,16,2385,,,,,,,,,3.25
2020-01-29 00-55-18,17,17,,3.25,3.59,3.67,,,,,,3.25
2020-01-29 00-55-18,17,18,,3.25,3.59,3.67,2.73,3.11,3.25,,,4.25
2020-01-29 00-55-18,17,19,,3.25,3.59,3.67,2.73,3.11,3.25,3.74,107.11408045,4.25
2020-01-29 00-55-19,18,16,2492,,,,,,,,,3.25
2020-01-29 00-55-19,18,17,,3.07,3.23,3.45,,,,,,3.25
2020-01-29 00-55-19,18,18,,3.07,3.23,3.45,3.03,3.23,3.11,,,4.25
2020-01-29 00-55-19,18,19,,3.07,3.23,3.45,3.03,3.23,3.11,3.3,106.2708564805,4.25
2020-01-29 00-55-19,19,16,9006,,,,,,,,,3.25
2020-01-29 00-55-19,19,17,,3.59,3.71,3.25,,,,,,3.25
2020-01-29 00-55-19,19,18,,3.59,3.71,3.25,3.23,3.93,3.53,,,4.25
2020-01-29 00-55-19,19,19,,3.59,3.71,3.25,3.23,3.93,3.53,3.22,49.955993400500006,4.25
2020-01-29 00-55-20,20,16,31125,,,,,,,,,3.25
2020-01-29 00-55-20,20,17,,-327.67,-327.67,-327.67,,,,,,3.25
2020-01-29 00-55-20,20,18,,-327.67,-327.67,-327.67,-327.67,-327.67,-327.67,,,4.25
2020-01-29 00-55-20,20,19,,-327.67,-327.67,-327.67,-327.67,-327.67,-327.67,3.78,102.62884643200002,4.25
2020-01-29 00-55-20,21,16,9954,,,,,,,,,3.25
2020-01-29 00-55-20,21,17,,3.29,3.25,3.15,,,,,,3.25
2020-01-29 00-55-20,21,18,,3.29,3.25,3.15,3.37,3.25,2.95,,,4.25
2020-01-29 00-55-20,21,19,,3.29,3.25,3.15,3.37,3.25,2.95,3.43,95.34311014450002,4.25
2020-01-29 00-55-21,22,16,9040,,,,,,,,,3.25
2020-01-29 00-55-21,22,17,,2.65,3.45,2.61,,,,,,3.25
2020-01-29 00-55-21,22,18,,2.65,3.45,2.61,2.91,3.33,3.07,,,4.25
2020-01-29 00-55-21,22,19,,2.65,3.45,2.61,2.91,3.33,3.07,3.5,74.21705245,4.25
2020-01-29 00-55-21,23,16,2507,,,,,,,,,3.25
2020-01-29 00-55-21,23,17,,3.71,3.81,3.63,,,,,,3.25
2020-01-29 00-55-21,23,18,,3.71,3.81,3.63,2.13,3.41,3.23,,,4.25
2020-01-29 00-55-21,23,19,,3.71,3.81,3.63,2.13,3.41,3.23,3.78,97.80738194050001,4.25
2020-01-29 00-56-15,10,16,30356,,,,,,,,,3.25
2020-01-29 00-56-15,10,17,,119.64,125.63,126.6,,,,,,3.25
2020-01-29 00-56-15,10,18,,119.64,125.63,126.6,41.4,40.95,81.92,,,4.25
2020-01-29 00-56-15,11,16,2506,,,,,,,,,3.25
2020-01-29 00-56-15,11,17,,6.39,7.37,7.45,,,,,,3.25
2020-01-29 00-56-15,11,18,,6.39,7.37,7.45,6.91,7.11,7.11,,,4.25
2020-01-29 00-56-15,11,19,,6.39,7.37,7.45,6.91,7.11,7.11,-39.389999999999986,-2.0462,4.25
2020-01-29 00-56-16,12,16,9116,,,,,,,,,3.25
2020-01-29 00-56-16,12,17,,7.55,7.59,7.55,,,,,,3.25
2020-01-29 00-56-16,12,18,,7.55,7.59,7.55,7.29,7.69,7.19,,,4.25
2020-01-29 00-56-16,12,19,,7.55,7.59,7.55,7.29,7.69,7.19,4.55,54.91856864200001,4.25
2020-01-29 00-56-16,13,16,9960,,,,,,,,,3.25
2020-01-29 00-56-16,13,17,,7.79,7.95,7.05,,,,,,3.25
2020-01-29 00-56-16,13,18,,7.79,7.95,7.05,7.05,7.05,7.45,,,4.25
2020-01-29 00-56-16,13,19,,7.79,7.95,7.05,7.05,7.05,7.45,3.8,98.18001210050001,4.25
2020-01-29 00-56-17,14,16,8993,,,,,,,,,3.25
2020-01-29 00-56-17,14,17,,4.97,7.15,7.73,,,,,,3.25
2020-01-29 00-56-17,14,18,,4.97,7.15,7.73,7.73,6.97,7.55,,,4.25
2020-01-29 00-56-17,14,19,,4.97,7.15,7.73,7.73,6.97,7.55,5.15,89.699748322,4.25
2020-01-29 00-56-17,15,16,0,,,,,,,,,3.25
2020-01-29 00-56-17,15,17,,-327.67,-327.67,-327.67,,,,,,3.25
2020-01-29 00-56-17,15,18,,-327.67,-327.67,-327.67,-327.67,-327.67,-327.67,,,4.25
2020-01-29 00-56-17,15,19,,-327.67,-327.67,-327.67,-327.67,-327.67,-327.67,0.0,-2.0462,4.25
2020-01-29 00-56-18,16,16,2373,,,,,,,,,3.25
2020-01-29 00-56-18,16,17,,3.15,3.85,3.03,,,,,,3.25
2020-01-29 00-56-18,16,18,,3.15,3.85,3.03,2.95,3.33,3.19,,,4.25
2020-01-29 00-56-18,16,19,,3.15,3.85,3.03,2.95,3.33,3.19,3.72,99.0823672045,4.25
2020-01-29 00-56-18,17,16,2386,,,,,,,,,3.25
2020-01-29 00-56-18,17,17,,3.23,3.85,3.15,,,,,,3.25
2020-01-29 00-56-18,17,18,,3.23,3.85,3.15,2.59,3.19,3.41,,,4.25
2020-01-29 00-56-18,17,19,,3.23,3.85,3.15,2.59,3.19,3.41,3.72,107.0885792645,4.25
2020-01-29 00-56-19,18,16,2493,,,,,,,,,3.25
2020-01-29 00-56-19,18,17,,2.91,2.81,3.33,,,,,,3.25
2020-01-29 00-56-19,18,18,,2.91,2.81,3.33,2.85,3.63,2.73,,,4.25
2020-01-29 00-56-19,18,19,,2.91,2.81,3.33,2.85,3.63,2.73,3.26,106.2196403125,4.25
2020-01-29 00-56-19,19,16,9007,,,,,,,,,3.25
2020-01-29 00-56-19,19,17,,3.41,3.15,3.07,,,,,,3.25
2020-01-29 00-56-19,19,18,,3.41,3.15,3.07,3.29,3.79,3.79,,,4.25
2020-01-29 00-56-19,19,19,,3.41,3.15,3.07,3.29,3.79,3.79,3.2,48.2309412605,4.25
2020-01-29 00-56-20,20,16,31126,,,,,,,,,3.25
2020-01-29 00-56-20,20,17,,-327.67,-327.67,-327.67,,,,,,3.25
2020-01-29 00-56-20,20,18,,-327.67,-327.67,-327.67,-327.67,-327.67,-327.67,,,4.25
2020-01-29 00-56-20,20,19,,-327.67,-327.67,-327.67,-327.67,-327.67,-327.67,3.73,102.7069965445,4.25
2020-01-29 00-56-20,21,16,9955,,,,,,,,,3.25
2020-01-29 00-56-20,21,17,,2.99,3.49,2.95,,,,,,3.25
2020-01-29 00-56-20,21,18,,2.99,3.49,2.95,2.31,3.45,2.59,,,4.25
2020-01-29 00-56-20,21,19,,2.99,3.49,2.95,2.31,3.45,2.59,3.44,95.3969684605,4.25
2020-01-29 00-56-21,22,16,9041,,,,,,,,,3.25
2020-01-29 00-56-21,22,17,,2.73,2.89,2.91,,,,,,3.25
2020-01-29 00-56-21,22,18,,2.73,2.89,2.91,2.47,3.59,3.19,,,4.25
2020-01-29 00-56-21,22,19,,2.73,2.89,2.91,2.47,3.59,3.19,3.44,74.15838848800001,4.25
2020-01-29 00-56-21,23,16,2508,,,,,,,,,3.25
2020-01-29 00-56-21,23,17,,3.55,3.85,3.41,,,,,,3.25
2020-01-29 00-56-21,23,18,,3.55,3.85,3.41,3.03,3.25,2.89,,,4.25
2020-01-29 00-56-21,23,19,,3.55,3.85,3.41,3.03,3.25,2.89,3.74,97.91391152050001,4.25
2020-01-29 00-56-22,25,16,0,,,,,,,,,3.25
2020-01-29 00-56-22,25,17,,0.0,0.0,0.0,,,,,,3.25
2020-01-29 00-56-22,25,18,,0.0,0.0,0.0,0.0,0.0,0.0,,,4.25
2020-01-29 00-56-22,25,19,,0.0,0.0,0.0,0.0,0.0,0.0,0.0,-2.0462,4.25
2020-01-29 00-57-14,10,16,30357,,,,,,,,,3.187
2020-01-29 00-57-14,10,17,,108.23,121.67,125.05,,,,,,3.187
2020-01-29 00-57-14,10,18,,108.23,121.67,125.05,41.61,40.95,81.92,,,4.25
2020-01-29 00-57-14,11,16,2507,,,,,,,,,3.187
2020-01-29 00-57-14,11,17,,7.41,7.97,8.65,,,,,,3.187
2020-01-29 00-57-14,11,18,,7.41,7.97,8.65,7.55,7.65,7.91,,,4.25
2020-01-29 00-57-14,11,19,,7.41,7.97,8.65,7.55,7.65,7.91,-39.389999999999986,-2.0462,4.25
2020-01-29 00-57-15,12,16,9117,,,,,,,,,3.187
2020-01-29 00-57-15,12,17,,7.65,8.55,8.29,,,,,,3.187
2020-01-29 00-57-15,12,18,,7.65,8.55,8.29,8.45,8.01,7.47,,,4.25
2020-01-29 00-57-15,12,19,,7.65,8.55,8.29,8.45,8.01,7.47,4.58,54.91856864200001,4.25
2020-01-29 00-57-15,13,16,9961,,,,,,,,,3.187
2020-01-29 00-57-15,13,17,,8.47,8.45,7.79,,,,,,3.187
2020-01-29 00-57-15,13,18,,8.47,8.45,7.79,7.19,7.97,8.33,,,4.25
2020-01-29 00-57-15,13,19,,8.47,8.45,7.79,7.19,7.97,8.33,3.76,98.2863629845,4.25
2020-01-29 00-57-16,14,16,8994,,,,,,,,,3.187
2020-01-29 00-57-16,14,17,,5.49,7.69,7.47,,,,,,3.187
2020-01-29 00-57-16,14,18,,5.49,7.69,7.47,8.55,7.15,8.55,,,4.25
2020-01-29 00-57-16,14,19,,5.49,7.69,7.47,8.55,7.15,8.55,5.09,90.08573600800001,4.25
2020-01-29 00-57-17,16,16,2374,,,,,,,,,3.187
2020-01-29 00-57-17,16,17,,2.65,4.19,3.25,,,,,,3.187
2020-01-29 00-57-17,16,18,,2.65,4.19,3.25,2.61,3.55,3.23,,,4.25
2020-01-29 00-57-17,16,19,,2.65,4.19,3.25,2.61,3.55,3.23,3.65,99.45285301250001,4.25
2020-01-29 00-57-17,17,16,2387,,,,,,,,,3.187
2020-01-29 00-57-17,17,17,,3.37,3.81,3.23,,,,,,3.187
2020-01-29 00-57-17,17,18,,3.37,3.81,3.23,2.73,3.37,3.23,,,4.25
2020-01-29 00-57-17,17,19,,3.37,3.81,3.23,2.73,3.37,3.23,3.68,107.19056486050002,4.25
2020-01-29 00-57-18,18,16,2494,,,,,,,,,3.187
2020-01-29 00-57-18,18,17,,3.07,3.19,3.45,,,,,,3.187
2020-01-29 00-57-18,18,18,,3.07,3.19,3.45,3.03,3.45,3.25,,,4.25
2020-01-29 00-57-18,18,19,,3.07,3.19,3.45,3.03,3.45,3.25,3.24,106.3220598845,4.25
2020-01-29 00-57-18,19,16,9008,,,,,,,,,3.187
2020-01-29 00-57-18,19,17,,3.81,3.33,3.25,,,,,,3.187
2020-01-29 00-57-18,19,18,,3.81,3.33,3.25,3.29,3.59,3.11,,,4.25
2020-01-29 00-57-19,20,16,31127,,,,,,,,,3.187
2020-01-29 00-57-19,20,17,,-327.67,-327.67,-327.67,,,,,,3.187
2020-01-29 00-57-19,20,18,,-327.67,-327.67,-327.67,-327.67,-327.67,-327.67,,,4.25
2020-01-29 00-57-19,20,19,,-327.67,-327.67,-327.67,-327.67,-327.67,-327.67,3.7,102.7590806645,4.25
2020-01-29 00-57-19,21,16,9956,,,,,,,,,3.187
2020-01-29 00-57-19,21,17,,2.91,3.53,2.91,,,,,,3.187
2020-01-29 00-57-19,21,18,,2.91,3.53,2.91,3.37,3.11,2.95,,,4.25
2020-01-29 00-57-19,21,19,,2.91,3.53,2.91,3.37,3.11,2.95,3.4,95.45081401250002,4.25
2020-01-29 00-57-20,22,16,9042,,,,,,,,,3.187
2020-01-29 00-57-20,22,17,,2.91,3.03,2.95,,,,,,3.187
2020-01-29 00-57-20,22,18,,2.91,3.03,2.95,2.85,3.41,3.33,,,4.25
2020-01-29 00-57-20,22,19,,2.91,3.03,2.95,2.85,3.41,3.33,3.44,73.95296410450001,4.25
2020-01-29 00-57-20,23,16,2509,,,,,,,,,3.187
2020-01-29 00-57-20,23,17,,3.45,3.93,2.95,,,,,,3.187
2020-01-29 00-57-20,23,18,,3.45,3.93,2.95,3.33,3.67,2.65,,,4.25
2020-01-29 00-57-20,23,19,,3.45,3.93,2.95,3.33,3.67,2.65,3.69,98.18001210050001,4.25
2020-01-29 00-57-21,25,16,0,,,,,,,,,3.187
2020-01-29 00-57-21,25,17,,0.0,0.0,0.0,,,,,,3.187
2020-01-29 00-57-21,25,18,,0.0,0.0,0.0,0.0,0.0,0.0,,,4.25
2020-01-29 00-57-21,25,19,,0.0,0.0,0.0,0.0,0.0,0.0,0.0,-2.0462,4.25
2020-01-29 00-58-14,10,16,30358,,,,,,,,,3.125
2020-01-29 00-58-14,10,17,,100.3,118.28,123.26,,,,,,3.125
2020-01-29 00-58-14,10,18,,100.3,118.28,123.26,41.62,40.95,40.96,,,4.25
2020-01-29 00-58-14,11,16,2508,,,,,,,,,3.125
2020-01-29 00-58-14,11,17,2508,7.37,8.19,8.05,,,,,,3.125
2020-01-29 00-58-14,11,18,2508,7.37,8.19,8.05,8.13,7.95,8.27,,,4.25
2020-01-29 00-58-15,11,19,,,,,,,,-39.389999999999986,-2.0462,4.25
2020-01-29 00-58-15,12,16,9118,,,,,,,,,3.125
2020-01-29 00-58-15,12,17,,8.01,8.01,8.15,,,,,,3.125
2020-01-29 00-58-15,12,18,,8.01,8.01,8.15,8.09,7.83,7.73,,,4.25
2020-01-29 00-58-15,12,19,,8.01,8.01,8.15,8.09,7.83,7.73,4.59,54.91856864200001,4.25
2020-01-29 00-58-15,13,16,9962,,,,,,,,,3.125
2020-01-29 00-58-15,13,17,,8.59,8.45,8.01,,,,,,3.125
2020-01-29 00-58-15,13,18,,8.59,8.45,8.01,8.05,8.05,7.95,,,4.25
2020-01-29 00-58-15,13,19,,8.59,8.45,8.01,8.05,8.05,7.95,3.72,98.419229792,4.25
2020-01-29 00-58-16,14,16,8995,,,,,,,,,3.125
2020-01-29 00-58-16,14,17,,5.63,8.13,8.27,,,,,,3.125
2020-01-29 00-58-16,14,18,,5.63,8.13,8.27,8.13,7.33,7.95,,,4.25
2020-01-29 00-58-16,14,19,,5.63,8.13,8.27,8.13,7.33,7.95,5.16,90.22343718050001,4.25
2020-01-29 00-58-16,15,16,0,,,,,,,,,3.125
2020-01-29 00-58-17,15,17,,-327.67,-327.67,-327.67,,,,,,3.125
2020-01-29 00-58-17,15,18,,-327.67,-327.67,-327.67,-327.67,-327.67,-327.67,,,4.25
2020-01-29 00-58-17,15,19,,-327.67,-327.67,-327.67,-327.67,-327.67,-327.67,0.0,-2.0462,4.25
2020-01-29 00-58-17,16,16,2375,,,,,,,,,3.125
2020-01-29 00-58-17,16,17,,3.71,3.97,3.23,,,,,,3.125
2020-01-29 00-58-17,16,18,,3.71,3.97,3.23,2.69,3.29,3.33,,,4.25
2020-01-29 00-58-17,16,19,,3.71,3.97,3.23,2.69,3.29,3.33,3.54,99.61144118450001,4.25
2020-01-29 00-58-18,17,16,2388,,,,,,,,,3.125
2020-01-29 00-58-18,17,17,,3.41,4.41,3.45,,,,,,3.125
2020-01-29 00-58-18,17,18,,3.41,4.41,3.45,2.35,3.19,3.23,,,4.25
2020-01-29 00-58-18,17,19,,3.41,4.41,3.45,2.35,3.19,3.23,3.62,107.2924994005,4.25
2020-01-29 00-58-18,18,16,2495,,,,,,,,,3.125
2020-01-29 00-58-18,18,17,,2.77,3.37,3.93,,,,,,3.125
2020-01-29 00-58-18,18,18,,2.77,3.37,3.93,2.81,2.95,2.99,,,4.25
2020-01-29 00-58-18,18,19,,2.77,3.37,3.93,2.81,2.95,2.99,3.18,106.5267458605,4.25
2020-01-29 00-58-19,19,16,9009,,,,,,,,,3.125
2020-01-29 00-58-19,19,17,,3.07,3.37,3.23,,,,,,3.125
2020-01-29 00-58-19,19,18,,3.07,3.37,3.23,2.55,3.59,3.29,,,4.25
2020-01-29 00-58-19,19,19,,3.07,3.37,3.23,2.55,3.59,3.29,3.1,42.4135650005,4.25
2020-01-29 00-58-19,20,16,31128,,,,,,,,,3.125
2020-01-29 00-58-19,20,17,,-327.67,-327.67,-327.67,,,,,,3.125
2020-01-29 00-58-19,20,18,,-327.67,-327.67,-327.67,-327.67,-327.67,-327.67,,,4.25
2020-01-29 00-58-19,20,19,,-327.67,-327.67,-327.67,-327.67,-327.67,-327.67,3.62,102.889235122,4.25
2020-01-29 00-58-20,21,16,9957,,,,,,,,,3.125
2020-01-29 00-58-20,21,17,,2.91,3.45,3.11,,,,,,3.125
2020-01-29 00-58-20,21,18,,2.91,3.45,3.11,3.49,3.29,2.89,,,4.25
2020-01-29 00-58-20,21,19,,2.91,3.45,3.11,3.49,3.29,2.89,3.36,95.55846682450002,4.25
2020-01-29 00-58-20,22,16,9043,,,,,,,,,3.125
2020-01-29 00-58-20,22,17,,2.61,2.89,2.61,,,,,,3.125
2020-01-29 00-58-20,22,18,,2.61,2.89,2.61,2.31,3.29,3.15,,,4.25
2020-01-29 00-58-20,22,19,,2.61,2.89,2.61,2.31,3.29,3.15,3.39,74.01167274050002,4.25
2020-01-29 00-58-21,23,16,2510,,,,,,,,,3.125
2020-01-29 00-58-21,23,17,,3.45,3.55,3.23,,,,,,3.125
2020-01-29 00-58-21,23,18,,3.45,3.55,3.23,2.95,3.55,2.99,,,4.25
2020-01-29 00-58-21,23,19,,3.45,3.55,3.23,2.95,3.55,2.99,3.61,98.36609264200001,4.25
2020-01-29 00-58-22,25,16,0,,,,,,,,,3.125
2020-01-29 00-58-22,25,17,,0.0,0.0,0.0,,,,,,3.125
2020-01-29 00-58-22,25,18,,0.0,0.0,0.0,0.0,0.0,0.0,,,4.25
2020-01-29 00-58-22,25,19,,0.0,0.0,0.0,0.0,0.0,0.0,0.0,-2.0462,4.25
2020-01-29 00-59-14,10,16,30359,,,,,,,,,3.125
2020-01-29 00-59-14,10,17,,61.14,110.98,119.97,,,,,,3.125
2020-01-29 00-59-14,10,18,,61.14,110.98,119.97,41.76,40.95,40.96,,,4.25
2020-01-29 00-59-15,11,16,2509,,,,,,,,,3.125
2020-01-29 00-59-15,11,17,,7.61,8.13,8.41,,,,,,3.125
2020-01-29 00-59-15,11,18,,7.61,8.13,8.41,8.01,8.01,7.91,,,4.25
2020-01-29 00-59-15,11,19,,7.61,8.13,8.41,8.01,8.01,7.91,-39.389999999999986,-2.0462,4.25
2020-01-29 00-59-15,12,16,9119,,,,,,,,,3.125
2020-01-29 00-59-15,12,17,,8.09,8.45,8.27,,,,,,3.125
2020-01-29 00-59-15,12,18,,8.09,8.45,8.27,8.15,7.97,8.05,,,4.25
2020-01-29 00-59-15,12,19,,8.09,8.45,8.27,8.15,7.97,8.05,4.62,54.8872087805,4.25
2020-01-29 00-59-16,13,16,9963,,,,,,,,,3.125
2020-01-29 00-59-16,13,17,,8.65,8.33,8.01,,,,,,3.125
2020-01-29 00-59-16,13,18,,8.65,8.33,8.01,8.05,8.51,8.29,,,4.25
2020-01-29 00-59-16,13,19,,8.65,8.33,8.01,8.05,8.51,8.29,3.71,98.55201682450001,4.25
2020-01-29 00-59-16,14,16,8996,,,,,,,,,3.125
2020-01-29 00-59-16,14,17,,5.49,8.05,8.09,,,,,,3.125
2020-01-29 00-59-16,14,18,,5.49,8.05,8.09,7.95,7.51,8.87,,,4.25
2020-01-29 00-59-16,14,19,,5.49,8.05,8.09,7.95,7.51,8.87,5.2,90.11328262450002,4.25
2020-01-29 00-59-17,15,16,0,,,,,,,,,3.125
2020-01-29 00-59-17,15,17,,-327.67,-327.67,-327.67,,,,,,3.125
2020-01-29 00-59-17,15,18,,-327.67,-327.67,-327.67,-327.67,-327.67,-327.67,,,4.25
2020-01-29 00-59-17,15,19,,-327.67,-327.67,-327.67,-327.67,-327.67,-327.67,0.0,-2.0462,4.25
2020-01-29 00-59-17,16,16,2376,,,,,,,,,3.125
2020-01-29 00-59-17,16,17,,2.99,3.85,2.85,,,,,,3.125
2020-01-29 00-59-17,16,18,,2.99,3.85,2.85,2.85,3.29,2.77,,,4.25
2020-01-29 00-59-17,16,19,,2.99,3.85,2.85,2.85,3.29,2.77,3.6,100.0337813605,4.25
2020-01-29 00-59-18,17,16,2389,,,,,,,,,3.125
2020-01-29 00-59-18,17,17,,3.03,3.79,2.85,,,,,,3.125
2020-01-29 00-59-18,17,18,,3.03,3.79,2.85,2.61,3.45,3.37,,,4.25
2020-01-29 00-59-18,17,19,,3.03,3.79,2.85,2.61,3.45,3.37,3.62,107.317975058,4.25
2020-01-29 00-59-18,18,16,2496,,,,,,,,,3.125
2020-01-29 00-59-18,18,17,,2.65,3.15,3.53,,,,,,3.125
2020-01-29 00-59-18,18,18,,2.65,3.15,3.53,2.69,3.11,2.73,,,4.25
2020-01-29 00-59-18,18,19,,2.65,3.15,3.53,2.69,3.11,2.73,3.22,106.5267458605,4.25
2020-01-29 00-59-19,19,16,9010,,,,,,,,,3.125
2020-01-29 00-59-19,19,17,,3.25,3.29,3.29,,,,,,3.125
2020-01-29 00-59-19,19,18,,3.25,3.29,3.29,3.23,3.59,3.45,,,4.25
2020-01-29 00-59-19,19,19,,3.25,3.29,3.29,3.23,3.59,3.45,3.08,40.156158482,4.25
2020-01-29 00-59-19,20,16,31129,,,,,,,,,3.125
2020-01-29 00-59-19,20,17,,-327.67,-327.67,-327.67,,,,,,3.125
2020-01-29 00-59-19,20,18,,-327.67,-327.67,-327.67,-327.67,-327.67,-327.67,,,4.25
2020-01-29 00-59-19,20,19,,-327.67,-327.67,-327.67,-327.67,-327.67,-327.67,3.62,103.01930980450001,4.25
2020-01-29 00-59-20,21,16,9958,,,,,,,,,3.125
2020-01-29 00-59-20,21,17,,3.33,3.85,2.89,,,,,,3.125
2020-01-29 00-59-20,21,18,,3.33,3.85,2.89,3.37,3.15,2.89,,,4.25
2020-01-29 00-59-20,21,19,,3.33,3.85,2.89,3.37,3.15,2.89,3.34,95.6122740845,4.25
2020-01-29 00-59-20,22,16,9044,,,,,,,,,3.125
2020-01-29 00-59-20,22,17,,2.89,3.07,2.77,,,,,,3.125
2020-01-29 00-59-20,22,18,,2.89,3.07,2.77,2.55,3.45,2.95,,,4.25
2020-01-29 00-59-20,22,19,,2.89,3.07,2.77,2.55,3.45,2.95,3.4,73.7767616125,4.25
2020-01-29 00-59-21,23,16,2511,,,,,,,,,3.125
2020-01-29 00-59-21,23,17,,3.45,3.71,3.19,,,,,,3.125
2020-01-29 00-59-21,23,18,,3.45,3.71,3.19,2.39,3.41,2.65,,,4.25
2020-01-29 00-59-21,23,19,,3.45,3.71,3.19,2.39,3.41,2.65,3.62,98.6051093005,4.25
2020-01-29 00-59-22,25,16,0,,,,,,,,,3.125
2020-01-29 00-59-22,25,17,,0.0,0.0,0.0,,,,,,3.125
2020-01-29 00-59-22,25,18,,0.0,0.0,0.0,0.0,0.0,0.0,,,4.25
2020-01-29 00-59-22,25,19,,0.0,0.0,0.0,0.0,0.0,0.0,0.0,-2.0462,4.25
