TempPlant2,TempPlant4,TempPlant6,Air_temp_loc,Humedity,air_temp,Ambient_1,time
3.81,3.93,3.49,4.17,97.14041532800002,5.062,3.875,2020-02-09T00:00:00.0
3.71,4.15,3.75,4.26,96.95330728450001,5.062,3.937,2020-02-09T00:01:00.0
4.05,4.05,3.53,4.24,96.79280451250001,5.062,3.937,2020-02-09T00:02:00.0
3.97,3.89,3.53,4.18,96.79280451250001,5.062,3.937,2020-02-09T00:03:00.0
3.93,3.97,3.67,4.2,96.95330728450001,5.062,3.937,2020-02-09T00:04:00.0
4.19,4.15,3.71,4.22,97.06024531250002,5.062,3.937,2020-02-09T00:05:00.0
3.71,4.31,3.41,4.26,96.87307025800001,5.062,3.937,2020-02-09T00:06:00.0
3.89,4.05,3.63,4.28,96.8998191245,5.062,3.937,2020-02-09T00:07:00.0
3.97,4.33,3.37,4.28,96.95330728450001,5.062,3.937,2020-02-09T00:08:00.0
3.81,3.97,3.79,4.28,96.8998191245,5.062,3.937,2020-02-09T00:09:00.0
3.79,4.05,3.81,4.3,96.87307025800001,5,3.875,2020-02-09T00:10:00.0
4.63,4.27,4.01,4.3,96.819562952,5.062,3.875,2020-02-09T00:11:00.0
4.45,4.07,3.75,4.32,96.87307025800001,5.062,3.875,2020-02-09T00:12:00.0
4.37,3.85,3.75,4.3,96.8998191245,5.062,3.875,2020-02-09T00:13:00.0
3.93,4.15,4.01,4.28,96.8998191245,5.062,3.875,2020-02-09T00:14:00.0
4.01,4.01,3.71,4.28,96.819562952,5.062,3.812,2020-02-09T00:15:00.0
3.75,4.15,3.53,4.27,97.00678268050001,5,3.812,2020-02-09T00:16:00.0
4.71,3.93,3.75,4.3,96.95330728450001,5,3.812,2020-02-09T00:17:00.0
3.71,4.15,3.45,4.26,96.9265648,5,3.75,2020-02-09T00:18:00.0
4.79,4.11,3.67,4.23,97.06024531250002,5,3.687,2020-02-09T00:19:00.0
4.45,4.49,3.71,4.2,97.033515592,4.937,3.687,2020-02-09T00:20:00.0
4.19,4.19,3.53,4.17,97.00678268050001,4.937,3.687,2020-02-09T00:21:00.0
4.01,3.89,3.41,4.08,97.43412634450002,4.875,3.625,2020-02-09T00:22:00.0
4.49,3.93,3.59,4.02,97.7008013045,4.875,3.562,2020-02-09T00:23:00.0
3.49,3.89,3.55,3.9,97.80738194050001,4.812,3.5,2020-02-09T00:24:00.0
3.88,3.8,3.3899999999999997,3.88,98.02028793250001,4.781000000000001,3.5,2020-02-09T00:25:00.0
4.27,3.71,3.23,3.86,98.23319392450001,4.75,3.5,2020-02-09T00:26:00.0
4.07,4.01,3.67,3.9,98.0203900445,4.75,3.5,2020-02-09T00:27:00.0
3.79,3.85,3.07,3.86,98.0203900445,4.75,3.5,2020-02-09T00:28:00.0
3.97,3.33,3.33,3.83,97.96715716450001,4.687,3.5,2020-02-09T00:29:00.0
3.71,3.75,3.37,3.8,98.12681751250001,4.687,3.5,2020-02-09T00:30:00.0
3.59,3.23,2.91,3.7,98.100215432,4.687,3.437,2020-02-09T00:31:00.0
3.37,3.33,3.23,3.66,98.6051093005,4.687,3.375,2020-02-09T00:32:00.0
3.45,3.79,3.19,3.63,98.7112559605,4.687,3.375,2020-02-09T00:33:00.0
3.75,3.49,3.29,3.62,98.79083245000001,4.687,3.375,2020-02-09T00:34:00.0
3.11,3.53,3.03,3.62,98.684724082,4.687,3.437,2020-02-09T00:35:00.0
3.59,3.67,3.37,3.68,98.6581890125,4.687,3.5,2020-02-09T00:36:00.0
3.15,3.37,3.29,3.68,98.18001210050001,4.687,3.5,2020-02-09T00:37:00.0
3.29,3.63,2.91,3.62,98.18001210050001,4.687,3.562,2020-02-09T00:38:00.0
3.55,3.45,3.11,3.58,98.33951928050001,4.687,3.625,2020-02-09T00:39:00.0
3.59,3.45,3.41,3.61,98.55201682450001,4.687,3.625,2020-02-09T00:40:00.0
3.59,3.93,2.81,3.71,98.3926628125,4.75,3.687,2020-02-09T00:41:00.0
3.37,3.29,2.89,3.66,97.91391152050001,4.75,3.75,2020-02-09T00:42:00.0
3.23,3.45,3.07,3.69,98.12681751250001,4.812,3.812,2020-02-09T00:43:00.0
3.67,3.97,2.61,3.72,98.07361016050001,4.812,3.812,2020-02-09T00:44:00.0
3.19,3.45,2.81,3.72,98.07361016050001,4.875,3.812,2020-02-09T00:45:00.0
3.23,3.49,2.81,3.71,98.04700169800002,4.875,3.812,2020-02-09T00:46:00.0
3.41,3.75,3.07,3.74,97.96715716450001,4.875,3.812,2020-02-09T00:47:00.0
3.71,3.67,2.85,3.72,97.96715716450001,4.937,3.875,2020-02-09T00:48:00.0
3.59,3.71,2.73,3.71,97.91391152050001,4.937,3.937,2020-02-09T00:49:00.0
3.37,3.25,2.95,3.66,97.91391152050001,5,3.937,2020-02-09T00:50:00.0
3.45,3.45,2.81,3.61,98.18001210050001,5.062,3.937,2020-02-09T00:51:00.0
4.01,3.19,2.77,3.69,98.18001210050001,5.062,4,2020-02-09T00:52:00.0
3.03,3.49,2.91,3.63,97.96715716450001,5.125,4,2020-02-09T00:53:00.0
3.23,3.45,2.61,3.61,98.25978005000002,5.187,4,2020-02-09T00:54:00.0
3.29,3.49,2.95,3.71,98.36609264200001,5.187,4,2020-02-09T00:55:00.0
2.91,3.25,2.35,3.68,97.96715716450001,5.187,4,2020-02-09T00:56:00.0
3.03,3.71,2.73,3.61,98.0203900445,5.187,3.937,2020-02-09T00:57:00.0
3.41,3.67,2.59,3.68,98.25978005000002,5.25,4,2020-02-09T00:58:00.0
3.63,3.19,2.65,3.69,98.2863629845,5.25,4,2020-02-09T00:59:00.0
3.59,3.33,2.65,3.7,98.153416402,5.312,4,2020-02-09T01:00:00.0
3.33,3.45,2.35,3.66,98.2863629845,5.312,4,2020-02-09T01:01:00.0
3.37,3.45,2.43,3.64,98.7643101445,5.312,3.875,2020-02-09T01:02:00.0
3.49,3.71,2.61,3.74,98.92339611250001,5.25,3.875,2020-02-09T01:03:00.0
3.41,3.93,3.07,3.81,98.87038022050001,5.187,3.812,2020-02-09T01:04:00.0
3.71,3.79,3.11,3.85,98.5254658,5.187,3.812,2020-02-09T01:05:00.0
3.45,3.53,3.19,3.82,98.2863629845,5.187,3.812,2020-02-09T01:06:00.0
3.11,3.53,2.65,3.72,98.23319392450001,5.125,3.812,2020-02-09T01:07:00.0
3.19,3.81,2.81,3.76,98.7643101445,5.125,3.75,2020-02-09T01:08:00.0
3.37,3.45,2.77,3.79,98.5254658,5.125,3.75,2020-02-09T01:09:00.0
3.37,3.85,3.11,3.82,98.49891158450001,5.062,3.75,2020-02-09T01:10:00.0
3.41,3.74,3.05,3.8449999999999998,98.33946184250001,5.062,3.75,2020-02-09T01:11:00.0
3.45,3.63,2.99,3.87,98.18001210050001,5.062,3.75,2020-02-09T01:12:00.0
3.67,3.53,2.95,3.92,97.887283912,5.062,3.812,2020-02-09T01:13:00.0
3.53,3.81,3.25,4,97.7008013045,5.062,3.875,2020-02-09T01:14:00.0
3.59,3.63,3.15,3.88,97.54083462050001,5.062,3.875,2020-02-09T01:15:00.0
3.55,3.37,3.25,3.89,97.75409800450001,5.062,3.812,2020-02-09T01:16:00.0
3.59,3.85,3.41,3.9,97.78074156800001,5.062,3.812,2020-02-09T01:17:00.0
3.45,3.97,2.91,3.92,97.7008013045,5.062,3.875,2020-02-09T01:18:00.0
3.67,3.67,3.49,4.08,97.38075306050001,5,3.937,2020-02-09T01:19:00.0
3.55,4.07,3.19,4.15,96.9265648,5.062,4.062,2020-02-09T01:20:00.0
3.63,3.97,3.19,4.28,96.36423550450002,5.125,4.125,2020-02-09T01:21:00.0
4.01,4.27,3.79,4.4,95.80049897800001,5.125,4.312,2020-02-09T01:22:00.0
3.45,3.71,3.49,4.38,95.37004089800001,5.187,4.312,2020-02-09T01:23:00.0
3.97,3.9899999999999998,3.6,4.43,95.38350467925001,5.187,4.343500000000001,2020-02-09T01:24:00.0
4.49,4.27,3.71,4.48,95.3969684605,5.187,4.375,2020-02-09T01:25:00.0
4.59,4.41,3.93,4.54,94.80382496450001,5.25,4.437,2020-02-09T01:26:00.0
4.59,4.45,3.67,4.56,94.5337037245,5.312,4.5,2020-02-09T01:27:00.0
3.33,4.07,3.89,4.58,94.58775350050001,5.375,4.5,2020-02-09T01:28:00.0
4.01,4.11,3.49,4.66,94.1008460125,5.375,4.625,2020-02-09T01:29:00.0
4.49,4.57,3.67,4.6,94.26326338450001,5.437,4.562,2020-02-09T01:30:00.0
4.07,4.19,3.97,4.73,94.34442899200002,5.437,4.625,2020-02-09T01:31:00.0
4.19,4.57,3.71,4.78,93.8298951125,5.5,4.687,2020-02-09T01:32:00.0
4.15,4.27,3.81,4.76,93.6129046405,5.562,4.75,2020-02-09T01:33:00.0
4.19,4.49,4.19,4.77,93.9925039445,5.562,4.75,2020-02-09T01:34:00.0
4.49,4.41,3.75,4.82,93.74854761800002,5.625,4.812,2020-02-09T01:35:00.0
4.37,4.67,3.79,4.95,93.368546248,5.687,4.875,2020-02-09T01:36:00.0
4.23,4.49,4.01,4.9,93.23267990050002,5.75,4.937,2020-02-09T01:37:00.0
4.07,4.59,4.31,4.98,93.205497058,5.75,4.937,2020-02-09T01:38:00.0
4.33,4.33,3.93,4.97,92.96070788050001,5.75,4.937,2020-02-09T01:39:00.0
4.45,4.57,4.11,5.04,93.0151278125,5.812,5,2020-02-09T01:40:00.0
4.23,4.59,4.31,5.1,92.87905405000001,5.812,5.125,2020-02-09T01:41:00.0
4.81,4.71,4.49,5.17,92.3066731045,5.875,5.187,2020-02-09T01:42:00.0
4.74,4.6,4.300000000000001,5.195,92.17014462450001,5.906000000000001,5.187,2020-02-09T01:43:00.0
4.67,4.49,4.11,5.22,92.03361614450002,5.937,5.187,2020-02-09T01:44:00.0
4.59,4.81,4.19,5.24,91.92430401250002,6,5.187,2020-02-09T01:45:00.0
4.59,4.57,4.27,5.22,91.89696800200001,6.062,5.187,2020-02-09T01:46:00.0
4.97,5.01,4.11,5.31,91.65080031250001,6.062,5.187,2020-02-09T01:47:00.0
4.97,4.81,4.23,5.25,91.48654492450001,6.062,5.187,2020-02-09T01:48:00.0
4.67,4.49,4.37,5.18,91.86962880050001,6.062,5.062,2020-02-09T01:49:00.0
3.97,4.45,4.19,5.06,92.06093620000001,6.062,4.937,2020-02-09T01:50:00.0
4.37,4.67,4.01,4.92,92.443081922,6,4.75,2020-02-09T01:51:00.0
4.41,4.49,4.41,4.96,92.8518297245,5.937,4.75,2020-02-09T01:52:00.0
4.23,4.53,4.01,4.91,92.63392024450002,5.875,4.75,2020-02-09T01:53:00.0
4.41,4.07,4.05,4.84,92.8518297245,5.812,4.625,2020-02-09T01:54:00.0
4.31,4.31,4.07,4.78,93.1783110245,5.812,4.562,2020-02-09T01:55:00.0
4.31,4.45,4.05,4.76,93.1239293845,5.75,4.562,2020-02-09T01:56:00.0
4.19,4.31,3.81,4.76,93.3957099445,5.75,4.562,2020-02-09T01:57:00.0
4.05,4.59,4.19,4.77,93.4500277645,5.687,4.5,2020-02-09T01:58:00.0
4.49,4.53,3.89,4.83,93.1783110245,5.687,4.562,2020-02-09T01:59:00.0
4.53,4.33,4.05,4.74,93.06953498050001,5.687,4.5,2020-02-09T02:00:00.0
4.33,4.27,3.71,4.67,93.55862511250001,5.625,4.5,2020-02-09T02:01:00.0
4.81,4.45,4.11,4.7,93.7214254045,5.625,4.5,2020-02-09T02:02:00.0
4.63,4.31,4.33,4.76,93.31420928200001,5.625,4.562,2020-02-09T02:03:00.0
4.15,4.27,4.01,4.72,93.3957099445,5.625,4.5,2020-02-09T02:04:00.0
4.33,4.41,4.01,4.74,93.6129046405,5.562,4.5,2020-02-09T02:05:00.0
5.05,4.41,3.97,4.81,93.53148056200001,5.625,4.562,2020-02-09T02:06:00.0
4.97,4.53,3.93,4.82,93.23267990050002,5.625,4.625,2020-02-09T02:07:00.0
4.75,4.07,4.15,4.84,93.1783110245,5.625,4.625,2020-02-09T02:08:00.0
4.529999999999999,4.15,4.15,4.824999999999999,93.1511202045,5.625,4.593500000000001,2020-02-09T02:09:00.0
4.31,4.23,4.15,4.81,93.1239293845,5.625,4.562,2020-02-09T02:10:00.0
4.85,4.53,4.01,4.78,93.06953498050001,5.625,4.562,2020-02-09T02:11:00.0
4.23,4.19,3.89,4.78,92.9062751845,5.625,4.562,2020-02-09T02:12:00.0
4.27,4.31,3.85,4.85,93.205497058,5.562,4.625,2020-02-09T02:13:00.0
4.85,4.31,4.31,4.91,92.9062751845,5.625,4.687,2020-02-09T02:14:00.0
4.27,4.53,4.15,4.94,92.87905405000001,5.687,4.75,2020-02-09T02:15:00.0
4.31,4.79,4.05,4.99,93.0151278125,5.687,4.875,2020-02-09T02:16:00.0
4.41,4.45,3.81,4.98,92.770137602,5.687,4.937,2020-02-09T02:17:00.0
5.15,4.45,4.37,4.91,92.8518297245,5.75,4.875,2020-02-09T02:18:00.0
4.63,4.63,4.23,4.98,93.53148056200001,5.75,4.937,2020-02-09T02:19:00.0
5.19,4.93,4.37,5.35,94.127923552,5.812,5.187,2020-02-09T02:20:00.0
5.15,4.97,4.32,5.404999999999999,93.54431571625,5.906000000000001,5.312,2020-02-09T02:21:00.0
5.11,5.01,4.27,5.46,92.96070788050001,6,5.437,2020-02-09T02:22:00.0
4.97,5.29,4.75,5.78,93.5043328205,6.125,5.75,2020-02-09T02:23:00.0
5.37,5.55,5.11,5.94,93.4500277645,6.187,6,2020-02-09T02:24:00.0
5.23,5.55,4.93,6.12,92.9062751845,6.375,6.187,2020-02-09T02:25:00.0
5.67,5.45,4.71,6.3,92.006292898,6.5,6.312,2020-02-09T02:26:00.0
5.51,5.93,5.29,6.36,91.26735904450001,6.687,6.375,2020-02-09T02:27:00.0
5.93,5.89,5.37,6.36,91.1576895205,6.75,6.375,2020-02-09T02:28:00.0
5.63,5.93,5.37,6.46,91.07540387200001,6.875,6.437,2020-02-09T02:29:00.0
5.51,5.95,5.27,6.49,90.52609895200001,6.937,6.5,2020-02-09T02:30:00.0
5.77,6.03,5.33,6.47,90.38857328450001,7,6.437,2020-02-09T02:31:00.0
6.11,5.73,5.07,6.42,90.0581862005,7.062,6.437,2020-02-09T02:32:00.0
5.99,5.55,5.27,6.32,90.08573600800001,7.062,6.437,2020-02-09T02:33:00.0
5.29,5.29,4.97,6.14,90.41608480000001,7.062,6.187,2020-02-09T02:34:00.0
5.27,5.33,5.01,6.05,90.91074641800002,7.062,6.062,2020-02-09T02:35:00.0
4.97,5.63,5.01,5.9,90.66354484450001,7.062,5.875,2020-02-09T02:36:00.0
4.79,5.15,4.93,5.7,90.9930895045,7,5.687,2020-02-09T02:37:00.0
5.01,4.81,4.89,5.56,91.04796894050001,6.937,5.562,2020-02-09T02:38:00.0
5.59,5.01,4.33,5.4,91.732884928,6.812,5.312,2020-02-09T02:39:00.0
4.53,5.01,4.59,5.44,91.9789664605,6.687,5.312,2020-02-09T02:40:00.0
4.79,4.93,4.37,5.38,91.76024008450001,6.687,5.312,2020-02-09T02:41:00.0
5.29,5.05,4.81,5.37,91.78759205,6.562,5.25,2020-02-09T02:42:00.0
4.71,5.15,4.81,5.36,91.89696800200001,6.5,5.25,2020-02-09T02:43:00.0
5.07,4.81,4.59,5.43,91.81494082450001,6.5,5.312,2020-02-09T02:44:00.0
5,4.8,4.5600000000000005,5.385,91.81494082450001,6.468500000000001,5.281000000000001,2020-02-09T02:45:00.0
4.93,4.79,4.53,5.34,91.81494082450001,6.437,5.25,2020-02-09T02:46:00.0
5.01,5.07,4.63,5.46,92.1974886125,6.437,5.312,2020-02-09T02:47:00.0
4.93,4.85,4.67,5.5,92.14287722050001,6.437,5.437,2020-02-09T02:48:00.0
5.01,5.05,4.41,5.52,91.43176760050001,6.437,5.437,2020-02-09T02:49:00.0
4.71,4.85,4.45,5.4,91.76024008450001,6.437,5.375,2020-02-09T02:50:00.0
4.89,4.89,4.57,5.4,92.06093620000001,6.375,5.25,2020-02-09T02:51:00.0
4.81,5.05,4.67,5.33,91.92430401250002,6.375,5.187,2020-02-09T02:52:00.0
4.41,4.85,4.19,5.22,92.6884167605,6.312,5.187,2020-02-09T02:53:00.0
4.49,4.81,4.57,5.16,92.74290051250001,6.312,5.062,2020-02-09T02:54:00.0
4.93,4.57,4.27,5.08,93.28703601250001,6.187,4.937,2020-02-09T02:55:00.0
4.53,4.41,4.45,5,93.585766472,6.187,4.937,2020-02-09T02:56:00.0
4.57,4.33,4.41,4.98,94.04668136050002,6.125,4.875,2020-02-09T02:57:00.0
4.53,4.57,4.27,4.86,94.18206905800001,6.062,4.75,2020-02-09T02:58:00.0
4.31,4.15,4.37,4.76,94.58775350050001,6,4.625,2020-02-09T02:59:00.0
3.89,4.53,3.67,4.72,95.18145861250001,5.937,4.562,2020-02-09T03:00:00.0
4.07,4.31,4.07,4.74,95.6122740845,5.875,4.562,2020-02-09T03:01:00.0
4.49,4.31,4.01,4.76,95.80049897800001,5.875,4.562,2020-02-09T03:02:00.0
4.23,4.45,4.27,4.8,95.907985858,5.875,4.687,2020-02-09T03:03:00.0
4.23,4.45,4.11,4.78,95.6122740845,5.812,4.687,2020-02-09T03:04:00.0
4.33,4.53,4.15,4.66,95.85424880000001,5.812,4.625,2020-02-09T03:05:00.0
4.27,4.49,4.01,4.66,96.4178513045,5.812,4.562,2020-02-09T03:06:00.0
4.11,4.31,4.07,4.6,96.31060694050001,5.75,4.562,2020-02-09T03:07:00.0
4.49,4.27,3.67,4.62,96.68573884450001,5.75,4.5,2020-02-09T03:08:00.0
4.23,4.23,4.11,4.74,96.36423550450002,5.75,4.562,2020-02-09T03:09:00.0
4.11,4.45,3.75,4.78,96.20331152050001,5.75,4.625,2020-02-09T03:10:00.0
4.53,4.41,4.05,4.81,96.17647968800001,5.687,4.625,2020-02-09T03:11:00.0
4.23,4.45,4.11,4.8,96.20331152050001,5.687,4.562,2020-02-09T03:12:00.0
4.11,4.27,4.41,4.74,96.20331152050001,5.687,4.562,2020-02-09T03:13:00.0
4.49,4.41,4.15,4.68,96.68573884450001,5.625,4.437,2020-02-09T03:14:00.0
4.31,4.19,3.93,4.72,96.68573884450001,5.625,4.437,2020-02-09T03:15:00.0
4.37,4.53,3.97,4.68,96.84631820050001,5.625,4.437,2020-02-09T03:16:00.0
4.15,4.49,3.63,4.64,97.08697184200001,5.562,4.375,2020-02-09T03:17:00.0
4.07,4.15,3.89,4.54,97.4874868645,5.562,4.312,2020-02-09T03:18:00.0
4.37,4.01,3.71,4.48,97.86065311250002,5.5,4.312,2020-02-09T03:19:00.0
4.01,4.19,3.81,4.43,98.18001210050001,5.5,4.25,2020-02-09T03:20:00.0
4.71,4.15,3.55,4.38,98.33951928050001,5.5,4.25,2020-02-09T03:21:00.0
4.49,4.31,3.49,4.32,98.6581890125,5.437,4.187,2020-02-09T03:22:00.0
3.79,3.85,3.53,4.25,98.73778464800002,5.437,4.125,2020-02-09T03:23:00.0
3.69,3.9800000000000004,3.51,4.21,99.09531883025002,5.406000000000001,4.093500000000001,2020-02-09T03:24:00.0
3.59,4.11,3.49,4.17,99.45285301250001,5.375,4.062,2020-02-09T03:25:00.0
4.19,3.97,3.49,4.15,99.61144118450001,5.375,4.062,2020-02-09T03:26:00.0
4.37,4.05,3.67,4.14,99.9282729005,5.312,4,2020-02-09T03:27:00.0
4.07,4.05,3.71,4.16,100.0337813605,5.312,4,2020-02-09T03:28:00.0
4.11,4.11,3.71,4.18,100.11287920000001,5.25,4,2020-02-09T03:29:00.0
4.53,4.05,3.33,4.12,99.95465480200001,5.25,4,2020-02-09T03:30:00.0
3.49,3.93,3.41,4.06,100.0337813605,5.25,3.937,2020-02-09T03:31:00.0
3.67,4.05,3.29,4.09,100.4553046405,5.187,3.937,2020-02-09T03:32:00.0
4.19,3.93,3.53,4.06,100.50793761250002,5.187,3.937,2020-02-09T03:33:00.0
3.41,3.53,3.19,4.14,100.7183418605,5.187,4,2020-02-09T03:34:00.0
4.67,4.01,3.53,4.2,100.69205249800001,5.187,4,2020-02-09T03:35:00.0
3.75,4.01,3.49,4.22,100.40265890450002,5.187,4,2020-02-09T03:36:00.0
4.05,3.75,3.81,4.17,100.35000040450001,5.187,4.062,2020-02-09T03:37:00.0
3.93,3.79,3.25,4.18,100.50793761250002,5.187,4.062,2020-02-09T03:38:00.0
3.81,3.93,3.49,4.14,100.56055782050001,5.187,4.062,2020-02-09T03:39:00.0
3.85,3.81,3.67,4.18,100.7709110125,5.187,4,2020-02-09T03:40:00.0
3.97,3.89,3.55,4.26,100.87601102450002,5.187,4,2020-02-09T03:41:00.0
3.53,4.07,3.11,4.18,100.53424931200001,5.187,4,2020-02-09T03:42:00.0
3.99,4.0200000000000005,3.26,4.199999999999999,100.67885835625,5.187,4,2020-02-09T03:43:00.0
4.45,3.97,3.41,4.22,100.82346740050001,5.187,4,2020-02-09T03:44:00.0
4.05,3.79,3.49,4.14,100.7709110125,5.187,3.937,2020-02-09T03:45:00.0
3.49,3.97,3.67,4.08,101.0335653125,5.125,3.937,2020-02-09T03:46:00.0
4.05,3.79,3.33,4.14,101.29590051250001,5.125,3.937,2020-02-09T03:47:00.0
4.05,3.93,3.37,4.13,101.2434590005,5.125,3.937,2020-02-09T03:48:00.0
4.79,3.81,3.19,4.1,101.1910047245,5.062,3.937,2020-02-09T03:49:00.0
4.42,3.9299999999999997,3.2199999999999998,4.145,101.24345261850002,5.093500000000001,3.9684999999999997,2020-02-09T03:50:00.0
4.05,4.05,3.25,4.19,101.29590051250001,5.125,4,2020-02-09T03:51:00.0
3.85,3.81,3.59,4.2,101.0335653125,5.125,3.937,2020-02-09T03:52:00.0
4.85,4.05,3.33,4.23,100.98105998050002,5.125,3.937,2020-02-09T03:53:00.0
3.79,3.85,3.71,4.26,100.79719080200002,5.125,4.062,2020-02-09T03:54:00.0
3.79,4.33,3.53,4.29,100.87601102450002,5.187,4.062,2020-02-09T03:55:00.0
4.27,3.89,3.49,4.3,100.69205249800001,5.187,4.125,2020-02-09T03:56:00.0
4.01,4.31,3.75,4.38,100.7183418605,5.187,4.187,2020-02-09T03:57:00.0
4.63,4.31,3.63,4.5,100.56055782050001,5.187,4.25,2020-02-09T03:58:00.0
3.97,4.01,3.59,4.51,100.4553046405,5.25,4.312,2020-02-09T03:59:00.0
4.31,4.11,3.59,4.54,100.06015049800001,5.312,4.375,2020-02-09T04:00:00.0
4.07,4.53,3.49,4.47,100.1392387645,5.312,4.312,2020-02-09T04:01:00.0
3.93,4.05,3.81,4.47,100.00740903200001,5.312,4.25,2020-02-09T04:02:00.0
3.93,4.31,4.11,4.61,99.9282729005,5.312,4.375,2020-02-09T04:03:00.0
3.23,4.41,3.67,4.52,99.45285301250001,5.375,4.375,2020-02-09T04:04:00.0
4.07,4.33,3.81,4.54,99.7699144805,5.375,4.375,2020-02-09T04:05:00.0
3.89,4.31,3.55,4.48,99.63786137800001,5.375,4.375,2020-02-09T04:06:00.0
4.81,4.45,3.79,4.59,99.66427838050001,5.375,4.375,2020-02-09T04:07:00.0
4.11,4.45,3.79,4.58,99.71710281250002,5.375,4.375,2020-02-09T04:08:00.0
3.97,4.45,3.23,4.61,99.45285301250001,5.375,4.437,2020-02-09T04:09:00.0
4.07,3.89,3.71,4.62,99.37351584800001,5.437,4.437,2020-02-09T04:10:00.0
4.1899999999999995,4.04,3.75,4.65,99.14845598025002,5.468500000000001,4.468500000000001,2020-02-09T04:11:00.0
4.31,4.19,3.79,4.68,98.92339611250001,5.5,4.5,2020-02-09T04:12:00.0
4.07,4.33,4.05,4.64,99.02938960450001,5.437,4.437,2020-02-09T04:13:00.0
4.15,4.27,4.07,4.72,99.1353320405,5.437,4.5,2020-02-09T04:14:00.0
4.07,4.49,4.07,4.68,99.1353320405,5.437,4.5,2020-02-09T04:15:00.0
4.01,4.45,4.05,4.72,99.0823672045,5.5,4.562,2020-02-09T04:16:00.0
4.33,4.27,4.05,4.64,98.7643101445,5.5,4.5,2020-02-09T04:17:00.0
4.05,4.71,3.93,4.74,98.92339611250001,5.5,4.562,2020-02-09T04:18:00.0
4.23,4.33,4.07,4.63,98.6581890125,5.5,4.562,2020-02-09T04:19:00.0
4.23,4.19,3.55,4.62,98.94989927200001,5.5,4.5,2020-02-09T04:20:00.0
4.33,4.53,4.05,4.72,99.29414996450001,5.5,4.625,2020-02-09T04:21:00.0
4.45,4.79,4.15,5,98.7112559605,5.562,5,2020-02-09T04:22:00.0
4.07,4.49,3.81,4.9,97.7008013045,5.687,4.937,2020-02-09T04:23:00.0
4.67,4.71,3.85,4.9,98.2863629845,5.687,4.937,2020-02-09T04:24:00.0
4.33,4.71,4.11,5.04,97.96715716450001,5.687,5,2020-02-09T04:25:00.0
4.23,4.85,3.89,4.97,97.16713228450001,5.812,5,2020-02-09T04:26:00.0
4.01,4.15,4.27,4.92,97.00678268050001,5.812,4.937,2020-02-09T04:27:00.0
4.53,4.53,3.97,4.84,97.59416961250001,5.812,4.812,2020-02-09T04:28:00.0
4.42,4.550000000000001,4.0600000000000005,4.87,97.2202439065,5.812,4.843500000000001,2020-02-09T04:29:00.0
4.31,4.57,4.15,4.9,96.84631820050001,5.812,4.875,2020-02-09T04:30:00.0
4.33,4.33,3.79,4.88,97.64749184050001,5.812,4.875,2020-02-09T04:31:00.0
4.75,4.71,4.15,4.84,97.64749184050001,5.812,4.875,2020-02-09T04:32:00.0
4.85,4.81,4.41,5.28,97.30066920200001,5.937,5.312,2020-02-09T04:33:00.0
5.07,5.15,4.41,5.37,96.4714543405,6,5.5,2020-02-09T04:34:00.0
4.53,5.11,4.31,5.38,96.14964466450002,6.062,5.625,2020-02-09T04:35:00.0
5.23,5.15,4.59,5.78,96.712510048,6.187,6,2020-02-09T04:36:00.0
5.67,5.71,5.07,6.08,95.74673639200002,6.375,6.375,2020-02-09T04:37:00.0
5.05,5.49,5.11,6.07,94.1549979005,6.562,6.5,2020-02-09T04:38:00.0
6.03,6.17,5.49,6.49,94.9117841125,6.687,6.75,2020-02-09T04:39:00.0
5.98,6.1,5.41,6.605,93.7455975385,6.8745,6.9375,2020-02-09T04:40:00.0
5.93,6.03,5.33,6.72,92.5794109645,7.062,7.125,2020-02-09T04:41:00.0
6.13,5.85,5.27,6.88,91.26735904450001,7.187,7.062,2020-02-09T04:42:00.0
6.03,5.95,5.45,6.7,91.32217466050001,7.25,6.875,2020-02-09T04:43:00.0
5.15,5.33,5.01,6.36,90.63606204800001,7.312,6.687,2020-02-09T04:44:00.0
5.01,5.11,4.81,5.95,91.294768448,7.312,6.187,2020-02-09T04:45:00.0
5.29,4.79,4.49,5.51,92.987919442,7.187,5.5,2020-02-09T04:46:00.0
4.85,4.89,4.63,5.49,94.20913702450001,7,5.437,2020-02-09T04:47:00.0
5.05,5.15,4.53,5.42,94.18206905800001,6.937,5.375,2020-02-09T04:48:00.0
4.45,4.93,4.41,5.26,94.26326338450001,6.812,5.25,2020-02-09T04:49:00.0
5.11,5.15,4.45,5.34,94.96574454050001,6.687,5.187,2020-02-09T04:50:00.0
5.37,5.67,4.79,5.64,95.45081401250002,6.687,5.312,2020-02-09T04:51:00.0
4.81,5.15,4.59,5.68,93.5043328205,6.625,5.562,2020-02-09T04:52:00.0
5.05,5.33,4.75,5.68,93.55862511250001,6.625,5.625,2020-02-09T04:53:00.0
6.51,6.03,5.19,6.22,93.55862511250001,6.687,6.062,2020-02-09T04:54:00.0
6.25,6.43,5.37,6.49,92.6066672,6.812,6.375,2020-02-09T04:55:00.0
5.05,5.63,5.41,6.59,89.61695530450001,6.937,6.687,2020-02-09T04:56:00.0
5.95,5.33,4.89,6.3,89.78251262050001,7,6.375,2020-02-09T04:57:00.0
5.45,5.85,5.37,6.38,91.5960612805,7.062,6.312,2020-02-09T04:58:00.0
5.45,5.49,5.27,6.52,90.38857328450001,7.125,6.562,2020-02-09T04:59:00.0
5.27,5.77,5.19,6.27,90.471098258,7.125,6.312,2020-02-09T05:00:00.0
6.03,6.11,5.49,6.6,91.76024008450001,7.187,6.5,2020-02-09T05:01:00.0
5.79,6,5.5600000000000005,6.68,90.46757379850001,7.2495,6.6875,2020-02-09T05:02:00.0
5.55,5.89,5.63,6.76,89.17490751250001,7.312,6.875,2020-02-09T05:03:00.0
6.25,6.11,5.23,6.5,89.28549604450001,7.375,6.562,2020-02-09T05:04:00.0
6.61,6.29,5.33,6.78,90.49860020050001,7.437,6.687,2020-02-09T05:05:00.0
6.73,6.61,5.95,7.23,90.11328262450002,7.5,7.187,2020-02-09T05:06:00.0
6.61,6.65,6.07,7.46,89.920389298,7.625,7.562,2020-02-09T05:07:00.0
7.15,6.97,6.65,7.95,88.45483756450001,7.812,7.875,2020-02-09T05:08:00.0
7.21,7.17,6.69,8.105,86.7510385125,7.999499999999999,8.0625,2020-02-09T05:09:00.0
7.27,7.37,6.73,8.26,85.04723946050001,8.187,8.25,2020-02-09T05:10:00.0
7.18,7.4399999999999995,6.83,8.39,85.04723946050001,8.312,8.3125,2020-02-09T05:11:00.0
7.09,7.51,6.93,8.52,85.04723946050001,8.437,8.375,2020-02-09T05:12:00.0
8.09,7.87,6.97,8.64,84.681334642,8.562,8.437,2020-02-09T05:13:00.0
7.83,8.13,7.15,8.88,84.06088256800001,8.75,8.562,2020-02-09T05:14:00.0
7.59,7.59,7.29,8.86,83.26898259200001,8.812,8.625,2020-02-09T05:15:00.0
7.69,7.97,6.87,9.16,82.0195138,8.937,8.625,2020-02-09T05:16:00.0
7.45,7.51,7.41,8.76,81.59214651250001,9.062,8.562,2020-02-09T05:17:00.0
7.83,7.87,7.05,8.8,81.563629832,9.062,8.5,2020-02-09T05:18:00.0
6.79,7.65,6.83,8.68,81.76317958450001,9.062,8.312,2020-02-09T05:19:00.0
7.09,7.27,6.75,8.46,80.79247326050002,9.062,8.062,2020-02-09T05:20:00.0
6.75,7.11,6.73,8.1,81.59214651250001,9,7.625,2020-02-09T05:21:00.0
7.27,6.97,6.35,8.02,82.07644185800001,8.875,7.375,2020-02-09T05:22:00.0
6.69,7.19,6.25,7.93,83.382264328,8.75,7.25,2020-02-09T05:23:00.0
7.01,7.47,6.83,8.16,82.55981500450001,8.625,7.375,2020-02-09T05:24:00.0
6.57,7.47,6.91,8.46,82.38931802050001,8.625,7.625,2020-02-09T05:25:00.0
8.05,7.47,7.01,8.34,82.27558954450001,8.625,7.75,2020-02-09T05:26:00.0
7.95,7.91,7.01,8.49,82.0195138,8.687,7.937,2020-02-09T05:27:00.0
7.15,8.05,7.05,8.94,80.96404242050001,8.75,8.125,2020-02-09T05:28:00.0
7.91,8.45,7.09,9.14,80.649411208,8.812,8.25,2020-02-09T05:29:00.0
7.83,7.95,7.33,9.34,80.248413058,8.875,8.375,2020-02-09T05:30:00.0
6.69,7.77,7.11,9.33,77.97391564450001,9,8.375,2020-02-09T05:31:00.0
7.65,8.15,7.27,8.98,79.84678947200001,9,8.187,2020-02-09T05:32:00.0
7.47,8.33,7.41,8.94,80.5635356845,9.062,8.062,2020-02-09T05:33:00.0
7.95,8.33,7.47,9.1,79.87549761250001,9.062,8.25,2020-02-09T05:34:00.0
7.41,8.13,7.11,8.86,78.89763068450002,9.125,8.312,2020-02-09T05:35:00.0
7.73,8.05,7.33,9.26,79.1856215245,9.125,8.25,2020-02-09T05:36:00.0
7.27,8.23,7.55,9.38,78.66700826050001,9.125,8.312,2020-02-09T05:37:00.0
7.79,8.45,7.37,8.92,78.43618161250001,9.125,8.125,2020-02-09T05:38:00.0
7.69,8.33,7.33,9.38,78.49390742050001,9.187,8.125,2020-02-09T05:39:00.0
7.59,8.05,7.69,9.39,78.29181125000001,9.187,8.187,2020-02-09T05:40:00.0
7.61,8.33,7.47,9.57,77.80035530050002,9.25,8.312,2020-02-09T05:41:00.0
7.73,8.65,7.27,9.51,77.655633928,9.312,8.25,2020-02-09T05:42:00.0
7.91,8.629999999999999,7.369999999999999,9.67,77.14799227425002,9.312,8.280999999999999,2020-02-09T05:43:00.0
8.09,8.61,7.47,9.83,76.64035062050002,9.312,8.312,2020-02-09T05:44:00.0
7.51,8.69,7.37,9.49,76.08755984200002,9.312,8.25,2020-02-09T05:45:00.0
7.61,8.27,7.41,9.7,76.17491918050001,9.312,8.25,2020-02-09T05:46:00.0
7.19,8.01,6.91,9.28,75.67950320000001,9.312,7.75,2020-02-09T05:47:00.0
6.87,7.97,7.11,8.96,76.40773701250001,9.25,7.437,2020-02-09T05:48:00.0
6.51,7.95,6.93,8.73,76.6984721125,9.125,7.187,2020-02-09T05:49:00.0
7.27,8.05,6.47,8.67,77.51083278050001,9.125,6.937,2020-02-09T05:50:00.0
7.05,7.61,6.83,8.58,77.307977152,8.875,6.875,2020-02-09T05:51:00.0
6.91,7.77,6.87,8.55,77.82929000200001,8.875,6.875,2020-02-09T05:52:00.0
6.97,7.83,6.57,8.48,77.82929000200001,8.625,6.625,2020-02-09T05:53:00.0
7.05,7.73,7.05,8.52,77.771417408,8.562,6.625,2020-02-09T05:54:00.0
7.01,7.97,6.69,8.59,77.48186297800001,8.5,6.687,2020-02-09T05:55:00.0
6.79,7.87,6.75,8.65,77.4528899845,8.5,6.687,2020-02-09T05:56:00.0
7.23,7.87,6.83,8.71,76.5822163645,8.5,6.812,2020-02-09T05:57:00.0
7.01,7.65,6.61,8.55,76.78563041800001,8.5,6.687,2020-02-09T05:58:00.0
7.27,7.97,6.91,8.56,77.48186297800001,8.5,6.625,2020-02-09T05:59:00.0
6.47,7.41,6.61,8.48,77.19198944800002,8.437,6.5,2020-02-09T06:00:00.0
7.15,8.19,6.61,8.58,77.5687628125,8.437,6.5,2020-02-09T06:01:00.0
7.27,8.19,7.11,8.67,76.84372000000002,8.437,6.687,2020-02-09T06:02:00.0
7.47,8.41,7.29,9.03,77.655633928,8.5,6.937,2020-02-09T06:03:00.0
7.77,8.97,7.29,9.21,75.912755008,8.562,7.125,2020-02-09T06:04:00.0
10.37,10.99,9.63,11.75,43.81267064200001,12.687,12.312,2020-02-09T20:55:00.0
10.13,10.89,9.47,11.57,44.169633660500004,12.687,12.25,2020-02-09T20:56:00.0
10.27,10.71,9.39,11.14,43.9100624845,12.625,12.062,2020-02-09T20:57:00.0
9.99,10.85,9.71,11.54,44.1047600125,12.625,12.062,2020-02-09T20:58:00.0
10.33,10.19,9.21,11.52,44.72054432200001,12.562,12,2020-02-09T20:59:00.0
10.05,10.61,9.53,11.53,44.396590912,12.562,12,2020-02-09T21:00:00.0
10.31,10.37,9.57,11.55,44.526210568,12.562,12,2020-02-09T21:01:00.0
10.57,10.79,9.49,11.4,44.591001250000005,12.562,12,2020-02-09T21:02:00.0
10.16,10.7,9.56,11.32,45.04386591400001,12.562,11.968499999999999,2020-02-09T21:03:00.0
9.75,10.61,9.63,11.24,45.496730578000005,12.562,11.937,2020-02-09T21:04:00.0
9.91,10.33,9.61,11.26,46.174385804500005,12.562,11.812,2020-02-09T21:05:00.0
9.77,10.33,9.33,11.32,46.39995816200001,12.562,11.75,2020-02-09T21:06:00.0
10.09,10.65,9.43,11.06,46.335524872,12.562,11.75,2020-02-09T21:07:00.0
10.19,10.71,9.49,11.15,46.01316696200001,12.625,11.812,2020-02-09T21:08:00.0
9.71,10.43,9.03,11.45,46.6253741605,12.625,11.875,2020-02-09T21:09:00.0
10.31,10.75,9.61,11.42,44.979477298000006,12.625,11.75,2020-02-09T21:10:00.0
9.99,10.79,9.61,11.44,46.20662,12.687,11.75,2020-02-09T21:11:00.0
10.09,10.37,9.29,11.61,46.81846342450001,12.687,11.812,2020-02-09T21:12:00.0
10.05,10.41,9.49,11.36,46.88280098450001,12.687,11.75,2020-02-09T21:13:00.0
10.55,10.61,9.35,11.31,47.5254745645,12.687,11.687,2020-02-09T21:14:00.0
10.43,10.51,9.29,11.16,47.075737080500005,12.687,11.687,2020-02-09T21:15:00.0
9.77,10.37,9.57,10.97,48.07074353800001,12.687,11.625,2020-02-09T21:16:00.0
10.43,10.33,9.11,11.15,48.006642112,12.687,11.625,2020-02-09T21:17:00.0
9.99,10.55,9.61,11.11,47.397041960500005,12.687,11.562,2020-02-09T21:18:00.0
9.85,10.57,9.47,10.86,46.39995816200001,12.625,11.625,2020-02-09T21:19:00.0
9.69,10.45,9.15,10.98,47.29943313000001,12.625,11.625,2020-02-09T21:20:00.0
9.53,10.33,8.83,11.1,48.198908098000004,12.625,11.625,2020-02-09T21:21:00.0
9.85,10.17,9.39,10.92,48.519096128,12.625,11.562,2020-02-09T21:22:00.0
9.85,10.343333333333334,9.416666666666668,10.97,48.4230445055,12.625,11.624666666666666,2020-02-09T21:23:00.0
9.85,10.516666666666667,9.443333333333335,11.020000000000001,48.326992883,12.625,11.687333333333333,2020-02-09T21:24:00.0
9.85,10.69,9.47,11.07,48.2309412605,12.625,11.75,2020-02-09T21:25:00.0
9.77,10.33,9.33,10.96,48.902900552000006,12.625,11.625,2020-02-09T21:26:00.0
10.23,10.61,9.39,11.06,47.364925832000004,12.625,11.687,2020-02-09T21:27:00.0
10.03,10.47,9.35,11.06,47.5254745645,12.687,11.687,2020-02-09T21:28:00.0
9.95,10.33,9.35,11.04,48.4230732245,12.687,11.562,2020-02-09T21:29:00.0
9.85,10.55,9.15,10.94,48.96682328200001,12.687,11.625,2020-02-09T21:30:00.0
10.31,9.99,9.29,11.09,48.2949980125,12.625,11.5,2020-02-09T21:31:00.0
9.77,10.57,9.25,10.91,48.262971232000005,12.625,11.5,2020-02-09T21:32:00.0
9.95,10.27,9.15,10.72,49.73290045000001,12.625,11.562,2020-02-09T21:33:00.0
9.95,10.03,9.39,10.88,49.73290045000001,12.625,11.437,2020-02-09T21:34:00.0
10.13,10.05,8.87,10.72,50.68791220000001,12.562,11.375,2020-02-09T21:35:00.0
10.05,9.91,9.11,10.72,50.083404884500005,12.562,11.375,2020-02-09T21:36:00.0
9.81,9.99,8.87,10.61,51.830135392,12.562,11.375,2020-02-09T21:37:00.0
10.19,10.03,9.01,10.85,52.494522440500006,12.437,11.312,2020-02-09T21:38:00.0
9.63,9.89,8.93,10.54,51.03736360450001,12.437,11.25,2020-02-09T21:39:00.0
9.67,10.05,8.75,10.25,52.17832316050001,12.375,11.125,2020-02-09T21:40:00.0
9.61,10.23,9.07,10.79,52.778828962000006,12.375,11.187,2020-02-09T21:41:00.0
9.89,9.89,9.01,10.18,51.322991200000004,12.375,11.187,2020-02-09T21:42:00.0
9.99,10.09,9.11,11.02,50.083404884500005,12.312,11.312,2020-02-09T21:43:00.0
10.41,9.81,9.25,10.88,50.94209696800001,12.375,11.5,2020-02-09T21:44:00.0
9.85,10.27,9.11,10.82,51.735108080500005,12.312,11.5,2020-02-09T21:45:00.0
10.17,10.43,8.93,10.76,50.94209696800001,12.312,11.5,2020-02-09T21:46:00.0
10.08,10.309999999999999,9,10.93,51.27522864625001,12.343499999999999,11.5,2020-02-09T21:47:00.0
9.99,10.19,9.07,11.1,51.608360324500005,12.375,11.5,2020-02-09T21:48:00.0
10.41,10.33,9.57,10.82,51.418142960500006,12.437,11.625,2020-02-09T21:49:00.0
10.31,10.33,9.29,11.1,51.291267564500004,12.437,11.687,2020-02-09T21:50:00.0
10.47,10.31,9.57,11.08,52.115045012500005,12.437,11.75,2020-02-09T21:51:00.0
10.55,10.31,9.63,11.12,52.46291687200001,12.437,11.812,2020-02-09T21:52:00.0
10.33,10.23,9.15,11.24,52.6209128045,12.5,11.75,2020-02-09T21:53:00.0
10.33,10.71,9.29,11.14,53.409695842000005,12.5,11.687,2020-02-09T21:54:00.0
10.37,10.51,9.49,10.86,52.778828962000006,12.5,11.625,2020-02-09T21:55:00.0
10.83,10.41,9.49,11.38,52.46291687200001,12.562,11.687,2020-02-09T21:56:00.0
10.57,10.13,9.25,11.12,53.252098784500006,12.5,11.75,2020-02-09T21:57:00.0
10.43,10.51,9.53,10.96,52.36808102050001,12.562,11.625,2020-02-09T21:58:00.0
10.83,10.41,9.33,11.08,52.36808102050001,12.562,11.75,2020-02-09T21:59:00.0
10.03,10.37,9.77,11.02,52.17832316050001,12.562,11.75,2020-02-09T22:00:00.0
10.41,10.51,9.77,11.29,51.51326600200001,12.562,11.75,2020-02-09T22:01:00.0
9.85,10.33,9.21,11.16,51.70342592800001,12.562,11.875,2020-02-09T22:02:00.0
10.27,10.41,9.57,11.14,51.6717405845,12.625,11.75,2020-02-09T22:03:00.0
10.51,10.09,9.29,11.04,52.652502418000005,12.625,11.687,2020-02-09T22:04:00.0
9.89,10.09,9.21,10.82,53.346666592000005,12.562,11.562,2020-02-09T22:05:00.0
10.27,10.43,9.47,10.93,53.0628770125,12.562,11.5,2020-02-09T22:06:00.0
10.47,10.19,9.01,11.02,52.778828962000006,12.562,11.5,2020-02-09T22:07:00.0
10.19,10.05,9.15,11.02,53.22056980000001,12.5,11.5,2020-02-09T22:08:00.0
10.03,9.91,9.07,10.92,53.850543200000004,12.5,11.437,2020-02-09T22:09:00.0
9.95,10.27,8.89,10.82,53.8820083645,12.437,11.5,2020-02-09T22:10:00.0
9.91,10.09,9.15,10.72,54.667600402000005,12.437,11.375,2020-02-09T22:11:00.0
9.95,10.13,9.01,10.8,54.38501702050001,12.437,11.375,2020-02-09T22:12:00.0
9.85,9.91,8.97,10.71,54.79311005000001,12.375,11.375,2020-02-09T22:13:00.0
10.03,10.05,8.79,10.73,55.5137997205,12.375,11.312,2020-02-09T22:14:00.0
9.95,9.99,8.93,10.81,54.667600402000005,12.375,11.312,2020-02-09T22:15:00.0
9.95,9.89,8.89,10.69,55.451198064500005,12.312,11.25,2020-02-09T22:16:00.0
9.95,9.77,8.93,10.66,55.451198064500005,12.25,11.187,2020-02-09T22:17:00.0
10.03,10.43,9.03,10.72,54.290765122,12.312,11.25,2020-02-09T22:18:00.0
10.23,10.23,8.83,10.76,54.542039698,12.25,11.312,2020-02-09T22:19:00.0
10.03,9.77,8.97,10.78,54.855845728000006,12.25,11.312,2020-02-09T22:20:00.0
9.75,9.99,9.11,10.71,54.604826432,12.25,11.25,2020-02-09T22:21:00.0
9.91,10.19,8.83,10.64,54.667600402000005,12.187,11.25,2020-02-09T22:22:00.0
9.91,9.95,8.93,10.72,54.47924020000001,12.187,11.25,2020-02-09T22:23:00.0
10.03,9.77,8.65,10.74,54.47924020000001,12.187,11.312,2020-02-09T22:24:00.0
9.91,10.17,8.37,10.71,54.8872087805,12.187,11.312,2020-02-09T22:25:00.0
9.77,9.89,8.87,10.69,55.32595646050001,12.125,11.25,2020-02-09T22:26:00.0
10.31,9.71,8.45,10.62,55.482500488,12.125,11.187,2020-02-09T22:27:00.0
9.43,9.85,8.15,10.54,55.482500488,12.125,11.187,2020-02-09T22:28:00.0
9.71,9.47,8.59,10.46,55.920399362000005,12.062,11.125,2020-02-09T22:29:00.0
9.81,9.89,8.97,10.52,55.32595646050001,12.062,11.187,2020-02-09T22:30:00.0
9.77,9.81,8.37,10.52,55.889141612500005,12.062,11.25,2020-02-09T22:31:00.0
9.89,10.09,9.03,10.59,55.10666080000001,12.062,11.187,2020-02-09T22:32:00.0
9.77,9.89,8.65,10.53,55.7640787045,12.062,11.187,2020-02-09T22:33:00.0
9.71,9.63,8.51,10.46,55.7640787045,12.062,11.062,2020-02-09T22:34:00.0
9.91,9.81,8.61,10.5,55.7640787045,12,11,2020-02-09T22:35:00.0
9.53,9.85,8.55,10.5,55.826616540500005,12,11,2020-02-09T22:36:00.0
9.95,9.99,8.59,10.58,55.482500488,12,11.125,2020-02-09T22:37:00.0
10.31,9.63,8.71,10.57,55.012629080500005,12,11.125,2020-02-09T22:38:00.0
10.03,9.67,8.75,10.66,55.294638082000006,12,11.25,2020-02-09T22:39:00.0
9.99,9.75,8.45,10.61,55.38858364450001,12,11.25,2020-02-09T22:40:00.0
9.99,9.89,8.75,10.75,54.510641544500004,12,11.312,2020-02-09T22:41:00.0
9.91,9.89,8.87,10.75,54.47924020000001,12,11.437,2020-02-09T22:42:00.0
10.09,9.75,8.55,10.82,54.290765122,12,11.5,2020-02-09T22:43:00.0
9.95,10.27,8.83,10.88,53.91347033800001,12.062,11.562,2020-02-09T22:44:00.0
10.43,10.31,9.07,10.94,53.598707008000005,12.062,11.625,2020-02-09T22:45:00.0
9.91,9.85,8.69,11.02,52.778828962000006,12.125,11.625,2020-02-09T22:46:00.0
10.17,9.95,8.65,10.98,52.58932000000001,12.187,11.812,2020-02-09T22:47:00.0
10.05,10.17,8.89,11.12,52.46291687200001,12.25,11.875,2020-02-09T22:48:00.0
9.99,10.03,8.79,11.08,52.36808102050001,12.375,11.875,2020-02-09T22:49:00.0
10.23,10.17,9.35,11.27,51.291267564500004,12.375,11.937,2020-02-09T22:50:00.0
10.43,10.19,9.21,11.46,52.020103858000006,12.437,12.125,2020-02-09T22:51:00.0
10.31,10.33,9.35,11.62,48.838965058,12.562,12.25,2020-02-09T22:52:00.0
10.33,10.83,9.43,11.44,50.68791220000001,12.625,12.375,2020-02-09T22:53:00.0
10.69,10.51,9.21,11.74,48.647081992000004,12.75,12.5,2020-02-09T22:54:00.0
10.27,10.51,9.39,11.36,48.134832200000005,12.812,12.5,2020-02-09T22:55:00.0
10.47,10.37,9.85,11.68,47.910466040500005,12.875,12.562,2020-02-09T22:56:00.0
10.41,10.69,9.49,11.78,47.718027740500006,12.937,12.625,2020-02-09T22:57:00.0
10.51,10.61,9.75,11.98,47.878400968,13,12.687,2020-02-09T22:58:00.0
10.69,10.79,9.81,11.96,47.493371200000006,13.062,12.75,2020-02-09T22:59:00.0
10.82,10.98,9.879999999999999,12.225000000000001,46.68875282500001,13.1245,12.875,2020-02-09T23:00:00.0
10.95,11.17,9.95,12.49,45.884134450000005,13.187,13,2020-02-09T23:01:00.0
11.61,11.45,10.47,12.56,43.617800800000005,13.312,13.125,2020-02-09T23:02:00.0
11.33,11.67,10.41,12.82,43.78020031250001,13.437,13.437,2020-02-09T23:03:00.0
11.31,11.89,10.17,12.72,43.422816082000004,13.5,13.5,2020-02-09T23:04:00.0
10.85,11.17,9.77,12.69,44.2344945445,13.625,13.5,2020-02-09T23:05:00.0
11.03,11.55,10.55,12.5,44.526210568,13.687,13.375,2020-02-09T23:06:00.0
11.21,11.31,10.27,12.48,45.529031784500006,13.687,13.375,2020-02-09T23:07:00.0
11.170000000000002,11.41,10.46,12.75,44.4271562145,13.7495,13.4375,2020-02-09T23:08:00.0
11.13,11.51,10.65,13.02,43.325280644500005,13.812,13.5,2020-02-09T23:09:00.0
11.31,11.47,10.33,12.82,42.96740500000001,13.812,13.5,2020-02-09T23:10:00.0
11.31,11.57,10.54,12.9,42.576325096000005,13.8745,13.5625,2020-02-09T23:11:00.0
11.31,11.67,10.75,12.98,42.18524519200001,13.937,13.625,2020-02-09T23:12:00.0
11.17,11.33,10.85,13.1,42.60914324450001,14,13.687,2020-02-09T23:13:00.0
11.57,11.93,10.89,12.94,42.64172845,14.062,13.687,2020-02-09T23:14:00.0
11.57,11.93,11.21,13.38,42.348346724500004,14.062,13.687,2020-02-09T23:15:00.0
10.95,11.79,10.61,13.23,42.96740500000001,14.125,13.625,2020-02-09T23:16:00.0
11.27,11.37,10.89,13.04,43.16265776200001,14.125,13.562,2020-02-09T23:17:00.0
11.71,11.85,10.95,12.96,43.09758627200001,14.187,13.562,2020-02-09T23:18:00.0
11.47,11.75,10.37,13.28,43.487823752000004,14.187,13.562,2020-02-09T23:19:00.0
11.23,11.75,10.83,12.8,43.03250201800001,14.187,13.5,2020-02-09T23:20:00.0
11.33,11.37,10.71,12.95,43.09758627200001,14.25,13.5,2020-02-09T23:21:00.0
11.07,11.47,10.31,13.2,42.96740500000001,14.25,13.625,2020-02-09T23:22:00.0
10.93,11.21,10.23,12.66,44.461407122000004,14.25,13.5,2020-02-09T23:23:00.0
10.96,11.260000000000002,10.32,12.545,45.30177777,14.25,13.468499999999999,2020-02-09T23:24:00.0
10.99,11.31,10.41,12.43,46.142148418000005,14.25,13.437,2020-02-09T23:25:00.0
11.47,11.23,10.55,12.61,44.979477298000006,14.25,13.25,2020-02-09T23:26:00.0
10.99,11.03,10.51,11.95,45.98091362050001,14.25,13.312,2020-02-09T23:27:00.0
10.85,11.21,10.09,12.38,46.81846342450001,14.25,13.25,2020-02-09T23:28:00.0
11.13,10.93,10.23,12.33,45.787326560500006,14.187,13.25,2020-02-09T23:29:00.0
10.93,11.07,10.03,12.4,46.271078818,14.187,13.187,2020-02-09T23:30:00.0
11.45,10.85,9.85,12.29,46.94712578050001,14.125,13.187,2020-02-09T23:31:00.0
10.79,11.07,9.95,12.32,46.39995816200001,14.125,13.062,2020-02-09T23:32:00.0
10.47,11.23,9.75,12.34,47.075737080500005,14.062,13,2020-02-09T23:33:00.0
11.33,11.41,10.19,12.06,46.59318144800001,14.062,12.875,2020-02-09T23:34:00.0
11.27,11.21,9.99,12.18,46.271078818,14,13.062,2020-02-09T23:35:00.0
11.1,11.190000000000001,10.04,12.265,46.399932634,14,13.093499999999999,2020-02-09T23:36:00.0
10.93,11.17,10.09,12.35,46.528786450000005,14,13.125,2020-02-09T23:37:00.0
10.79,11.51,9.89,12.28,45.6582047005,14,13.125,2020-02-09T23:38:00.0
11.21,11.17,10.47,12.64,45.367493842,14,13.187,2020-02-09T23:39:00.0
10.79,11.33,9.75,12.58,45.367493842,14,13.187,2020-02-09T23:40:00.0
10.89,11.07,9.81,12.39,46.20662,14.062,13.125,2020-02-09T23:41:00.0
10.71,11.27,10.33,12.08,45.302856328000004,14,13.125,2020-02-09T23:42:00.0
10.99,11.37,10.19,12.52,46.39995816200001,14.062,13.187,2020-02-09T23:43:00.0
10.99,11.17,10.33,12.62,46.39995816200001,14,13.25,2020-02-09T23:44:00.0
10.99,11.61,10.23,12.37,44.9471218445,14,13.312,2020-02-09T23:45:00.0
10.75,11.57,10.23,12.45,45.948657088000004,14.062,13.312,2020-02-09T23:46:00.0
11.17,11.89,10.43,12.86,45.23820605,14.062,13.375,2020-02-09T23:47:00.0
11.41,11.51,10.51,12.79,45.56132980000001,14.062,13.562,2020-02-09T23:48:00.0
11.21,11.79,10.43,13.23,45.98091362050001,14.125,13.5,2020-02-09T23:49:00.0
11.45,12.03,10.61,12.94,45.23820605,14.125,13.562,2020-02-09T23:50:00.0
11.55,11.89,10.93,12.39,46.49658416450001,14.187,13.5,2020-02-09T23:51:00.0
11.27,11.47,10.57,12.92,45.496730578000005,14.187,13.437,2020-02-09T23:52:00.0
11.55,11.67,10.65,12.9,46.10990784050001,14.187,13.375,2020-02-09T23:53:00.0
11.45,11.75,10.79,13.06,44.526210568,14.187,13.375,2020-02-09T23:54:00.0
11.67,11.61,10.69,12.9,45.23820605,14.187,13.437,2020-02-09T23:55:00.0
11.33,11.57,10.57,12.86,45.787326560500006,14.187,13.437,2020-02-09T23:56:00.0
11.45,11.31,10.47,12.95,46.49658416450001,14.187,13.437,2020-02-09T23:57:00.0
11.23,11.17,10.71,12.54,45.56132980000001,14.25,13.375,2020-02-09T23:58:00.0
11.41,11.45,10.51,12.7,46.49658416450001,14.25,13.312,2020-02-09T23:59:00.0
