TempPlant1,TempPlant5,TempPlant6,Air_temp_loc,Humedity,air_temp,Ambient_1_6,Date
3.03,2.27,2.95,2.86,98.5254658,5.062,2.375,2020-01-22 00-00-20
3.07,3.07,2.77,2.92,98.5254658,5.062,2.375,2020-01-22 00-01-20
3.37,3.03,3.11,2.88,98.5254658,5,2.312,2020-01-22 00-02-20
2.77,3.29,2.77,2.84,98.578564658,5,2.25,2020-01-22 00-03-20
2.89,3.33,2.81,2.85,98.55201682450001,5,2.25,2020-01-22 00-04-20
3.41,3.23,2.85,2.82,98.6051093005,5,2.312,2020-01-22 00-05-20
3.07,3.45,2.47,2.82,98.6051093005,5,2.312,2020-01-22 00-06-20
2.65,3.55,2.85,2.84,98.6581890125,4.937,2.312,2020-01-22 00-07-19
3.29,3.15,2.95,2.83,98.6051093005,4.937,2.312,2020-01-22 00-08-20
3.19,3.11,2.91,2.79,98.63165075200001,4.937,2.25,2020-01-22 00-09-20
3.23,2.91,2.77,2.8,98.63165075200001,4.875,2.312,2020-01-22 00-10-20
3.07,3.15,2.51,2.78,98.6581890125,4.875,2.25,2020-01-22 00-11-20
3.25,3.45,2.99,2.75,98.7112559605,4.812,2.25,2020-01-22 00-12-20
3.03,3.37,2.81,2.78,98.7112559605,4.812,2.25,2020-01-22 00-13-20
3.23,2.89,2.77,2.74,98.7112559605,4.75,2.25,2020-01-22 00-14-19
3.55,3.71,2.65,2.76,98.7112559605,4.75,2.25,2020-01-22 00-15-20
3.23,3.15,2.43,2.77,98.7112559605,4.75,2.25,2020-01-22 00-16-20
3.37,3.33,2.61,2.72,98.7112559605,4.687,2.25,2020-01-22 00-18-20
2.91,3.19,2.47,2.7,98.73778464800002,4.75,2.25,2020-01-22 00-19-20
3.23,3.25,2.65,2.72,98.7643101445,4.75,2.25,2020-01-22 00-20-20
3.03,3.37,2.89,2.7,98.7643101445,4.75,2.25,2020-01-22 00-21-20
2.95,3.15,2.59,2.7,98.79083245000001,4.75,2.25,2020-01-22 00-22-20
2.91,3.15,2.85,2.74,98.73778464800002,4.75,2.25,2020-01-22 00-23-20
3.11,3.19,2.59,2.77,98.81735156450002,4.75,2.25,2020-01-22 00-24-20
2.89,3.23,2.47,2.8,98.7643101445,4.75,2.25,2020-01-22 00-25-20
3.15,3.03,2.65,2.74,98.81735156450002,4.812,2.25,2020-01-22 00-26-19
3.03,2.95,2.61,2.74,98.81735156450002,4.812,2.312,2020-01-22 00-27-20
3.37,3.37,2.65,2.76,98.84386748800001,4.812,2.312,2020-01-22 00-28-20
2.99,3.07,2.73,2.74,98.81735156450002,4.812,2.312,2020-01-22 00-29-20
2.99,3.33,2.61,2.7,98.81735156450002,4.812,2.25,2020-01-22 00-30-20
2.89,3.03,2.61,2.66,98.87038022050001,4.812,2.25,2020-01-22 00-31-20
3.19,2.99,2.77,2.66,98.84386748800001,4.812,2.187,2020-01-22 00-32-19
3.15,2.99,2.43,2.63,98.87038022050001,4.812,2.25,2020-01-22 00-33-19
3.03,3.07,2.65,2.64,98.896889762,4.812,2.25,2020-01-22 00-34-20
3.29,3.11,2.61,2.6,98.92339611250001,4.812,2.312,2020-01-22 00-35-20
3.03,2.31,2.65,2.64,98.896889762,4.812,2.25,2020-01-22 00-36-20
3.23,3.23,2.47,2.63,98.92339611250001,4.812,2.25,2020-01-22 00-37-20
2.91,3.25,2.47,2.64,98.92339611250001,4.812,2.187,2020-01-22 00-38-20
3.33,3.03,2.95,2.66,98.92339611250001,4.812,2.187,2020-01-22 00-39-19
2.91,3.19,2.39,2.63,98.92339611250001,4.812,2.25,2020-01-22 00-40-20
2.99,2.77,2.55,2.65,98.92339611250001,4.812,2.25,2020-01-22 00-41-20
3.03,3.03,2.61,2.62,98.94989927200001,4.812,2.187,2020-01-22 00-42-20
3.29,3.59,2.59,2.64,98.92339611250001,4.812,2.187,2020-01-22 00-43-20
2.95,3.03,2.77,2.64,99.002896018,4.812,2.187,2020-01-22 00-44-20
3.07,3.07,2.17,2.64,98.9763992405,4.812,2.25,2020-01-22 00-45-20
2.99,3.25,2.77,2.62,98.9763992405,4.812,2.25,2020-01-22 00-46-20
2.95,3.11,2.51,2.66,98.9763992405,4.812,2.25,2020-01-22 00-47-20
3.19,3.11,2.35,2.64,99.002896018,4.75,2.25,2020-01-22 00-48-20
2.95,3.25,2.73,2.65,99.02938960450001,4.75,2.25,2020-01-22 00-49-20
2.99,2.91,2.73,2.63,99.02938960450001,4.75,2.25,2020-01-22 00-50-19
2.65,3.25,2.85,2.62,99.02938960450001,4.75,2.25,2020-01-22 00-51-20
3.19,3.03,2.61,2.66,99.02938960450001,4.75,2.25,2020-01-22 00-53-20
3.11,3.07,2.35,2.63,99.02938960450001,4.812,2.25,2020-01-22 00-54-20
2.95,3.23,2.61,2.64,99.05588,4.75,2.25,2020-01-22 00-55-20
2.99,3.07,2.51,2.62,99.02938960450001,4.812,2.25,2020-01-22 00-56-20
3.15,2.65,2.35,2.63,99.02938960450001,4.812,2.25,2020-01-22 00-57-20
3.03,2.89,2.73,2.62,99.0823672045,4.812,2.25,2020-01-22 00-58-19
3.23,3.15,2.61,2.63,99.0823672045,4.812,2.25,2020-01-22 01-00-19
2.73,3.11,2.43,2.63,99.0823672045,4.812,2.25,2020-01-22 01-01-19
3.11,3.33,2.27,2.64,99.0823672045,4.812,2.25,2020-01-22 01-02-20
2.85,3.15,2.61,2.67,99.0823672045,4.812,2.25,2020-01-22 01-03-20
2.99,2.89,2.55,2.7,99.0823672045,4.875,2.312,2020-01-22 01-04-20
2.81,3.07,2.59,2.66,99.0823672045,4.875,2.25,2020-01-22 01-06-20
2.95,3.11,2.77,2.65,99.1353320405,4.875,2.312,2020-01-22 01-07-20
3.07,3.15,2.39,2.66,99.1353320405,4.875,2.312,2020-01-22 01-08-20
3.07,3.15,2.17,2.65,99.1353320405,4.875,2.312,2020-01-22 01-09-20
2.73,3.11,2.73,2.58,99.1353320405,4.875,2.312,2020-01-22 01-10-20
2.89,2.91,2.47,2.58,99.1353320405,4.875,2.25,2020-01-22 01-11-19
2.81,3.11,2.61,2.58,99.161809672,4.875,2.25,2020-01-22 01-12-20
3.23,3.33,2.55,2.61,99.1353320405,4.875,2.312,2020-01-22 01-13-20
3.19,2.69,2.09,2.62,99.1353320405,4.875,2.312,2020-01-22 01-15-20
2.81,2.89,2.25,2.66,99.161809672,4.875,2.312,2020-01-22 01-16-20
2.81,3.37,2.77,2.68,99.1353320405,4.875,2.312,2020-01-22 01-17-19
2.91,2.91,2.85,2.68,99.1882841125,4.937,2.312,2020-01-22 01-18-20
2.73,3.07,2.39,2.71,99.1353320405,4.937,2.375,2020-01-22 01-19-20
2.91,2.89,2.51,2.7,99.1882841125,4.937,2.312,2020-01-22 01-20-20
3.11,2.81,2.85,2.69,99.1882841125,4.937,2.312,2020-01-22 01-21-20
3.07,3.03,2.51,2.7,99.1882841125,4.937,2.375,2020-01-22 01-22-20
2.91,2.95,2.47,2.74,99.1882841125,4.937,2.312,2020-01-22 01-23-20
3.03,3.29,2.69,2.7,99.1882841125,4.937,2.375,2020-01-22 01-24-19
3.25,2.31,2.59,2.74,99.1882841125,4.875,2.375,2020-01-22 01-25-19
3.11,3.37,2.27,2.74,99.1882841125,4.875,2.375,2020-01-22 01-26-20
3.19,3.33,2.51,2.74,99.2412234205,4.875,2.375,2020-01-22 01-27-20
2.95,3.19,2.65,2.72,99.1882841125,4.875,2.312,2020-01-22 01-28-20
3.03,2.99,2.99,2.69,99.214755362,4.937,2.312,2020-01-22 01-29-20
3.11,3.41,2.47,2.68,99.1882841125,4.937,2.312,2020-01-22 01-30-20
2.89,3.25,2.59,2.56,99.2412234205,4.937,2.312,2020-01-22 01-32-20
2.89,3.03,2.27,2.54,99.29414996450001,4.937,2.25,2020-01-22 01-33-20
3.07,3.19,2.47,2.49,99.2412234205,4.937,2.25,2020-01-22 01-34-20
3.03,2.91,2.61,2.5,99.29414996450001,4.937,2.187,2020-01-22 01-35-20
3.25,2.61,2.47,2.45,99.29414996450001,4.937,2.187,2020-01-22 01-36-20
2.95,2.61,2.61,2.46,99.29414996450001,4.937,2.187,2020-01-22 01-37-20
2.85,3.25,2.31,2.46,99.29414996450001,4.937,2.187,2020-01-22 01-38-20
2.55,3.15,2.21,2.42,99.3470637445,4.937,2.187,2020-01-22 01-39-20
2.81,3.11,2.47,2.43,99.32060845000001,4.937,2.125,2020-01-22 01-40-20
2.73,2.91,2.17,2.39,99.3470637445,5,2.125,2020-01-22 01-41-20
2.61,2.85,2.09,2.38,99.3470637445,4.937,2.125,2020-01-22 01-42-20
2.85,2.89,2.13,2.39,99.3470637445,5,2.125,2020-01-22 01-43-19
2.73,3.11,2.31,2.4,99.3999647605,5,2.062,2020-01-22 01-44-20
2.73,2.91,2.21,2.4,99.3999647605,5,2.125,2020-01-22 01-45-20
2.89,3.15,2.31,2.36,99.3999647605,5,2.062,2020-01-22 01-46-20
2.89,2.81,2.35,2.38,99.3999647605,5,2.062,2020-01-22 01-47-20
2.59,2.73,2.31,2.4,99.3999647605,4.937,2.062,2020-01-22 01-48-20
2.61,2.85,2.31,2.44,99.3999647605,4.937,2.062,2020-01-22 01-49-20
2.89,2.59,2.51,2.48,99.3999647605,4.937,2.062,2020-01-22 01-50-20
2.47,2.91,2.05,2.44,99.3999647605,4.937,2.062,2020-01-22 01-51-20
2.59,2.51,2.55,2.5,99.3999647605,5,2.062,2020-01-22 01-52-20
2.99,2.95,2.13,2.5,99.3470637445,4.937,2,2020-01-22 01-53-20
3.29,2.81,2.01,2.5,99.3999647605,5,2.062,2020-01-22 01-54-20
2.65,2.91,2.17,2.52,99.3470637445,5,2.062,2020-01-22 01-55-20
2.99,2.77,2.91,2.52,99.3999647605,5,2.062,2020-01-22 01-56-19
3.19,2.77,2.59,2.52,99.45285301250001,5,2.062,2020-01-22 01-57-20
3.33,3.11,2.43,2.52,99.3999647605,5,2.062,2020-01-22 01-58-20
2.69,2.31,2.31,2.54,99.3999647605,5,2.062,2020-01-22 01-59-20
2.85,2.91,2.31,2.54,99.3999647605,5,2.062,2020-01-22 02-00-20
2.59,3.07,2.31,2.58,99.3999647605,5,2.062,2020-01-22 02-01-20
2.43,2.69,2.39,2.56,99.3999647605,5,2.125,2020-01-22 02-02-19
2.77,2.85,2.13,2.59,99.45285301250001,5.062,2.125,2020-01-22 02-03-20
2.81,2.95,2.05,2.6,99.3999647605,5.062,2.125,2020-01-22 02-04-20
2.69,2.99,2.31,2.58,99.3999647605,5.062,2.062,2020-01-22 02-05-20
2.59,3.03,2.35,2.58,99.42641048200001,5.062,2.062,2020-01-22 02-06-20
2.89,2.81,2.47,2.58,99.45285301250001,5.062,2,2020-01-22 02-07-20
2.47,2.47,2.27,2.58,99.45285301250001,5.062,2,2020-01-22 02-08-20
2.99,2.99,2.09,2.54,99.42641048200001,5.062,2,2020-01-22 02-09-19
2.77,2.61,2.13,2.52,99.45285301250001,5.062,1.937,2020-01-22 02-10-20
2.69,2.69,2.43,2.5,99.479292352,5,1.937,2020-01-22 02-11-20
2.43,2.73,2.25,2.48,99.50572850050001,5,1.937,2020-01-22 02-12-20
2.65,2.73,2.35,2.46,99.50572850050001,4.937,1.937,2020-01-22 02-13-20
2.65,2.69,1.89,2.46,99.479292352,4.937,1.937,2020-01-22 02-14-20
2.55,2.95,2.25,2.46,99.53216145800002,4.937,1.937,2020-01-22 02-15-20
2.65,2.91,2.17,2.46,99.5585912245,4.875,1.937,2020-01-22 02-16-20
2.51,2.65,1.97,2.47,99.5585912245,4.875,1.937,2020-01-22 02-17-20
2.21,2.89,2.25,2.43,99.53216145800002,4.812,1.937,2020-01-22 02-18-20
2.59,2.61,2.35,2.36,99.50572850050001,4.75,1.937,2020-01-22 02-19-20
2.27,2.39,1.97,2.4,99.50572850050001,4.687,1.937,2020-01-22 02-20-20
2.89,2.59,1.83,2.38,99.5585912245,4.687,1.937,2020-01-22 02-21-19
2.65,2.77,1.85,2.34,99.5585912245,4.625,1.875,2020-01-22 02-22-20
2.55,2.81,1.75,2.33,99.5585912245,4.625,1.875,2020-01-22 02-23-20
2.47,2.69,2.25,2.36,99.61144118450001,4.562,1.875,2020-01-22 02-24-20
2.55,2.25,2.43,2.34,99.5585912245,4.562,1.812,2020-01-22 02-25-20
2.55,2.25,2.43,2.34,99.5585912245,4.562,1.812,2020-01-22 02-25-20
2.55,2.25,2.43,2.34,99.5585912245,4.562,1.812,2020-01-22 02-25-20
2.55,2.25,2.43,2.34,99.5585912245,4.562,1.812,2020-01-22 02-25-20
2.55,2.25,2.43,2.34,99.5585912245,4.562,1.812,2020-01-22 02-25-20
2.55,2.25,2.43,2.34,99.5585912245,4.562,1.812,2020-01-22 02-25-20
2.55,2.25,2.43,2.34,99.5585912245,4.562,1.812,2020-01-22 02-25-20
2.55,2.25,2.43,2.34,99.5585912245,4.562,1.812,2020-01-22 02-25-20
2.55,2.25,2.43,2.34,99.5585912245,4.562,1.812,2020-01-22 02-25-20
2.55,2.25,2.43,2.34,99.5585912245,4.562,1.812,2020-01-22 02-25-20
2.55,2.25,2.43,2.34,99.5585912245,4.562,1.812,2020-01-22 02-25-20
2.55,2.25,2.43,2.34,99.5585912245,4.562,1.812,2020-01-22 02-25-20
2.55,2.25,2.43,2.34,99.5585912245,4.562,1.812,2020-01-22 02-25-20
2.55,2.25,2.43,2.34,99.5585912245,4.562,1.812,2020-01-22 02-25-20
2.55,2.25,2.43,2.34,99.5585912245,4.562,1.812,2020-01-22 02-25-20
2.55,2.25,2.43,2.34,99.5585912245,4.562,1.812,2020-01-22 02-25-20
2.55,2.25,2.43,2.34,99.5585912245,4.562,1.812,2020-01-22 02-25-20
2.55,2.25,2.43,2.34,99.5585912245,4.562,1.812,2020-01-22 02-25-20
2.55,2.25,2.43,2.34,99.5585912245,4.562,1.812,2020-01-22 02-25-20
2.55,2.25,2.43,2.34,99.5585912245,4.562,1.812,2020-01-22 02-25-20
2.55,2.25,2.43,2.34,99.5585912245,4.562,1.812,2020-01-22 02-25-20
2.55,2.25,2.43,2.34,99.5585912245,4.562,1.812,2020-01-22 02-25-20
2.55,2.25,2.43,2.34,99.5585912245,4.562,1.812,2020-01-22 02-25-20
2.55,2.25,2.43,2.34,99.5585912245,4.562,1.812,2020-01-22 02-25-20
2.55,2.25,2.43,2.34,99.5585912245,4.562,1.812,2020-01-22 02-25-20
2.55,2.25,2.43,2.34,99.5585912245,4.562,1.812,2020-01-22 02-25-20
2.55,2.25,2.43,2.34,99.5585912245,4.562,1.812,2020-01-22 02-25-20
2.55,2.25,2.43,2.34,99.5585912245,4.562,1.812,2020-01-22 02-25-20
2.55,2.25,2.43,2.34,99.5585912245,4.562,1.812,2020-01-22 02-25-20
2.55,2.25,2.43,2.34,99.5585912245,4.562,1.812,2020-01-22 02-25-20
2.55,2.25,2.43,2.34,99.5585912245,4.562,1.812,2020-01-22 02-25-20
2.55,2.25,2.43,2.34,99.5585912245,4.562,1.812,2020-01-22 02-25-20
2.59,2.27,2.13,2.32,99.5585912245,4.5,1.812,2020-01-22 02-26-20
2.55,2.73,1.93,2.34,99.61144118450001,4.5,1.812,2020-01-22 02-27-20
2.73,2.61,2.35,2.3,99.61144118450001,4.5,1.812,2020-01-22 02-28-19
2.59,2.55,2.39,2.31,99.61144118450001,4.437,1.812,2020-01-22 02-29-20
2.55,2.73,2.01,2.3,99.61144118450001,4.437,1.75,2020-01-22 02-30-19
2.27,2.61,2.27,2.26,99.61144118450001,4.437,1.75,2020-01-22 02-31-20
2.89,2.39,2.01,2.28,99.66427838050001,4.437,1.75,2020-01-22 02-32-20
2.65,2.85,2.35,2.28,99.61144118450001,4.437,1.75,2020-01-22 02-33-20
2.69,2.61,2.09,2.27,99.66427838050001,4.437,1.75,2020-01-22 02-34-20
2.21,2.59,2.55,2.29,99.66427838050001,4.437,1.75,2020-01-22 02-35-20
2.43,2.81,1.85,2.3,99.66427838050001,4.437,1.75,2020-01-22 02-36-19
2.47,2.59,2.39,2.31,99.66427838050001,4.437,1.75,2020-01-22 02-37-20
2.47,2.35,2.35,2.32,99.66427838050001,4.437,1.75,2020-01-22 02-38-20
3.29,2.47,1.83,2.34,99.66427838050001,4.437,1.75,2020-01-22 02-39-20
2.47,2.81,2.05,2.33,99.66427838050001,4.5,1.75,2020-01-22 02-40-20
2.47,2.55,2.21,2.35,99.66427838050001,4.5,1.75,2020-01-22 02-42-20
2.59,2.51,2.01,2.36,99.61144118450001,4.5,1.75,2020-01-22 02-43-20
2.51,2.81,2.01,2.37,99.66427838050001,4.562,1.75,2020-01-22 02-44-20
2.59,2.65,2.05,2.36,99.66427838050001,4.5,1.75,2020-01-22 02-45-20
2.69,2.77,2.21,2.34,99.66427838050001,4.562,1.75,2020-01-22 02-46-20
2.77,2.61,2.13,2.31,99.66427838050001,4.5,1.75,2020-01-22 02-47-19
2.47,2.43,2.21,2.35,99.66427838050001,4.5,1.75,2020-01-22 02-48-20
2.31,2.69,2.17,2.34,99.690692192,4.5,1.75,2020-01-22 02-49-20
2.77,2.55,1.85,2.32,99.690692192,4.437,1.75,2020-01-22 02-50-20
2.47,2.73,2.25,2.31,99.71710281250002,4.437,1.75,2020-01-22 02-51-20
2.55,2.55,1.75,2.28,99.71710281250002,4.437,1.75,2020-01-22 02-52-20
2.65,2.51,2.17,2.3,99.71710281250002,4.437,1.75,2020-01-22 02-53-20
3.15,2.69,1.83,2.3,99.71710281250002,4.437,1.75,2020-01-22 02-55-20
2.47,2.59,1.93,2.32,99.71710281250002,4.437,1.687,2020-01-22 02-56-20
2.47,2.69,1.85,2.32,99.71710281250002,4.437,1.687,2020-01-22 02-57-20
2.55,2.47,2.01,2.32,99.71710281250002,4.437,1.75,2020-01-22 02-58-20
2.81,2.27,1.75,2.33,99.71710281250002,4.437,1.687,2020-01-22 02-59-20
2.55,2.85,2.17,2.32,99.71710281250002,4.5,1.75,2020-01-22 03-00-19
2.27,2.91,1.75,2.34,99.71710281250002,4.5,1.75,2020-01-22 03-01-20
2.51,2.59,1.93,2.28,99.71710281250002,4.5,1.75,2020-01-22 03-02-20
2.43,2.59,2.21,2.32,99.71710281250002,4.5,1.75,2020-01-22 03-03-20
2.55,2.51,2.39,2.32,99.7699144805,4.5,1.687,2020-01-22 03-04-19
2.85,2.81,2.05,2.29,99.71710281250002,4.562,1.687,2020-01-22 03-05-20
2.35,2.65,2.09,2.3,99.71710281250002,4.562,1.75,2020-01-22 03-06-19
2.81,2.65,1.83,2.33,99.74351024200001,4.562,1.687,2020-01-22 03-07-20
2.55,2.51,2.05,2.32,99.7699144805,4.562,1.687,2020-01-22 03-08-20
2.47,2.27,1.97,2.36,99.7699144805,4.562,1.687,2020-01-22 03-09-20
2.61,2.69,2.17,2.32,99.79631552800001,4.562,1.687,2020-01-22 03-10-20
2.59,2.39,2.21,2.33,99.7699144805,4.625,1.687,2020-01-22 03-11-20
2.55,2.81,2.17,2.32,99.71710281250002,4.625,1.75,2020-01-22 03-12-19
2.51,2.69,2.43,2.32,99.7699144805,4.687,1.75,2020-01-22 03-13-19
2.51,2.73,1.97,2.3,99.7699144805,4.687,1.75,2020-01-22 03-14-20
2.55,2.27,2.21,2.31,99.7699144805,4.687,1.75,2020-01-22 03-15-20
2.47,2.69,1.93,2.34,99.79631552800001,4.687,1.75,2020-01-22 03-16-20
2.85,2.81,2.27,2.3,99.7699144805,4.687,1.75,2020-01-22 03-17-20
2.55,2.61,2.25,2.32,99.82271338450002,4.75,1.687,2020-01-22 03-18-20
2.47,2.65,2.31,2.32,99.7699144805,4.75,1.687,2020-01-22 03-19-19
2.55,2.81,2.01,2.32,99.7699144805,4.812,1.75,2020-01-22 03-20-20
2.51,2.55,1.97,2.32,99.82271338450002,4.75,1.687,2020-01-22 03-21-20
2.27,2.59,2.51,2.3,99.82271338450002,4.75,1.687,2020-01-22 03-22-20
2.77,2.35,2.27,2.28,99.82271338450002,4.812,1.687,2020-01-22 03-23-20
2.77,2.65,2.09,2.3,99.82271338450002,4.812,1.687,2020-01-22 03-24-20
2.47,2.81,1.85,2.32,99.84910805000001,4.812,1.687,2020-01-22 03-25-20
2.43,2.81,2.31,2.29,99.82271338450002,4.812,1.687,2020-01-22 03-26-20
2.31,2.59,2.61,2.31,99.84910805000001,4.812,1.687,2020-01-22 03-27-20
2.09,2.95,1.85,2.28,99.8754995245,4.812,1.687,2020-01-22 03-28-20
2.89,3.15,2.17,2.32,99.8754995245,4.812,1.687,2020-01-22 03-29-20
2.43,2.81,1.93,2.26,99.82271338450002,4.812,1.687,2020-01-22 03-30-20
2.55,2.77,2.25,2.32,99.8754995245,4.812,1.687,2020-01-22 03-31-20
2.69,2.43,2.55,2.28,99.8754995245,4.875,1.687,2020-01-22 03-33-20
2.85,2.85,2.39,2.31,99.8754995245,4.875,1.687,2020-01-22 03-34-20
2.65,2.55,2.39,2.3,99.8754995245,4.875,1.687,2020-01-22 03-35-20
2.47,2.61,2.13,2.28,99.8754995245,4.875,1.687,2020-01-22 03-36-20
2.77,2.99,2.09,2.28,99.8754995245,4.875,1.687,2020-01-22 03-37-20
2.43,2.91,2.17,2.3,99.8754995245,4.875,1.687,2020-01-22 03-38-19
2.73,2.51,2.39,2.26,99.8754995245,4.875,1.687,2020-01-22 03-39-19
2.69,2.89,2.27,2.26,99.9282729005,4.937,1.625,2020-01-22 03-40-20
2.55,2.99,2.47,2.28,99.90188780800001,4.937,1.687,2020-01-22 03-41-20
2.47,2.95,1.97,2.28,99.8754995245,4.937,1.625,2020-01-22 03-42-20
2.73,2.31,2.35,2.3,99.9282729005,4.937,1.625,2020-01-22 03-43-20
2.81,2.89,2.31,2.28,99.9282729005,4.937,1.625,2020-01-22 03-44-20
2.39,2.73,2.25,2.26,99.9282729005,5,1.625,2020-01-22 03-45-20
2.65,2.77,1.83,2.27,99.9282729005,4.937,1.625,2020-01-22 03-46-20
2.95,2.35,2.35,2.24,99.90188780800001,4.937,1.625,2020-01-22 03-47-20
2.85,2.69,1.97,2.22,99.9282729005,4.937,1.625,2020-01-22 03-48-20
2.65,2.77,2.13,2.28,99.90188780800001,5,1.625,2020-01-22 03-49-20
2.55,2.55,2.13,2.26,99.9282729005,4.937,1.625,2020-01-22 03-50-20
2.85,2.99,1.93,2.22,99.8754995245,5,1.625,2020-01-22 03-51-19
2.59,2.85,2.17,2.26,99.9282729005,5,1.687,2020-01-22 03-52-20
2.95,2.77,2.27,2.27,99.9282729005,5,1.687,2020-01-22 03-53-20
2.59,2.73,2.47,2.28,99.9282729005,5,1.687,2020-01-22 03-54-20
2.61,2.91,2.21,2.28,99.90188780800001,5,1.687,2020-01-22 03-55-20
2.99,3.11,2.35,2.3,99.9282729005,4.937,1.625,2020-01-22 03-56-20
2.43,2.55,2.51,2.32,99.8754995245,5,1.687,2020-01-22 03-57-19
2.81,3.03,2.51,2.32,99.9282729005,5,1.687,2020-01-22 03-59-20
2.91,2.81,2.27,2.33,99.9810335125,5,1.75,2020-01-22 04-01-20
2.55,3.19,2.05,2.33,99.9282729005,5,1.75,2020-01-22 04-02-20
2.35,2.91,2.51,2.33,99.9810335125,5,1.75,2020-01-22 04-03-20
2.61,2.73,2.21,2.33,99.9282729005,4.937,1.75,2020-01-22 04-04-19
2.77,2.85,2.21,2.34,99.9810335125,5,1.687,2020-01-22 04-05-20
2.95,2.55,2.47,2.34,99.9282729005,5,1.687,2020-01-22 04-06-20
2.85,3.29,2.35,2.36,99.9282729005,5,1.687,2020-01-22 04-07-20
2.99,2.91,2.01,2.34,99.9282729005,5,1.75,2020-01-22 04-08-20
2.73,2.69,2.31,2.36,99.9810335125,4.937,1.75,2020-01-22 04-09-20
2.55,2.61,2.09,2.36,99.95465480200001,4.937,1.75,2020-01-22 04-10-20
2.81,3.07,2.39,2.36,99.9810335125,4.937,1.75,2020-01-22 04-11-20
2.55,2.91,2.05,2.38,99.9810335125,4.937,1.75,2020-01-22 04-12-20
2.89,2.91,2.25,2.38,99.95465480200001,4.937,1.812,2020-01-22 04-13-20
2.81,2.99,2.39,2.44,99.9810335125,4.875,1.75,2020-01-22 04-14-20
2.95,2.91,2.35,2.4,99.9810335125,4.875,1.812,2020-01-22 04-15-20
2.89,2.85,2.21,2.44,99.9810335125,4.875,1.812,2020-01-22 04-17-20
2.59,2.91,2.31,2.45,99.9810335125,4.875,1.812,2020-01-22 04-18-20
2.43,3.07,2.27,2.42,100.00740903200001,4.875,1.812,2020-01-22 04-19-20
2.85,2.89,2.09,2.45,99.9810335125,4.812,1.812,2020-01-22 04-20-20
2.55,2.59,2.31,2.44,100.0337813605,4.812,1.812,2020-01-22 04-21-20
2.61,2.95,2.09,2.36,99.9810335125,4.812,1.75,2020-01-22 04-22-20
2.55,2.65,2.27,2.41,99.9810335125,4.812,1.75,2020-01-22 04-23-19
2.77,2.65,2.05,2.45,100.0337813605,4.75,1.75,2020-01-22 04-24-20
3.15,2.95,2.35,2.38,99.9810335125,4.75,1.687,2020-01-22 04-25-19
2.77,2.65,2.59,2.42,99.9810335125,4.75,1.687,2020-01-22 04-26-20
2.61,2.91,2.35,2.44,100.0337813605,4.812,1.75,2020-01-22 04-27-20
2.73,2.99,2.39,2.46,100.00740903200001,4.812,1.687,2020-01-22 04-28-20
2.99,2.99,2.39,2.42,99.9810335125,4.812,1.687,2020-01-22 04-29-20
3.03,2.73,2.73,2.48,100.06015049800001,4.812,1.75,2020-01-22 04-30-20
3.07,2.89,2.39,2.49,99.9810335125,4.812,1.75,2020-01-22 04-31-20
2.55,2.69,2.01,2.46,99.9810335125,4.812,1.812,2020-01-22 04-32-20
2.81,2.99,2.61,2.46,100.00740903200001,4.812,1.812,2020-01-22 04-33-20
2.81,2.85,2.65,2.52,99.9810335125,4.875,1.812,2020-01-22 04-34-20
2.81,3.33,2.25,2.54,100.0337813605,4.875,1.812,2020-01-22 04-35-20
2.69,3.19,2.59,2.56,100.00740903200001,4.875,1.812,2020-01-22 04-36-19
3.03,2.99,2.69,2.6,99.9810335125,4.875,1.812,2020-01-22 04-37-20
2.91,3.11,2.59,2.61,100.0337813605,4.937,1.812,2020-01-22 04-38-20
3.15,2.69,2.55,2.62,99.9810335125,4.937,1.812,2020-01-22 04-39-20
2.81,3.19,2.81,2.62,100.0337813605,4.937,1.812,2020-01-22 04-40-20
3.07,3.11,2.43,2.59,99.9810335125,4.937,1.875,2020-01-22 04-41-20
2.99,3.45,2.47,2.62,99.9810335125,4.937,1.812,2020-01-22 04-42-19
2.69,3.19,2.61,2.64,99.9810335125,4.937,1.875,2020-01-22 04-43-20
2.95,2.89,2.35,2.66,99.9810335125,4.937,1.875,2020-01-22 04-44-20
2.89,3.15,2.69,2.64,100.0337813605,4.937,1.875,2020-01-22 04-45-20
3.03,3.19,2.77,2.64,99.9810335125,4.937,1.937,2020-01-22 04-46-20
2.81,2.77,2.55,2.67,99.9810335125,4.937,1.937,2020-01-22 04-47-20
2.65,3.03,2.89,2.68,99.9810335125,4.937,1.875,2020-01-22 04-48-20
3.23,2.99,3.03,2.65,99.9810335125,4.937,1.937,2020-01-22 04-49-18
3.29,3.19,2.95,2.66,99.9810335125,4.937,1.937,2020-01-22 04-50-20
2.85,2.95,2.69,2.73,100.00740903200001,5,1.937,2020-01-22 04-51-20
3.23,3.23,2.69,2.68,99.9810335125,4.937,1.937,2020-01-22 04-52-20
3.45,3.25,2.47,2.74,99.9810335125,4.937,1.937,2020-01-22 04-53-20
2.89,3.29,2.95,2.73,99.9810335125,5,1.937,2020-01-22 04-54-20
3.33,3.03,3.07,2.77,99.9810335125,5,1.937,2020-01-22 04-55-20
3.25,2.99,2.77,2.76,99.9810335125,5,1.937,2020-01-22 04-56-20
3.03,2.31,2.91,2.7,99.9810335125,5,2,2020-01-22 04-57-20
2.99,3.07,2.81,2.74,100.0337813605,4.937,2.062,2020-01-22 04-58-20
3.07,3.37,2.89,2.75,99.9810335125,5,2,2020-01-22 04-59-20
2.99,2.35,2.77,2.77,99.9810335125,5,2,2020-01-22 05-00-20
3.07,3.23,2.73,2.76,100.0337813605,5,2,2020-01-22 05-01-20
3.25,2.27,2.85,2.73,100.0337813605,5,2,2020-01-22 05-02-20
3.29,3.15,2.77,2.8,100.00740903200001,5,2,2020-01-22 05-03-20
3.15,3.59,2.95,2.8,100.0337813605,5,2,2020-01-22 05-04-20
2.91,3.29,2.77,2.8,99.9810335125,5.062,2,2020-01-22 05-05-20
2.95,3.03,2.73,2.83,100.00740903200001,5.062,2,2020-01-22 05-06-19
3.41,3.45,2.91,2.8,99.9810335125,5.062,2.062,2020-01-22 05-07-20
3.15,3.25,2.69,2.84,100.0337813605,5.062,2,2020-01-22 05-08-20
3.33,3.23,2.55,2.82,99.9810335125,5.062,2.062,2020-01-22 05-09-20
3.33,3.41,2.95,2.86,100.0337813605,5.062,2.062,2020-01-22 05-10-20
2.99,3.19,2.77,2.88,100.0337813605,5.062,2,2020-01-22 05-11-20
3.29,3.85,3.23,2.88,100.0337813605,5.062,2.062,2020-01-22 05-12-19
3.15,3.71,3.15,2.88,100.00740903200001,5.062,2.062,2020-01-22 05-13-19
3.41,3.93,3.03,2.9,100.00740903200001,5.062,2.062,2020-01-22 05-14-20
3.19,3.37,2.89,2.92,99.9810335125,5.062,2.062,2020-01-22 05-15-20
3.03,3.81,3.15,2.91,100.0337813605,5.125,2,2020-01-22 05-16-20
3.63,3.75,2.99,2.95,99.9810335125,5.125,2.062,2020-01-22 05-17-20
3.07,3.97,3.03,3,99.9810335125,5.125,2.062,2020-01-22 05-18-20
3.59,3.75,3.15,2.93,99.95465480200001,5.125,2.125,2020-01-22 05-19-19
3.37,3.25,3.23,3,99.9810335125,5.125,2.125,2020-01-22 05-20-20
3.59,3.49,3.29,3.07,99.9810335125,5.125,2.125,2020-01-22 05-21-20
3.23,3.49,3.29,3.08,99.9810335125,5.187,2.187,2020-01-22 05-22-20
3.25,3.89,3.29,3.1,99.9810335125,5.187,2.187,2020-01-22 05-23-20
3.67,3.79,3.45,3.13,99.95465480200001,5.187,2.25,2020-01-22 05-24-20
3.45,3.63,3.11,3.07,99.9810335125,5.187,2.25,2020-01-22 05-25-20
3.45,2.65,1.97,3.12,99.90188780800001,5.25,2.187,2020-01-22 05-27-20
3.79,3.79,3.23,3.14,99.95465480200001,5.25,2.187,2020-01-22 05-28-20
3.41,3.81,3.71,3.08,99.9810335125,5.25,2.187,2020-01-22 05-29-20
3.45,3.49,3.49,3.06,99.9810335125,5.25,2.187,2020-01-22 05-30-20
3.49,3.81,3.49,3.08,99.9810335125,5.25,2.125,2020-01-22 05-31-20
3.67,3.85,3.49,3.09,99.9810335125,5.312,2.187,2020-01-22 05-32-19
3.41,3.75,3.63,3.12,99.9810335125,5.312,2.187,2020-01-22 05-33-20
3.53,3.55,3.49,3.1,99.9810335125,5.312,2.125,2020-01-22 05-34-20
3.55,3.85,3.33,3.12,99.95465480200001,5.312,2.125,2020-01-22 05-35-20
3.53,3.81,3.85,3.11,99.9810335125,5.312,2.187,2020-01-22 05-36-20
3.75,4.23,3.55,3.16,99.9282729005,5.312,2.187,2020-01-22 05-37-20
3.59,3.97,3.63,3.14,99.9282729005,5.312,2.187,2020-01-22 05-38-19
3.55,3.93,3.55,3.19,99.9810335125,5.312,2.187,2020-01-22 05-39-19
3.97,4.15,3.55,3.16,99.9282729005,5.312,2.187,2020-01-22 05-40-20
3.71,3.89,3.67,3.21,99.95465480200001,5.375,2.187,2020-01-22 05-41-20
3.81,4.19,3.75,3.2,99.95465480200001,5.375,2.25,2020-01-22 05-42-20
3.37,3.97,3.75,3.14,99.95465480200001,5.375,2.187,2020-01-22 05-43-20
3.79,3.67,3.79,3.24,99.9282729005,5.375,2.187,2020-01-22 05-44-20
3.55,3.97,3.67,3.22,99.95465480200001,5.375,2.187,2020-01-22 05-46-20
4.01,4.27,3.71,3.21,99.9282729005,5.375,2.187,2020-01-22 05-47-20
3.75,3.85,3.67,3.24,99.9810335125,5.437,2.187,2020-01-22 05-48-20
3.67,4.19,3.63,3.32,99.9282729005,5.437,2.25,2020-01-22 05-49-20
4.37,4.27,4.07,3.34,99.9282729005,5.437,2.25,2020-01-22 05-50-20
3.81,3.93,3.97,3.37,99.9282729005,5.437,2.187,2020-01-22 05-51-19
3.75,4.15,4.19,3.34,99.9282729005,5.437,2.187,2020-01-22 05-52-20
4.23,3.93,3.71,3.42,99.9282729005,5.5,2.187,2020-01-22 05-53-20
3.79,4.19,4.01,3.41,99.9282729005,5.5,2.187,2020-01-22 05-54-20
4.19,4.27,4.11,3.44,99.9282729005,5.562,2.187,2020-01-22 05-55-20
4.15,4.45,4.15,3.46,99.9282729005,5.562,2.187,2020-01-22 05-56-20
4.01,3.97,4.31,3.46,99.9282729005,5.562,2.187,2020-01-22 05-57-19
4.05,4.15,4.41,3.47,99.9282729005,5.562,2.187,2020-01-22 05-59-20
4.01,4.19,4.11,3.45,99.8754995245,5.562,2.187,2020-01-22 06-01-20
4.53,4.41,4.23,3.5,99.90188780800001,5.625,2.187,2020-01-22 06-02-20
3.85,4.79,4.07,3.56,99.90188780800001,5.625,2.187,2020-01-22 06-03-20
3.93,4.41,4.31,3.62,99.8754995245,5.687,2.187,2020-01-22 06-04-19
4.07,4.49,4.41,3.64,99.8754995245,5.625,2.187,2020-01-22 06-05-20
4.19,4.71,4.37,3.68,99.82271338450002,5.687,2.187,2020-01-22 06-06-19
4.37,4.71,4.53,3.67,99.84910805000001,5.687,2.25,2020-01-22 06-07-20
4.33,4.41,4.49,3.71,99.9282729005,5.75,2.187,2020-01-22 06-08-20
4.53,5.05,4.75,3.75,99.82271338450002,5.75,2.25,2020-01-22 06-09-20
4.67,4.71,5.01,3.78,99.82271338450002,5.75,2.25,2020-01-22 06-10-19
4.49,4.45,5.15,3.82,99.82271338450002,5.812,2.25,2020-01-22 06-11-20
4.67,5.15,4.67,3.82,99.82271338450002,5.812,2.25,2020-01-22 06-12-20
4.63,5.05,4.97,3.82,99.82271338450002,5.875,2.25,2020-01-22 06-13-20
4.81,4.85,4.85,3.88,99.82271338450002,5.875,2.187,2020-01-22 06-14-20
4.75,4.93,4.93,3.88,99.79631552800001,5.875,2.187,2020-01-22 06-15-20
4.53,5.05,4.79,3.98,99.82271338450002,5.937,2.187,2020-01-22 06-16-20
4.71,5.11,5.05,3.94,99.79631552800001,5.937,2.25,2020-01-22 06-17-20
5.01,4.81,3.75,3.94,99.7699144805,5.937,2.312,2020-01-22 06-18-20
4.59,4.89,4.97,4.04,99.7699144805,5.937,2.312,2020-01-22 06-19-20
4.63,4.11,5.27,3.96,99.79631552800001,5.937,2.25,2020-01-22 06-20-19
5.07,4.27,5.05,3.98,99.79631552800001,5.937,2.25,2020-01-22 06-21-20
5.07,4.15,5.29,4.04,99.7699144805,5.937,2.25,2020-01-22 06-22-20
4.97,5.19,5.37,4.1,99.7699144805,5.937,2.25,2020-01-22 06-24-20
5.01,5.33,5.11,4.04,99.7699144805,-0.062,2.25,2020-01-22 06-25-19
4.97,4.01,5.29,4.06,99.7699144805,5.937,2.25,2020-01-22 06-26-26
4.81,5.19,5.45,4.06,99.7699144805,6,2.25,2020-01-22 06-28-20
5.07,5.23,5.45,4.06,99.7699144805,6,2.25,2020-01-22 06-29-20
4.97,5.85,5.59,4.13,99.74351024200001,6.062,2.312,2020-01-22 06-30-19
5.19,5.55,5.49,4.2,99.71710281250002,6.062,2.312,2020-01-22 06-31-20
5.29,5.63,5.59,4.19,99.71710281250002,6.125,2.312,2020-01-22 06-32-19
5.67,5.51,5.59,4.22,99.71710281250002,6.125,2.312,2020-01-22 06-34-20
5.63,5.71,5.77,4.26,99.66427838050001,6.125,2.312,2020-01-22 06-35-20
4.97,5.71,5.55,4.24,99.66427838050001,6.125,2.312,2020-01-22 06-36-20
5.05,5.45,5.71,4.18,99.690692192,6.187,2.437,2020-01-22 06-37-20
5.49,5.23,5.55,4.15,99.71710281250002,6.187,2.437,2020-01-22 06-38-20
5.15,5.49,5.59,4.19,99.74351024200001,6.187,2.437,2020-01-22 06-39-19
5.51,5.37,5.99,4.2,99.71710281250002,6.187,2.375,2020-01-22 06-40-20
5.15,5.67,5.99,4.16,99.66427838050001,6.187,2.375,2020-01-22 06-41-20
5.27,5.49,6.11,4.21,99.71710281250002,6.187,2.375,2020-01-22 06-42-20
5.15,5.85,5.71,4.26,99.71710281250002,6.187,2.375,2020-01-22 06-43-20
5.29,5.55,5.49,4.22,99.71710281250002,6.187,2.375,2020-01-22 06-44-20
5.45,5.55,5.63,4.2,99.71710281250002,6.187,2.375,2020-01-22 06-45-20
5.23,5.55,6.11,4.29,99.690692192,6.187,2.312,2020-01-22 06-46-20
5.51,6.03,6.13,4.36,99.690692192,6.187,2.312,2020-01-22 06-47-19
5.51,5.45,6.03,4.35,99.66427838050001,6.187,2.25,2020-01-22 06-48-20
5.77,6.07,6.33,4.32,99.61144118450001,6.187,2.25,2020-01-22 06-49-20
5.27,5.45,6.11,4.32,99.63786137800001,6.25,2.25,2020-01-22 06-50-20
5.93,5.33,6.25,4.28,99.690692192,6.187,2.25,2020-01-22 06-51-20
5.45,5.59,5.99,4.32,99.66427838050001,6.25,2.25,2020-01-22 06-53-20
5.55,6.07,6.51,4.35,99.66427838050001,6.25,2.25,2020-01-22 06-54-20
5.59,6.35,6.21,4.39,99.61144118450001,6.312,2.312,2020-01-22 06-55-20
5.89,6.25,6.39,4.46,99.61144118450001,6.312,2.25,2020-01-22 06-56-20
5.73,6.17,6.51,4.48,99.61144118450001,6.312,2.25,2020-01-22 06-57-20
5.99,5.93,6.21,4.53,99.61144118450001,6.312,2.25,2020-01-22 06-58-19
6.13,6.13,6.65,4.52,99.5585912245,6.375,2.312,2020-01-22 07-00-19
5.81,5.77,6.57,4.52,99.5585912245,6.375,2.312,2020-01-22 07-01-20
5.63,5.73,6.65,4.48,99.5585912245,6.375,2.375,2020-01-22 07-02-20
5.89,5.99,6.57,4.46,99.5850178,6.375,2.312,2020-01-22 07-03-20
6.07,6.21,6.35,4.48,99.5585912245,6.437,2.25,2020-01-22 07-04-20
6.17,6.39,6.79,4.6,99.5585912245,6.375,2.312,2020-01-22 07-06-20
5.49,6.03,6.53,4.46,99.5585912245,6.375,2.25,2020-01-22 07-07-20
6.21,5.99,6.57,4.5,99.63786137800001,6.375,2.312,2020-01-22 07-08-20
6.21,6.39,7.05,4.5,99.5850178,6.375,2.312,2020-01-22 07-09-20
6.07,6.13,6.93,4.57,99.5585912245,6.375,2.312,2020-01-22 07-10-20
6.11,6.17,6.75,4.52,99.50572850050001,6.375,2.25,2020-01-22 07-11-19
5.85,6.35,6.83,4.62,99.50572850050001,6.375,2.312,2020-01-22 07-12-20
6.17,5.95,6.91,4.6,99.50572850050001,6.437,2.312,2020-01-22 07-13-20
6.21,6.47,6.75,4.64,99.50572850050001,6.437,2.312,2020-01-22 07-14-20
6.35,5.95,6.79,4.63,99.50572850050001,6.437,2.312,2020-01-22 07-15-20
6.25,6.21,7.19,4.64,99.53216145800002,6.437,2.312,2020-01-22 07-16-20
6.07,6.11,7.05,4.59,99.53216145800002,6.375,2.25,2020-01-22 07-17-19
5.99,6.35,7.05,4.62,99.50572850050001,6.375,2.312,2020-01-22 07-18-20
6.13,5.45,6.69,4.54,99.50572850050001,6.437,2.312,2020-01-22 07-19-20
6.25,6.07,6.53,4.62,99.50572850050001,6.437,2.312,2020-01-22 07-20-20
6.25,6.47,6.87,4.64,99.50572850050001,6.437,2.312,2020-01-22 07-21-20
6.61,6.65,7.05,4.66,99.45285301250001,6.437,2.312,2020-01-22 07-22-20
6.13,6.57,6.87,4.7,99.479292352,6.437,2.312,2020-01-22 07-23-20
6.39,6.25,6.97,4.74,99.45285301250001,6.437,2.312,2020-01-22 07-24-19
6.79,6.65,6.83,4.82,99.45285301250001,6.437,2.25,2020-01-22 07-25-20
6.47,6.61,7.05,4.8,99.45285301250001,6.437,2.25,2020-01-22 07-26-20
6.53,6.73,7.37,4.84,99.45285301250001,6.5,2.25,2020-01-22 07-27-20
6.39,6.43,7.05,4.97,99.3999647605,6.5,2.312,2020-01-22 07-28-20
6.29,6.97,7.33,4.96,99.3999647605,6.5,2.312,2020-01-22 07-29-20
6.83,6.65,7.27,4.94,99.3470637445,6.562,2.375,2020-01-22 07-30-20
6.83,6.35,7.41,5,99.3999647605,6.562,2.312,2020-01-22 07-31-20
6.79,6.91,7.37,4.98,99.3999647605,6.562,2.375,2020-01-22 07-32-20
6.79,7.05,7.59,5.05,99.3470637445,6.625,2.375,2020-01-22 07-33-20
7.11,7.15,7.55,5.06,99.3470637445,6.625,2.312,2020-01-22 07-34-20
7.05,7.23,7.59,5.13,99.3470637445,6.687,2.375,2020-01-22 07-35-20
7.01,7.45,7.79,5.2,99.29414996450001,6.687,2.375,2020-01-22 07-36-20
7.27,7.11,8.13,5.3,99.2412234205,6.75,2.437,2020-01-22 07-37-20
7.15,7.33,8.29,5.3,99.2412234205,6.75,2.437,2020-01-22 07-38-20
7.19,7.51,7.87,5.31,99.214755362,6.812,2.437,2020-01-22 07-39-20
6.87,7.19,8.01,5.2,99.2412234205,6.812,2.437,2020-01-22 07-40-20
7.15,7.27,8.01,5.23,99.2412234205,6.875,2.437,2020-01-22 07-41-20
7.27,7.27,8.01,5.24,99.1882841125,6.875,2.562,2020-01-22 07-42-20
7.23,7.11,8.13,5.28,99.214755362,6.937,2.562,2020-01-22 07-43-19
7.15,7.15,7.91,5.33,99.1882841125,6.937,2.562,2020-01-22 07-44-19
7.01,7.45,8.05,5.23,99.1882841125,6.937,2.562,2020-01-22 07-45-20
7.41,7.37,7.77,5.28,99.161809672,7,2.562,2020-01-22 07-46-20
7.19,7.59,8.09,5.24,99.1882841125,7,2.562,2020-01-22 07-47-20
7.15,7.61,7.87,5.28,99.1353320405,7,2.562,2020-01-22 07-48-20
7.19,7.19,8.33,5.29,99.1353320405,7,2.562,2020-01-22 07-49-20
7.05,7.59,8.13,5.29,99.1882841125,7.062,2.562,2020-01-22 07-50-20
7.27,7.73,7.95,5.38,99.1353320405,7.062,2.562,2020-01-22 07-51-20
6.83,7.77,8.41,5.4,99.108851218,7.125,2.562,2020-01-22 07-52-22
7.19,7.65,8.13,5.33,99.1353320405,7.187,2.625,2020-01-22 07-53-20
7.41,7.83,8.01,5.4,99.108851218,7.187,2.687,2020-01-22 07-54-20
7.41,7.55,8.37,5.44,99.108851218,7.187,2.687,2020-01-22 07-55-20
7.27,7.77,7.91,5.4,99.0823672045,7.25,2.687,2020-01-22 07-56-19
7.47,8.01,7.83,5.44,99.0823672045,7.25,2.75,2020-01-22 07-57-20
7.41,7.97,8.13,5.46,99.05588,7.25,2.75,2020-01-22 07-58-20
7.01,7.95,7.83,5.38,99.05588,7.312,2.75,2020-01-22 07-59-20
6.97,6.47,7.59,5.38,99.0823672045,7.312,2.687,2020-01-22 08-00-20
7.27,7.77,7.65,5.31,99.0823672045,7.312,2.625,2020-01-22 08-01-20
7.19,7.41,7.87,5.28,99.0823672045,7.312,2.625,2020-01-22 08-02-20
7.27,7.27,7.77,5.18,99.0823672045,7.312,2.562,2020-01-22 08-03-20
6.65,7.95,7.97,5.1,99.0823672045,7.312,2.562,2020-01-22 08-04-20
7.15,7.91,8.05,5.17,99.1353320405,7.312,2.562,2020-01-22 08-05-20
6.83,7.19,7.45,5.18,99.0823672045,7.312,2.625,2020-01-22 08-06-20
6.93,7.01,7.47,5.23,99.0823672045,7.312,2.687,2020-01-22 08-07-19
6.53,7.33,7.19,5.16,99.05588,7.312,2.625,2020-01-22 08-08-20
7.09,7.47,7.65,5.1,99.02938960450001,7.312,2.625,2020-01-22 08-09-20
6.73,7.51,7.77,5.12,99.05588,7.312,2.562,2020-01-22 08-10-20
6.83,7.09,7.09,5.05,99.05588,7.25,2.625,2020-01-22 08-11-20
6.51,7.51,6.91,5.05,99.05588,7.25,2.562,2020-01-22 08-12-20
6.43,6.83,7.19,5.04,99.02938960450001,7.25,2.562,2020-01-22 08-13-20
6.29,7.29,7.47,5.04,99.02938960450001,7.25,2.562,2020-01-22 08-14-19
6.75,7.15,7.41,4.96,99.05588,7.25,2.562,2020-01-22 08-15-20
7.05,7.51,7.11,4.94,99.05588,7.25,2.5,2020-01-22 08-16-20
6.35,7.29,7.23,5,99.05588,7.25,2.562,2020-01-22 08-17-18
6.97,7.15,7.19,5.01,99.02938960450001,7.25,2.5,2020-01-22 08-18-19
6.79,7.41,7.73,4.94,99.02938960450001,7.25,2.5,2020-01-22 08-19-20
6.79,7.37,7.41,5.02,99.02938960450001,7.25,2.562,2020-01-22 08-20-20
6.65,7.37,7.59,5.04,99.02938960450001,7.25,2.562,2020-01-22 08-21-20
7.01,7.41,7.59,5.08,98.9763992405,7.25,2.562,2020-01-22 08-22-20
6.57,7.15,7.65,5.04,99.002896018,7.25,2.5,2020-01-22 08-23-19
6.75,7.55,7.77,5.04,99.02938960450001,7.25,2.5,2020-01-22 08-24-20
6.75,7.51,7.47,5.06,99.002896018,7.25,2.5,2020-01-22 08-25-20
6.57,7.09,7.51,5.14,98.92339611250001,7.25,2.5,2020-01-22 08-26-20
6.79,7.33,7.65,5.22,98.92339611250001,7.312,2.562,2020-01-22 08-27-20
7.09,7.77,7.65,5.22,98.92339611250001,7.312,2.562,2020-01-22 08-28-20
7.11,6.33,7.33,5.28,98.92339611250001,7.375,2.625,2020-01-22 08-29-20
6.65,7.45,7.61,5.36,98.92339611250001,7.312,2.562,2020-01-22 08-30-20
6.83,7.55,7.79,5.44,98.87038022050001,7.375,2.562,2020-01-22 08-31-20
6.83,7.65,7.77,5.51,98.87038022050001,7.375,2.625,2020-01-22 08-32-20
6.83,6.69,7.65,5.48,98.7643101445,7.437,2.625,2020-01-22 08-33-20
7.05,7.83,8.01,5.52,98.7643101445,7.5,2.687,2020-01-22 08-34-20
7.15,7.65,8.23,5.47,98.7112559605,7.5,2.75,2020-01-22 08-35-20
7.15,7.83,8.23,5.51,98.73778464800002,7.5,2.75,2020-01-22 08-36-19
6.91,7.77,8.09,5.52,98.7112559605,7.562,2.75,2020-01-22 08-37-20
7.09,7.83,8.19,5.49,98.684724082,7.562,2.75,2020-01-22 08-38-20
7.27,7.91,8.15,5.6,98.6581890125,7.625,2.812,2020-01-22 08-39-20
7.37,7.97,8.41,5.73,98.684724082,7.625,2.812,2020-01-22 08-40-20
7.59,8.41,8.79,5.76,98.6581890125,7.687,2.875,2020-01-22 08-41-20
7.77,8.29,8.59,5.78,98.6051093005,7.687,2.875,2020-01-22 08-42-19
7.91,8.45,8.59,5.89,98.6051093005,7.75,2.875,2020-01-22 08-43-20
7.47,8.37,8.89,5.92,98.578564658,7.812,2.812,2020-01-22 08-44-20
7.65,8.61,8.69,5.98,98.55201682450001,7.812,2.812,2020-01-22 08-45-20
7.69,8.65,9.03,5.96,98.49891158450001,7.812,2.812,2020-01-22 08-46-20
7.83,8.51,8.75,5.96,98.472354178,7.875,2.812,2020-01-22 08-47-20
7.61,8.93,9.29,5.94,98.44579358050001,7.875,2.812,2020-01-22 08-48-20
7.69,8.61,8.69,6.12,98.49891158450001,7.937,2.812,2020-01-22 08-49-19
7.87,8.89,9.63,6.27,98.3926628125,7.937,2.875,2020-01-22 08-50-20
7.87,8.65,9.49,6.23,98.33951928050001,8,2.875,2020-01-22 08-51-20
7.91,8.89,9.15,6.14,98.33951928050001,8,2.875,2020-01-22 08-52-20
8.23,9.01,9.33,6.2,98.33951928050001,8.062,2.875,2020-01-22 08-53-20
8.29,8.75,9.67,6.22,98.2863629845,8.125,2.937,2020-01-22 08-54-20
8.13,8.65,9.43,6.24,98.23319392450001,8.187,2.937,2020-01-22 08-55-20
8.23,9.21,9.71,6.28,98.23319392450001,8.187,3,2020-01-22 08-56-20
8.33,9.07,9.53,6.33,98.18001210050001,8.25,3,2020-01-22 08-57-20
8.45,9.07,9.47,6.43,98.18001210050001,8.25,3,2020-01-22 08-58-20
8.37,9.11,9.81,6.43,98.12681751250001,8.312,3.062,2020-01-22 08-59-20
8.27,9.39,9.63,6.46,98.07361016050001,8.312,3.125,2020-01-22 09-00-20
8.61,9.39,10.23,6.4,98.0203900445,8.375,3.125,2020-01-22 09-01-20
8.71,9.21,9.81,6.57,98.0203900445,8.375,3.062,2020-01-22 09-02-20
8.71,9.19,10.37,6.57,97.96715716450001,8.437,3.062,2020-01-22 09-03-20
9.03,9.39,10.33,6.64,97.91391152050001,8.437,3,2020-01-22 09-04-20
8.79,9.47,10.13,6.65,97.94053593800001,8.437,3.062,2020-01-22 09-05-20
8.75,9.35,10.33,6.73,97.91391152050001,8.437,3.062,2020-01-22 09-06-20
8.71,9.39,10.23,6.76,97.86065311250002,8.437,3.187,2020-01-22 09-07-20
8.89,9.15,10.13,6.84,97.86065311250002,8.437,3.125,2020-01-22 09-08-19
9.11,9.53,10.41,6.8,97.80738194050001,8.437,3.062,2020-01-22 09-09-20
9.43,9.49,10.83,6.81,97.75409800450001,8.437,3.062,2020-01-22 09-10-19
9.29,9.07,10.75,6.85,97.7008013045,8.5,3.062,2020-01-22 09-11-20
9.35,9.47,10.85,6.8,97.7008013045,8.5,3.125,2020-01-22 09-12-19
9.29,9.95,10.69,6.96,97.620832322,8.5,3.062,2020-01-22 09-14-20
9.43,9.53,10.83,7.05,97.54083462050001,8.5,3.062,2020-01-22 09-15-20
9.29,9.77,10.47,7.06,97.43412634450002,8.5,3.125,2020-01-22 09-16-20
9.35,9.75,10.61,6.86,97.4874868645,8.5,3.187,2020-01-22 09-17-20
9.75,9.39,10.37,6.75,97.514162338,8.562,3.125,2020-01-22 09-18-20
9.39,9.77,10.61,6.72,97.54083462050001,8.5,3.125,2020-01-22 09-19-19
9.67,9.61,10.61,6.78,97.514162338,8.5,3.062,2020-01-22 09-20-20
9.25,9.89,10.57,6.64,97.54083462050001,8.5,3.062,2020-01-22 09-21-20
9.01,9.29,10.57,6.68,97.54083462050001,8.5,3.125,2020-01-22 09-22-20
9.19,9.61,11.09,6.78,97.514162338,8.5,3.062,2020-01-22 09-23-20
9.43,9.57,11.07,6.9,97.46080820000002,8.437,3.062,2020-01-22 09-24-20
9.49,9.81,10.83,6.96,97.43412634450002,8.437,3,2020-01-22 09-25-20
9.71,9.91,10.57,7.04,97.38075306050001,8.5,3,2020-01-22 09-27-20
9.85,9.89,11.55,7.2,97.3273670125,8.5,3,2020-01-22 09-28-20
10.05,10.19,11.17,7.22,97.27396820050001,8.5,3.062,2020-01-22 09-29-20
10.17,10.47,11.03,7.28,97.2205566245,8.562,3.062,2020-01-22 09-30-20
9.77,10.47,11.45,7.28,97.1136951805,8.625,3.125,2020-01-22 09-31-20
10.13,10.47,11.85,7.55,97.08697184200001,8.687,3.25,2020-01-22 09-33-20
10.09,10.57,12.05,7.68,97.00678268050001,8.75,3.312,2020-01-22 09-34-20
10.37,10.83,11.89,7.7,96.95330728450001,8.812,3.312,2020-01-22 09-35-20
10.61,10.75,11.95,7.72,96.8998191245,8.812,3.375,2020-01-22 09-36-20
10.57,10.93,11.95,7.76,96.84631820050001,8.875,3.375,2020-01-22 09-37-20
10.65,11.09,12.17,7.9,96.73927806050001,8.937,3.437,2020-01-22 09-38-19
10.83,11.37,12.27,8.02,96.68573884450001,9,3.437,2020-01-22 09-40-20
10.99,11.71,12.33,8.04,96.6321868645,9.062,3.437,2020-01-22 09-41-20
10.93,11.89,12.57,8.13,96.55183496200002,9.187,3.437,2020-01-22 09-42-20
10.93,12.27,12.81,8.2,96.4714543405,9.187,3.5,2020-01-22 09-43-20
10.89,11.93,12.61,8.3,96.31060694050001,9.312,3.562,2020-01-22 09-44-20
10.85,12.03,12.81,8.42,96.14964466450002,9.375,3.562,2020-01-22 09-45-20
11.65,12.27,13.45,8.6,96.14964466450002,9.437,3.562,2020-01-22 09-46-20
11.51,12.39,12.95,8.67,95.9348496005,9.5,3.625,2020-01-22 09-47-20
11.47,12.13,12.51,8.66,95.58537205,9.625,3.687,2020-01-22 09-48-20
11.31,12.43,12.63,8.56,95.100589768,9.687,3.812,2020-01-22 09-49-20
11.61,12.63,13.41,8.65,95.28923906450001,9.812,3.937,2020-01-22 09-50-20
11.41,12.87,13.45,8.73,95.50464680050001,9.937,4.062,2020-01-22 09-51-19
11.55,12.81,12.77,8.82,95.3161762,10,4.062,2020-01-22 09-52-20
11.13,12.77,12.51,8.88,94.9117841125,10.062,4.125,2020-01-22 09-53-20
11.75,12.91,12.53,8.85,94.64179051250001,10.125,4.125,2020-01-22 09-54-20
11.37,12.47,12.61,9.06,94.722822098,10.187,4.125,2020-01-22 09-55-18
11.41,11.57,12.17,8.88,94.3714778125,10.25,4.125,2020-01-22 09-56-20
11.55,11.51,12.05,9.23,94.58775350050001,10.312,4.187,2020-01-22 09-57-19
11.65,10.47,11.55,9.54,94.26326338450001,10.437,4.062,2020-01-22 09-59-20
11.13,9.77,10.85,9.49,94.34442899200002,10.437,4,2020-01-22 10-00-19
11.45,9.85,11.57,9.4,94.26326338450001,10.437,4,2020-01-22 10-01-19
11.45,10.19,11.33,9.33,94.1008460125,10.437,4.062,2020-01-22 10-02-20
11.33,9.43,11.09,9.34,94.1549979005,10.437,4.062,2020-01-22 10-03-20
11.31,9.63,10.03,9.43,94.1549979005,10.437,4,2020-01-22 10-04-19
11.27,9.75,11.07,9.39,94.1008460125,10.437,3.937,2020-01-22 10-05-19
10.89,9.85,10.71,9.12,93.53148056200001,10.437,3.937,2020-01-22 10-06-20
11.23,10.27,10.95,9.16,93.4500277645,10.437,3.937,2020-01-22 10-07-19
11.31,9.67,11.41,9.24,93.42287045,10.312,3.875,2020-01-22 10-08-20
11.33,9.81,11.09,9.36,93.4500277645,10.312,4,2020-01-22 10-09-20
11.51,10.37,11.67,9.51,93.34137936050001,10.312,4.062,2020-01-22 10-10-20
11.17,10.33,10.05,9.53,92.9062751845,10.375,4.125,2020-01-22 10-11-20
11.33,11.23,11.71,9.54,92.715660232,10.375,4.125,2020-01-22 10-12-20
11.51,10.69,11.57,9.47,92.497623112,10.437,4.187,2020-01-22 10-13-20
11.57,10.69,11.61,9.63,92.82460220800002,10.5,4.125,2020-01-22 10-14-20
11.79,10.71,11.95,9.59,92.27938176800001,10.437,4.125,2020-01-22 10-15-20
11.33,10.69,10.09,9.46,92.14287722050001,10.437,4.062,2020-01-22 10-16-20
11.55,9.91,10.95,9.58,92.3066731045,10.437,4.062,2020-01-22 10-17-20
11.95,10.41,11.41,9.74,92.4703541125,10.437,4.062,2020-01-22 10-18-20
11.89,10.13,11.67,10.01,92.497623112,10.5,4.062,2020-01-22 10-19-20
11.93,10.09,11.55,10.08,92.52488892050002,10.562,4.125,2020-01-22 10-20-20
12.19,10.41,12.19,10.19,92.52488892050002,10.562,4.062,2020-01-22 10-21-20
12.47,10.27,11.85,10.32,92.3612462045,10.625,4.062,2020-01-22 10-22-20
12.27,10.99,12.37,10.14,91.5960612805,10.687,4.062,2020-01-22 10-23-19
11.81,11.67,11.71,9.82,91.04796894050001,10.75,4.062,2020-01-22 10-24-20
12.13,10.83,12.05,9.95,91.732884928,10.812,4.187,2020-01-22 10-25-20
12.19,10.57,11.85,10.2,92.22478952200001,10.812,4.25,2020-01-22 10-26-20
11.93,10.47,11.47,10.14,91.9789664605,10.937,4.25,2020-01-22 10-27-20
12.05,10.27,12.03,10.12,91.86962880050001,10.875,4.187,2020-01-22 10-28-20
12.27,10.89,12.29,9.95,91.23994645,10.937,4.125,2020-01-22 10-29-20
11.95,11.03,12.19,9.82,91.26735904450001,10.937,4.125,2020-01-22 10-30-20
11.95,11.33,11.95,9.42,91.51392880000002,10.937,4.125,2020-01-22 10-31-20
11.65,11.31,12.23,9.1,91.81494082450001,10.937,4.187,2020-01-22 10-32-20
11.65,11.41,12.39,8.81,92.4158065405,10.937,4.125,2020-01-22 10-33-20
11.31,10.55,11.65,8.52,92.63392024450002,10.937,4.125,2020-01-22 10-34-20
11.23,10.17,11.89,8.32,92.93349312800001,10.812,4.125,2020-01-22 10-35-20
10.93,10.47,12.03,8.06,92.8518297245,10.75,3.937,2020-01-22 10-36-19
10.75,10.05,11.31,7.93,93.1239293845,10.687,3.812,2020-01-22 10-37-20
10.31,10.13,10.79,7.66,93.1239293845,10.5,3.687,2020-01-22 10-38-20
10.19,10.37,10.37,7.4,92.7973715005,10.437,3.562,2020-01-22 10-39-20
10.09,9.81,10.23,7.3,92.66117009800001,10.312,3.5,2020-01-22 10-40-20
9.91,10.03,10.61,7.26,92.9062751845,10.187,3.5,2020-01-22 10-41-20
10.05,10.09,10.79,7.46,93.0151278125,10.062,3.5,2020-01-22 10-42-19
9.89,10.31,10.71,7.5,92.8518297245,10.062,3.5,2020-01-22 10-43-20
9.91,10.47,10.75,7.52,92.770137602,9.937,3.5,2020-01-22 10-44-20
9.99,10.89,10.69,7.56,92.7973715005,9.875,3.437,2020-01-22 10-45-19
9.85,10.17,10.79,7.5,92.63392024450002,9.875,3.437,2020-01-22 10-46-20
10.03,10.19,10.57,7.5,92.63392024450002,9.812,3.437,2020-01-22 10-47-20
9.57,10.41,10.23,7.44,92.52488892050002,9.75,3.437,2020-01-22 10-48-20
9.61,10.65,10.51,7.46,92.4703541125,9.687,3.375,2020-01-22 10-49-19
9.61,10.57,10.41,7.44,92.4158065405,9.625,3.375,2020-01-22 10-50-20
9.47,10.23,10.03,7.32,92.14287722050001,9.625,3.375,2020-01-22 10-51-20
9.47,9.99,10.09,7.34,92.33396125000002,9.562,3.375,2020-01-22 10-52-20
9.11,10.09,9.81,7.22,92.14287722050001,9.562,3.312,2020-01-22 10-53-20
9.39,9.85,9.85,7.22,92.2520872405,9.5,3.312,2020-01-22 10-54-20
9.07,8.93,9.71,7.15,92.1974886125,9.5,3.375,2020-01-22 10-55-20
9.03,10.37,9.63,7.08,92.1974886125,9.437,3.375,2020-01-22 10-56-20
9.03,10.37,9.67,7.02,92.170184512,9.375,3.312,2020-01-22 10-57-20
8.97,10.33,9.63,7.02,92.2520872405,9.312,3.25,2020-01-22 10-58-20
9.07,10.09,9.63,7,92.1974886125,9.25,3.312,2020-01-22 10-59-20
8.71,10.17,9.25,7,92.2520872405,9.25,3.312,2020-01-22 11-00-20
8.69,10.23,9.21,6.96,92.1974886125,9.187,3.312,2020-01-22 11-01-20
8.69,9.99,9.63,6.92,92.22478952200001,9.125,3.375,2020-01-22 11-02-20
8.83,10.03,9.33,6.84,92.1974886125,9.125,3.375,2020-01-22 11-03-20
9.07,9.75,9.43,6.92,92.3612462045,9.062,3.312,2020-01-22 11-04-20
8.89,10.27,9.19,7.02,92.4158065405,9.062,3.312,2020-01-22 11-05-20
8.69,9.81,9.39,7.07,92.4703541125,9,3.312,2020-01-22 11-06-19
8.51,9.95,9.03,7,92.3066731045,9,3.375,2020-01-22 11-07-20
8.61,9.85,9.15,6.92,92.170184512,8.937,3.25,2020-01-22 11-08-20
8.79,10.03,9.33,7.08,92.3612462045,8.937,3.312,2020-01-22 11-09-20
8.65,10.03,9.63,7.12,92.3066731045,8.875,3.312,2020-01-22 11-10-20
8.51,9.95,9.29,6.97,92.14287722050001,8.875,3.312,2020-01-22 11-11-20
8.41,9.85,9.25,6.92,92.08825306450001,8.875,3.25,2020-01-22 11-12-19
8.69,10.03,9.25,6.89,92.06093620000001,8.812,3.187,2020-01-22 11-13-19
8.55,10.37,9.39,6.9,92.14287722050001,8.875,3.187,2020-01-22 11-14-20
9.15,9.95,9.53,7.04,92.22478952200001,8.812,3.187,2020-01-22 11-15-20
8.87,10.17,9.33,7.11,92.27938176800001,8.812,3.25,2020-01-22 11-16-20
8.93,10.27,9.81,7.12,91.92430401250002,8.812,3.187,2020-01-22 11-17-20
8.65,10.31,9.77,7.24,91.92430401250002,8.812,3.312,2020-01-22 11-18-20
9.21,10.19,10.03,7.16,91.842286408,8.875,3.25,2020-01-22 11-19-19
8.75,10.19,9.77,7.19,91.7055265805,8.937,3.187,2020-01-22 11-20-20
8.83,10.65,10.27,7.32,91.65080031250001,8.937,3.125,2020-01-22 11-21-20
9.03,10.79,10.03,7.33,91.349577682,9,3.125,2020-01-22 11-22-20
9.19,11.07,9.99,7.48,91.26735904450001,9.062,3.187,2020-01-22 11-23-20
9.47,10.79,10.05,7.67,91.32217466050001,9.125,3.25,2020-01-22 11-24-20
9.21,11.37,10.37,7.75,91.1576895205,9.187,3.25,2020-01-22 11-25-20
9.57,11.27,10.89,8,91.02053081800001,9.312,3.312,2020-01-22 11-27-20
9.77,11.13,10.83,8.06,90.80091096200002,9.312,3.437,2020-01-22 11-28-20
9.57,11.17,10.75,8.05,90.55359451250001,9.437,3.437,2020-01-22 11-29-20
9.91,11.27,10.89,8.08,90.38857328450001,9.5,3.375,2020-01-22 11-30-20
9.77,11.81,10.79,8.2,90.22343718050001,9.562,3.437,2020-01-22 11-31-20
9.95,11.41,11.31,8.18,89.7273396125,9.562,3.437,2020-01-22 11-32-19
10.05,11.99,11.13,8.17,89.920389298,9.687,3.5,2020-01-22 11-33-20
9.89,11.95,11.57,8.31,90.22343718050001,9.75,3.562,2020-01-22 11-34-20
10.09,11.99,11.03,8.31,89.89282034450001,9.812,3.562,2020-01-22 11-35-20
10.17,11.65,11.03,8.43,90.08573600800001,9.875,3.687,2020-01-22 11-36-20
10.05,11.13,9.67,8.48,89.7273396125,9.937,3.75,2020-01-22 11-37-20
10.31,11.75,10.71,8.56,89.61695530450001,9.937,3.75,2020-01-22 11-38-19
10.27,11.79,10.43,8.48,89.2302081605,9.937,3.75,2020-01-22 11-39-19
10.23,11.07,10.69,8.59,89.17490751250001,9.937,3.75,2020-01-22 11-40-20
10.17,10.57,10.89,8.89,89.39603352050001,9.937,3.625,2020-01-22 11-41-20
10.31,11.57,10.23,9,88.6766273005,9.937,3.687,2020-01-22 11-42-20
10.19,11.51,10.51,8.95,88.0662141125,9.937,3.75,2020-01-22 11-43-20
10.27,11.57,10.37,8.98,87.7882430125,9.875,3.687,2020-01-22 11-44-20
10.83,11.13,11.23,9.46,87.704789458,9.937,3.75,2020-01-22 11-46-20
10.51,11.85,11.03,9.42,86.72904264050001,10,3.75,2020-01-22 11-47-20
10.57,12.09,11.09,9.36,86.5054659445,10,3.875,2020-01-22 11-48-20
10.69,11.93,10.75,9.52,86.39360101250001,10.062,3.875,2020-01-22 11-49-20
10.69,12.19,11.17,9.4,85.805472482,10.125,3.937,2020-01-22 11-50-20
10.89,12.17,11.45,9.5,86.05769988050001,10.125,4.062,2020-01-22 11-51-19
10.51,12.27,10.89,9.52,85.6652344645,10.187,4,2020-01-22 11-52-20
10.95,12.39,9.89,9.6,85.49684354050001,10.25,3.937,2020-01-22 11-53-20
10.65,11.65,10.43,9.56,85.3845191045,10.25,4,2020-01-22 11-54-20
10.69,12.43,10.47,9.58,85.1597170645,10.312,4,2020-01-22 11-55-20
11.47,11.51,11.09,9.88,85.69328845000001,10.312,4.125,2020-01-22 11-56-20
11.03,11.17,10.93,10.1,85.32833774050002,10.375,4.187,2020-01-22 11-57-19
11.17,10.85,10.89,10.34,84.624993728,10.437,4.062,2020-01-22 11-59-20
11.13,11.17,11.37,10.43,84.1455806125,10.437,4,2020-01-22 12-00-20
11.17,11.41,10.89,10.34,83.4671921245,10.5,4,2020-01-22 12-01-20
11.31,11.23,10.69,10.3,83.5803845125,10.5,4,2020-01-22 12-02-20
11.57,10.13,11.33,10.53,83.86314211250001,10.437,4.125,2020-01-22 12-03-20
11.95,10.99,11.61,10.82,84.42770001250001,10.562,4.062,2020-01-22 12-04-19
11.93,10.41,11.47,11.08,83.9196553405,10.625,4.062,2020-01-22 12-05-20
12.43,10.51,11.99,11.28,83.12730862450002,10.75,4,2020-01-22 12-06-20
12.05,11.03,11.67,11.26,83.12730862450002,10.812,4.062,2020-01-22 12-07-20
12.33,10.33,11.99,11.43,83.07061670050001,10.937,4.062,2020-01-22 12-08-20
12.29,10.57,12.19,11.45,82.6734158405,11.062,4.062,2020-01-22 12-09-20
12.53,10.41,11.75,11.46,82.0195138,11.187,4.125,2020-01-22 12-10-20
12.81,10.93,12.27,11.62,82.30402645000001,11.25,4.187,2020-01-22 12-11-20
12.95,10.85,12.17,11.65,81.87713781250001,11.375,4.125,2020-01-22 12-12-20
12.61,11.17,12.05,11.52,80.6780300005,11.437,4.125,2020-01-22 12-13-20
12.87,11.23,12.05,11.4,81.10692896800002,11.437,4.062,2020-01-22 12-14-20
12.29,10.83,11.47,11.4,81.30683611250001,11.437,4.125,2020-01-22 12-15-20
12.05,10.65,10.95,10.94,80.10504786050001,11.437,4.125,2020-01-22 12-16-19
11.41,10.41,10.71,10.52,80.4489903125,11.375,4.187,2020-01-22 12-17-20
11.55,10.31,10.19,10.18,80.79247326050002,11.187,4.125,2020-01-22 12-18-20
11.55,10.33,10.19,10.14,81.70618132450001,11.062,4.125,2020-01-22 12-19-20
11.71,9.53,10.03,10.02,81.4780606445,10.937,3.937,2020-01-22 12-20-20
10.57,9.71,10.09,9.76,81.44953120000001,10.812,3.937,2020-01-22 12-21-20
10.75,9.35,9.49,9.44,81.13549670450001,10.687,4.062,2020-01-22 12-22-20
10.57,9.57,9.67,9.12,81.30683611250001,10.562,4.062,2020-01-22 12-23-19
10.33,9.53,9.39,8.98,82.41774216200001,10.437,4.062,2020-01-22 12-24-20
10.37,8.59,8.83,9.04,83.04226595200001,10.312,4.062,2020-01-22 12-25-19
10.05,8.65,8.75,9.01,83.07061670050001,10.187,3.937,2020-01-22 12-26-20
9.89,8.65,7.29,8.84,82.4461631125,10,3.937,2020-01-22 12-27-20
9.61,8.75,8.89,8.68,82.1049011005,9.875,3.875,2020-01-22 12-28-20
9.75,8.79,8.75,8.71,82.55981500450001,9.75,3.875,2020-01-22 12-29-20
9.63,8.59,9.03,8.8,82.928831048,9.625,3.812,2020-01-22 12-30-20
9.53,8.83,8.75,8.74,82.58822,9.5,3.875,2020-01-22 12-31-20
9.39,8.47,8.41,8.67,82.84372136450001,9.375,3.937,2020-01-22 12-32-20
9.43,8.65,8.87,8.78,82.9571945605,9.312,3.75,2020-01-22 12-33-20
9.49,9.33,8.61,8.8,82.38931802050001,9.25,3.812,2020-01-22 12-34-20
9.71,9.85,8.89,8.72,82.3324601645,9.187,3.812,2020-01-22 12-35-20
10.69,10.51,10.37,9.12,83.07061670050001,9.25,3.812,2020-01-22 12-36-19
10.55,9.49,10.05,9.6,82.50299544050002,9.25,3.875,2020-01-22 12-37-20
10.89,9.63,10.41,10.16,81.70618132450001,9.375,3.937,2020-01-22 12-38-20
11.55,10.69,10.95,10.53,81.0783580405,9.5,4.062,2020-01-22 12-39-20
12.03,11.09,11.79,11.06,81.53510996050001,9.625,4.25,2020-01-22 12-40-20
12.37,11.23,12.03,11.5,80.4489903125,9.875,4.375,2020-01-22 12-41-19
12.43,11.21,12.09,11.96,78.2051507405,10.25,4.375,2020-01-22 12-43-20
12.61,11.55,12.37,11.98,78.49390742050001,10.437,4.5,2020-01-22 12-44-20
12.23,10.85,12.09,11.9,78.5804722,10.562,4.5,2020-01-22 12-45-20
12.23,10.27,11.21,11.78,78.2629276045,10.75,4.5,2020-01-22 12-46-20
11.79,9.81,10.61,11.38,76.95986087200001,10.812,4.5,2020-01-22 12-47-20
11.65,9.81,10.27,10.98,77.1629845445,10.875,4.625,2020-01-22 12-48-20
11.37,9.77,9.67,10.71,77.4528899845,10.875,4.562,2020-01-22 12-49-19
11.07,9.67,9.91,10.44,78.0317435645,10.812,4.5,2020-01-22 12-50-20
11.21,9.95,9.95,10.26,78.0028312,10.687,4.5,2020-01-22 12-51-20
10.69,9.63,9.25,9.79,77.5687628125,10.625,4.562,2020-01-22 12-52-20
10.95,10.37,9.57,9.72,79.67447361800001,10.375,4.5,2020-01-22 12-54-20
10.61,9.99,9.81,10.02,79.5307893205,10.25,4.437,2020-01-22 12-55-20
10.95,10.09,9.03,10.12,79.041665992,10.187,4.5,2020-01-22 12-56-20
11.45,10.13,11.21,10.66,79.5882726125,10.187,4.562,2020-01-22 12-57-20
12.03,9.95,11.37,11.13,78.72468301250001,10.25,4.562,2020-01-22 12-58-20
11.99,10.83,10.47,11.22,77.71353205000001,10.375,4.625,2020-01-22 12-59-20
11.07,10.95,10.23,10.73,76.2331427845,10.375,4.687,2020-01-22 13-00-20
10.99,10.99,10.65,10.48,77.39493442450001,10.375,4.625,2020-01-22 13-01-20
11.03,11.03,9.75,10.16,77.68458458450002,10.375,4.687,2020-01-22 13-02-20
10.95,11.03,9.81,9.85,77.59772304200001,10.312,4.562,2020-01-22 13-03-20
10.71,10.23,10.17,9.76,78.46504611200001,10.187,4.562,2020-01-22 13-04-20
10.83,9.99,10.31,9.87,78.95525438050001,10.125,4.437,2020-01-22 13-05-20
11.21,10.27,10.71,10.22,79.01286531250001,10.125,4.312,2020-01-22 13-06-20
10.79,10.23,10.43,10.24,77.91607496050001,10.062,4.25,2020-01-22 13-07-20
10.93,10.85,10.41,10.33,77.39493442450001,10.125,4.312,2020-01-22 13-08-19
11.07,9.81,10.79,10.42,77.19198944800002,10.125,4.375,2020-01-22 13-09-20
11.67,11.61,11.93,10.84,76.66941296200001,10.187,4.375,2020-01-22 13-10-20
11.89,12.29,12.09,11.09,76.02930432800001,10.312,4.375,2020-01-22 13-11-20
12.37,13.25,12.29,11.45,75.8253095125,10.437,4.375,2020-01-22 13-12-20
12.51,12.91,12.37,11.61,74.5101808,10.562,4.312,2020-01-22 13-13-20
12.27,13.07,11.93,11.79,74.48088232450002,10.687,4.312,2020-01-22 13-14-20
12.53,13.75,12.67,11.68,74.30502446050001,10.812,4.375,2020-01-22 13-15-20
12.39,13.99,12.37,11.52,73.982320018,10.875,4.437,2020-01-22 13-16-20
12.39,13.59,12.51,11.44,74.01167274050002,10.937,4.437,2020-01-22 13-17-20
12.95,13.45,12.81,11.49,74.334342082,11.062,4.5,2020-01-22 13-18-20
12.91,13.01,13.45,11.6,74.59805708050001,11.187,4.5,2020-01-22 13-19-20
12.87,12.81,13.15,11.86,74.36365651250001,11.25,4.437,2020-01-22 13-20-20
12.37,12.95,11.71,11.43,72.274402312,11.437,4.437,2020-01-22 13-22-20
12.77,13.59,12.81,11.23,74.12905172050002,11.5,4.437,2020-01-22 13-23-20
12.51,13.11,13.05,11.19,74.24637964450001,11.5,4.625,2020-01-22 13-24-20
12.39,13.15,13.49,10.94,74.099711762,11.5,4.5,2020-01-22 13-25-20
12.51,13.41,13.81,11.1,74.7151807805,11.5,4.562,2020-01-22 13-26-20
12.47,13.81,14.09,11.18,74.0703686125,11.562,4.562,2020-01-22 13-27-19
13.31,14.55,14.89,11.66,74.01167274050002,11.562,4.437,2020-01-22 13-28-20
13.35,15.11,13.95,11.9,73.4828355125,11.625,4.562,2020-01-22 13-29-20
13.59,14.85,14.31,11.94,73.12970298050001,11.75,4.562,2020-01-22 13-30-20
13.39,15.01,14.51,12.16,73.4240120005,11.812,4.75,2020-01-22 13-31-20
13.71,15.35,14.79,12.23,72.06754836050001,11.875,4.937,2020-01-22 13-32-20
14.15,16.01,15.77,12.55,71.86053805,12,4.937,2020-01-22 13-33-20
14.81,17.15,16.69,13.36,69.7818352,12.25,4.75,2020-01-22 13-35-19
14.99,17.05,17.15,13.59,69.45376030450001,12.437,4.812,2020-01-22 13-36-20
15.21,17.83,17.31,13.98,69.06553763200002,12.625,4.937,2020-01-22 13-37-20
15.67,17.17,17.83,14.58,67.567347682,12.875,5.062,2020-01-22 13-39-20
16.07,17.95,18.25,14.37,66.000767602,13.25,5.25,2020-01-22 13-40-20
16.13,17.67,18.09,14.38,66.4535512045,13.375,5.25,2020-01-22 13-41-20
16.21,17.33,18.47,14.41,65.5472660245,13.5,5.187,2020-01-22 13-42-20
16.13,18.41,18.17,14.35,65.27482045,13.625,5.062,2020-01-22 13-43-20
16.21,18.31,17.99,14.56,65.335386248,13.75,4.937,2020-01-22 13-44-20
16.39,18.49,18.05,14.7,65.18394782050001,13.812,5,2020-01-22 13-45-20
16.69,18.63,18.71,14.6,63.878284232,13.937,5,2020-01-22 13-46-19
16.49,18.97,18.25,14.75,64.607754248,14,4.875,2020-01-22 13-47-20
16.29,18.43,18.27,15.05,64.18245344200001,14.062,5.062,2020-01-22 13-48-20
16.63,18.95,19.35,14.8,63.085950898,14.125,5.062,2020-01-22 13-49-20
16.89,18.87,19.35,14.78,63.4214321045,14.25,5.187,2020-01-22 13-50-20
16.65,18.47,18.85,14.74,63.085950898,14.375,5.25,2020-01-22 13-51-20
16.89,18.49,19.45,14.73,63.024912832000005,14.375,5.125,2020-01-22 13-52-19
16.89,18.21,19.45,14.8,63.17748406450001,14.5,5.312,2020-01-22 13-53-19
17.11,18.41,20.09,14.68,63.512859968,14.562,5.375,2020-01-22 13-54-20
17.17,17.73,20.05,14.75,63.146976200000005,14.625,5.625,2020-01-22 13-55-20
17.11,17.93,19.45,14.76,62.658416392000014,14.75,5.437,2020-01-22 13-56-20
17.79,18.17,20.33,14.98,63.085950898,14.812,5.375,2020-01-22 13-57-19
18.49,19.61,20.21,15.9,62.046567872000004,14.937,5.562,2020-01-22 13-59-20
18.75,19.79,20.93,16.29,60.88053920200001,15.062,5.687,2020-01-22 14-00-19
18.81,19.63,21.45,16.68,59.493756584500005,15.125,5.75,2020-01-22 14-01-20
19.71,19.99,22.23,17.28,58.87533460450001,15.125,5.937,2020-01-22 14-02-20
20.61,21.97,22.17,18.36,57.04355313800001,15.5,6.062,2020-01-22 14-03-20
21.07,23.99,23.09,19.71,54.542039698,15.687,6.062,2020-01-22 14-04-19
21.17,23.97,22.47,20.5,53.15750225800001,16,6.062,2020-01-22 14-05-20
21.91,23.87,23.39,20.4,50.973855704500004,16.375,6.312,2020-01-22 14-06-20
22.41,23.85,24.57,20.65,51.322991200000004,16.687,6.375,2020-01-22 14-07-20
23.33,26.23,24.89,21.98,49.669130888000005,17.062,6.5,2020-01-22 14-08-20
23.85,27.25,24.09,22.88,47.621765512,17.5,6.625,2020-01-22 14-09-20
22.77,25.11,23.71,22.5,47.974586612500005,17.875,6.625,2020-01-22 14-10-20
23.33,26.73,24.51,22.45,46.914964978,18.062,6.625,2020-01-22 14-11-20
23.45,26.31,24.47,22.22,48.647081992000004,18.312,6.562,2020-01-22 14-12-20
22.63,24.17,23.47,21.07,47.33280651250001,18.562,6.812,2020-01-22 14-13-20
22.43,25.31,23.23,20.72,48.902900552000006,18.687,6.625,2020-01-22 14-14-20
22.57,25.37,23.71,21.05,48.9348635125,18.75,6.562,2020-01-22 14-15-20
22.93,25.19,22.77,21.13,48.7750168,18.875,6.687,2020-01-22 14-16-20
22.89,25.11,23.53,21.4,48.67907048050001,18.937,6.75,2020-01-22 14-17-20
23.09,25.73,24.23,21.26,47.5896717205,19.062,6.75,2020-01-22 14-18-20
24.63,27.93,25.11,22.43,48.902900552000006,19.187,6.812,2020-01-22 14-19-20
24.77,28.85,25.17,23.56,46.142148418000005,19.312,7,2020-01-22 14-20-20
25.23,28.69,26.31,24.12,43.715250080500006,19.562,7.125,2020-01-22 14-21-20
24.93,27.15,25.69,23.31,43.39030746050001,19.875,7.062,2020-01-22 14-22-20
24.03,26.29,24.17,22.68,45.69048995200001,20.062,7.312,2020-01-22 14-23-19
23.29,24.69,23.15,22.1,45.81959904800001,20.125,7.187,2020-01-22 14-24-20
23.65,26.37,23.75,21.92,47.172162050000004,20.125,7.062,2020-01-22 14-25-20
22.93,25.85,22.69,21.38,47.718027740500006,20.062,7.062,2020-01-22 14-26-19
22.13,24.93,21.91,21.01,47.30068400200001,20,7.375,2020-01-22 14-27-20
22.23,25.37,22.23,20.62,48.07074353800001,19.875,7.062,2020-01-22 14-28-20
21.79,24.09,20.23,20.25,48.006642112,19.75,7.062,2020-01-22 14-29-20
22.11,24.65,22.05,20.02,49.35009161800001,19.625,6.812,2020-01-22 14-30-20
22.25,25.47,21.79,20.51,49.158514888000006,19.562,6.812,2020-01-22 14-31-20
22.19,25.79,22.69,20.58,49.1265742645,19.562,6.875,2020-01-22 14-32-19
22.47,25.47,22.69,20.95,47.782186604500005,19.5,6.625,2020-01-22 14-33-20
22.41,25.67,22.89,21.03,48.102789464500006,19.5,6.562,2020-01-22 14-34-20
21.79,25.01,22.13,20.68,48.45508405,19.625,6.687,2020-01-22 14-35-19
21.27,24.53,21.61,19.9,48.102789464500006,19.625,6.5,2020-01-22 14-36-19
22.71,26.15,23.63,20.61,48.134832200000005,19.625,6.187,2020-01-22 14-37-20
23.69,27.55,24.69,21.98,46.979283392000006,19.687,6.375,2020-01-22 14-38-20
24.21,28.99,23.85,22.78,44.979477298000006,19.875,6.375,2020-01-22 14-39-20
24.11,28.59,24.63,22.87,44.461407122000004,20,6.5,2020-01-22 14-40-20
22.65,25.11,22.75,21.65,44.85003633800001,20.187,6.375,2020-01-22 14-41-20
21.77,24.57,21.51,19.9,47.750108768000004,20.25,6.312,2020-01-22 14-42-19
21.63,25.79,21.45,19,48.711055778,20.25,6,2020-01-22 14-44-20
22.41,26.85,22.31,20.09,49.38200990450001,20.187,6,2020-01-22 14-45-20
24.17,25.81,22.93,21.65,47.043589042,20.187,6.125,2020-01-22 14-46-20
24.59,24.81,22.59,23.38,44.526210568,20.312,6.312,2020-01-22 14-47-20
24.99,25.05,23.45,23.98,44.007425608000005,20.375,6.5,2020-01-22 14-48-20
24.93,27.53,23.23,24.38,41.335831250000005,20.562,6.75,2020-01-22 14-49-19
23.65,23.93,21.77,22.7,42.902295218,20.812,6.687,2020-01-22 14-50-20
23.05,25.97,22.11,21.49,44.33176193800001,20.937,6.562,2020-01-22 14-51-20
23.05,25.99,21.39,20.4,43.81267064200001,20.937,6.5,2020-01-22 14-52-20
22.41,26.05,22.17,20.37,46.850633800000004,21,6.375,2020-01-22 14-53-20
21.95,24.21,21.21,19.74,47.878400968,21,6.375,2020-01-22 14-54-20
22.47,25.93,22.71,19.84,47.685943522,20.937,6.312,2020-01-22 14-55-20
24.71,30.09,25.35,22.23,46.81846342450001,20.875,6.437,2020-01-22 14-56-20
24.53,29.43,23.69,23.09,44.33176193800001,21,6.625,2020-01-22 14-57-20
25.19,30.79,24.65,23.7,42.96740500000001,21.125,6.875,2020-01-22 14-58-20
24.63,28.95,23.29,22.91,44.2669202,21.25,7.125,2020-01-22 14-59-20
23.47,27.95,22.93,22.07,43.16265776200001,21.375,7.25,2020-01-22 15-00-19
23.69,28.13,22.65,21.74,43.227716488000006,21.437,7,2020-01-22 15-01-20
22.31,24.71,20.65,20.72,45.56132980000001,21.437,6.875,2020-01-22 15-02-20
21.49,24.41,20.83,19.35,45.98091362050001,21.375,6.75,2020-01-22 15-03-20
20.81,23.11,18.91,18.64,47.65385611250001,21.312,6.812,2020-01-22 15-04-20
21.07,25.35,20.45,18.94,46.6253741605,21.125,6.687,2020-01-22 15-05-20
20.77,24.29,20.83,18.7,48.806992524500004,21,6.625,2020-01-22 15-06-20
20.71,23.39,21.43,18.59,49.094630450000004,20.812,6.562,2020-01-22 15-07-20
20.23,23.15,20.51,18,49.158514888000006,20.562,6.5,2020-01-22 15-08-19
20.45,23.87,21.33,17.66,50.94209696800001,20.437,6.437,2020-01-22 15-09-20
20.09,23.57,20.23,17.39,50.75147753800001,20.312,6.312,2020-01-22 15-10-20
19.99,23.23,19.07,17.54,51.44985383200001,20.125,6.25,2020-01-22 15-11-20
21.29,26.11,21.55,18.54,50.560743232,20,6.062,2020-01-22 15-12-20
21.29,24.95,22.13,19.02,50.17892999200001,19.875,6.062,2020-01-22 15-13-20
21.01,24.95,20.93,18.74,50.242597442000005,19.875,6.125,2020-01-22 15-14-20
21.55,26.09,21.27,19.22,49.605348562,19.812,6.062,2020-01-22 15-15-20
20.45,24.23,20.39,18.38,47.782186604500005,19.75,6.062,2020-01-22 15-16-20
20.51,24.51,21.67,18.24,50.8468016125,19.687,6.125,2020-01-22 15-17-20
20.67,25.11,21.49,18.28,51.196077512,19.625,6.187,2020-01-22 15-18-20
20.49,25.01,22.05,18.36,48.647081992000004,19.625,6.187,2020-01-22 15-19-19
20.15,22.93,21.29,17.42,50.75147753800001,19.625,6.187,2020-01-22 15-20-20
19.93,23.47,20.77,17.05,51.22781072050001,19.562,6.187,2020-01-22 15-21-20
19.51,22.17,20.61,16.59,51.51326600200001,19.562,6.25,2020-01-22 15-22-20
19.09,21.97,19.87,16.18,52.778828962000006,19.562,6.062,2020-01-22 15-23-20
18.33,21.33,18.97,15.62,54.03928632200001,19.437,6.062,2020-01-22 15-24-20
18.59,21.55,19.07,15.41,54.542039698,19.187,5.875,2020-01-22 15-25-20
18.31,20.73,19.29,15.29,54.8872087805,19.062,5.75,2020-01-22 15-26-20
18.01,20.65,19.19,15.2,55.13799832450001,18.875,5.625,2020-01-22 15-27-19
18.15,20.43,18.43,15.13,56.5136903125,18.625,5.625,2020-01-22 15-28-17
18.15,20.43,18.43,15.13,56.5136903125,18.625,5.625,2020-01-22 15-28-20
17.79,20.43,18.09,14.96,55.732805000000006,18.562,5.625,2020-01-22 15-29-20
17.53,18.95,17.27,14.41,56.54488424200001,18.375,5.625,2020-01-22 15-30-20
17.57,18.43,18.63,14.25,57.60357920000001,18.375,5.625,2020-01-22 15-31-20
17.25,18.91,18.69,13.91,57.85214780800001,18.25,5.562,2020-01-22 15-32-20
17.59,19.23,18.41,14,56.88780686050001,18.187,5.562,2020-01-22 15-33-19
16.79,16.39,16.75,14.6,58.84438,17.937,5.75,2020-01-22 15-35-20
17.57,18.71,17.53,14.82,57.354806368,17.812,5.875,2020-01-22 15-36-20
17.59,17.63,18.55,14.6,58.47267584800001,17.625,6,2020-01-22 15-37-20
17.01,15.91,16.37,14.92,57.91425805,17.562,6,2020-01-22 15-38-20
16.65,15.91,16.57,14.91,57.821087900500004,17.375,5.937,2020-01-22 15-39-20
16.47,15.45,16.65,14.56,57.16809272200001,17,5.937,2020-01-22 15-41-20
16.23,14.49,15.11,14.35,56.95011494450001,16.75,6,2020-01-22 15-42-20
15.65,14.59,15.09,13.95,56.88780686050001,16.5,6.125,2020-01-22 15-43-20
16.03,13.75,15.67,13.8,57.41701872200001,16.25,6.187,2020-01-22 15-44-20
15.57,15.01,15.91,13.84,56.82548601250001,15.937,6.312,2020-01-22 15-45-20
16.29,15.91,16.63,14.48,56.731980808,15.687,6.437,2020-01-22 15-46-19
16.99,16.99,17.73,15.52,55.20066380050001,15.437,6.562,2020-01-22 15-47-20
16.49,16.03,16.59,15.41,53.97638471200001,15.375,6.625,2020-01-22 15-48-20
17.63,16.73,17.99,16.22,53.3781828125,15.312,6.562,2020-01-22 15-49-20
18.05,19.41,19.13,17.6,51.51326600200001,15.312,6.812,2020-01-22 15-50-20
18.63,19.63,19.93,18.03,48.45508405,15.25,7.062,2020-01-22 15-51-20
19.07,19.83,20.09,18.97,49.030733248000004,15.25,7.375,2020-01-22 15-52-19
19.45,18.59,19.23,19.42,47.493371200000006,15.437,7.562,2020-01-22 15-53-19
20.09,20.15,19.95,19.64,46.01316696200001,15.625,7.75,2020-01-22 15-54-20
20.71,22.69,21.67,20.6,46.20662,15.875,7.937,2020-01-22 15-55-20
20.55,20.61,21.05,21.06,43.585311324500005,16.125,8.187,2020-01-22 15-56-20
20.67,21.89,21.05,20.81,44.202065698000006,16.437,8.25,2020-01-22 15-57-20
20.51,20.21,20.33,20.5,43.325280644500005,16.562,8.375,2020-01-22 15-58-20
20.51,21.49,20.87,20.64,43.45532151250001,16.687,8.187,2020-01-22 15-59-19
20.89,21.77,21.61,20.96,43.325280644500005,16.687,8.25,2020-01-22 16-00-19
22.05,22.65,22.75,21.52,42.511368482,16.75,8.125,2020-01-22 16-01-19
22.31,22.51,22.83,22.14,41.956769024500005,16.937,8.187,2020-01-22 16-02-20
22.69,22.93,23.23,22.53,41.139506312,17.187,8.312,2020-01-22 16-03-20
22.71,24.11,22.63,22.56,40.680968050000004,17.375,8.312,2020-01-22 16-04-19
22.59,24.11,23.45,22.97,40.221804352,17.562,8.562,2020-01-22 16-05-20
23.27,24.77,23.93,23.02,39.56477127200001,17.625,8.687,2020-01-22 16-06-20
23.11,25.53,24.11,23.44,39.301600648000004,17.687,8.75,2020-01-22 16-07-20
22.69,23.71,22.75,22.6,38.84056064200001,17.625,8.687,2020-01-22 16-08-20
23.09,24.69,23.53,22.9,39.827737672000005,17.562,8.75,2020-01-22 16-09-20
22.59,23.21,21.21,22.46,38.081780004500004,17.437,8.875,2020-01-22 16-10-20
22.37,22.19,22.25,22.2,38.675751924500005,17.312,8.875,2020-01-22 16-11-20
23.11,23.81,23.15,22.84,39.7948780405,17.312,8.875,2020-01-22 16-12-20
23.71,24.11,23.91,23.45,39.69628000000001,17.375,9,2020-01-22 16-13-20
22.43,22.37,21.83,22.36,38.972350178000006,17.562,9.062,2020-01-22 16-14-20
22.99,23.45,22.41,22.26,39.7948780405,17.687,8.812,2020-01-22 16-15-20
21.95,22.11,22.07,21.13,40.221804352,17.75,8.625,2020-01-22 16-16-20
21.85,22.25,22.13,19.95,41.204960722,17.625,8.375,2020-01-22 16-17-20
21.85,22.35,22.11,20.4,42.4135650005,17.437,8.375,2020-01-22 16-18-20
21.83,22.35,21.83,19.92,41.989418050000005,17.25,8.187,2020-01-22 16-19-20
22.01,22.51,21.63,20.32,42.119982242000006,17,8.062,2020-01-22 16-20-20
21.55,22.41,21.71,20.42,40.97581444450001,16.812,8.187,2020-01-22 16-21-20
22.13,23.87,22.83,20.99,40.877561032,16.625,8.25,2020-01-22 16-22-20
22.41,23.81,22.95,21.61,41.335831250000005,16.5,8.187,2020-01-22 16-23-19
21.89,23.11,21.95,21.48,39.4661062205,16.437,8.375,2020-01-22 16-24-20
21.37,22.75,21.89,20.63,39.63053201800001,16.312,8.312,2020-01-22 16-25-20
21.23,22.29,21.39,20.42,41.59741913800001,16.187,8.187,2020-01-22 16-26-20
20.43,20.93,19.35,19.28,41.924116808,16.125,8.125,2020-01-22 16-27-19
19.93,20.01,19.63,18.68,43.55281865800001,15.937,8,2020-01-22 16-28-20
19.67,19.33,19.33,17.6,44.655779168,15.687,7.812,2020-01-22 16-29-19
19.41,19.93,19.71,17.41,47.364925832000004,15.437,7.562,2020-01-22 16-30-20
19.35,19.89,19.41,17.56,45.755050882000006,15.25,7.5,2020-01-22 16-31-20
19.77,20.39,20.17,17.42,46.721933152000005,15,7.562,2020-01-22 16-32-20
19.35,19.35,19.39,17.18,46.36774311250001,14.875,7.625,2020-01-22 16-33-20
18.53,19.19,18.65,16.64,46.850633800000004,14.687,7.375,2020-01-22 16-34-20
18.69,19.13,18.87,16.6,47.5896717205,14.437,7.25,2020-01-22 16-35-20
18.47,19.07,18.41,15.88,48.03869442050001,14.25,7.125,2020-01-22 16-36-19
17.93,18.05,18.05,15.6,48.711055778,14.062,7.062,2020-01-22 16-37-20
17.79,18.63,18.11,15.76,49.35009161800001,13.687,7,2020-01-22 16-39-20
17.79,18.17,17.59,16.02,49.1265742645,13.562,7.062,2020-01-22 16-40-20
17.83,18.69,18.63,15.9,48.583095442,13.437,7.062,2020-01-22 16-41-20
17.47,18.11,17.27,15.52,49.158514888000006,13.312,7.187,2020-01-22 16-42-19
17.17,18.17,17.75,15.54,49.413925000000006,13.187,7.187,2020-01-22 16-43-20
17.47,17.53,17.33,15.68,49.35009161800001,13.125,7.187,2020-01-22 16-44-15
17.15,16.29,17.47,15.54,49.477745618,13.062,7.187,2020-01-22 16-45-20
17.75,18.09,17.89,15.18,50.083404884500005,13,6.875,2020-01-22 16-46-20
17.27,18.15,17.53,15.5,50.115249778000006,12.875,6.937,2020-01-22 16-47-20
17.11,17.43,17.33,15.56,49.38200990450001,12.812,7.062,2020-01-22 16-48-20
17.31,17.47,17.75,16.03,48.711055778,12.812,6.875,2020-01-22 16-49-19
17.51,18.47,18.05,15.87,48.45508405,12.75,6.937,2020-01-22 16-50-20
17.67,18.15,17.37,16.04,48.262971232000005,12.75,7.062,2020-01-22 16-51-20
16.29,16.53,16.03,15.56,48.583095442,12.75,7.125,2020-01-22 16-52-20
16.53,16.37,16.53,15.1,49.38200990450001,12.687,7.062,2020-01-22 16-53-20
16.33,16.17,16.07,14.6,49.955993400500006,12.5,6.937,2020-01-22 16-54-20
16.43,16.27,16.73,14.08,50.433523208000004,12.437,6.812,2020-01-22 16-55-20
16.39,16.39,16.29,14.12,51.132601522,12.25,6.812,2020-01-22 16-56-20
16.39,16.03,16.11,14.73,50.9103350405,12.187,6.75,2020-01-22 16-57-20
17.25,17.53,17.75,15.49,49.79665724800001,12.125,6.875,2020-01-22 16-58-20
16.49,16.73,16.59,15.34,49.286245472000004,12.062,6.937,2020-01-22 16-59-20
16.47,16.85,16.85,15.44,48.96682328200001,12.062,7,2020-01-22 17-00-20
16.89,18.27,18.17,16.36,48.96682328200001,12.062,7.187,2020-01-22 17-01-20
17.37,17.73,18.01,16.96,46.6897500125,12.125,7.375,2020-01-22 17-02-20
17.47,18.25,18.41,17.2,46.10990784050001,12.125,7.375,2020-01-22 17-03-20
17.73,18.25,18.59,17.42,45.755050882000006,12.187,7.375,2020-01-22 17-04-20
17.89,18.11,18.59,17.33,45.851868344500005,12.25,7.437,2020-01-22 17-05-20
17.15,17.63,18.01,16.35,45.56132980000001,12.312,7.375,2020-01-22 17-06-20
16.65,16.89,17.09,15.96,46.7541131005,12.312,7.25,2020-01-22 17-07-20
16.63,16.65,16.99,15.62,47.172162050000004,12.25,7.062,2020-01-22 17-08-19
16.57,16.73,17.41,15.18,48.03869442050001,12.125,6.937,2020-01-22 17-09-20
16.13,14.79,16.17,15,48.359042000500004,12.062,6.937,2020-01-22 17-10-20
16.21,16.07,16.59,15.09,49.31817014050001,12,6.937,2020-01-22 17-11-20
16.27,16.69,16.95,15.11,49.35009161800001,11.937,6.937,2020-01-22 17-12-20
16.23,15.85,16.21,14.43,49.413925000000006,11.812,6.875,2020-01-22 17-13-20
15.93,15.81,16.59,14.28,50.115249778000006,11.812,6.687,2020-01-22 17-14-20
15.87,15.25,16.43,14.02,51.322991200000004,11.812,6.812,2020-01-22 17-15-20
15.65,16.11,16.39,14.03,51.608360324500005,11.75,6.75,2020-01-22 17-16-20
15.15,14.95,15.09,13.77,51.51326600200001,11.75,6.75,2020-01-22 17-17-20
15.19,14.69,15.87,13.66,52.146685682000005,11.687,6.687,2020-01-22 17-18-20
15.25,15.77,16.79,13.64,52.715672072000004,11.625,6.875,2020-01-22 17-19-20
15.47,15.15,16.85,13.87,51.544967300500005,11.625,7.125,2020-01-22 17-20-20
16.07,15.93,16.99,14.31,51.196077512,11.625,7.062,2020-01-22 17-21-20
15.71,15.71,17.01,14.8,51.51326600200001,11.562,7.062,2020-01-22 17-22-20
15.71,15.81,16.91,14.85,50.242597442000005,11.625,6.937,2020-01-22 17-23-20
15.15,15.11,15.15,13.96,50.656124744500005,11.625,6.875,2020-01-22 17-24-20
15.19,15.75,15.97,13.46,51.893470978,11.562,6.687,2020-01-22 17-25-20
15.01,15.31,15.61,13.85,52.36808102050001,11.437,6.5,2020-01-22 17-26-20
15.05,15.37,15.93,13.3,51.95679380000001,11.437,6.562,2020-01-22 17-27-19
15.45,15.65,15.87,13.4,53.850543200000004,11.375,6.562,2020-01-22 17-28-20
15.11,15.61,16.07,13.4,53.72465063200001,11.312,6.562,2020-01-22 17-29-20
14.89,14.71,15.35,13.16,53.441205680500005,11.312,6.562,2020-01-22 17-30-20
14.55,14.79,14.79,12.48,54.32218561250001,11.25,6.437,2020-01-22 17-31-20
14.09,14.45,14.65,12.5,55.10666080000001,11.187,6.562,2020-01-22 17-32-20
14.65,15.01,15.37,12.66,56.232801352,11.125,6.437,2020-01-22 17-33-20
14.59,14.31,14.89,12.66,55.451198064500005,11.125,6.437,2020-01-22 17-34-20
13.99,13.79,14.25,11.97,55.10666080000001,11,6.312,2020-01-22 17-35-20
13.99,14.15,14.71,11.66,56.42008937800001,10.875,6.187,2020-01-22 17-36-20
14.11,13.15,14.19,11.29,57.04355313800001,10.75,6.125,2020-01-22 17-37-16
13.65,13.15,13.35,10.92,57.91425805,10.625,6.062,2020-01-22 17-38-19
13.59,13.17,14.29,10.9,58.78246121800001,10.5,5.937,2020-01-22 17-39-20
13.17,13.79,14.21,10.76,58.78246121800001,10.5,5.937,2020-01-22 17-40-20
13.35,13.39,13.45,10.89,60.141725938000015,10.25,5.75,2020-01-22 17-41-20
12.97,12.91,13.11,10.86,59.80248892450001,10.187,5.625,2020-01-22 17-42-20
13.01,13.05,12.57,10.64,59.67903428050001,10,5.625,2020-01-22 17-43-20
13.15,12.77,13.59,10.76,60.3574030045,9.875,5.5,2020-01-22 17-44-20
12.97,13.25,13.05,10.95,60.63447233800001,9.812,5.625,2020-01-22 17-45-20
12.71,12.77,12.95,10.74,60.018411698000016,9.75,5.75,2020-01-22 17-46-20
12.91,13.17,13.07,10.58,60.9112832005,9.687,5.625,2020-01-22 17-47-20
12.71,13.25,12.97,10.54,61.43344295200001,9.625,5.562,2020-01-22 17-48-20
12.77,12.29,13.07,10.64,61.5868438445,9.625,5.562,2020-01-22 17-49-20
12.77,12.19,12.67,10.28,61.74016496200001,9.562,5.562,2020-01-22 17-50-20
12.63,12.63,12.95,10,63.390949768000006,9.5,5.437,2020-01-22 17-52-20
12.81,13.11,12.97,10.02,64.0304087245,9.312,5.375,2020-01-22 17-53-20
12.57,12.71,12.63,10.4,63.78697124450001,9.312,5.375,2020-01-22 17-54-20
12.47,12.73,12.63,10.31,63.48238720450001,9.25,5.375,2020-01-22 17-55-20
12.27,12.53,12.39,10.22,63.999990208,9.187,5.312,2020-01-22 17-56-20
12.13,12.03,12.39,10.18,63.93914360200001,9.125,5.312,2020-01-22 17-57-19
12.19,12.03,11.71,10.04,63.817412098000005,9.062,5.375,2020-01-22 17-58-20
11.93,11.65,11.81,9.93,64.36480180000001,9.062,5.25,2020-01-22 17-59-20
11.79,12.33,12.03,10.02,64.18245344200001,9,5.187,2020-01-22 18-00-20
11.85,11.23,12.37,10.02,64.57739636050002,8.937,5.062,2020-01-22 18-01-20
11.65,11.85,12.03,10,64.91115761800002,8.875,5.062,2020-01-22 18-02-19
11.93,11.75,11.55,9.99,64.789834562,8.875,5.25,2020-01-22 18-03-20
11.67,11.47,11.51,9.89,65.0021164045,8.937,5.125,2020-01-22 18-04-20
11.95,11.57,11.81,10.02,65.4262110125,8.937,5.187,2020-01-22 18-05-20
12.33,12.13,12.73,10.31,65.3656643605,8.937,5.25,2020-01-22 18-06-20
11.75,11.89,11.79,10.35,65.1233501125,9.062,5.312,2020-01-22 18-07-20
11.75,11.55,11.65,10.29,63.9695685005,9.125,5.375,2020-01-22 18-08-20
12.27,12.43,12.95,10.24,64.12164512800001,9.125,5.375,2020-01-22 18-09-19
11.95,12.77,13.25,10.3,63.78697124450001,9.125,5.437,2020-01-22 18-10-20
12.05,12.95,12.81,10.45,63.847849760500004,9.187,5.437,2020-01-22 18-11-20
12.03,12.39,12.57,10.1,63.48238720450001,9.187,5.5,2020-01-22 18-12-20
11.95,11.89,12.27,10.2,63.57379592200001,9.187,5.5,2020-01-22 18-13-20
12.43,13.07,13.11,10.34,63.6042591125,9.187,5.375,2020-01-22 18-14-20
12.17,12.97,12.81,10.61,63.48238720450001,9.25,5.437,2020-01-22 18-15-20
12.19,12.05,12.73,10.28,63.207988738,9.25,5.437,2020-01-22 18-16-20
12.67,12.73,13.35,10.23,63.878284232,9.25,5.437,2020-01-22 18-17-20
12.23,13.01,13.21,10.62,64.2128528125,9.25,5.375,2020-01-22 18-18-20
12.19,12.09,12.05,10.36,62.99438901250001,9.25,5.375,2020-01-22 18-19-20
11.93,12.71,12.29,10.12,63.999990208,9.187,5.312,2020-01-22 18-20-20
12.05,12.05,11.89,10.24,64.82017011250001,9.187,5.375,2020-01-22 18-21-19
11.85,11.65,12.09,10.18,64.2736419805,9.125,5.375,2020-01-22 18-22-20
11.81,11.07,11.99,10.06,64.12164512800001,9.125,5.312,2020-01-22 18-23-20
12.05,12.77,12.81,10,64.607754248,9.062,5.25,2020-01-22 18-24-20
12.27,12.71,12.95,10.37,65.456479552,9.062,5.375,2020-01-22 18-25-20
12.19,12.63,13.35,10.52,64.789834562,9.062,5.437,2020-01-22 18-26-19
12.23,12.17,12.73,10.36,63.695629538000006,9.062,5.375,2020-01-22 18-27-20
12.23,12.67,13.39,10.16,63.7565272,9.062,5.25,2020-01-22 18-28-20
12.27,13.11,13.11,10.49,64.15205088050001,9,5.312,2020-01-22 18-29-20
12.67,12.91,13.07,10.4,63.512859968,9,5.375,2020-01-22 18-30-20
12.43,12.51,12.53,10.44,63.90871551250001,9,5.5,2020-01-22 18-31-20
12.05,12.23,12.63,10,63.26898851200001,8.937,5.437,2020-01-22 18-32-19
11.89,11.79,12.37,9.87,64.51667101250001,8.875,5.312,2020-01-22 18-33-19
11.85,11.85,12.51,9.82,65.03242961800001,8.812,5.25,2020-01-22 18-34-20
12.27,12.13,12.87,9.82,64.789834562,8.75,5.187,2020-01-22 18-35-20
12.17,12.33,12.33,9.88,65.39593928200001,8.687,5.187,2020-01-22 18-36-20
12.05,12.03,12.61,10.02,65.4262110125,8.625,5.312,2020-01-22 18-37-20
12.13,12.37,12.63,10.12,65.03242961800001,8.625,5.375,2020-01-22 18-38-20
12.23,12.23,12.43,9.79,65.48674490050001,8.562,5.375,2020-01-22 18-39-19
12.27,12.57,12.97,9.96,66.242341538,8.562,5.375,2020-01-22 18-40-20
12.67,12.77,12.51,10.02,66.0913817605,8.562,5.375,2020-01-22 18-41-20
12.13,12.39,13.11,9.96,65.5472660245,8.562,5.375,2020-01-22 18-42-20
12.37,13.39,13.55,10.09,66.39322154050001,8.562,5.5,2020-01-22 18-43-20
12.39,12.37,13.21,10.03,65.39593928200001,8.562,5.5,2020-01-22 18-44-20
12.33,11.61,13.39,9.96,65.214241888,8.625,5.625,2020-01-22 18-45-20
12.37,11.51,12.73,10.08,64.69880876450001,8.625,5.562,2020-01-22 18-46-20
12.17,11.31,12.57,10.21,64.36480180000001,8.687,5.625,2020-01-22 18-47-20
12.27,12.77,13.31,10.2,63.817412098000005,8.687,5.75,2020-01-22 18-48-20
11.99,12.47,12.29,10.19,63.512859968,8.625,5.75,2020-01-22 18-49-20
12.19,12.43,12.19,10.23,63.024912832000005,8.625,5.812,2020-01-22 18-50-20
12.33,12.73,13.01,10.23,62.93333180050001,8.625,5.875,2020-01-22 18-51-20
12.73,12.97,13.55,10.82,61.770819612500006,8.687,5.937,2020-01-22 18-53-20
11.89,12.63,12.71,10.7,61.12640184200001,8.687,5.875,2020-01-22 18-54-20
12.03,12.43,12.87,10.58,61.5868438445,8.687,5.875,2020-01-22 18-55-20
12.17,11.71,12.71,10.48,61.556170048000006,8.687,5.812,2020-01-22 18-56-20
12.27,11.61,12.37,10.36,61.43344295200001,8.812,5.875,2020-01-22 18-57-20
12.05,12.37,12.17,10.1,61.770819612500006,8.875,5.812,2020-01-22 18-58-19
11.89,12.39,12.71,10.12,62.597288978,8.875,5.937,2020-01-22 19-00-22
12.03,11.93,12.71,10.19,61.92404500000001,8.875,5.875,2020-01-22 19-01-20
12.17,12.27,12.71,10.33,62.750083580500004,8.875,5.937,2020-01-22 19-02-20
11.21,11.45,11.75,9.86,61.5868438445,8.875,5.875,2020-01-22 19-03-16
11.37,11.09,11.07,9.65,62.597288978,8.875,5.687,2020-01-22 19-04-20
11.51,11.31,11.61,9.53,63.45191125000001,8.75,5.562,2020-01-22 19-05-20
11.21,10.69,11.71,9.19,63.5433295405,8.625,5.5,2020-01-22 19-06-20
10.99,10.41,10.75,9.16,64.36480180000001,8.562,5.437,2020-01-22 19-07-20
10.61,10.27,10.61,8.92,64.607754248,8.5,5.375,2020-01-22 19-08-20
10.75,10.71,11.07,8.83,65.0021164045,8.375,5.375,2020-01-22 19-09-20
10.57,10.61,10.93,8.76,65.6077743845,8.312,5.375,2020-01-22 19-10-20
10.55,10.33,10.79,8.92,65.69851299200002,8.312,5.437,2020-01-22 19-11-20
10.93,10.61,11.03,9.06,65.5472660245,8.25,5.5,2020-01-22 19-12-20
10.93,10.65,11.33,9.13,65.3656643605,8.312,5.562,2020-01-22 19-13-20
10.83,10.65,10.57,9.17,65.39593928200001,8.312,5.562,2020-01-22 19-14-20
10.79,10.71,10.75,9.08,65.06273964050001,8.312,5.437,2020-01-22 19-15-20
10.89,10.37,10.83,9.1,65.7287528125,8.312,5.375,2020-01-22 19-16-20
10.57,10.05,10.75,9.13,65.69851299200002,8.312,5.312,2020-01-22 19-17-20
10.33,10.19,10.55,9.01,65.758989442,8.312,5.25,2020-01-22 19-18-20
10.43,9.77,10.61,8.87,65.87990405000001,8.312,5.25,2020-01-22 19-19-20
10.33,10.17,10.47,8.86,66.54402176800001,8.25,5.25,2020-01-22 19-20-20
10.13,10.17,10.89,8.98,66.54402176800001,8.25,5.312,2020-01-22 19-21-20
10.47,10.33,10.65,9.08,67.026046408,8.25,5.25,2020-01-22 19-22-18
10.43,10.31,11.07,9.02,66.7550080645,8.312,5.25,2020-01-22 19-23-20
10.23,10.41,10.89,9.08,66.5741722405,8.312,5.375,2020-01-22 19-24-20
10.19,10.41,10.65,9,66.48371125000001,8.312,5.375,2020-01-22 19-25-19
10.17,9.67,10.69,8.58,66.5741722405,8.312,5.312,2020-01-22 19-26-20
10.19,9.89,10.31,8.7,68.0176423045,8.25,5.25,2020-01-22 19-27-20
10.09,9.49,10.19,8.58,67.5373025125,8.25,5.25,2020-01-22 19-28-20
10.13,9.29,9.81,8.54,68.0176423045,8.25,5.187,2020-01-22 19-29-19
10.03,9.81,10.37,8.5,68.227534088,8.25,5.187,2020-01-22 19-30-19
9.71,9.39,9.61,8.29,68.0176423045,8.25,5.125,2020-01-22 19-31-20
9.95,9.49,9.39,8.06,68.5869848,8.187,5.062,2020-01-22 19-32-20
9.75,9.15,9.11,8.04,69.33436461250001,8.187,4.937,2020-01-22 19-33-19
9.57,8.69,9.47,7.94,69.45376030450001,8.187,4.875,2020-01-22 19-34-19
9.25,8.65,9.33,7.84,69.8116410445,8.062,4.875,2020-01-22 19-35-20
9.75,8.93,8.97,7.74,69.96062240200001,8,4.875,2020-01-22 19-36-20
9.01,8.69,8.97,7.58,70.555750082,7.937,4.75,2020-01-22 19-37-20
8.97,8.83,8.97,7.38,70.67462245,7.812,4.75,2020-01-22 19-38-20
9.29,8.47,8.97,7.46,71.71257781250002,7.75,4.75,2020-01-22 19-39-20
9.11,8.55,8.69,7.44,71.86053805,7.687,4.812,2020-01-22 19-41-20
8.65,8.19,8.27,7.31,71.682976192,7.625,4.812,2020-01-22 19-42-20
8.45,8.37,8.33,7.29,72.15621920000001,7.562,4.812,2020-01-22 19-43-20
8.75,8.37,8.41,7.3,72.510615368,7.562,4.75,2020-01-22 19-44-20
8.65,8.45,8.47,7.35,72.15621920000001,7.5,4.812,2020-01-22 19-45-20
8.55,8.79,9.11,7.38,72.18576976450001,7.437,4.812,2020-01-22 19-46-19
8.83,8.65,8.79,7.42,71.74217624200001,7.437,4.812,2020-01-22 19-47-20
8.47,8.69,8.89,7.46,71.8901205245,7.437,4.812,2020-01-22 19-48-20
8.45,8.45,8.33,7.4,71.4756755005,7.437,4.875,2020-01-22 19-49-20
8.61,8.65,8.69,7.4,71.94927590050001,7.437,4.812,2020-01-22 19-50-20
8.45,8.47,8.61,7.39,71.8901205245,7.437,4.875,2020-01-22 19-51-19
8.29,8.01,8.41,7.3,71.94927590050001,7.437,4.875,2020-01-22 19-52-19
8.23,7.83,8.01,6.98,71.7717714805,7.437,4.875,2020-01-22 19-53-19
8.23,8.13,8.33,7.01,72.74662420000001,7.375,4.875,2020-01-22 19-54-20
8.23,7.83,7.51,7.02,72.805594498,7.375,4.875,2020-01-22 19-55-20
8.19,8.15,8.09,7.04,73.10025452800001,7.312,4.875,2020-01-22 19-56-20
7.61,7.95,7.47,6.92,72.74662420000001,7.312,4.937,2020-01-22 19-57-20
7.83,8.05,7.59,6.9,72.74662420000001,7.25,4.937,2020-01-22 19-58-20
7.79,7.73,7.73,6.94,72.7171342645,7.187,5,2020-01-22 19-59-19
7.79,7.55,7.41,6.79,72.510615368,7.187,5,2020-01-22 20-00-15
7.51,7.87,7.83,6.81,72.805594498,7.125,4.937,2020-01-22 20-01-20
7.97,7.97,7.47,6.82,72.95296440050001,7.125,4.937,2020-01-22 20-02-20
7.51,7.77,7.79,6.86,72.83507486050001,7.062,5,2020-01-22 20-03-20
7.61,8.13,7.65,6.86,72.92349680200002,7.062,5,2020-01-22 20-04-20
7.83,7.51,7.33,6.75,73.07080288450001,7,5,2020-01-22 20-05-20
7.59,7.83,7.37,6.76,73.07080288450001,6.937,5,2020-01-22 20-07-20
7.65,7.37,7.45,6.74,73.07080288450001,6.937,5.062,2020-01-22 20-08-20
7.47,7.69,7.33,6.67,73.12970298050001,6.875,5,2020-01-22 20-09-20
7.51,7.33,7.15,6.71,73.30632668450001,6.937,5,2020-01-22 20-10-20
7.19,7.33,6.91,6.62,73.5416462605,6.875,5,2020-01-22 20-11-20
7.59,7.37,7.37,6.62,73.68861728800002,6.812,4.937,2020-01-22 20-13-20
7.01,7.51,7.05,6.63,73.92360500000001,6.812,5,2020-01-22 20-14-20
7.33,7.65,7.19,6.62,73.89424270450002,6.75,5,2020-01-22 20-15-20
7.01,7.23,7.27,6.58,74.099711762,6.75,5.062,2020-01-22 20-16-20
7.37,7.27,6.91,6.58,74.334342082,6.687,5.062,2020-01-22 20-17-20
7.05,6.79,7.09,6.5,74.48088232450002,6.687,5,2020-01-22 20-18-19
7.15,7.51,7.01,6.36,74.7151807805,6.687,4.875,2020-01-22 20-19-20
7.05,7.09,6.61,6.32,75.24160561250001,6.687,4.875,2020-01-22 20-20-20
7.05,6.93,6.53,6.23,75.504430322,6.625,4.812,2020-01-22 20-21-20
6.73,7.05,6.61,6.16,75.737835298,6.562,4.812,2020-01-22 20-22-20
6.75,6.53,6.69,6.04,76.02930432800001,6.5,4.75,2020-01-22 20-23-20
6.73,6.75,6.57,5.99,76.46590956050001,6.375,4.75,2020-01-22 20-25-20
6.35,6.73,6.25,6.04,76.46590956050001,6.375,4.75,2020-01-22 20-26-20
6.73,6.91,6.29,6.1,76.5822163645,6.312,4.75,2020-01-22 20-27-20
6.53,6.57,6.33,6.12,76.55314445,6.312,4.75,2020-01-22 20-28-20
6.65,6.69,6.51,6.09,76.5822163645,6.312,4.75,2020-01-22 20-29-20
6.51,6.69,6.39,6.02,76.64035062050002,6.312,4.75,2020-01-22 20-30-20
6.51,7.09,6.13,6.11,76.64035062050002,6.25,4.75,2020-01-22 20-31-19
6.25,6.69,6.29,6.06,76.64035062050002,6.25,4.75,2020-01-22 20-32-20
6.51,6.47,6.25,6.06,76.6984721125,6.25,4.75,2020-01-22 20-33-20
6.43,6.51,6.11,6.12,76.72752807200001,6.187,4.687,2020-01-22 20-34-20
6.51,6.69,6.57,6.15,76.61128508800002,6.187,4.687,2020-01-22 20-35-20
6.47,6.91,6.75,6.12,76.40773701250001,6.187,4.687,2020-01-22 20-36-20
6.69,7.15,6.69,6.2,76.20403257800001,6.187,4.75,2020-01-22 20-37-19
6.39,6.91,6.51,6.34,76.29135362450002,6.187,4.812,2020-01-22 20-38-20
6.83,6.91,6.47,6.28,76.02930432800001,6.187,4.812,2020-01-22 20-39-20
6.47,6.75,6.61,6.24,76.145802592,6.187,4.875,2020-01-22 20-40-20
6.57,6.07,6.57,6.17,76.20403257800001,6.187,4.875,2020-01-22 20-41-20
6.39,6.53,5.99,6.14,76.43682488200001,6.187,4.812,2020-01-22 20-42-20
6.39,6.33,6.33,6.1,76.6984721125,6.187,4.812,2020-01-22 20-43-20
6.47,6.61,5.85,6.01,76.87276000450001,6.25,4.75,2020-01-22 20-44-19
6.69,6.25,6.43,5.94,77.075950688,6.187,4.75,2020-01-22 20-45-20
6.51,6.29,6.13,5.88,77.36595185800002,6.187,4.75,2020-01-22 20-46-20
6.33,6.33,5.85,5.9,77.4528899845,6.187,4.687,2020-01-22 20-47-20
6.21,6.35,5.95,5.78,77.71353205000001,6.187,4.625,2020-01-22 20-48-20
6.21,5.99,6.17,5.66,77.94499689800001,6.187,4.625,2020-01-22 20-49-19
5.95,6.13,5.95,5.6,78.08955872050001,6.125,4.562,2020-01-22 20-50-20
6.21,5.73,5.67,5.44,78.3206917045,6.062,4.562,2020-01-22 20-52-20
6.11,6.11,5.93,5.46,78.3784430405,6.062,4.625,2020-01-22 20-53-20
5.93,5.93,5.89,5.48,78.43618161250001,6.062,4.625,2020-01-22 20-54-20
5.89,5.73,5.71,5.44,78.49390742050001,6,4.625,2020-01-22 20-55-20
5.99,5.41,4.15,5.45,78.66700826050001,6,4.625,2020-01-22 20-56-20
5.77,5.77,5.55,5.42,78.60932074450001,6,4.625,2020-01-22 20-57-20
5.93,5.33,5.71,5.4,78.695847232,6,4.625,2020-01-22 20-58-20
5.71,5.49,5.27,5.34,78.89763068450002,5.937,4.625,2020-01-22 20-59-20
5.71,5.81,5.19,5.22,79.09925777800001,5.937,4.562,2020-01-22 21-00-20
5.51,5.71,5.15,5.12,79.41578444450002,5.937,4.562,2020-01-22 21-01-20
5.29,5.01,5.11,5.08,79.76064590450001,5.812,4.562,2020-01-22 21-02-20
5.63,5.01,4.97,5.01,80.10504786050001,5.812,4.5,2020-01-22 21-03-20
5.23,5.27,4.93,4.91,80.50626938050002,5.75,4.5,2020-01-22 21-04-20
5.29,4.93,5.01,4.89,80.8496757445,5.75,4.437,2020-01-22 21-05-20
5.41,5.29,4.93,4.84,81.049783922,5.687,4.437,2020-01-22 21-06-20
4.85,5.55,4.67,4.81,81.53510996050001,5.687,4.375,2020-01-22 21-07-20
5.29,4.93,4.67,4.74,82.07644185800001,5.562,4.312,2020-01-22 21-09-20
5.27,4.97,4.63,4.72,82.30402645000001,5.562,4.312,2020-01-22 21-10-20
4.85,4.93,4.63,4.61,82.61662180450001,5.5,4.25,2020-01-22 21-11-20
4.81,5.05,4.45,4.54,82.7869656205,5.437,4.187,2020-01-22 21-12-20
4.71,4.53,4.27,4.56,82.9571945605,5.437,4.25,2020-01-22 21-13-20
5.07,4.57,3.03,4.56,83.12730862450002,5.437,4.25,2020-01-22 21-14-20
4.57,4.75,4.45,4.58,83.098964258,5.375,4.25,2020-01-22 21-15-20
4.45,4.75,4.11,4.55,83.24065418050002,5.375,4.25,2020-01-22 21-16-20
4.71,4.53,4.19,4.56,83.212322578,5.375,4.312,2020-01-22 21-17-20
5.11,4.89,4.05,4.54,83.26898259200001,5.312,4.312,2020-01-22 21-18-20
4.71,4.59,4.31,4.58,83.26898259200001,5.312,4.312,2020-01-22 21-19-20
4.67,4.63,4.27,4.56,83.32562984200001,5.312,4.312,2020-01-22 21-20-20
4.07,4.93,4.27,4.49,83.77834833800001,5.25,4.312,2020-01-22 21-22-20
4.45,4.63,3.97,4.42,84.0326435045,5.25,4.312,2020-01-22 21-23-20
4.45,4.45,3.19,4.42,84.06088256800001,5.25,4.312,2020-01-22 21-24-20
4.75,4.33,4.05,4.42,84.34309769800001,5.25,4.25,2020-01-22 21-25-20
4.31,4.37,4.07,4.4,84.5404584245,5.25,4.25,2020-01-22 21-26-20
4.45,4.57,3.81,4.35,84.624993728,5.187,4.25,2020-01-22 21-27-19
4.37,4.67,3.89,4.27,84.70950031250001,5.187,4.187,2020-01-22 21-28-20
4.05,4.45,3.79,4.32,85.075363648,5.187,4.187,2020-01-22 21-29-20
4.37,4.57,3.67,4.28,85.1034846445,5.125,4.187,2020-01-22 21-30-20
3.93,4.59,3.75,4.26,85.2721436125,5.187,4.187,2020-01-22 21-31-20
4.27,4.37,3.71,4.26,85.412605,5.125,4.187,2020-01-22 21-33-19
4.19,4.05,3.55,4.2,85.6091169205,5.125,4.125,2020-01-22 21-34-19
3.79,4.33,3.93,4.21,85.7213392445,5.062,4.125,2020-01-22 21-35-20
4.19,3.97,3.53,4.2,85.6652344645,5.062,4.125,2020-01-22 21-36-20
3.97,4.11,3.75,4.08,85.8335105125,5.062,4.125,2020-01-22 21-37-20
4.15,4.15,3.45,4.05,86.05769988050001,5,4.062,2020-01-22 21-38-20
3.97,3.97,3.33,4.02,86.141718242,5,4.062,2020-01-22 21-39-20
3.71,3.93,3.53,4.04,86.3376494005,5,4.062,2020-01-22 21-40-23
4.07,3.79,3.49,4,86.36562680200001,5,4.062,2020-01-22 21-41-20
3.67,4.05,3.25,3.96,86.36562680200001,4.937,4,2020-01-22 21-42-20
3.81,3.89,3.29,3.96,86.5054659445,4.937,4,2020-01-22 21-43-20
3.71,4.23,3.25,3.92,86.5054659445,4.937,4,2020-01-22 21-44-20
3.75,3.85,3.11,3.88,86.5613792645,4.937,4,2020-01-22 21-45-20
3.49,4.07,3.41,3.91,86.72904264050001,4.875,4,2020-01-22 21-46-19
3.37,3.81,3.19,3.89,86.67316761250001,4.875,4,2020-01-22 21-47-20
3.59,3.63,2.95,3.82,86.701106722,4.875,3.937,2020-01-22 21-48-20
3.63,4.23,3.41,3.86,87.0640247645,4.875,3.937,2020-01-22 21-49-20
3.45,3.53,3.29,3.83,87.20346503200001,4.812,3.937,2020-01-22 21-50-20
3.59,3.89,3.07,3.76,87.3428255245,4.812,3.937,2020-01-22 21-51-20
3.23,3.81,3.07,3.71,87.62130718450001,4.812,3.937,2020-01-22 21-52-19
3.67,3.63,2.77,3.68,87.67696522450001,4.75,3.937,2020-01-22 21-53-19
3.37,3.93,3.25,3.68,87.98285628800001,4.812,3.875,2020-01-22 21-54-20
3.11,3.41,2.61,3.58,88.0106454205,4.75,3.875,2020-01-22 21-55-20
3.25,3.67,2.91,3.54,88.20508000000001,4.75,3.812,2020-01-22 21-56-20
3.15,3.45,3.15,3.52,88.3993582205,4.75,3.812,2020-01-22 21-57-20
3.45,3.63,2.65,3.52,88.45483756450001,4.687,3.812,2020-01-22 21-58-20
3.49,3.71,2.95,3.55,88.6766273005,4.687,3.812,2020-01-22 21-59-19
3.41,3.11,2.91,3.58,88.7874455845,4.625,3.75,2020-01-22 22-00-16
2.95,3.59,3.23,3.54,88.815142178,4.625,3.75,2020-01-22 22-01-20
2.95,3.45,2.85,3.54,88.84283558050001,4.625,3.687,2020-01-22 22-02-20
2.95,3.71,2.65,3.48,89.06426792450002,4.562,3.687,2020-01-22 22-03-20
2.99,3.49,2.69,3.48,89.11959410050001,4.562,3.687,2020-01-22 22-04-20
3.23,3.49,2.73,3.4,89.25785369800002,4.5,3.687,2020-01-22 22-05-20
3.07,3.59,2.85,3.42,89.28549604450001,4.5,3.75,2020-01-22 22-07-20
2.91,3.41,2.81,3.44,89.699748322,4.5,3.75,2020-01-22 22-08-20
3.23,3.75,3.15,3.46,89.81009433800001,4.5,3.75,2020-01-22 22-09-16
2.95,3.41,3.07,3.52,89.83767286450001,4.5,3.687,2020-01-22 22-10-20
3.03,3.33,2.65,3.47,89.94795506050001,4.437,3.687,2020-01-22 22-11-20
3.03,3.49,2.69,3.41,90.00307701250001,4.437,3.625,2020-01-22 22-12-20
2.81,3.41,2.85,3.4,90.1683662845,4.437,3.625,2020-01-22 22-13-20
3.11,3.37,2.51,3.4,90.11328262450002,4.437,3.625,2020-01-22 22-14-20
2.77,4.05,2.55,3.46,90.1683662845,4.375,3.625,2020-01-22 22-15-20
3.07,3.41,2.73,3.45,90.19590332800001,4.375,3.625,2020-01-22 22-16-20
2.91,3.71,2.51,3.38,90.14082605,4.375,3.625,2020-01-22 22-17-16
2.89,3.63,2.73,3.34,90.361058578,4.375,3.562,2020-01-22 22-18-20
2.95,2.99,2.91,3.4,90.38857328450001,4.375,3.562,2020-01-22 22-19-20
2.61,3.23,2.59,3.35,90.55359451250001,4.312,3.5,2020-01-22 22-20-20
2.95,3.41,2.61,3.28,90.66354484450001,4.312,3.437,2020-01-22 22-21-19
2.61,3.41,2.27,3.32,90.52609895200001,4.25,3.437,2020-01-22 22-22-20
2.85,3.25,2.61,3.3,90.49860020050001,4.25,3.437,2020-01-22 22-23-20
3.03,3.15,2.59,3.29,90.52609895200001,4.25,3.437,2020-01-22 22-24-20
2.81,3.49,2.51,3.25,90.471098258,4.25,3.437,2020-01-22 22-25-20
2.61,3.41,2.91,3.26,90.55359451250001,4.187,3.375,2020-01-22 22-26-19
2.65,3.23,2.55,3.26,90.581086882,4.187,3.375,2020-01-22 22-27-20
2.99,3.23,2.65,3.14,90.581086882,4.125,3.375,2020-01-22 22-28-20
2.65,3.15,2.85,3.15,90.74597408800001,4.125,3.312,2020-01-22 22-29-20
2.51,3.11,2.59,3.12,90.69102445000001,4.125,3.312,2020-01-22 22-30-20
2.51,2.99,2.55,3.15,90.55359451250001,4.062,3.312,2020-01-22 22-31-20
2.51,3.59,2.65,3.16,90.49860020050001,4.062,3.375,2020-01-22 22-32-19
2.73,2.91,2.05,3.09,90.33354068050001,4.062,3.375,2020-01-22 22-33-20
2.73,2.95,2.61,3.06,90.33354068050001,4.062,3.312,2020-01-22 22-34-20
2.61,3.19,2.65,3.12,90.38857328450001,4.062,3.312,2020-01-22 22-35-20
2.61,3.33,2.25,3.1,90.22343718050001,4.062,3.312,2020-01-22 22-36-20
2.35,3.19,2.13,3.01,90.38857328450001,4.062,3.312,2020-01-22 22-37-19
2.51,3.07,2.01,2.98,90.55359451250001,4.062,3.25,2020-01-22 22-38-20
2.61,3.29,2.21,2.97,90.69102445000001,4,3.187,2020-01-22 22-39-20
2.35,3.11,2.35,2.98,90.7734441205,3.937,3.187,2020-01-22 22-40-20
2.47,2.95,2.09,2.94,90.91074641800002,3.937,3.125,2020-01-22 22-41-20
2.25,2.61,2.05,2.86,91.1576895205,3.937,3.125,2020-01-22 22-42-20
2.65,2.95,2.55,2.82,91.45915785800001,3.875,3.062,2020-01-22 22-43-20
2.55,3.25,2.31,2.84,91.3769775125,3.875,3.062,2020-01-22 22-44-20
2.31,2.89,2.35,2.87,91.45915785800001,3.875,3.125,2020-01-22 22-45-20
2.09,2.47,1.79,2.79,91.5413094845,3.875,3.125,2020-01-22 22-46-20
2.55,2.91,2.09,2.82,91.76024008450001,3.875,3.125,2020-01-22 22-47-20
2.25,3.07,2.05,2.8,91.86962880050001,3.812,3.062,2020-01-22 22-48-20
2.09,3.15,1.93,2.76,92.06093620000001,3.812,3.062,2020-01-22 22-49-19
2.51,2.91,2.21,2.76,92.22478952200001,3.812,3.062,2020-01-22 22-50-20
2.31,2.73,1.85,2.69,92.27938176800001,3.812,3,2020-01-22 22-51-20
2.43,2.39,2.25,2.68,92.443081922,3.812,2.937,2020-01-22 22-52-20
2.51,2.73,1.93,2.64,92.52488892050002,3.75,2.937,2020-01-22 22-53-19
2.01,2.85,1.85,2.64,92.715660232,3.75,2.937,2020-01-22 22-54-20
2.47,2.65,2.01,2.7,92.8518297245,3.75,2.937,2020-01-22 22-55-20
2.21,1.55,1.85,2.64,92.8518297245,3.75,2.937,2020-01-22 22-56-20
2.39,3.07,2.05,2.6,92.93349312800001,3.75,2.875,2020-01-22 22-57-20
1.59,2.73,2.27,2.58,93.06953498050001,3.75,2.875,2020-01-22 22-58-19
1.97,2.65,2.17,2.54,93.15112180000001,3.75,2.875,2020-01-22 22-59-20
1.93,2.51,1.83,2.5,93.28703601250001,3.75,2.875,2020-01-22 23-00-20
2.25,2.77,1.75,2.56,93.5043328205,3.812,2.875,2020-01-22 23-01-20
2.13,2.81,1.67,2.54,93.5043328205,3.812,2.875,2020-01-22 23-02-20
2.17,1.55,1.85,2.56,93.55862511250001,3.875,2.875,2020-01-22 23-03-20
2.21,2.73,2.31,2.58,93.64003961800002,3.875,2.875,2020-01-22 23-04-20
2.05,2.47,1.79,2.6,93.66717140450001,3.875,2.875,2020-01-22 23-05-20
2.13,2.61,1.97,2.58,93.6943,3.937,2.875,2020-01-22 23-06-20
2.13,2.99,1.85,2.62,93.8298951125,3.937,2.875,2020-01-22 23-08-20
2.17,2.51,1.79,2.58,93.8298951125,4,2.875,2020-01-22 23-09-20
2.39,2.51,1.83,2.6,93.85700456200001,4,2.875,2020-01-22 23-10-20
2.09,2.61,1.83,2.65,93.85700456200001,4,2.875,2020-01-22 23-11-20
2.01,2.73,2.01,2.62,93.8298951125,4,2.875,2020-01-22 23-12-20
1.83,2.51,2.13,2.6,93.88411082050001,4,2.875,2020-01-22 23-13-20
1.89,2.89,2.01,2.54,93.85700456200001,4,2.875,2020-01-22 23-14-20
2.25,2.47,1.33,2.52,93.93831376450001,4,2.812,2020-01-22 23-15-20
2.05,2.55,2.09,2.43,93.96541045000001,4,2.75,2020-01-22 23-16-19
2.25,2.89,1.83,2.48,94.127923552,4,2.75,2020-01-22 23-17-20
2.17,2.35,1.79,2.44,94.18206905800001,4,2.75,2020-01-22 23-19-20
2.13,2.31,1.79,2.42,94.18206905800001,4,2.75,2020-01-22 23-20-20
2.25,2.25,1.63,2.4,94.20913702450001,4,2.75,2020-01-22 23-21-20
2.01,2.21,1.85,2.32,94.23620180000002,4,2.75,2020-01-22 23-22-18
2.05,1.85,1.47,2.29,94.34442899200002,4,2.75,2020-01-22 23-23-20
2.01,2.47,1.63,2.37,94.50667405,3.937,2.687,2020-01-22 23-25-20
1.79,2.25,1.17,2.32,94.4255658805,3.937,2.687,2020-01-22 23-26-20
1.85,2.25,1.93,2.3,94.4255658805,3.937,2.687,2020-01-22 23-27-19
1.93,2.05,1.79,2.29,94.47964118450001,3.937,2.687,2020-01-22 23-28-20
1.47,2.51,1.85,2.28,94.56073020800001,3.937,2.625,2020-01-22 23-29-20
1.97,2.31,1.47,2.28,94.64179051250001,3.937,2.625,2020-01-22 23-30-20
1.67,2.61,1.37,2.33,94.64179051250001,3.937,2.625,2020-01-22 23-31-20
2.27,2.35,1.55,2.32,94.58775350050001,3.937,2.625,2020-01-22 23-32-20
1.97,2.13,1.55,2.4,94.58775350050001,3.937,2.687,2020-01-22 23-33-19
1.71,2.05,1.21,2.4,94.58775350050001,3.937,2.625,2020-01-22 23-34-19
1.83,2.31,1.55,2.37,94.47964118450001,3.937,2.687,2020-01-22 23-35-20
2.05,2.05,1.59,2.47,94.398523442,3.937,2.687,2020-01-22 23-36-20
2.01,2.51,1.85,2.58,94.18206905800001,3.937,2.687,2020-01-22 23-37-20
1.83,2.81,1.89,2.66,93.88411082050001,4,2.875,2020-01-22 23-38-20
1.79,2.47,2.05,2.74,93.66717140450001,4,2.937,2020-01-22 23-39-20
2.13,2.51,1.97,2.84,93.34137936050001,4.062,3,2020-01-22 23-40-20
2.21,2.31,1.79,2.9,92.96070788050001,4.062,3.125,2020-01-22 23-41-20
2.09,2.73,1.51,2.84,92.8518297245,4.125,3.062,2020-01-22 23-42-20
2.25,2.39,1.33,2.86,92.6884167605,4.125,3.125,2020-01-22 23-43-20
1.93,2.73,1.55,2.86,92.63392024450002,4.187,3.125,2020-01-22 23-44-20
1.89,2.43,2.01,2.85,92.52488892050002,4.187,3.062,2020-01-22 23-45-20
1.93,2.61,1.59,2.79,92.52488892050002,4.187,3.062,2020-01-22 23-46-19
1.71,2.89,1.47,2.76,92.4703541125,4.25,3.062,2020-01-22 23-47-20
2.05,2.35,1.55,2.78,92.388527968,4.25,3.062,2020-01-22 23-48-20
2.01,2.25,1.29,2.76,92.388527968,4.25,3.062,2020-01-22 23-49-20
2.01,2.89,1.79,2.8,92.33396125000002,4.25,3.062,2020-01-22 23-50-20
2.21,2.59,1.55,2.9,92.2520872405,4.312,3.125,2020-01-22 23-51-20
2.01,2.77,1.41,2.94,92.006292898,4.312,3.125,2020-01-22 23-52-20
2.25,2.55,1.63,2.99,91.842286408,4.312,3.187,2020-01-22 23-53-20
2.17,2.51,1.75,3.03,91.65080031250001,4.312,3.187,2020-01-22 23-54-20
2.17,2.65,1.43,2.98,91.5413094845,4.375,3.187,2020-01-22 23-55-20
1.93,2.59,1.55,2.9,91.568686978,4.375,3.187,2020-01-22 23-56-20
1.97,2.55,1.63,2.88,91.48654492450001,4.437,3.187,2020-01-22 23-57-19
2.21,2.43,1.59,2.9,91.40437415200002,4.437,3.125,2020-01-22 23-58-20
1.89,2.59,2.27,2.82,91.3769775125,4.437,3.125,2020-01-22 23-59-20
