TempPlant3,TempPlant4,TempPlant5,Air_temp_loc,Humedity,air_temp,Ambient_1_5,Date
4.01,3.11,4.63,3.49,105.24410796050002,5.812,2.625,2020-02-16 00-00-20
4.33,3.63,4.19,3.51,105.24410796050002,5.875,2.687,2020-02-16 00-01-21
3.97,4.07,4.41,3.52,105.2955666445,5.875,2.625,2020-02-16 00-02-21
4.31,3.89,4.11,3.52,105.2955666445,5.875,2.625,2020-02-16 00-03-21
4.27,3.85,4.31,3.5,105.2955666445,5.937,2.562,2020-02-16 00-04-20
4.19,3.81,4.11,3.48,105.2955666445,5.937,2.625,2020-02-16 00-05-21
4.27,4.27,4.57,3.49,105.2955666445,5.937,2.625,2020-02-16 00-06-21
4.31,3.81,4.37,3.5,105.2955666445,6,2.687,2020-02-16 00-07-21
3.81,4.01,4.71,3.5,105.2955666445,6,2.687,2020-02-16 00-08-21
4.67,4.01,4.57,3.49,105.2955666445,6,2.687,2020-02-16 00-09-21
4.05,3.89,4.53,3.48,105.3470125645,5.937,2.687,2020-02-16 00-10-21
4.05,4.01,4.45,3.48,105.3470125645,5.937,2.687,2020-02-16 00-11-21
4.49,3.75,4.53,3.46,105.372730738,5.875,2.687,2020-02-16 00-12-21
4.53,3.79,4.19,3.46,105.3984457205,5.875,2.625,2020-02-16 00-13-21
4.19,4.11,4.31,3.46,105.3984457205,5.875,2.625,2020-02-16 00-14-21
4.45,4.05,4.53,3.47,105.3984457205,5.875,2.625,2020-02-16 00-15-21
4.23,3.55,4.75,3.46,105.3984457205,5.937,2.625,2020-02-16 00-16-20
4.19,4.05,4.49,3.48,105.3984457205,5.875,2.625,2020-02-16 00-17-21
4.49,4.01,4.31,3.48,105.3984457205,5.875,2.625,2020-02-16 00-18-21
3.97,4.05,4.37,3.46,105.3984457205,5.937,2.562,2020-02-16 00-19-21
3.97,3.93,4.33,3.44,105.44986611250002,5.937,2.562,2020-02-16 00-20-21
4.23,3.79,4.75,3.46,105.50127374050001,5.937,2.562,2020-02-16 00-21-21
4.27,4.15,4.59,3.42,105.44986611250002,5.937,2.562,2020-02-16 00-22-21
4.53,3.29,4.49,3.42,105.44986611250002,5.937,2.562,2020-02-16 00-23-20
4.07,3.85,4.33,3.4,105.50127374050001,5.937,2.5,2020-02-16 00-26-20
4.31,3.93,4.23,3.4,105.50127374050001,5.937,2.5,2020-02-16 00-27-21
4.31,3.63,4.11,3.38,105.50127374050001,6,2.5,2020-02-16 00-28-21
4.07,3.97,4.07,3.36,105.55266860450001,5.937,2.5,2020-02-16 00-29-21
4.49,4.33,4.33,3.38,105.50127374050001,5.937,2.5,2020-02-16 00-30-21
4.23,4.19,4.19,3.38,105.52697276800001,5.937,2.562,2020-02-16 00-31-21
4.45,3.93,4.19,3.39,105.52697276800001,5.937,2.562,2020-02-16 00-32-20
4.27,3.89,4.23,3.4,105.55266860450001,6,2.562,2020-02-16 00-33-21
4.07,3.67,4.71,3.4,105.55266860450001,5.937,2.562,2020-02-16 00-34-21
4.15,3.85,4.67,3.43,105.55266860450001,6,2.5,2020-02-16 00-35-21
4.31,3.85,4.27,3.42,105.55266860450001,6,2.5,2020-02-16 00-36-21
4.33,3.79,4.15,3.41,105.55266860450001,6,2.562,2020-02-16 00-37-21
4.31,4.31,4.31,3.46,105.55266860450001,6.062,2.562,2020-02-16 00-38-21
4.41,3.63,4.37,3.47,105.55266860450001,6.062,2.562,2020-02-16 00-39-20
4.53,4.05,4.63,3.47,105.55266860450001,6.062,2.562,2020-02-16 00-40-21
4.33,4.05,4.45,3.52,105.55266860450001,6.062,2.562,2020-02-16 00-41-21
4.41,3.93,4.27,3.51,105.55266860450001,6.062,2.562,2020-02-16 00-42-21
4.49,4.11,4.11,3.52,105.55266860450001,6.062,2.562,2020-02-16 00-44-21
4.19,3.93,4.11,3.56,105.55266860450001,6.062,2.562,2020-02-16 00-45-21
4.31,2.91,4.49,3.54,105.55266860450001,6.125,2.562,2020-02-16 00-46-21
4.33,4.01,4.75,3.54,105.6040507045,6.125,2.562,2020-02-16 00-47-21
4.31,3.89,4.49,3.52,105.55266860450001,6.125,2.562,2020-02-16 00-48-21
4.23,4.15,4.71,3.52,105.6040507045,6.062,2.562,2020-02-16 00-49-21
4.19,3.79,4.19,3.54,105.6040507045,6.062,2.562,2020-02-16 00-50-21
3.93,3.85,4.45,3.55,105.6040507045,6.062,2.562,2020-02-16 00-51-20
3.93,3.63,4.27,3.52,105.629736968,6.062,2.562,2020-02-16 00-52-21
4.23,4.01,4.45,3.5,105.6554200405,6.062,2.562,2020-02-16 00-53-21
4.31,4.01,4.31,3.5,105.6554200405,6.062,2.625,2020-02-16 00-54-21
4.37,3.67,4.19,3.52,105.6554200405,6.062,2.562,2020-02-16 00-55-21
4.27,3.81,4.31,3.49,105.6554200405,6.062,2.562,2020-02-16 00-56-21
3.97,3.85,4.49,3.46,105.6554200405,6.062,2.562,2020-02-16 00-57-21
3.93,3.45,4.41,3.5,105.70677661250002,6.062,2.562,2020-02-16 00-59-21
4.19,3.55,4.27,3.48,105.681099922,6.062,2.562,2020-02-16 01-00-21
4.15,3.75,4.19,3.5,105.70677661250002,6.125,2.562,2020-02-16 01-01-21
4.23,3.53,4.07,3.51,105.681099922,6.125,2.562,2020-02-16 01-02-21
4.07,3.79,4.15,3.49,105.681099922,6.062,2.562,2020-02-16 01-03-21
3.85,3.53,4.11,3.48,105.70677661250002,6.125,2.5,2020-02-16 01-04-21
4.37,3.97,4.85,3.48,105.70677661250002,6.125,2.5,2020-02-16 01-05-21
4.07,3.97,4.33,3.47,105.70677661250002,6.125,2.562,2020-02-16 01-06-21
4.27,3.55,3.85,3.48,105.70677661250002,6.125,2.5,2020-02-16 01-07-20
3.89,3.53,4.19,3.42,105.7581204205,6.062,2.5,2020-02-16 01-09-21
4.05,3.79,4.41,3.4,105.7581204205,6.062,2.5,2020-02-16 01-10-21
3.97,3.29,4.37,3.38,105.7581204205,6.062,2.5,2020-02-16 01-11-21
3.55,4.19,4.01,3.37,105.7581204205,6.062,2.5,2020-02-16 01-12-21
3.79,3.63,4.15,3.34,105.783787538,6,2.5,2020-02-16 01-13-21
3.67,3.23,4.57,3.35,105.783787538,6,2.5,2020-02-16 01-14-20
3.85,3.53,4.41,3.33,105.80945146450001,5.937,2.437,2020-02-16 01-17-21
4.11,3.93,4.07,3.34,105.80945146450001,5.937,2.5,2020-02-16 01-18-21
3.93,3.49,3.97,3.31,105.80945146450001,5.937,2.437,2020-02-16 01-19-21
3.81,3.55,4.11,3.32,105.8607697445,5.875,2.437,2020-02-16 01-20-21
4.05,3.55,3.81,3.36,105.8607697445,5.875,2.437,2020-02-16 01-21-21
3.55,3.37,3.85,3.36,105.80945146450001,5.875,2.437,2020-02-16 01-22-21
4.07,3.81,4.05,3.37,105.80945146450001,5.875,2.437,2020-02-16 01-23-21
3.89,3.97,4.63,3.36,105.83511220000001,5.875,2.437,2020-02-16 01-24-21
4.05,3.63,3.03,3.36,105.83511220000001,5.875,2.5,2020-02-16 01-25-21
4.19,3.33,4.31,3.35,105.83511220000001,5.875,2.437,2020-02-16 01-26-21
4.07,3.75,3.97,3.36,105.8607697445,5.875,2.437,2020-02-16 01-27-21
4.23,3.71,4.23,3.36,105.8607697445,5.875,2.437,2020-02-16 01-28-21
4.05,3.93,4.33,3.37,105.886424098,5.875,2.437,2020-02-16 01-29-21
3.97,3.71,4.11,3.38,105.8607697445,5.875,2.5,2020-02-16 01-30-21
4.15,3.23,4.23,3.38,105.8607697445,5.875,2.5,2020-02-16 01-31-21
4.01,3.59,4.15,3.38,105.8607697445,5.937,2.437,2020-02-16 01-32-21
3.97,3.79,4.27,3.4,105.8607697445,5.937,2.437,2020-02-16 01-33-20
4.05,3.93,3.93,3.44,105.80945146450001,6,2.437,2020-02-16 01-34-21
4.37,3.71,3.93,3.48,105.80945146450001,6,2.562,2020-02-16 01-35-21
4.07,3.89,4.57,3.52,105.80945146450001,6,2.562,2020-02-16 01-36-21
4.19,3.71,4.11,3.52,105.8607697445,6,2.5,2020-02-16 01-37-21
4.19,3.89,4.11,3.51,105.80945146450001,6,2.5,2020-02-16 01-38-21
4.37,4.11,4.31,3.51,105.83511220000001,6,2.5,2020-02-16 01-39-21
4.53,3.81,4.31,3.54,105.80945146450001,6,2.562,2020-02-16 01-40-21
4.19,3.67,4.01,3.54,105.80945146450001,5.937,2.562,2020-02-16 01-41-21
3.93,3.85,4.07,3.58,105.8607697445,5.937,2.562,2020-02-16 01-42-21
4.05,3.59,4.15,3.58,105.80945146450001,5.937,2.562,2020-02-16 01-43-21
4.31,4.05,3.79,3.58,105.80945146450001,5.937,2.562,2020-02-16 01-44-21
4.11,4.23,4.23,3.58,105.80945146450001,5.937,2.562,2020-02-16 01-45-21
4.41,4.19,3.89,3.54,105.83511220000001,5.937,2.562,2020-02-16 01-46-20
3.55,3.97,4.27,3.54,105.8607697445,5.937,2.562,2020-02-16 01-47-21
4.19,3.55,4.11,3.5,105.91207526050002,5.937,2.562,2020-02-16 01-48-21
3.97,3.81,4.53,3.48,105.886424098,5.937,2.562,2020-02-16 01-49-21
4.11,3.79,4.05,3.46,105.91207526050002,6,2.562,2020-02-16 01-50-21
4.11,3.63,4.27,3.46,105.91207526050002,6,2.562,2020-02-16 01-51-21
4.07,3.59,4.27,3.44,105.91207526050002,6,2.562,2020-02-16 01-52-20
3.81,3.71,4.45,3.44,105.91207526050002,6,2.562,2020-02-16 01-53-21
4.45,3.93,4.01,3.47,105.91207526050002,6,2.562,2020-02-16 01-54-21
4.07,3.29,4.33,3.5,105.91207526050002,6,2.562,2020-02-16 01-55-21
4.31,3.85,4.27,3.54,105.91207526050002,6,2.562,2020-02-16 01-56-21
4.33,3.85,4.19,3.55,105.91207526050002,6.062,2.562,2020-02-16 01-57-21
4.23,3.37,4.85,3.54,105.91207526050002,6.062,2.625,2020-02-16 01-58-21
4.19,3.97,4.01,3.55,105.91207526050002,6.062,2.625,2020-02-16 01-59-20
4.33,4.07,4.11,3.56,105.91207526050002,6.062,2.625,2020-02-16 02-00-20
4.37,3.81,4.15,3.55,105.91207526050002,6.062,2.625,2020-02-16 02-02-21
4.05,4.11,4.27,3.58,105.93772323200001,6.062,2.562,2020-02-16 02-03-21
4.33,3.75,4.49,3.61,105.91207526050002,6,2.562,2020-02-16 02-04-20
4.41,3.59,4.53,3.58,105.91207526050002,6,2.562,2020-02-16 02-05-21
4.27,3.63,4.33,3.55,105.91207526050002,6.062,2.562,2020-02-16 02-06-21
4.07,3.89,4.33,3.54,105.91207526050002,6,2.562,2020-02-16 02-07-21
4.31,4.07,4.27,3.54,105.93772323200001,6.062,2.562,2020-02-16 02-08-21
4.27,3.49,4.19,3.56,105.96336801250001,6.062,2.562,2020-02-16 02-09-21
4.15,2.99,4.33,3.6,105.91207526050002,6.062,2.562,2020-02-16 02-10-21
4.23,3.59,4.11,3.65,105.93772323200001,6.125,2.625,2020-02-16 02-11-21
4.27,4.11,4.33,3.64,105.91207526050002,6.125,2.562,2020-02-16 02-12-21
4.33,3.71,4.53,3.6,105.96336801250001,6.125,2.625,2020-02-16 02-13-21
4.31,3.93,4.19,3.54,105.91207526050002,6.125,2.625,2020-02-16 02-14-21
4.31,3.79,4.15,3.5,105.96336801250001,6.125,2.625,2020-02-16 02-15-21
4.19,3.93,4.33,3.48,105.96336801250001,6.125,2.562,2020-02-16 02-16-20
4.53,4.05,4.49,3.38,106.01464800050002,6.062,2.5,2020-02-16 02-18-21
4.31,3.93,4.01,3.4,106.01464800050002,6.062,2.5,2020-02-16 02-19-21
4.01,3.67,3.07,3.42,106.01464800050002,6.062,2.5,2020-02-16 02-20-21
3.81,3.93,4.01,3.48,106.01464800050002,6.125,2.5,2020-02-16 02-21-20
4.27,3.23,4.33,3.52,106.01464800050002,6.125,2.562,2020-02-16 02-22-21
4.01,3.75,4.11,3.54,105.96336801250001,6.125,2.562,2020-02-16 02-23-21
4.23,3.55,4.37,3.56,105.96336801250001,6.125,2.625,2020-02-16 02-24-21
4.11,3.49,4.33,3.57,105.96336801250001,6.125,2.687,2020-02-16 02-25-20
4.49,3.79,4.19,3.61,105.98900960200001,6.125,2.687,2020-02-16 02-26-21
3.97,3.67,4.33,3.62,105.96336801250001,6.125,2.687,2020-02-16 02-27-20
4.01,2.65,3.81,3.6,105.96336801250001,6.125,2.75,2020-02-16 02-29-21
4.19,3.85,4.07,3.58,106.01464800050002,6.125,2.75,2020-02-16 02-30-21
4.01,3.81,4.37,3.54,106.040283208,6.062,2.687,2020-02-16 02-31-21
3.79,3.37,3.97,3.53,106.01464800050002,6.062,2.625,2020-02-16 02-32-21
4.07,3.55,4.23,3.51,106.0659152245,6.062,2.625,2020-02-16 02-33-21
4.11,3.63,4.41,3.49,106.0659152245,6.062,2.625,2020-02-16 02-34-20
4.05,3.37,4.33,3.48,106.0659152245,6.062,2.562,2020-02-16 02-35-21
4.01,3.45,4.05,3.48,106.01464800050002,6.062,2.562,2020-02-16 02-36-21
4.05,3.53,3.75,3.48,106.01464800050002,6.062,2.562,2020-02-16 02-37-21
4.19,3.33,4.23,3.47,106.11716968450001,6.062,2.562,2020-02-16 02-38-21
3.79,4.01,4.27,3.43,106.0659152245,6.062,2.562,2020-02-16 02-39-21
3.85,3.81,3.93,3.44,106.0659152245,6.062,2.5,2020-02-16 02-40-20
4.11,3.29,4.07,3.44,106.09154405000001,6.062,2.562,2020-02-16 02-41-21
3.89,3.59,4.15,3.44,106.11716968450001,6,2.562,2020-02-16 02-42-21
3.71,3.23,4.05,3.38,106.11716968450001,6,2.5,2020-02-16 02-43-21
3.67,3.53,4.01,3.35,106.11716968450001,5.937,2.5,2020-02-16 02-44-21
4.05,3.15,4.33,3.36,106.11716968450001,5.937,2.437,2020-02-16 02-45-21
3.71,3.55,3.97,3.36,106.11716968450001,5.875,2.5,2020-02-16 02-46-21
3.93,3.37,3.93,3.38,106.11716968450001,5.937,2.5,2020-02-16 02-47-21
3.67,3.81,3.63,3.38,106.14279212800001,5.937,2.5,2020-02-16 02-48-21
3.97,3.33,4.33,3.39,106.11716968450001,5.937,2.5,2020-02-16 02-49-21
3.89,3.67,3.81,3.41,106.11716968450001,5.937,2.5,2020-02-16 02-50-21
3.97,3.59,4.15,3.43,106.11716968450001,5.937,2.562,2020-02-16 02-51-21
4.11,3.41,3.59,3.42,106.11716968450001,6,2.562,2020-02-16 02-52-21
3.59,3.45,3.89,3.38,106.11716968450001,6,2.5,2020-02-16 02-53-20
3.81,3.53,3.97,3.37,106.1684113805,6,2.562,2020-02-16 02-54-21
3.81,3.53,4.19,3.4,106.1684113805,6,2.562,2020-02-16 02-55-21
3.93,3.53,3.45,3.42,106.14279212800001,5.937,2.562,2020-02-16 02-56-21
3.89,3.63,4.15,3.46,106.14279212800001,5.937,2.625,2020-02-16 02-57-21
3.89,3.53,3.97,3.49,106.0659152245,5.937,2.625,2020-02-16 02-58-21
3.81,3.71,3.85,3.49,106.1684113805,6,2.625,2020-02-16 02-59-21
3.93,3.45,4.11,3.49,106.11716968450001,6,2.625,2020-02-16 03-00-21
3.89,3.81,3.97,3.52,106.11716968450001,6,2.687,2020-02-16 03-01-21
3.41,3.59,3.79,3.51,106.09154405000001,6,2.687,2020-02-16 03-02-21
3.81,3.37,4.05,3.53,106.09154405000001,6,2.687,2020-02-16 03-03-21
3.93,3.25,3.79,3.5,106.0659152245,6,2.687,2020-02-16 03-04-20
3.93,3.81,3.97,3.5,106.1684113805,6,2.687,2020-02-16 03-05-21
3.93,3.25,3.71,3.51,106.0659152245,6,2.687,2020-02-16 03-06-21
4.07,3.89,4.15,3.48,106.1684113805,6,2.687,2020-02-16 03-07-21
3.89,3.59,3.93,3.5,106.11716968450001,6,2.687,2020-02-16 03-08-21
3.49,3.75,4.01,3.52,106.1684113805,6,2.75,2020-02-16 03-09-21
3.97,3.53,4.01,3.54,106.1684113805,6,2.687,2020-02-16 03-10-20
3.81,3.81,4.15,3.56,106.09154405000001,6,2.75,2020-02-16 03-11-21
3.59,3.71,4.05,3.58,106.1684113805,6,2.75,2020-02-16 03-12-21
4.23,3.59,3.79,3.59,106.11716968450001,6.062,2.75,2020-02-16 03-13-21
4.15,4.05,4.05,3.62,106.1684113805,6.062,2.75,2020-02-16 03-14-21
3.97,3.71,3.79,3.62,106.11716968450001,6.062,2.812,2020-02-16 03-15-21
4.11,3.75,4.19,3.63,106.11716968450001,6.125,2.812,2020-02-16 03-16-21
4.37,4.11,3.89,3.64,106.11716968450001,6.125,2.812,2020-02-16 03-18-21
3.97,4.05,4.01,3.64,106.09154405000001,6.125,2.812,2020-02-16 03-19-21
4.05,3.49,4.11,3.64,106.1684113805,6.187,2.812,2020-02-16 03-20-21
3.93,3.67,4.07,3.68,106.14279212800001,6.187,2.875,2020-02-16 03-21-21
4.27,3.81,4.11,3.66,106.1684113805,6.187,2.875,2020-02-16 03-22-21
4.19,3.67,4.01,3.68,106.11716968450001,6.187,2.875,2020-02-16 03-23-21
4.11,3.81,4.11,3.68,106.14279212800001,6.187,2.875,2020-02-16 03-24-20
3.97,3.55,4.15,3.68,106.1684113805,6.125,2.875,2020-02-16 03-25-21
3.79,3.79,4.23,3.68,106.09154405000001,6.187,2.812,2020-02-16 03-26-21
3.81,3.71,4.31,3.64,106.14279212800001,6.187,2.812,2020-02-16 03-27-21
4.19,3.97,4.41,3.61,106.11716968450001,6.187,2.75,2020-02-16 03-28-21
3.97,3.49,4.19,3.62,106.19402744200002,6.187,2.75,2020-02-16 03-29-21
4.01,3.49,4.19,3.61,106.19402744200002,6.187,2.75,2020-02-16 03-30-21
3.63,3.59,3.89,3.62,106.1684113805,6.187,2.75,2020-02-16 03-31-21
3.93,3.71,4.19,3.62,106.1684113805,6.125,2.812,2020-02-16 03-32-21
3.59,3.41,3.89,3.59,106.1684113805,6.125,2.75,2020-02-16 03-33-21
3.75,3.41,4.01,3.52,106.2196403125,6.125,2.687,2020-02-16 03-34-21
3.37,2.59,3.55,3.47,106.2196403125,6.062,2.625,2020-02-16 03-35-21
3.93,3.25,3.67,3.42,106.2708564805,6,2.625,2020-02-16 03-36-20
3.33,3.33,3.93,3.41,106.2708564805,6,2.625,2020-02-16 03-37-21
3.63,3.41,3.97,3.41,106.2708564805,5.937,2.625,2020-02-16 03-38-21
3.33,3.55,3.79,3.39,106.2196403125,5.937,2.562,2020-02-16 03-39-21
3.71,3.25,3.59,3.34,106.2708564805,5.937,2.562,2020-02-16 03-40-21
3.23,3.23,4.01,3.3,106.29645977800001,5.875,2.5,2020-02-16 03-41-21
3.49,3.33,3.45,3.27,106.3220598845,5.812,2.437,2020-02-16 03-42-21
3.49,3.37,3.63,3.23,106.37325052450001,5.75,2.437,2020-02-16 03-43-20
3.15,3.19,3.53,3.22,106.34765680000001,5.75,2.375,2020-02-16 03-44-21
3.49,3.25,3.41,3.18,106.29645977800001,5.687,2.375,2020-02-16 03-45-21
3.41,3.25,3.81,3.16,106.3220598845,5.687,2.312,2020-02-16 03-46-20
3.15,3.11,3.85,3.18,106.37325052450001,5.625,2.375,2020-02-16 03-47-21
3.53,3.19,3.53,3.15,106.3220598845,5.562,2.375,2020-02-16 03-48-21
3.67,3.03,3.85,3.18,106.37325052450001,5.562,2.375,2020-02-16 03-49-21
3.41,3.11,3.59,3.16,106.37325052450001,5.5,2.375,2020-02-16 03-50-21
3.03,3.07,3.67,3.16,106.37325052450001,5.5,2.375,2020-02-16 03-51-21
3.45,3.23,3.71,3.18,106.3220598845,5.5,2.375,2020-02-16 03-52-21
3.41,3.03,2.25,3.2,106.3220598845,5.437,2.437,2020-02-16 03-53-21
3.41,3.59,4.05,3.22,106.3220598845,5.437,2.437,2020-02-16 03-54-21
3.85,3.23,3.71,3.22,106.3220598845,5.437,2.437,2020-02-16 03-55-21
3.63,3.45,3.79,3.24,106.3220598845,5.437,2.437,2020-02-16 03-57-21
3.19,3.15,3.49,3.24,106.3220598845,5.437,2.5,2020-02-16 03-58-21
3.59,3.07,3.97,3.27,106.2708564805,5.437,2.5,2020-02-16 03-59-21
3.41,3.37,3.55,3.25,106.3220598845,5.437,2.5,2020-02-16 04-00-21
3.59,3.49,3.53,3.26,106.2708564805,5.437,2.437,2020-02-16 04-01-21
3.59,3.07,3.23,3.28,106.3220598845,5.437,2.5,2020-02-16 04-02-21
3.41,3.25,3.67,3.3,106.29645977800001,5.437,2.5,2020-02-16 04-03-21
3.75,3.07,3.75,3.32,106.2708564805,5.437,2.562,2020-02-16 04-04-21
3.59,2.95,3.71,3.3,106.3220598845,5.437,2.5,2020-02-16 04-05-21
3.75,3.29,3.49,3.3,106.2708564805,5.437,2.5,2020-02-16 04-06-21
3.23,3.23,3.67,3.32,106.2708564805,5.437,2.5,2020-02-16 04-07-21
3.49,3.55,4.27,3.34,106.34765680000001,5.5,2.562,2020-02-16 04-08-21
3.29,2.99,3.63,3.37,106.2708564805,5.5,2.562,2020-02-16 04-09-21
3.37,3.59,4.07,3.38,106.3220598845,5.5,2.562,2020-02-16 04-10-21
3.93,3.49,3.79,3.4,106.3220598845,5.5,2.625,2020-02-16 04-11-21
3.53,3.55,4.31,3.41,106.29645977800001,5.5,2.625,2020-02-16 04-12-21
3.55,3.41,4.27,3.4,106.2708564805,5.5,2.625,2020-02-16 04-13-20
3.81,3.41,3.53,3.37,106.2708564805,5.437,2.625,2020-02-16 04-14-21
3.71,3.03,3.59,3.34,106.2708564805,5.437,2.625,2020-02-16 04-15-21
3.53,3.45,4.01,3.34,106.2708564805,5.437,2.625,2020-02-16 04-16-21
3.53,2.91,3.67,3.35,106.245249992,5.375,2.562,2020-02-16 04-17-21
3.11,3.23,3.53,3.34,106.34765680000001,5.375,2.562,2020-02-16 04-18-21
3.67,3.33,3.63,3.32,106.2708564805,5.375,2.562,2020-02-16 04-19-20
3.79,3.23,3.53,3.32,106.2708564805,5.312,2.562,2020-02-16 04-20-21
3.63,3.37,4.15,3.34,106.2708564805,5.312,2.562,2020-02-16 04-21-21
4.05,3.49,3.63,3.37,106.2708564805,5.375,2.625,2020-02-16 04-22-21
3.67,3.23,3.45,3.36,106.2708564805,5.312,2.562,2020-02-16 04-23-21
3.33,3.07,3.71,3.38,106.2708564805,5.375,2.562,2020-02-16 04-24-21
3.41,3.45,3.49,3.4,106.245249992,5.312,2.625,2020-02-16 04-25-21
4.01,3.15,3.63,3.39,106.2708564805,5.375,2.625,2020-02-16 04-26-21
3.25,3.41,4.01,3.4,106.2708564805,5.312,2.625,2020-02-16 04-27-21
3.25,3.45,3.23,3.4,106.245249992,5.25,2.625,2020-02-16 04-28-21
3.63,3.45,3.25,3.42,106.2196403125,5.25,2.625,2020-02-16 04-29-21
3.45,3.25,3.63,3.41,106.19402744200002,5.25,2.687,2020-02-16 04-30-21
3.93,3.41,3.81,3.42,106.1684113805,5.25,2.687,2020-02-16 04-31-21
2.85,2.91,3.71,3.42,106.2196403125,5.187,2.625,2020-02-16 04-32-20
3.23,3.25,3.63,3.44,106.1684113805,5.187,2.625,2020-02-16 04-33-21
3.23,3.67,3.63,3.43,106.1684113805,5.187,2.625,2020-02-16 04-34-21
3.79,3.19,3.41,3.4,106.1684113805,5.125,2.625,2020-02-16 04-35-21
3.37,3.07,3.79,3.38,106.14279212800001,5.125,2.625,2020-02-16 04-36-21
3.67,3.33,3.67,3.38,106.11716968450001,5.125,2.625,2020-02-16 04-37-21
3.53,2.73,3.29,3.4,106.11716968450001,5.125,2.625,2020-02-16 04-38-21
3.55,3.33,3.75,3.38,106.0659152245,5.062,2.625,2020-02-16 04-39-19
3.45,3.25,3.67,3.37,106.0659152245,5.062,2.625,2020-02-16 04-40-21
3.15,3.29,3.71,3.38,106.0659152245,5.062,2.625,2020-02-16 04-41-21
3.41,3.29,3.71,3.36,106.01464800050002,5.062,2.625,2020-02-16 04-42-21
2.99,3.49,3.79,3.36,106.01464800050002,5.062,2.562,2020-02-16 04-43-21
3.41,3.07,3.75,3.35,105.96336801250001,5.062,2.625,2020-02-16 04-44-21
3.49,3.33,3.55,3.34,105.93772323200001,5.062,2.625,2020-02-16 04-45-21
3.71,3.53,3.53,3.39,105.93772323200001,5.062,2.625,2020-02-16 04-46-21
3.55,3.55,3.81,3.4,105.91207526050002,5,2.625,2020-02-16 04-47-21
3.49,3.41,3.79,3.42,105.8607697445,5.062,2.625,2020-02-16 04-48-21
3.45,3.49,3.59,3.41,105.80945146450001,5.062,2.687,2020-02-16 04-49-21
4.23,3.07,3.59,3.38,105.80945146450001,5.062,2.687,2020-02-16 04-51-20
2.95,3.79,3.63,3.42,105.7581204205,5.062,2.687,2020-02-16 04-52-21
2.73,3.33,3.71,3.41,105.70677661250002,5.062,2.625,2020-02-16 04-53-21
3.55,3.53,3.53,3.39,105.70677661250002,5.125,2.625,2020-02-16 04-54-21
3.29,3.07,3.71,3.44,105.6554200405,5.062,2.687,2020-02-16 04-55-21
3.79,3.25,3.53,3.43,105.6040507045,5.125,2.625,2020-02-16 04-56-21
3.15,3.45,3.53,3.44,105.55266860450001,5.062,2.687,2020-02-16 04-57-21
3.25,3.53,3.63,3.42,105.50127374050001,5.062,2.687,2020-02-16 04-58-20
3.45,2.31,3.63,3.45,105.44986611250002,5.062,2.687,2020-02-16 04-59-21
3.59,3.33,3.15,3.43,105.3984457205,5.062,2.687,2020-02-16 05-01-21
3.53,3.59,3.15,3.43,105.32129120000002,5.062,2.687,2020-02-16 05-02-21
3.41,3.45,3.75,3.43,105.2955666445,5.062,2.687,2020-02-16 05-03-20
3.33,3.53,3.81,3.44,105.1926365125,5.062,2.687,2020-02-16 05-04-21
3.53,3.37,3.53,3.46,105.1926365125,5.062,2.687,2020-02-16 05-05-21
3.53,3.11,3.55,3.44,105.14115230050001,5.062,2.687,2020-02-16 05-06-21
2.95,2.47,3.63,3.44,105.0896553245,5.062,2.687,2020-02-16 05-07-21
3.49,3.29,3.75,3.39,105.03814558450001,5.062,2.625,2020-02-16 05-08-21
3.89,3.11,4.15,3.44,104.98662308050001,5.062,2.687,2020-02-16 05-09-21
3.41,3.15,3.55,3.46,104.96085704200001,5.062,2.687,2020-02-16 05-10-21
3.49,3.25,3.89,3.43,104.8835397805,5.062,2.687,2020-02-16 05-11-21
3.15,3.25,3.93,3.46,104.7804054245,5.062,2.687,2020-02-16 05-12-21
4.05,3.19,3.59,3.47,104.7288191005,5,2.687,2020-02-16 05-13-21
3.33,3.11,3.71,3.44,104.67722001250002,5,2.687,2020-02-16 05-14-21
3.29,3.15,3.67,3.42,104.62560816050001,5,2.687,2020-02-16 05-15-21
3.37,3.29,3.37,3.42,104.57398354450001,5.062,2.687,2020-02-16 05-17-21
3.15,3.45,3.45,3.42,104.49652268800001,5,2.687,2020-02-16 05-18-21
3.25,3.07,3.49,3.39,104.47069602050001,5,2.687,2020-02-16 05-19-21
3.53,3.37,3.63,3.36,104.47069602050001,5,2.625,2020-02-16 05-20-21
3.29,3.23,3.59,3.36,104.4190331125,5,2.625,2020-02-16 05-21-21
3.59,3.67,3.85,3.33,104.44486616200001,5,2.562,2020-02-16 05-22-20
3.45,3.45,3.55,3.34,104.4190331125,5,2.625,2020-02-16 05-23-21
3.63,3.33,3.41,3.38,104.4190331125,5,2.625,2020-02-16 05-24-21
3.25,2.95,3.75,3.31,104.4190331125,5,2.625,2020-02-16 05-25-21
3.23,3.49,3.41,3.34,104.4190331125,5,2.562,2020-02-16 05-26-21
3.29,3.33,3.79,3.34,104.4190331125,5,2.562,2020-02-16 05-27-21
3.41,2.95,3.49,3.31,104.393196872,5,2.625,2020-02-16 05-28-20
3.53,3.41,3.55,3.28,104.36735744050002,5,2.562,2020-02-16 05-29-20
3.29,3.07,3.63,3.29,104.36735744050002,5.062,2.562,2020-02-16 05-30-21
3.67,2.99,3.79,3.27,104.36735744050002,5,2.562,2020-02-16 05-31-21
3.29,3.45,3.67,3.3,104.36735744050002,5,2.562,2020-02-16 05-32-21
3.45,3.23,3.49,3.34,104.36735744050002,5,2.625,2020-02-16 05-33-21
3.29,3.07,3.29,3.3,104.31566900450001,5,2.625,2020-02-16 05-34-21
3.49,3.41,3.53,3.3,104.34151481800001,5,2.562,2020-02-16 05-35-21
3.19,3.29,3.59,3.31,104.36735744050002,5,2.562,2020-02-16 05-36-21
3.23,3.45,3.53,3.32,104.36735744050002,4.937,2.562,2020-02-16 05-37-21
3.23,3.19,3.41,3.28,104.36735744050002,4.937,2.562,2020-02-16 05-38-21
2.99,3.07,3.63,3.29,104.4190331125,4.875,2.5,2020-02-16 05-39-21
3.45,2.85,2.43,3.24,104.44486616200001,4.812,2.5,2020-02-16 05-40-21
3.25,3.19,3.71,3.22,104.47069602050001,4.812,2.5,2020-02-16 05-41-20
3.37,3.29,3.49,3.25,104.47069602050001,4.75,2.5,2020-02-16 05-42-21
3.11,2.95,3.59,3.19,104.47069602050001,4.75,2.5,2020-02-16 05-43-21
3.49,3.07,3.55,3.21,104.52234616450001,4.75,2.5,2020-02-16 05-44-21
3.33,2.91,3.53,3.24,104.52234616450001,4.75,2.5,2020-02-16 05-45-21
3.55,3.07,3.45,3.22,104.57398354450001,4.75,2.5,2020-02-16 05-46-21
3.15,3.23,3.93,3.24,104.57398354450001,4.75,2.5,2020-02-16 05-47-20
3.49,3.25,3.59,3.22,104.57398354450001,4.812,2.5,2020-02-16 05-48-20
3.49,3.25,3.07,3.26,104.599797448,4.812,2.562,2020-02-16 05-49-21
3.41,3.33,3.25,3.25,104.62560816050001,4.812,2.562,2020-02-16 05-50-21
3.25,3.07,3.63,3.28,104.62560816050001,4.812,2.562,2020-02-16 05-51-20
3.63,3.15,3.37,3.26,104.62560816050001,4.812,2.562,2020-02-16 05-52-21
3.53,3.19,3.71,3.3,104.62560816050001,4.812,2.562,2020-02-16 05-53-21
3.41,3.07,3.41,3.27,104.62560816050001,4.812,2.5,2020-02-16 05-54-20
3.33,2.89,3.79,3.3,104.62560816050001,4.812,2.562,2020-02-16 05-55-21
3.25,3.19,3.33,3.32,104.599797448,4.812,2.562,2020-02-16 05-57-21
3.29,3.33,3.53,3.32,104.57398354450001,4.812,2.562,2020-02-16 05-58-21
3.11,3.33,3.55,3.32,104.57398354450001,4.812,2.562,2020-02-16 05-59-21
3.41,2.99,3.53,3.33,104.52234616450001,4.812,2.562,2020-02-16 06-00-21
3.49,3.55,3.37,3.33,104.47069602050001,4.812,2.562,2020-02-16 06-01-21
3.41,3.15,3.55,3.4,104.4190331125,4.812,2.625,2020-02-16 06-02-21
3.59,3.23,3.81,3.38,104.36735744050002,4.812,2.625,2020-02-16 06-03-21
3.11,3.37,3.53,3.39,104.31566900450001,4.812,2.625,2020-02-16 06-04-21
3.19,3.19,3.49,3.32,104.31566900450001,4.812,2.562,2020-02-16 06-05-21
3.15,3.33,3.49,3.3,104.31566900450001,4.812,2.5,2020-02-16 06-06-21
3.53,2.85,3.29,3.27,104.34151481800001,4.812,2.5,2020-02-16 06-07-21
3.41,3.25,3.67,3.32,104.31566900450001,4.812,2.5,2020-02-16 06-08-21
3.07,3.11,3.15,3.26,104.36735744050002,4.75,2.5,2020-02-16 06-09-21
3.55,3.15,3.19,3.28,104.4190331125,4.75,2.5,2020-02-16 06-10-21
3.49,3.19,3.93,3.22,104.4190331125,4.687,2.5,2020-02-16 06-11-21
3.15,3.19,3.49,3.22,104.44486616200001,4.687,2.437,2020-02-16 06-12-21
3.03,3.33,3.59,3.21,104.47069602050001,4.625,2.437,2020-02-16 06-13-21
3.45,3.25,3.49,3.2,104.52234616450001,4.625,2.5,2020-02-16 06-14-21
3.33,3.23,3.41,3.21,104.52234616450001,4.562,2.5,2020-02-16 06-15-21
3.03,3.49,3.37,3.26,104.54816645,4.5,2.5,2020-02-16 06-16-21
3.15,3.03,3.89,3.2,104.57398354450001,4.5,2.5,2020-02-16 06-17-21
2.81,3.19,3.25,3.25,104.62560816050001,4.5,2.5,2020-02-16 06-18-21
3.49,3.03,3.03,3.25,104.703021152,4.5,2.437,2020-02-16 06-19-21
3.15,2.59,3.55,3.22,104.7804054245,4.437,2.437,2020-02-16 06-20-21
3.15,3.23,3.29,3.16,104.8319789845,4.437,2.5,2020-02-16 06-21-21
3.23,2.99,3.67,3.19,104.96085704200001,4.375,2.437,2020-02-16 06-23-21
3.23,3.11,3.41,3.18,104.98662308050001,4.375,2.5,2020-02-16 06-24-21
3.15,2.91,3.19,3.17,105.03814558450001,4.375,2.5,2020-02-16 06-25-36
3.37,3.25,3.49,3.16,105.14115230050001,4.312,2.437,2020-02-16 06-27-21
3.07,3.41,3.41,3.17,105.1926365125,4.312,2.437,2020-02-16 06-28-21
3.29,3.23,3.55,3.16,105.1926365125,4.312,2.437,2020-02-16 06-29-20
3.07,3.29,3.67,3.14,105.24410796050002,4.312,2.375,2020-02-16 06-30-20
3.53,3.07,2.25,3.18,105.24410796050002,4.312,2.437,2020-02-16 06-31-21
3.45,3.03,3.67,3.16,105.2955666445,4.312,2.437,2020-02-16 06-32-21
3.49,2.85,2.73,3.16,105.32129120000002,4.312,2.375,2020-02-16 06-33-21
3.63,3.25,3.41,3.12,105.3470125645,4.312,2.375,2020-02-16 06-34-20
3.03,3.29,3.49,3.12,105.3984457205,4.25,2.312,2020-02-16 06-35-21
3.15,2.95,3.85,3.12,105.3984457205,4.312,2.375,2020-02-16 06-36-21
3.25,2.91,3.49,3.12,105.42415751200002,4.312,2.312,2020-02-16 06-37-21
3.15,3.23,3.45,3.14,105.44986611250002,4.312,2.312,2020-02-16 06-38-21
3.23,3.07,2.31,3.16,105.44986611250002,4.312,2.312,2020-02-16 06-39-21
3.49,2.89,2.59,3.21,105.50127374050001,4.312,2.375,2020-02-16 06-40-21
3.71,3.15,2.21,3.18,105.50127374050001,4.312,2.375,2020-02-16 06-41-21
3.49,2.95,2.39,3.2,105.50127374050001,4.312,2.375,2020-02-16 06-42-21
3.29,3.41,3.79,3.25,105.50127374050001,4.312,2.437,2020-02-16 06-43-21
3.03,3.19,3.23,3.24,105.50127374050001,4.312,2.437,2020-02-16 06-44-21
3.37,3.49,3.59,3.28,105.50127374050001,4.312,2.437,2020-02-16 06-45-21
3.37,3.49,3.81,3.31,105.50127374050001,4.375,2.5,2020-02-16 06-46-21
3.59,3.79,3.71,3.36,105.44986611250002,4.375,2.562,2020-02-16 06-47-21
3.55,3.41,3.71,3.36,105.44986611250002,4.375,2.562,2020-02-16 06-48-21
3.49,3.49,4.05,3.43,105.3984457205,4.437,2.562,2020-02-16 06-49-21
3.63,3.29,3.79,3.4,105.3984457205,4.437,2.562,2020-02-16 06-50-21
3.53,3.49,3.81,3.39,105.3984457205,4.5,2.625,2020-02-16 06-51-21
3.29,3.33,3.25,3.44,105.3470125645,4.5,2.562,2020-02-16 06-52-21
3.23,3.11,4.31,3.42,105.3470125645,4.562,2.562,2020-02-16 06-53-21
3.93,3.71,3.63,3.46,105.32129120000002,4.562,2.562,2020-02-16 06-54-21
3.41,3.23,3.55,3.46,105.2955666445,4.562,2.562,2020-02-16 06-55-21
3.79,3.93,3.85,3.48,105.269838898,4.562,2.625,2020-02-16 06-56-21
3.59,3.37,4.05,3.47,105.24410796050002,4.625,2.625,2020-02-16 06-57-21
3.45,3.33,4.07,3.48,105.24410796050002,4.687,2.625,2020-02-16 06-58-20
3.37,3.41,4.01,3.52,105.1926365125,4.687,2.562,2020-02-16 06-59-21
3.25,3.37,4.11,3.51,105.14115230050001,4.687,2.562,2020-02-16 07-00-21
3.59,3.33,4.05,3.5,105.0896553245,4.75,2.562,2020-02-16 07-01-21
3.53,3.37,4.01,3.48,105.012385928,4.75,2.562,2020-02-16 07-02-21
4.15,3.75,3.85,3.47,104.9350878125,4.75,2.562,2020-02-16 07-03-21
3.71,3.33,3.89,3.54,104.8319789845,4.75,2.562,2020-02-16 07-04-21
3.67,3.71,3.71,3.56,104.7288191005,4.75,2.625,2020-02-16 07-05-20
3.45,3.41,3.79,3.58,104.62560816050001,4.75,2.625,2020-02-16 07-06-21
3.67,2.59,3.71,3.56,104.52234616450001,4.687,2.687,2020-02-16 07-07-21
3.55,3.25,3.89,3.56,104.4190331125,4.687,2.687,2020-02-16 07-08-21
3.63,3.55,3.97,3.56,104.31566900450001,4.625,2.687,2020-02-16 07-09-21
3.33,3.63,3.85,3.58,104.2639678045,4.625,2.75,2020-02-16 07-10-21
3.71,3.71,3.79,3.54,104.1605271125,4.625,2.687,2020-02-16 07-11-20
3.79,3.37,3.89,3.5,104.10878762050001,4.562,2.687,2020-02-16 07-12-20
3.59,3.45,3.75,3.5,104.08291308800001,4.562,2.687,2020-02-16 07-13-21
3.37,3.33,4.11,3.52,104.00527034450002,4.5,2.687,2020-02-16 07-14-21
3.37,3.19,3.67,3.51,104.0570353645,4.562,2.625,2020-02-16 07-15-21
3.45,3.41,3.93,3.46,104.08291308800001,4.5,2.625,2020-02-16 07-16-21
3.45,3.59,3.23,3.35,104.1605271125,4.5,2.562,2020-02-16 07-18-21
3.37,3.45,3.67,3.33,104.21225384050001,4.437,2.562,2020-02-16 07-19-21
3.53,3.55,4.01,3.3,104.238112418,4.437,2.5,2020-02-16 07-20-21
3.53,3.19,4.07,3.3,104.31566900450001,4.437,2.5,2020-02-16 07-21-21
3.19,3.23,3.97,3.28,104.36735744050002,4.437,2.437,2020-02-16 07-22-21
3.45,3.19,3.45,3.22,104.4190331125,4.437,2.437,2020-02-16 07-23-21
3.53,3.23,3.53,3.23,104.47069602050001,4.375,2.437,2020-02-16 07-24-20
3.29,3.07,3.45,3.2,104.52234616450001,4.437,2.375,2020-02-16 07-25-21
3.33,2.21,3.53,3.16,104.52234616450001,4.375,2.375,2020-02-16 07-26-21
3.25,2.95,3.55,3.16,104.599797448,4.375,2.375,2020-02-16 07-27-21
3.23,3.29,3.55,3.14,104.62560816050001,4.375,2.375,2020-02-16 07-28-21
3.23,3.45,3.81,3.16,104.67722001250002,4.312,2.375,2020-02-16 07-29-21
3.25,3.29,3.59,3.16,104.703021152,4.312,2.375,2020-02-16 07-30-22
2.85,3.29,3.53,3.18,104.7288191005,4.312,2.375,2020-02-16 07-31-21
3.45,3.11,3.37,3.14,104.75461385800001,4.312,2.375,2020-02-16 07-32-21
3.49,3.25,3.45,3.2,104.7804054245,4.25,2.375,2020-02-16 07-33-21
3.33,3.07,3.55,3.21,104.8061938,4.25,2.375,2020-02-16 07-34-21
3.23,3.33,3.25,3.22,104.8319789845,4.25,2.375,2020-02-16 07-35-21
3.49,3.07,3.55,3.22,104.8319789845,4.25,2.375,2020-02-16 07-36-20
3.33,3.03,3.15,3.22,104.85776097800002,4.25,2.375,2020-02-16 07-37-21
3.25,2.95,3.75,3.16,104.8319789845,4.25,2.312,2020-02-16 07-38-21
3.03,2.85,3.37,3.12,104.8319789845,4.25,2.312,2020-02-16 07-39-21
3.49,3.11,3.85,3.14,104.8319789845,4.25,2.375,2020-02-16 07-40-21
3.23,3.41,3.41,3.13,104.8319789845,4.25,2.312,2020-02-16 07-41-21
3.23,2.95,3.45,3.15,104.8319789845,4.25,2.312,2020-02-16 07-42-21
3.45,3.25,3.55,3.16,104.8319789845,4.25,2.312,2020-02-16 07-43-20
3.55,2.99,3.81,3.12,104.8319789845,4.25,2.312,2020-02-16 07-44-21
3.25,3.15,3.29,3.12,104.8319789845,4.25,2.312,2020-02-16 07-45-21
2.89,3.25,2.51,3.08,104.85776097800002,4.25,2.312,2020-02-16 07-46-21
3.23,2.99,3.59,3.02,104.8835397805,4.25,2.25,2020-02-16 07-47-21
3.25,3.03,3.55,3.02,104.9350878125,4.25,2.25,2020-02-16 07-48-21
3.29,2.95,3.37,3.03,104.9350878125,4.25,2.25,2020-02-16 07-49-21
3.07,2.91,3.33,3.04,104.96085704200001,4.25,2.25,2020-02-16 07-50-21
3.53,3.07,3.55,3.05,104.98662308050001,4.25,2.25,2020-02-16 07-51-21
3.79,2.85,3.37,3.07,104.98662308050001,4.187,2.25,2020-02-16 07-52-21
2.95,2.91,3.25,3.1,105.03814558450001,4.187,2.25,2020-02-16 07-53-21
3.15,3.07,3.41,3.04,105.06390205000001,4.187,2.25,2020-02-16 07-54-21
3.25,2.89,3.19,3.02,105.0896553245,4.187,2.25,2020-02-16 07-55-21
3.29,3.41,3.89,3,105.14115230050001,4.187,2.187,2020-02-16 07-58-21
3.49,3.15,3.49,3.04,105.14115230050001,4.125,2.187,2020-02-16 07-59-21
3.45,3.03,3.29,3.06,105.14115230050001,4.187,2.187,2020-02-16 08-00-21
2.91,3.23,3.19,3.07,105.1926365125,4.187,2.187,2020-02-16 08-01-21
2.95,2.95,3.89,3.08,105.1926365125,4.187,2.187,2020-02-16 08-02-20
3.11,2.91,3.41,3.07,105.218373832,4.25,2.187,2020-02-16 08-03-21
2.99,3.11,3.71,3.1,105.1926365125,4.187,2.187,2020-02-16 08-04-21
3.41,3.25,3.49,3.1,105.1926365125,4.25,2.25,2020-02-16 08-05-20
3.25,2.85,3.37,3.12,105.24410796050002,4.25,2.187,2020-02-16 08-06-20
3.19,2.73,3.67,3.12,105.269838898,4.25,2.187,2020-02-16 08-07-21
3.23,3.07,3.59,3.1,105.24410796050002,4.25,2.187,2020-02-16 08-08-21
3.29,2.99,3.45,3.13,105.2955666445,4.25,2.187,2020-02-16 08-09-21
3.37,3.11,3.59,3.14,105.2955666445,4.25,2.25,2020-02-16 08-10-21
3.33,3.23,3.53,3.16,105.2955666445,4.312,2.25,2020-02-16 08-11-21
2.95,3.23,3.89,3.18,105.32129120000002,4.25,2.25,2020-02-16 08-12-21
3.15,2.89,3.41,3.18,105.2955666445,4.312,2.187,2020-02-16 08-13-20
2.99,2.99,3.79,3.16,105.2955666445,4.312,2.25,2020-02-16 08-14-21
3.25,3.49,3.49,3.2,105.2955666445,4.312,2.25,2020-02-16 08-15-21
3.55,3.03,3.33,3.17,105.2955666445,4.312,2.187,2020-02-16 08-16-21
3.33,3.53,3.67,3.19,105.2955666445,4.312,2.187,2020-02-16 08-17-21
3.45,3.23,4.05,3.23,105.2955666445,4.312,2.25,2020-02-16 08-18-21
3.59,3.33,4.37,3.26,105.2955666445,4.375,2.25,2020-02-16 08-19-21
3.37,3.07,3.79,3.21,105.2955666445,4.312,2.25,2020-02-16 08-20-21
3.71,3.23,3.85,3.22,105.2955666445,4.312,2.187,2020-02-16 08-21-21
3.03,2.95,3.81,3.24,105.24410796050002,4.312,2.25,2020-02-16 08-22-21
3.25,3.63,3.89,3.21,105.24410796050002,4.375,2.25,2020-02-16 08-23-21
3.49,3.45,3.67,3.26,105.24410796050002,4.312,2.25,2020-02-16 08-24-21
3.79,2.89,3.93,3.23,105.218373832,4.312,2.25,2020-02-16 08-25-21
3.33,3.37,3.71,3.25,105.218373832,4.312,2.25,2020-02-16 08-26-20
3.45,3.25,4.15,3.21,105.1926365125,4.312,2.25,2020-02-16 08-27-21
3.37,3.33,3.55,3.24,105.16689600200002,4.312,2.187,2020-02-16 08-28-21
3.75,3.03,4.11,3.28,105.16689600200002,4.312,2.187,2020-02-16 08-29-21
3.45,3.25,4.07,3.24,105.14115230050001,4.312,2.187,2020-02-16 08-30-21
3.55,3.11,4.15,3.25,105.14115230050001,4.312,2.187,2020-02-16 08-31-21
3.45,3.41,3.75,3.21,105.14115230050001,4.375,2.187,2020-02-16 08-32-20
3.71,3.29,2.51,3.2,105.0896553245,4.312,2.187,2020-02-16 08-33-21
3.79,3.11,3.79,3.22,105.0896553245,4.312,2.187,2020-02-16 08-34-21
3.25,3.29,3.85,3.18,105.0896553245,4.312,2.125,2020-02-16 08-35-21
3.67,3.15,4.01,3.17,105.0896553245,4.312,2.125,2020-02-16 08-36-21
3.41,3.37,4.11,3.18,105.03814558450001,4.312,2.125,2020-02-16 08-37-21
3.45,3.37,3.89,3.17,105.0896553245,4.312,2.187,2020-02-16 08-38-21
3.67,2.65,4.05,3.22,105.03814558450001,4.375,2.187,2020-02-16 08-39-20
3.75,3.75,3.75,3.24,105.03814558450001,4.312,2.187,2020-02-16 08-40-21
3.23,3.23,4.01,3.23,105.03814558450001,4.312,2.187,2020-02-16 08-41-21
3.45,3.11,4.27,3.24,105.06390205000001,4.375,2.187,2020-02-16 08-42-21
3.45,2.81,4.07,3.24,105.03814558450001,4.375,2.125,2020-02-16 08-43-21
3.53,2.95,3.93,3.17,105.06390205000001,4.312,2.187,2020-02-16 08-44-21
3.29,3.63,4.07,3.18,105.0896553245,4.312,2.125,2020-02-16 08-45-20
3.19,2.95,4.07,3.14,105.0896553245,4.375,2.125,2020-02-16 08-46-21
4.07,3.25,3.81,3.12,105.0896553245,4.375,2.125,2020-02-16 08-47-21
3.49,3.15,3.85,3.17,105.14115230050001,4.375,2.125,2020-02-16 08-48-21
3.49,3.19,3.81,3.2,105.14115230050001,4.375,2.187,2020-02-16 08-49-21
3.25,3.25,4.01,3.18,105.0896553245,4.375,2.125,2020-02-16 08-50-21
3.49,3.41,3.79,3.15,105.14115230050001,4.375,2.125,2020-02-16 08-51-21
3.23,3.03,3.67,3.17,105.14115230050001,4.437,2.125,2020-02-16 08-53-21
3.49,3.41,4.07,3.15,105.14115230050001,4.375,2.062,2020-02-16 08-54-21
3.25,2.95,3.89,3.16,105.14115230050001,4.437,2.062,2020-02-16 08-55-21
3.59,3.37,3.55,3.2,105.14115230050001,4.375,2.062,2020-02-16 08-56-21
3.81,3.15,3.85,3.23,105.115405408,4.375,2.062,2020-02-16 08-57-21
3.55,3.37,3.97,3.27,105.0896553245,4.437,2.062,2020-02-16 08-58-21
3.81,3.37,4.27,3.34,105.0896553245,4.437,2.062,2020-02-16 08-59-21
3.63,3.33,4.53,3.36,105.012385928,4.437,2.062,2020-02-16 09-00-21
3.49,3.19,4.33,3.32,104.98662308050001,4.437,2.125,2020-02-16 09-01-21
3.71,3.45,4.11,3.36,104.9350878125,4.437,2.125,2020-02-16 09-02-21
3.85,3.79,4.49,3.4,104.9350878125,4.437,2.125,2020-02-16 09-03-21
3.71,3.49,4.23,3.32,104.9350878125,4.437,2.125,2020-02-16 09-04-21
3.41,3.93,4.07,3.3,104.9350878125,4.437,2.125,2020-02-16 09-05-21
3.85,3.29,4.27,3.36,104.9350878125,4.437,2.062,2020-02-16 09-06-20
3.81,3.55,4.27,3.32,104.909315392,4.437,2.062,2020-02-16 09-07-21
3.49,3.55,3.29,3.35,104.8835397805,4.437,2.062,2020-02-16 09-08-21
3.59,3.41,4.15,3.35,104.8835397805,4.437,2.125,2020-02-16 09-09-21
3.59,3.11,4.07,3.28,104.8835397805,4.375,2.062,2020-02-16 09-10-21
3.19,3.29,4.15,3.3,104.8835397805,4.437,2.062,2020-02-16 09-11-21
4.01,3.37,4.33,3.32,104.8319789845,4.375,2.062,2020-02-16 09-12-20
3.55,3.25,3.93,3.3,104.8319789845,4.375,2.062,2020-02-16 09-13-21
3.89,3.45,3.97,3.26,104.8319789845,4.375,2.062,2020-02-16 09-14-21
3.53,3.41,3.89,3.25,104.7804054245,4.375,2,2020-02-16 09-15-21
3.41,2.99,4.27,3.28,104.7804054245,4.375,2.062,2020-02-16 09-16-21
3.55,3.53,4.01,3.34,104.7804054245,4.375,2.062,2020-02-16 09-17-21
3.85,3.63,4.53,3.45,104.7288191005,4.375,2.062,2020-02-16 09-18-21
3.89,3.25,4.37,3.44,104.67722001250002,4.437,2.062,2020-02-16 09-19-20
4.01,3.49,4.33,3.41,104.62560816050001,4.375,2.062,2020-02-16 09-20-21
3.63,3.53,3.29,3.42,104.57398354450001,4.375,2,2020-02-16 09-21-21
3.85,4.07,4.41,3.48,104.57398354450001,4.375,2.062,2020-02-16 09-22-21
3.85,3.49,4.57,3.48,104.52234616450001,4.437,2.062,2020-02-16 09-23-21
3.79,3.79,4.23,3.48,104.47069602050001,4.437,2.062,2020-02-16 09-24-21
3.53,3.81,4.63,3.44,104.4190331125,4.437,2.062,2020-02-16 09-25-21
3.81,3.33,4.37,3.52,104.4190331125,4.437,2.062,2020-02-16 09-26-21
3.97,3.89,4.37,3.5,104.36735744050002,4.437,2.062,2020-02-16 09-27-21
3.71,3.29,4.27,3.48,104.31566900450001,4.5,2.062,2020-02-16 09-28-21
3.67,3.49,4.49,3.42,104.31566900450001,4.5,2.062,2020-02-16 09-29-21
3.93,3.41,4.27,3.37,104.31566900450001,4.437,2,2020-02-16 09-30-21
4.05,2.59,4.01,3.34,104.31566900450001,4.437,2,2020-02-16 09-31-20
3.59,3.53,4.27,3.34,104.36735744050002,4.437,2,2020-02-16 09-32-21
3.41,3.55,4.27,3.28,104.34151481800001,4.375,2.062,2020-02-16 09-33-21
3.49,3.41,3.81,3.27,104.393196872,4.437,2,2020-02-16 09-34-21
3.67,3.33,3.81,3.2,104.34151481800001,4.375,1.937,2020-02-16 09-35-21
3.37,3.03,3.81,3.14,104.36735744050002,4.312,1.937,2020-02-16 09-36-21
3.49,3.19,3.67,3.1,104.4190331125,4.312,1.937,2020-02-16 09-37-21
3.15,3.49,4.05,3.02,104.47069602050001,4.312,1.937,2020-02-16 09-38-20
3.15,3.19,3.75,3,104.52234616450001,4.25,1.937,2020-02-16 09-40-21
3.41,3.41,3.59,2.98,104.62560816050001,4.187,1.937,2020-02-16 09-41-21
3.11,3.49,3.85,2.98,104.62560816050001,4.187,1.875,2020-02-16 09-42-21
3.79,3.23,3.97,2.99,104.67722001250002,4.125,1.875,2020-02-16 09-43-20
3.11,3.25,3.59,3.02,104.67722001250002,4.125,1.875,2020-02-16 09-44-21
3.37,2.95,3.81,2.96,104.67722001250002,4.125,1.875,2020-02-16 09-45-21
3.29,3.11,4.01,2.98,104.7288191005,4.125,1.875,2020-02-16 09-46-21
3.53,2.95,3.89,3.02,104.7288191005,4.062,1.875,2020-02-16 09-47-21
3.49,3.33,3.71,3.02,104.7288191005,4.062,1.875,2020-02-16 09-48-21
3.19,3.37,3.81,3.03,104.7288191005,4.062,1.937,2020-02-16 09-49-21
3.53,3.23,3.81,3.04,104.703021152,4.062,1.875,2020-02-16 09-50-21
3.33,3.23,3.55,3.04,104.67722001250002,4.125,1.937,2020-02-16 09-51-21
3.59,3.23,3.75,2.96,104.65141568200002,4.125,1.937,2020-02-16 09-52-21
3.45,3.19,3.79,3.02,104.67722001250002,4.125,1.875,2020-02-16 09-53-21
3.33,3.19,3.71,3.02,104.67722001250002,4.125,1.875,2020-02-16 09-54-21
3.89,2.95,4.07,3.05,104.67722001250002,4.062,1.875,2020-02-16 09-55-21
3.33,3.67,3.81,3.08,104.62560816050001,4.062,1.875,2020-02-16 09-57-21
3.49,3.25,4.15,3.15,104.62560816050001,4.062,1.875,2020-02-16 09-58-21
3.59,3.59,3.97,3.12,104.57398354450001,4.125,1.875,2020-02-16 09-59-21
3.33,3.55,3.85,3.14,104.57398354450001,4.062,1.875,2020-02-16 10-00-21
3.33,3.41,3.85,3.08,104.52234616450001,4.125,1.875,2020-02-16 10-01-21
3.49,3.25,4.01,3.08,104.52234616450001,4.125,1.875,2020-02-16 10-02-20
3.37,3.33,3.93,3.2,104.47069602050001,4.125,1.875,2020-02-16 10-03-21
4.07,3.55,4.27,3.14,104.44486616200001,4.125,1.812,2020-02-16 10-04-21
3.55,3.33,4.01,3.06,104.4190331125,4.062,1.812,2020-02-16 10-05-21
3.37,3.03,3.93,3.02,104.393196872,4.062,1.812,2020-02-16 10-06-21
3.49,3.07,4.05,2.98,104.36735744050002,4.062,1.75,2020-02-16 10-07-21
3.45,2.89,4.15,2.88,104.36735744050002,4.062,1.687,2020-02-16 10-08-20
3.71,3.11,3.71,2.87,104.36735744050002,4.062,1.687,2020-02-16 10-09-20
3.03,3.25,3.41,2.88,104.4190331125,4.062,1.687,2020-02-16 10-10-21
3.45,3.23,3.59,2.88,104.4190331125,4,1.687,2020-02-16 10-11-21
3.19,3.23,3.89,2.9,104.47069602050001,4,1.687,2020-02-16 10-12-21
3.33,3.25,3.97,2.91,104.52234616450001,4,1.687,2020-02-16 10-13-21
2.99,2.89,3.79,2.9,104.57398354450001,4,1.687,2020-02-16 10-14-21
2.91,3.03,3.59,2.84,104.57398354450001,3.937,1.625,2020-02-16 10-15-21
3.03,2.81,3.97,2.82,104.62560816050001,3.937,1.625,2020-02-16 10-16-21
3.15,3.03,3.59,2.76,104.67722001250002,3.937,1.562,2020-02-16 10-17-21
3.15,3.45,3.55,2.76,104.703021152,3.937,1.562,2020-02-16 10-18-21
3.11,3.03,3.59,2.82,104.7288191005,3.875,1.625,2020-02-16 10-19-21
3.37,2.73,3.49,2.8,104.7804054245,3.875,1.562,2020-02-16 10-20-21
3.11,2.99,4.01,2.78,104.7804054245,3.937,1.625,2020-02-16 10-21-20
2.99,2.91,3.85,2.82,104.8319789845,3.937,1.562,2020-02-16 10-22-21
2.91,2.99,3.55,2.84,104.8319789845,3.875,1.562,2020-02-16 10-23-21
3.49,3.37,3.63,2.84,104.8319789845,3.875,1.625,2020-02-16 10-24-21
2.95,3.25,4.07,2.86,104.7804054245,3.937,1.562,2020-02-16 10-25-21
3.23,2.65,3.79,2.86,104.7804054245,3.875,1.562,2020-02-16 10-26-20
3.07,3.29,3.89,2.86,104.7288191005,3.875,1.562,2020-02-16 10-27-20
3.37,2.99,3.67,2.92,104.67722001250002,3.937,1.562,2020-02-16 10-29-21
3.29,3.45,3.79,2.88,104.62560816050001,3.937,1.562,2020-02-16 10-30-21
3.25,3.03,4.33,2.9,104.62560816050001,3.937,1.5,2020-02-16 10-31-21
3.37,2.89,3.75,2.86,104.57398354450001,3.937,1.562,2020-02-16 10-32-21
3.37,3.11,3.63,2.9,104.52234616450001,3.937,1.562,2020-02-16 10-33-21
3.15,3.33,3.85,2.87,104.47069602050001,4,1.562,2020-02-16 10-34-20
3.15,2.73,3.63,2.91,104.47069602050001,4,1.5,2020-02-16 10-35-21
3.25,3.03,3.81,2.93,104.4190331125,4,1.5,2020-02-16 10-36-21
3.41,3.45,3.89,3.08,104.36735744050002,3.937,1.5,2020-02-16 10-37-21
3.75,3.41,4.07,2.99,104.1605271125,4,1.562,2020-02-16 10-39-21
3.37,3.53,3.71,2.94,104.10878762050001,4,1.5,2020-02-16 10-40-21
3.75,3.25,3.97,2.95,104.00527034450002,4,1.5,2020-02-16 10-41-21
3.15,2.85,4.15,2.83,104.00527034450002,4,1.5,2020-02-16 10-42-21
3.37,2.89,3.81,2.82,103.97938304800002,4,1.5,2020-02-16 10-43-21
3.19,3.11,2.65,2.86,104.00527034450002,4,1.5,2020-02-16 10-44-20
3.33,3.41,3.79,2.9,103.97938304800002,4,1.5,2020-02-16 10-45-21
3.33,3.29,4.01,2.89,103.9534925605,4,1.5,2020-02-16 10-46-21
3.37,3.11,3.75,2.9,104.00527034450002,3.937,1.5,2020-02-16 10-47-21
3.45,3.11,3.75,2.9,104.00527034450002,4,1.5,2020-02-16 10-48-21
3.15,3.33,3.89,2.89,104.00527034450002,3.937,1.5,2020-02-16 10-49-21
3.19,3.33,3.85,2.81,104.00527034450002,3.937,1.5,2020-02-16 10-50-21
3.15,2.61,3.89,2.82,104.0570353645,4,1.437,2020-02-16 10-51-21
3.23,2.95,3.59,2.77,104.08291308800001,3.937,1.375,2020-02-16 10-52-21
3.59,3.25,3.75,2.78,104.10878762050001,3.937,1.375,2020-02-16 10-53-20
3.15,3.15,3.81,2.8,104.10878762050001,3.937,1.375,2020-02-16 10-54-21
3.15,3.63,3.97,2.78,104.10878762050001,3.937,1.375,2020-02-16 10-55-21
3.49,2.81,3.97,2.82,104.1605271125,3.937,1.312,2020-02-16 10-56-21
3.71,2.95,3.81,2.89,104.0570353645,3.937,1.375,2020-02-16 10-58-21
3.41,3.63,3.71,2.9,104.0570353645,3.875,1.375,2020-02-16 10-59-20
3.97,3.49,3.81,3.02,104.00527034450002,3.937,1.437,2020-02-16 11-00-20
3.75,3.59,3.75,3,103.9534925605,3.937,1.437,2020-02-16 11-01-21
3.67,3.45,3.97,2.96,103.8498987005,3.937,1.437,2020-02-16 11-02-21
3.81,2.91,3.93,2.9,103.79808262450001,3.937,1.437,2020-02-16 11-03-21
3.59,3.33,3.93,3.06,103.5906906805,4,1.437,2020-02-16 11-05-21
3.49,3.23,4.01,3.04,103.53881078450001,4,1.437,2020-02-16 11-06-21
3.81,3.63,4.15,2.95,103.40905520200002,4,1.375,2020-02-16 11-07-20
3.53,3.29,4.31,2.95,103.38309451250001,4,1.375,2020-02-16 11-08-21
3.37,3.33,4.15,2.96,103.33116356050002,4,1.375,2020-02-16 11-09-21
3.45,2.85,4.27,2.96,103.2792198445,4,1.375,2020-02-16 11-10-21
3.19,3.23,4.07,2.85,103.2272633645,4,1.312,2020-02-16 11-11-21
3.81,3.19,4.05,2.89,103.2792198445,4,1.312,2020-02-16 11-12-21
3.37,3.07,3.49,2.92,103.25324320000001,3.937,1.312,2020-02-16 11-13-21
3.55,3.37,4.23,2.76,103.17529412050001,3.937,1.312,2020-02-16 11-14-21
3.29,3.15,3.79,2.73,103.2272633645,3.937,1.312,2020-02-16 11-15-21
3.33,2.81,4.23,2.81,103.33116356050002,3.937,1.312,2020-02-16 11-16-21
3.49,3.33,4.19,2.84,103.33116356050002,3.937,1.312,2020-02-16 11-17-21
3.45,3.33,3.75,2.82,103.33116356050002,3.937,1.312,2020-02-16 11-18-21
3.29,3.07,3.93,2.76,103.2792198445,3.937,1.312,2020-02-16 11-19-20
3.07,3.45,3.89,2.74,103.17529412050001,3.937,1.187,2020-02-16 11-20-21
3.25,2.89,3.85,2.76,103.2272633645,3.937,1.25,2020-02-16 11-21-21
3.07,3.03,4.05,2.85,103.2792198445,3.937,1.312,2020-02-16 11-22-21
3.19,3.53,4.23,2.91,103.2792198445,3.937,1.312,2020-02-16 11-23-21
3.03,3.41,4.19,2.8,103.0713173405,3.937,1.312,2020-02-16 11-24-20
3.33,2.85,4.07,2.78,103.01930980450001,3.937,1.25,2020-02-16 11-25-20
3.53,3.07,3.29,2.82,102.9152564405,3.937,1.25,2020-02-16 11-26-21
3.71,3.45,4.07,2.88,102.9152564405,3.937,1.25,2020-02-16 11-27-21
3.41,3.45,4.15,2.85,102.8111520205,3.875,1.25,2020-02-16 11-28-21
3.25,3.03,4.33,2.82,102.6548996605,3.875,1.187,2020-02-16 11-29-21
3.23,3.11,3.79,2.78,102.60279001250001,3.875,1.187,2020-02-16 11-30-21
3.23,3.19,4.45,2.78,102.57673040200001,3.875,1.187,2020-02-16 11-31-21
3.23,3.19,3.89,2.82,102.49853242450001,3.875,1.187,2020-02-16 11-32-21
3.29,2.89,4.07,2.85,102.49853242450001,3.875,1.187,2020-02-16 11-33-21
3.55,3.45,4.41,2.87,102.34205031250002,3.875,1.125,2020-02-16 11-34-21
3.59,3.75,4.07,2.92,102.0809915125,3.875,1.187,2020-02-16 11-35-20
3.29,3.33,4.15,2.98,101.8196136125,3.875,1.25,2020-02-16 11-36-20
3.41,3.45,4.27,3,101.61028154050001,3.937,1.25,2020-02-16 11-37-21
3.29,2.91,3.85,2.9,101.4007452445,3.875,1.25,2020-02-16 11-38-21
3.71,3.33,4.19,2.84,101.2434590005,3.875,1.187,2020-02-16 11-39-21
3.59,3.71,4.45,3,101.2434590005,3.875,1.25,2020-02-16 11-40-21
3.33,3.29,4.71,3.04,101.08605788050001,3.937,1.25,2020-02-16 11-41-21
4.01,3.33,4.27,3.03,100.87601102450002,3.937,1.25,2020-02-16 11-42-21
3.63,3.55,4.07,3.14,100.82346740050001,3.937,1.25,2020-02-16 11-43-20
3.45,2.55,3.53,3.18,100.6394642,3.937,1.25,2020-02-16 11-44-21
3.33,3.19,4.19,3.12,100.35000040450001,4,1.187,2020-02-16 11-45-21
3.71,3.49,4.27,3.14,100.29732914050001,4,1.25,2020-02-16 11-46-21
3.53,3.63,4.11,3.05,100.19194832050002,4.062,1.187,2020-02-16 11-47-21
3.59,3.25,4.57,3.07,100.270988722,4.062,1.187,2020-02-16 11-48-21
4.01,3.53,4.53,3.08,100.24464511250001,4.062,1.187,2020-02-16 11-49-20
3.67,3.63,4.59,3.14,100.29732914050001,4.062,1.187,2020-02-16 11-50-21
4.19,3.45,4.67,3.3,100.35000040450001,4.062,1.25,2020-02-16 11-51-21
3.85,3.41,4.41,3.28,99.9810335125,4.125,1.25,2020-02-16 11-52-21
3.81,3.63,4.71,3.22,99.82271338450002,4.125,1.187,2020-02-16 11-53-21
3.81,3.71,4.75,3.37,100.00740903200001,4.125,1.25,2020-02-16 11-54-21
4.07,2.95,4.81,3.34,99.90188780800001,4.125,1.25,2020-02-16 11-55-21
3.85,4.19,5.11,3.24,99.8754995245,4.187,1.25,2020-02-16 11-56-21
4.05,3.89,4.49,3.28,99.82271338450002,4.187,1.25,2020-02-16 11-57-21
3.71,3.67,4.57,3.11,99.8754995245,4.187,1.187,2020-02-16 11-58-22
3.93,3.75,4.89,3.16,100.24464511250001,4.187,1.25,2020-02-16 11-59-21
3.79,3.85,4.37,3.08,100.19194832050002,4.187,1.187,2020-02-16 12-00-21
3.79,3.49,4.53,3.08,100.4553046405,4.187,1.187,2020-02-16 12-01-21
3.49,3.75,4.57,3.11,100.61316526450001,4.187,1.187,2020-02-16 12-02-21
3.97,3.33,4.49,3.17,100.61316526450001,4.187,1.25,2020-02-16 12-03-21
4.27,3.85,4.63,3.22,100.50793761250002,4.187,1.187,2020-02-16 12-04-21
3.89,3.89,5.07,3.19,100.4553046405,4.187,1.187,2020-02-16 12-05-21
4.37,4.07,5.11,3.3,100.24464511250001,4.187,1.187,2020-02-16 12-06-21
4.71,3.85,4.97,3.48,100.24464511250001,4.187,1.25,2020-02-16 12-07-21
4.75,4.37,5.29,3.68,99.90188780800001,4.25,1.375,2020-02-16 12-08-21
4.53,4.49,5.71,3.7,99.3470637445,4.375,1.437,2020-02-16 12-09-21
4.67,4.33,5.59,3.68,98.92339611250001,4.375,1.375,2020-02-16 12-10-21
4.45,4.89,5.29,3.7,98.84386748800001,4.437,1.375,2020-02-16 12-11-21
4.41,4.45,5.59,3.66,98.49891158450001,4.5,1.312,2020-02-16 12-12-21
4.93,4.59,5.49,3.86,98.49891158450001,4.5,1.375,2020-02-16 12-13-20
5.05,4.85,5.29,4,98.18001210050001,4.562,1.437,2020-02-16 12-14-21
4.63,4.75,5.67,3.9,97.514162338,4.625,1.375,2020-02-16 12-15-21
4.81,4.71,5.51,3.92,97.7008013045,4.625,1.375,2020-02-16 12-16-21
4.67,4.63,4.57,3.82,97.27396820050001,4.687,1.375,2020-02-16 12-17-21
5.07,4.67,5.41,3.94,97.7008013045,4.75,1.437,2020-02-16 12-18-21
4.59,4.67,5.41,3.9,97.4874868645,4.75,1.375,2020-02-16 12-19-21
5.07,5.19,5.71,3.96,97.4874868645,4.812,1.375,2020-02-16 12-21-21
5.29,5.07,6.35,4.24,97.3273670125,4.812,1.5,2020-02-16 12-22-21
5.33,5.41,6.29,4.26,96.5250446125,4.875,1.5,2020-02-16 12-23-21
5.71,5.67,5.63,4.54,96.4714543405,4.937,1.5,2020-02-16 12-24-21
5.19,5.05,5.89,4.4,95.3969684605,5,1.562,2020-02-16 12-25-21
4.97,5.11,6.11,4.16,95.18145861250001,5.062,1.562,2020-02-16 12-26-20
5.19,5.05,5.95,4.16,95.82737548450001,5.062,1.562,2020-02-16 12-27-21
5.01,5.19,6.17,4.17,95.9348496005,5.062,1.562,2020-02-16 12-28-21
5.27,5.15,6.13,4.22,96.0959650445,5.125,1.562,2020-02-16 12-29-21
5.49,5.49,6.39,4.26,96.283787872,5.125,1.625,2020-02-16 12-30-21
5.05,5.19,6.29,4.18,96.04227266050002,5.187,1.625,2020-02-16 12-31-21
5.23,5.37,6.39,4.2,95.96171015200001,5.187,1.562,2020-02-16 12-32-20
5.19,5.27,5.93,4.22,95.58537205,5.187,1.625,2020-02-16 12-33-21
5.05,5.01,6.21,4.16,95.3969684605,5.187,1.625,2020-02-16 12-34-21
5.27,4.63,5.99,4.02,95.55846682450002,5.25,1.562,2020-02-16 12-35-20
4.97,4.89,5.63,3.82,95.9348496005,5.25,1.562,2020-02-16 12-36-21
4.49,4.45,5.23,3.62,96.5250446125,5.187,1.5,2020-02-16 12-37-21
4.57,4.31,5.27,3.49,97.06024531250002,5.125,1.437,2020-02-16 12-38-21
4.75,4.63,5.55,3.6,97.43412634450002,5.062,1.437,2020-02-16 12-39-20
4.37,4.31,5.07,3.64,97.4874868645,5,1.437,2020-02-16 12-40-21
4.45,4.37,5.29,3.62,97.3273670125,5,1.375,2020-02-16 12-41-21
4.27,4.41,5.05,3.48,97.35406163200001,4.937,1.375,2020-02-16 12-42-21
4.07,4.33,5.07,3.44,97.54083462050001,4.875,1.375,2020-02-16 12-43-21
4.49,4.63,5.29,3.64,97.86065311250002,4.937,1.437,2020-02-16 12-44-21
4.49,4.33,5.55,3.6,97.35406163200001,4.937,1.375,2020-02-16 12-45-21
4.37,3.97,5.07,3.64,97.27396820050001,4.875,1.375,2020-02-16 12-46-21
4.59,4.79,5.59,3.68,97.40744129800001,4.875,1.437,2020-02-16 12-47-21
4.89,5.11,5.51,3.81,97.27396820050001,4.875,1.5,2020-02-16 12-48-21
4.85,4.67,5.45,3.92,96.8998191245,4.875,1.437,2020-02-16 12-49-21
4.67,4.67,5.63,3.96,96.60540608800001,4.875,1.5,2020-02-16 12-50-21
5.05,4.89,5.51,4.06,96.4714543405,4.937,1.562,2020-02-16 12-51-21
5.41,4.89,5.99,4.15,96.230140162,4.937,1.562,2020-02-16 12-52-21
5.19,5.29,6.35,4.38,96.14964466450002,5,1.687,2020-02-16 12-53-21
5.51,4.67,6.65,4.34,95.3969684605,5.062,1.75,2020-02-16 12-54-21
5.49,5.27,6.17,4.3,95.100589768,5.125,1.75,2020-02-16 12-55-21
5.41,5.23,6.29,4.41,94.992719968,5.187,1.75,2020-02-16 12-56-21
5.51,5.67,6.51,4.46,95.1275492405,5.25,1.75,2020-02-16 12-57-21
5.85,5.73,7.01,4.72,95.77361928050001,5.312,1.937,2020-02-16 12-58-20
6.07,5.93,6.51,4.74,95.2353552205,5.437,2.062,2020-02-16 12-59-21
5.45,5.71,6.17,4.57,94.56073020800001,5.5,2,2020-02-16 13-00-21
4.81,5.27,6.43,4.29,94.3714778125,5.562,1.812,2020-02-16 13-01-21
5.07,5.37,5.93,4.12,95.0196922045,5.562,1.75,2020-02-16 13-02-21
4.37,5.23,6.21,4.06,95.423892832,5.5,1.687,2020-02-16 13-03-20
4.93,5.07,5.55,3.94,95.6122740845,5.5,1.687,2020-02-16 13-04-21
4.81,5.15,6.07,3.9,95.9348496005,5.5,1.625,2020-02-16 13-05-21
4.85,4.89,5.45,3.92,95.88111892450002,5.437,1.625,2020-02-16 13-06-21
4.79,4.57,5.71,3.8,96.20331152050001,5.437,1.625,2020-02-16 13-07-21
4.75,4.63,5.71,3.7,96.14964466450002,5.375,1.5,2020-02-16 13-08-21
4.85,4.59,5.51,3.75,96.55183496200002,5.312,1.562,2020-02-16 13-09-21
4.85,4.97,5.95,3.79,96.6321868645,5.312,1.562,2020-02-16 13-10-21
5.15,4.85,5.89,3.91,96.57862212050001,5.25,1.562,2020-02-16 13-11-21
5.33,5.01,5.85,3.96,96.14964466450002,5.25,1.562,2020-02-16 13-12-21
5.27,5.01,5.51,3.92,95.66606858050001,5.25,1.5,2020-02-16 13-13-21
5.23,5.23,6.25,4.06,96.0959650445,5.187,1.562,2020-02-16 13-14-20
5.41,5.33,5.81,4.05,95.82737548450001,5.25,1.562,2020-02-16 13-15-21
4.93,5.33,5.71,4.04,95.55846682450002,5.25,1.625,2020-02-16 13-16-21
5.07,5.23,5.51,3.87,95.88111892450002,5.25,1.562,2020-02-16 13-17-21
4.85,3.79,5.41,3.8,96.230140162,5.187,1.562,2020-02-16 13-18-21
4.67,4.79,5.23,3.58,96.0959650445,5.187,1.5,2020-02-16 13-19-21
4.67,4.07,5.49,3.44,96.65896445000001,5.125,1.437,2020-02-16 13-20-21
4.45,4.07,5.33,3.45,97.27396820050001,5.062,1.437,2020-02-16 13-21-20
4.19,4.11,5.29,3.33,97.59416961250001,5,1.375,2020-02-16 13-23-21
4.31,4.07,5.33,3.34,98.04700169800002,4.937,1.437,2020-02-16 13-24-21
4.33,4.11,5.01,3.3,98.3926628125,4.875,1.437,2020-02-16 13-25-20
3.79,4.45,5.19,3.28,98.49891158450001,4.875,1.5,2020-02-16 13-26-21
3.85,4.01,5.07,3.24,98.49891158450001,4.812,1.437,2020-02-16 13-27-21
4.07,3.63,4.49,3.14,98.2863629845,4.812,1.375,2020-02-16 13-28-20
4.19,3.85,4.71,3.07,98.33951928050001,4.687,1.375,2020-02-16 13-29-20
4.11,4.05,4.81,3.1,98.55201682450001,4.687,1.375,2020-02-16 13-30-20
3.97,3.71,4.85,3.27,98.9763992405,4.625,1.375,2020-02-16 13-31-21
3.93,4.15,4.41,3.12,98.55201682450001,4.625,1.375,2020-02-16 13-32-21
3.79,3.23,4.49,3,98.55201682450001,4.562,1.312,2020-02-16 13-33-21
4.15,3.11,4.45,2.92,98.6581890125,4.5,1.25,2020-02-16 13-34-21
4.11,3.81,5.01,2.94,98.92339611250001,4.5,1.312,2020-02-16 13-35-21
4.07,4.07,4.93,3.04,99.3470637445,4.5,1.312,2020-02-16 13-36-21
3.71,3.45,4.49,2.86,99.02938960450001,4.437,1.312,2020-02-16 13-37-21
3.55,3.37,4.19,2.82,99.45285301250001,4.437,1.25,2020-02-16 13-38-21
3.15,3.25,4.11,2.74,99.66427838050001,4.312,1.187,2020-02-16 13-39-21
3.49,3.53,3.89,2.7,99.9810335125,4.312,1.187,2020-02-16 13-40-20
3.49,3.53,3.85,2.64,99.9810335125,4.25,1.125,2020-02-16 13-41-20
3.71,3.07,3.89,2.66,100.35000040450001,4.187,1.187,2020-02-16 13-42-21
3.15,3.45,4.01,2.56,100.29732914050001,4.125,1.187,2020-02-16 13-43-21
2.77,3.23,3.75,2.5,100.4553046405,4.062,1.125,2020-02-16 13-44-21
3.15,2.43,4.07,2.42,100.53424931200001,4.062,1.062,2020-02-16 13-45-21
2.95,3.11,3.49,2.46,100.7709110125,4,1.062,2020-02-16 13-46-21
3.11,3.15,3.85,2.48,100.954802528,4,1.125,2020-02-16 13-47-20
3.03,2.73,3.53,2.36,100.87601102450002,3.937,1.062,2020-02-16 13-49-21
2.89,3.29,3.55,2.44,101.08605788050001,3.937,1.125,2020-02-16 13-50-21
3.07,3.37,3.71,2.34,100.9285418845,3.875,1.125,2020-02-16 13-51-21
3.41,2.73,3.71,2.38,101.0335653125,3.875,1.062,2020-02-16 13-52-21
2.89,3.03,3.97,2.42,101.16477280000001,3.812,1.062,2020-02-16 13-53-21
3.49,3.23,3.63,2.48,101.29590051250001,3.812,1.062,2020-02-16 13-54-20
3.03,3.33,3.59,2.46,101.08605788050001,3.812,1.125,2020-02-16 13-55-21
3.19,3.11,3.79,2.49,100.98105998050002,3.812,1.125,2020-02-16 13-56-21
2.95,3.25,3.67,2.47,100.9285418845,3.812,1.125,2020-02-16 13-57-21
3.11,3.07,3.49,2.5,100.98105998050002,3.75,1.125,2020-02-16 13-58-21
3.15,3.23,3.41,2.44,100.98105998050002,3.812,1.125,2020-02-16 13-59-21
3.11,3.59,3.67,2.44,101.0335653125,3.812,1.125,2020-02-16 14-00-21
3.41,2.65,3.63,2.52,101.08605788050001,3.812,1.125,2020-02-16 14-01-21
3.37,2.81,3.93,2.54,101.05981319200001,3.75,1.125,2020-02-16 14-02-21
3.33,2.81,3.89,2.5,100.9285418845,3.812,1.062,2020-02-16 14-03-21
3.33,3.19,3.59,2.48,100.849740808,3.812,1.062,2020-02-16 14-04-21
3.33,3.25,3.23,2.51,100.7709110125,3.75,1.062,2020-02-16 14-05-21
3.25,2.73,3.67,2.46,100.6657599445,3.75,1.062,2020-02-16 14-06-21
3.37,3.07,3.71,2.54,100.7183418605,3.75,1,2020-02-16 14-07-21
3.29,2.61,3.49,2.56,100.6394642,3.687,1,2020-02-16 14-08-21
3.45,2.89,3.85,2.64,100.6657599445,3.687,1.062,2020-02-16 14-09-21
3.07,3.33,2.69,2.68,100.53424931200001,3.687,1.062,2020-02-16 14-10-21
3.23,3.23,3.81,2.7,100.4553046405,3.687,1.062,2020-02-16 14-11-21
3.29,3.11,4.31,2.7,100.29732914050001,3.687,1.062,2020-02-16 14-12-21
2.99,3.11,4.31,2.66,100.19194832050002,3.687,1,2020-02-16 14-13-20
3.11,3.23,4.05,2.67,100.24464511250001,3.687,1.062,2020-02-16 14-14-21
3.23,3.11,4.33,2.72,100.21829831200002,3.687,1.062,2020-02-16 14-15-21
3.67,3.07,3.85,2.77,100.1392387645,3.687,1.062,2020-02-16 14-16-21
3.59,3.19,3.97,2.72,100.0337813605,3.687,1.062,2020-02-16 14-17-21
3.23,2.99,3.67,2.72,100.24464511250001,3.75,1.125,2020-02-16 14-18-21
3.63,3.49,4.33,2.75,100.24464511250001,3.75,1.125,2020-02-16 14-19-21
3.81,3.49,4.41,2.84,100.4553046405,3.812,1.187,2020-02-16 14-20-21
3.53,3.71,4.27,2.87,100.35000040450001,3.812,1.187,2020-02-16 14-21-21
3.37,3.25,4.11,2.9,100.0337813605,3.812,1.25,2020-02-16 14-22-21
2.99,3.33,4.15,2.83,99.7699144805,3.875,1.187,2020-02-16 14-23-21
3.45,2.95,4.19,2.86,99.82271338450002,3.875,1.187,2020-02-16 14-24-21
3.49,3.19,4.33,2.86,99.7699144805,3.875,1.187,2020-02-16 14-25-21
3.03,3.25,4.31,2.76,99.7699144805,3.937,1.187,2020-02-16 14-26-20
3.49,3.19,3.97,2.72,99.71710281250002,3.937,1.125,2020-02-16 14-27-21
3.45,3.29,3.97,2.78,99.8754995245,3.937,1.125,2020-02-16 14-28-21
3.37,3.29,4.31,2.7,99.82271338450002,3.937,1.125,2020-02-16 14-29-21
3.41,3.33,3.81,2.68,99.90188780800001,3.937,1.125,2020-02-16 14-30-21
3.19,3.29,3.81,2.75,100.11287920000001,3.875,1.062,2020-02-16 14-31-21
3.53,3.37,4.31,2.68,100.0337813605,3.937,1.062,2020-02-16 14-32-20
3.55,2.91,3.71,2.67,100.1392387645,3.937,1.062,2020-02-16 14-33-21
3.41,2.95,3.85,2.68,100.37633125,3.875,1.125,2020-02-16 14-34-21
3.19,3.29,3.89,2.64,100.35000040450001,3.875,1.062,2020-02-16 14-35-21
3.23,2.89,4.05,2.64,100.481622722,3.875,1.062,2020-02-16 14-36-21
3.19,2.85,3.89,2.54,100.35000040450001,3.812,1.062,2020-02-16 14-37-21
2.77,2.91,3.25,2.44,100.35000040450001,3.75,1,2020-02-16 14-38-21
2.99,3.03,3.71,2.42,100.56055782050001,3.75,1,2020-02-16 14-39-20
2.91,2.95,3.53,2.38,100.6657599445,3.75,0.937,2020-02-16 14-40-21
2.95,2.85,3.63,2.36,100.7183418605,3.687,0.937,2020-02-16 14-41-21
2.99,2.39,3.71,2.42,101.0335653125,3.687,0.937,2020-02-16 14-42-21
2.81,2.59,3.45,2.38,101.0335653125,3.625,0.937,2020-02-16 14-43-21
3.29,2.95,3.71,2.34,101.0335653125,3.625,0.937,2020-02-16 14-44-21
2.95,2.61,3.53,2.3,101.08605788050001,3.562,0.937,2020-02-16 14-45-21
2.61,2.61,3.11,2.3,101.13853768450001,3.562,0.937,2020-02-16 14-47-21
3.15,2.73,3.33,2.32,101.13853768450001,3.5,0.937,2020-02-16 14-48-21
2.95,2.89,3.25,2.36,101.16477280000001,3.5,0.937,2020-02-16 14-49-21
3.23,2.89,2.25,2.34,101.08605788050001,3.5,0.937,2020-02-16 14-50-21
3.23,3.03,3.29,2.32,101.0335653125,3.437,0.937,2020-02-16 14-51-21
2.89,2.73,3.59,2.32,100.98105998050002,3.437,0.937,2020-02-16 14-52-21
3.07,2.89,3.67,2.32,100.9285418845,3.437,0.937,2020-02-16 14-53-21
2.77,2.89,3.41,2.3,100.87601102450002,3.437,0.937,2020-02-16 14-54-21
2.99,2.39,3.37,2.32,100.9285418845,3.437,0.937,2020-02-16 14-55-21
2.77,2.47,3.33,2.31,100.82346740050001,3.375,0.937,2020-02-16 14-56-21
2.81,2.65,2.95,2.24,100.7709110125,3.375,0.937,2020-02-16 14-57-21
2.89,2.51,3.53,2.26,100.87601102450002,3.375,0.937,2020-02-16 14-58-20
2.91,2.73,3.59,2.29,100.9285418845,3.375,0.937,2020-02-16 14-59-21
2.81,2.61,3.19,2.2,100.87601102450002,3.375,0.875,2020-02-16 15-01-21
2.95,2.43,3.11,2.22,100.9285418845,3.375,0.875,2020-02-16 15-02-21
2.59,2.55,3.45,2.25,101.0335653125,3.375,0.937,2020-02-16 15-03-21
2.89,2.61,3.11,2.14,100.79719080200002,3.375,0.875,2020-02-16 15-04-21
2.47,2.55,3.07,2.22,101.0335653125,3.312,0.875,2020-02-16 15-05-21
3.11,2.31,3.11,2.24,101.08605788050001,3.312,0.875,2020-02-16 15-06-21
2.91,2.73,3.37,2.24,101.13853768450001,3.312,0.875,2020-02-16 15-07-21
2.13,2.73,3.29,2.18,101.05981319200001,3.312,0.875,2020-02-16 15-08-21
2.35,2.47,3.03,2.16,101.05981319200001,3.312,0.875,2020-02-16 15-09-21
2.99,2.27,3.63,2.11,101.05981319200001,3.312,0.812,2020-02-16 15-10-21
2.99,2.77,3.07,2.19,101.13853768450001,3.312,0.812,2020-02-16 15-11-20
2.59,2.27,3.71,2.19,101.1910047245,3.312,0.812,2020-02-16 15-12-21
2.47,2.43,3.33,2.16,101.08605788050001,3.312,0.812,2020-02-16 15-13-21
2.91,2.21,3.41,2.18,101.13853768450001,3.312,0.812,2020-02-16 15-14-21
2.95,2.65,3.45,2.18,101.13853768450001,3.25,0.875,2020-02-16 15-15-21
2.69,2.39,3.41,2.2,101.13853768450001,3.312,0.875,2020-02-16 15-16-21
3.03,2.89,3.53,2.23,101.0335653125,3.375,0.812,2020-02-16 15-18-21
2.89,2.81,3.41,2.29,100.98105998050002,3.375,0.812,2020-02-16 15-19-21
3.07,2.99,3.75,2.29,100.87601102450002,3.375,0.812,2020-02-16 15-20-21
3.07,2.55,3.63,2.3,100.7709110125,3.375,0.875,2020-02-16 15-21-21
2.95,2.91,3.37,2.32,100.61316526450001,3.437,0.812,2020-02-16 15-22-21
3.29,2.59,3.37,2.26,100.50793761250002,3.437,0.812,2020-02-16 15-23-21
2.69,2.95,3.37,2.32,100.56055782050001,3.437,0.812,2020-02-16 15-24-20
3.29,2.65,3.45,2.4,100.50793761250002,3.437,0.875,2020-02-16 15-25-21
2.99,2.69,3.63,2.42,100.40265890450002,3.5,0.875,2020-02-16 15-26-21
2.99,3.15,3.79,2.41,100.37633125,3.5,0.812,2020-02-16 15-27-21
3.15,3.07,3.45,2.44,100.29732914050001,3.5,0.875,2020-02-16 15-28-21
3.19,3.07,3.37,2.46,100.29732914050001,3.5,0.875,2020-02-16 15-29-21
3.23,2.61,3.79,2.5,100.24464511250001,3.562,0.937,2020-02-16 15-31-21
3.03,3.15,3.63,2.55,100.1392387645,3.562,0.937,2020-02-16 15-32-21
3.29,2.91,4.07,2.6,100.0337813605,3.625,0.875,2020-02-16 15-33-20
3.11,3.15,4.05,2.71,100.1392387645,3.625,0.937,2020-02-16 15-34-21
3.23,3.03,4.49,2.63,99.84910805000001,3.625,0.937,2020-02-16 15-35-21
2.59,3.11,4.11,2.69,99.84910805000001,3.687,0.937,2020-02-16 15-36-20
3.23,3.37,3.89,2.7,99.66427838050001,3.687,0.937,2020-02-16 15-37-21
3.25,3.45,4.07,2.67,99.42641048200001,3.687,0.937,2020-02-16 15-38-21
3.23,2.91,3.67,2.58,99.29414996450001,3.687,0.937,2020-02-16 15-39-21
3.11,3.07,3.89,2.56,99.214755362,3.687,0.875,2020-02-16 15-40-21
3.53,2.89,3.93,2.6,99.1882841125,3.687,0.875,2020-02-16 15-41-21
3.15,3.33,3.93,2.58,98.87038022050001,3.687,0.937,2020-02-16 15-42-21
3.23,3.33,3.63,2.68,99.02938960450001,3.687,0.937,2020-02-16 15-43-20
3.33,3.59,3.81,2.62,98.7643101445,3.75,0.875,2020-02-16 15-44-21
3.55,2.99,3.33,2.62,98.92339611250001,3.75,0.937,2020-02-16 15-45-21
3.55,3.37,4.37,2.7,98.81735156450002,3.75,1,2020-02-16 15-46-21
3.45,2.91,3.79,2.72,98.49891158450001,3.75,1.062,2020-02-16 15-47-21
3.19,3.67,4.63,2.72,98.55201682450001,3.75,1.062,2020-02-16 15-48-21
3.29,3.49,3.79,2.68,98.3926628125,3.75,1,2020-02-16 15-49-21
3.23,3.23,4.19,2.73,98.49891158450001,3.75,1,2020-02-16 15-50-20
3.71,3.41,4.23,2.82,98.49891158450001,3.812,1.062,2020-02-16 15-51-21
3.75,3.23,4.19,2.76,97.86065311250002,3.875,1.062,2020-02-16 15-54-21
3.15,3.07,4.15,2.62,98.07361016050001,3.875,1,2020-02-16 15-55-21
3.15,3.15,4.37,2.66,98.5254658,3.875,1,2020-02-16 15-56-21
3.49,3.23,4.07,2.68,98.7643101445,3.812,0.937,2020-02-16 15-57-21
3.53,2.95,4.05,2.73,98.6581890125,3.875,0.937,2020-02-16 15-58-21
3.11,2.89,4.19,2.74,98.49891158450001,3.875,1,2020-02-16 15-59-21
3.07,2.91,3.81,2.68,98.33951928050001,3.875,1.062,2020-02-16 16-00-21
3.15,3.11,4.19,2.54,98.419229792,3.812,1,2020-02-16 16-01-21
2.91,3.45,3.37,2.5,98.81735156450002,3.875,0.937,2020-02-16 16-02-21
3.15,2.85,3.59,2.39,99.1882841125,3.812,0.937,2020-02-16 16-03-21
3.11,3.03,3.67,2.36,99.3470637445,3.812,0.875,2020-02-16 16-04-21
3.23,2.95,3.45,2.34,99.74351024200001,3.812,0.937,2020-02-16 16-05-21
3.23,2.85,3.79,2.4,99.8754995245,3.812,0.875,2020-02-16 16-06-21
2.77,2.91,3.79,2.46,99.8754995245,3.812,0.875,2020-02-16 16-07-21
3.15,2.91,3.67,2.38,99.7699144805,3.75,0.875,2020-02-16 16-08-21
2.77,2.73,3.45,2.32,99.82271338450002,3.812,0.812,2020-02-16 16-09-21
3.11,2.89,3.81,2.28,99.82271338450002,3.75,0.812,2020-02-16 16-10-21
3.19,3.25,3.53,2.38,100.24464511250001,3.75,0.875,2020-02-16 16-11-21
2.85,2.69,3.67,2.38,100.35000040450001,3.75,0.875,2020-02-16 16-12-21
3.03,2.61,2.65,2.34,100.21829831200002,3.812,0.812,2020-02-16 16-13-20
2.61,1.97,3.75,2.35,100.24464511250001,3.75,0.812,2020-02-16 16-14-21
2.61,2.77,3.55,2.3,100.19194832050002,3.75,0.812,2020-02-16 16-15-21
2.69,2.59,3.15,2.23,100.35000040450001,3.75,0.812,2020-02-16 16-16-21
2.99,2.65,3.59,2.16,100.40265890450002,3.75,0.812,2020-02-16 16-17-21
2.65,2.25,2.21,2.14,100.58686313800001,3.75,0.75,2020-02-16 16-18-21
2.73,2.17,3.45,2.14,100.7183418605,3.75,0.75,2020-02-16 16-19-21
2.85,2.99,3.49,2.1,100.7709110125,3.687,0.687,2020-02-16 16-20-21
2.85,2.39,2.99,2.04,100.87601102450002,3.687,0.687,2020-02-16 16-21-21
2.27,2.27,3.33,1.94,101.0335653125,3.75,0.687,2020-02-16 16-22-21
2.39,2.13,2.85,1.84,101.2434590005,3.687,0.687,2020-02-16 16-23-21
2.27,2.51,2.89,1.86,101.4531484645,3.562,0.562,2020-02-16 16-24-21
2.51,2.27,3.03,1.88,101.61028154050001,3.562,0.625,2020-02-16 16-25-21
2.35,2.43,2.89,1.84,101.8196136125,3.437,0.562,2020-02-16 16-27-21
2.51,1.93,3.55,1.9,101.95034245000002,3.437,0.562,2020-02-16 16-28-21
2.17,2.39,3.15,1.82,101.9764786445,3.437,0.5,2020-02-16 16-29-21
2.13,2.13,3.11,1.83,102.002611648,3.437,0.562,2020-02-16 16-30-21
2.21,2.05,2.91,1.86,102.05486808200001,3.375,0.5,2020-02-16 16-31-21
2.51,1.89,3.19,1.87,102.0809915125,3.375,0.562,2020-02-16 16-32-20
2.69,1.85,2.91,1.88,102.0287414605,3.312,0.562,2020-02-16 16-33-21
2.65,2.43,3.41,1.94,102.0287414605,3.312,0.562,2020-02-16 16-34-21
2.59,2.43,3.11,2.04,101.9764786445,3.312,0.625,2020-02-16 16-35-21
2.61,2.55,3.11,2.12,101.9764786445,3.375,0.687,2020-02-16 16-36-21
2.43,2.43,3.03,2.12,101.8196136125,3.375,0.687,2020-02-16 16-37-21
2.91,2.05,2.99,2.17,101.79345827200001,3.437,0.687,2020-02-16 16-38-21
2.43,1.97,2.77,2.12,101.55791661250001,3.375,0.75,2020-02-16 16-39-20
2.81,2.65,3.11,2.15,101.4007452445,3.437,0.687,2020-02-16 16-40-21
2.17,2.17,3.11,2.06,101.34832926050001,3.375,0.687,2020-02-16 16-41-21
2.55,2.43,3.11,2.09,101.29590051250001,3.375,0.687,2020-02-16 16-42-21
2.43,2.21,3.29,2.04,101.29590051250001,3.375,0.687,2020-02-16 16-43-21
2.51,2.35,3.37,2.06,101.4007452445,3.375,0.687,2020-02-16 16-44-21
2.59,2.77,3.15,2.1,101.34832926050001,3.312,0.687,2020-02-16 16-45-20
3.11,2.59,3.33,2.06,101.29590051250001,3.312,0.687,2020-02-16 16-46-21
2.89,2.47,3.15,2.06,101.1910047245,3.312,0.687,2020-02-16 16-47-21
2.61,2.27,3.25,2.08,101.13853768450001,3.312,0.625,2020-02-16 16-48-21
2.51,2.27,3.63,2.14,101.13853768450001,3.312,0.625,2020-02-16 16-49-21
2.65,2.27,3.07,2.11,101.11229937800002,3.312,0.625,2020-02-16 16-50-21
2.21,2.31,2.95,2.08,101.08605788050001,3.312,0.687,2020-02-16 16-51-20
2.55,2.25,2.89,2.08,101.1910047245,3.312,0.687,2020-02-16 16-52-21
2.55,2.25,3.25,2.09,101.26968135200002,3.312,0.687,2020-02-16 16-53-21
2.43,2.05,3.33,2.12,101.29590051250001,3.312,0.75,2020-02-16 16-54-21
2.59,2.35,3.03,2.08,101.34832926050001,3.312,0.75,2020-02-16 16-55-21
2.85,2.27,3.45,2.02,101.2434590005,3.312,0.687,2020-02-16 16-56-21
2.17,2.65,2.85,2.03,101.29590051250001,3.375,0.625,2020-02-16 16-57-21
2.47,2.21,3.55,2.04,101.29590051250001,3.375,0.625,2020-02-16 16-58-20
2.65,2.73,3.03,2.09,101.4007452445,3.312,0.687,2020-02-16 16-59-21
2.99,2.47,3.41,2.06,101.1910047245,3.375,0.687,2020-02-16 17-00-20
2.55,2.59,3.19,2.12,101.2434590005,3.437,0.687,2020-02-16 17-01-21
2.81,3.07,3.55,2.2,101.1910047245,3.437,0.687,2020-02-16 17-02-21
2.99,2.85,3.37,2.27,101.05981319200001,3.5,0.75,2020-02-16 17-03-21
3.15,2.47,3.53,2.23,100.82346740050001,3.562,0.687,2020-02-16 17-04-21
2.77,3.07,3.37,2.22,100.7183418605,3.562,0.75,2020-02-16 17-05-21
3.07,2.95,3.33,2.2,100.7183418605,3.625,0.687,2020-02-16 17-06-21
2.73,2.85,2.95,2.26,100.82346740050001,3.625,0.75,2020-02-16 17-07-21
2.89,2.55,3.41,2.24,100.7709110125,3.625,0.812,2020-02-16 17-08-21
2.99,2.61,3.63,2.24,100.849740808,3.687,0.812,2020-02-16 17-09-21
2.85,2.55,3.37,2.25,100.9285418845,3.687,0.875,2020-02-16 17-10-21
2.99,2.65,3.33,2.23,100.98105998050002,3.687,0.875,2020-02-16 17-11-21
3.15,3.03,3.19,2.22,100.87601102450002,3.687,0.875,2020-02-16 17-12-21
3.23,2.85,3.49,2.18,100.98105998050002,3.75,0.812,2020-02-16 17-13-21
3.03,2.91,3.81,2.22,101.0335653125,3.75,0.812,2020-02-16 17-14-21
2.77,2.35,3.45,2.28,101.0335653125,3.75,0.812,2020-02-16 17-15-21
2.55,2.47,3.67,2.26,101.0335653125,3.812,0.812,2020-02-16 17-16-21
2.43,1.97,3.45,2.26,100.98105998050002,3.75,0.812,2020-02-16 17-17-21
2.65,2.55,3.29,2.26,101.0335653125,3.812,0.812,2020-02-16 17-18-21
2.91,2.47,3.53,2.25,101.007314242,3.812,0.812,2020-02-16 17-19-21
2.95,2.65,3.85,2.28,100.98105998050002,3.812,0.812,2020-02-16 17-20-21
3.07,2.39,3.53,2.26,100.9285418845,3.812,0.875,2020-02-16 17-21-21
3.29,2.95,3.41,2.24,100.87601102450002,3.812,0.812,2020-02-16 17-22-21
3.25,3.29,2.51,2.34,100.87601102450002,3.875,0.812,2020-02-16 17-23-21
3.07,3.23,3.55,2.34,100.82346740050001,3.875,0.875,2020-02-16 17-24-20
3.33,3.03,3.71,2.38,100.7709110125,3.937,0.875,2020-02-16 17-25-21
3.07,3.07,2.61,2.32,100.61316526450001,3.937,0.875,2020-02-16 17-26-21
3.15,3.03,3.45,2.3,100.4553046405,3.937,0.875,2020-02-16 17-27-21
2.85,3.15,3.75,2.4,100.40265890450002,4,0.937,2020-02-16 17-28-21
3.41,3.23,3.75,2.48,100.428983368,4,0.875,2020-02-16 17-29-21
3.53,3.07,3.53,2.46,100.4553046405,4.062,0.937,2020-02-16 17-30-20
3.33,3.85,3.45,2.49,100.4553046405,4.125,0.875,2020-02-16 17-31-21
3.63,3.41,3.89,2.55,100.56055782050001,4.187,0.875,2020-02-16 17-32-21
3.15,3.37,3.37,2.74,100.4553046405,4.25,0.875,2020-02-16 17-33-21
2.91,2.73,3.75,2.71,100.35000040450001,4.25,0.937,2020-02-16 17-34-21
2.77,2.99,3.41,2.66,100.19194832050002,4.312,0.937,2020-02-16 17-35-21
3.11,2.99,3.45,2.65,100.11287920000001,4.312,0.937,2020-02-16 17-36-20
2.89,2.47,3.33,2.7,100.165595138,4.375,0.937,2020-02-16 17-37-21
2.85,2.31,3.49,2.62,100.19194832050002,4.437,0.937,2020-02-16 17-38-21
3.33,2.73,3.53,2.58,100.1392387645,4.437,1,2020-02-16 17-39-21
2.61,2.61,3.59,2.66,100.29732914050001,4.437,1,2020-02-16 17-40-21
2.47,2.73,3.23,2.54,100.24464511250001,4.437,1,2020-02-16 17-41-21
2.47,2.65,3.11,2.44,100.35000040450001,4.437,1,2020-02-16 17-42-21
2.47,2.27,2.69,2.3,100.35000040450001,4.375,1,2020-02-16 17-43-20
2.85,2.55,3.11,2.16,100.35000040450001,4.312,0.937,2020-02-16 17-44-21
3.11,2.59,2.81,2.21,100.50793761250002,4.25,0.937,2020-02-16 17-45-21
2.89,2.69,3.19,2.29,100.53424931200001,4.25,0.937,2020-02-16 17-46-21
2.65,2.35,2.89,2.2,100.6394642,4.25,0.937,2020-02-16 17-47-21
2.47,2.55,3.19,2.14,100.87601102450002,4.187,0.937,2020-02-16 17-48-21
2.61,2.13,2.59,2.12,100.98105998050002,4.187,0.875,2020-02-16 17-49-21
2.39,2.21,2.95,2.09,101.2434590005,4.062,0.937,2020-02-16 17-50-21
2.31,2.21,3.11,2.09,101.4007452445,4,0.937,2020-02-16 17-51-21
2.27,2.09,2.95,2.06,101.61028154050001,3.875,0.875,2020-02-16 17-52-21
2.35,2.21,2.81,2.04,101.76729974050001,3.812,0.937,2020-02-16 17-53-21
1.97,2.43,2.61,2.02,101.8196136125,3.75,0.937,2020-02-16 17-54-21
2.01,2.25,2.69,1.92,101.87191472050002,3.687,0.875,2020-02-16 17-55-21
2.39,1.93,2.95,1.98,102.28986408050001,3.562,0.937,2020-02-16 17-57-21
2.43,2.59,3.07,1.95,102.28986408050001,3.562,0.875,2020-02-16 17-58-21
2.27,2.31,2.61,1.98,102.34205031250002,3.437,0.875,2020-02-16 17-59-21
2.31,2.17,3.11,2.08,102.44638448450002,3.375,0.937,2020-02-16 18-01-20
2.55,2.31,2.69,2.1,102.49853242450001,3.437,0.937,2020-02-16 18-02-20
2.35,2.21,3.11,2.12,102.49853242450001,3.437,0.937,2020-02-16 18-03-21
2.43,2.21,2.91,2.08,102.44638448450002,3.437,0.937,2020-02-16 18-05-21
2.27,2.61,2.73,2.12,102.55066760050002,3.375,0.937,2020-02-16 18-06-21
2.43,2.01,2.77,2.12,102.3942237805,3.375,0.937,2020-02-16 18-07-21
2.43,2.39,2.77,2.08,102.23766508450001,3.375,1,2020-02-16 18-08-20
2.13,2.47,2.85,2.08,102.1332288005,3.312,1,2020-02-16 18-10-21
2.35,2.01,2.89,2.1,102.1332288005,3.312,1,2020-02-16 18-11-21
2.35,1.97,2.65,2.1,102.23766508450001,3.312,1,2020-02-16 18-12-21
2.39,2.21,3.07,2.08,102.368138642,3.312,1,2020-02-16 18-13-21
2.65,2.01,3.11,2,102.34205031250002,3.312,1,2020-02-16 18-14-21
2.27,1.93,2.81,2.04,102.44638448450002,3.312,1,2020-02-16 18-15-21
2.35,2.31,2.85,2.03,102.55066760050002,3.25,1,2020-02-16 18-16-21
2.39,2.05,2.91,2.02,102.57673040200001,3.312,1,2020-02-16 18-17-21
2.35,2.09,2.85,2.02,102.60279001250001,3.312,0.937,2020-02-16 18-18-21
2.77,2.21,2.99,2.06,102.6548996605,3.25,0.937,2020-02-16 18-19-21
2.35,2.43,2.99,2.12,102.6548996605,3.312,0.937,2020-02-16 18-20-20
2.17,1.83,2.65,2.04,102.60279001250001,3.312,0.937,2020-02-16 18-21-21
2.35,2.17,2.55,1.96,102.55066760050002,3.25,0.937,2020-02-16 18-22-21
2.21,1.93,2.73,2,102.55066760050002,3.25,0.937,2020-02-16 18-23-21
2.25,2.27,3.19,2.04,102.57673040200001,3.25,0.937,2020-02-16 18-24-21
2.39,2.05,3.33,2.06,102.6548996605,3.25,1,2020-02-16 18-26-21
2.55,2.21,3.03,2.06,102.7069965445,3.25,1,2020-02-16 18-27-21
2.31,2.05,3.33,2.08,102.7590806645,3.25,1,2020-02-16 18-28-21
2.31,2.25,2.99,2.1,102.7590806645,3.25,1,2020-02-16 18-29-21
2.35,2.09,3.03,2.1,102.8111520205,3.25,1,2020-02-16 18-30-21
2.27,1.83,2.69,2.07,102.8111520205,3.312,1,2020-02-16 18-31-21
2.73,2.39,2.95,2.13,102.83718291200002,3.25,1,2020-02-16 18-32-20
2.55,1.89,2.95,2.09,102.8111520205,3.25,1,2020-02-16 18-33-21
2.43,2.47,3.07,2.1,102.86321061250001,3.25,1,2020-02-16 18-34-21
2.25,1.85,2.89,2.01,102.78511793800001,3.25,1,2020-02-16 18-35-21
2.13,2.05,2.77,2,102.78511793800001,3.25,1,2020-02-16 18-36-21
2.21,1.97,2.95,1.96,102.8111520205,3.25,1,2020-02-16 18-37-21
2.43,1.89,2.35,2.02,102.8111520205,3.25,0.937,2020-02-16 18-38-21
1.79,1.93,2.47,2,102.8111520205,3.25,0.937,2020-02-16 18-39-20
1.89,2.01,2.59,1.9,102.7330402,3.25,0.875,2020-02-16 18-40-21
2.31,1.59,2.77,1.9,102.7590806645,3.187,0.875,2020-02-16 18-41-21
2.31,1.59,2.43,1.9,102.7590806645,3.125,0.875,2020-02-16 18-42-21
2.35,1.93,2.77,1.89,102.7590806645,3.125,0.875,2020-02-16 18-43-21
1.97,1.63,2.73,1.88,102.8111520205,3.125,0.875,2020-02-16 18-44-21
2.05,2.01,2.55,1.92,102.86321061250001,3.125,0.875,2020-02-16 18-45-21
2.01,1.79,2.89,1.88,102.86321061250001,3.125,0.875,2020-02-16 18-46-21
2.13,2.43,2.95,1.84,102.8111520205,3.125,0.875,2020-02-16 18-47-21
1.89,1.89,2.47,1.88,102.86321061250001,3.125,0.875,2020-02-16 18-48-21
2.13,2.09,2.43,1.87,102.9152564405,3.125,0.875,2020-02-16 18-49-21
2.55,2.25,2.51,1.92,102.9672895045,3.125,0.875,2020-02-16 18-50-21
2.17,2.01,2.25,1.89,102.99330125,3.125,0.875,2020-02-16 18-51-21
1.93,1.79,2.51,1.92,103.01930980450001,3.062,0.875,2020-02-16 18-52-21
2.01,1.75,2.81,1.86,103.01930980450001,3.125,0.875,2020-02-16 18-54-21
1.85,2.13,2.91,1.89,103.0713173405,3.062,0.875,2020-02-16 18-55-21
1.93,2.21,2.73,1.84,103.12331211250002,3.062,0.875,2020-02-16 18-56-21
2.21,2.01,2.81,1.84,103.25324320000001,3.125,0.875,2020-02-16 18-57-21
2.09,1.75,2.73,1.9,103.2792198445,3.062,0.937,2020-02-16 18-58-21
2.13,2.21,2.55,1.86,103.33116356050002,3.125,0.937,2020-02-16 18-59-21
1.97,1.93,3.03,1.9,103.40905520200002,3.125,0.937,2020-02-16 19-00-20
2.01,1.83,2.61,1.86,103.38309451250001,3.125,0.937,2020-02-16 19-01-21
1.79,1.75,2.73,1.84,103.38309451250001,3.125,0.937,2020-02-16 19-02-21
2.43,1.63,2.17,1.78,103.43501270050001,3.125,0.875,2020-02-16 19-03-21
1.93,1.55,2.55,1.76,103.564752328,3.062,0.875,2020-02-16 19-04-21
2.31,2.39,2.47,1.74,103.69441218050001,3.062,0.875,2020-02-16 19-05-21
1.89,1.59,2.51,1.81,103.7462537845,3.062,0.875,2020-02-16 19-06-20
1.89,1.75,2.39,1.8,103.823992258,3.062,0.875,2020-02-16 19-07-21
2.01,1.43,2.27,1.8,103.8498987005,3.062,0.812,2020-02-16 19-08-21
1.75,1.67,2.65,1.76,103.90170201250001,3,0.812,2020-02-16 19-09-21
1.89,1.09,2.01,1.62,104.00527034450002,3,0.812,2020-02-16 19-10-21
1.71,1.59,2.47,1.6,104.10878762050001,2.937,0.812,2020-02-16 19-11-21
1.93,1.59,2.39,1.62,104.18639207200002,2.875,0.812,2020-02-16 19-12-20
2.01,1.59,2.55,1.6,104.34151481800001,2.812,0.812,2020-02-16 19-14-21
1.79,1.25,2.55,1.62,104.4190331125,2.875,0.812,2020-02-16 19-15-21
1.85,1.37,1.85,1.61,104.47069602050001,2.812,0.812,2020-02-16 19-16-21
2.13,1.17,2.21,1.6,104.52234616450001,2.812,0.812,2020-02-16 19-17-21
1.59,1.71,2.47,1.58,104.57398354450001,2.812,0.75,2020-02-16 19-18-21
1.59,1.25,2.31,1.56,104.67722001250002,2.812,0.75,2020-02-16 19-19-21
1.79,1.43,2.09,1.54,104.7288191005,2.75,0.687,2020-02-16 19-20-21
1.47,1.63,2.55,1.56,104.8319789845,2.687,0.687,2020-02-16 19-21-20
1.71,1.05,2.09,1.56,104.8835397805,2.687,0.687,2020-02-16 19-22-21
1.59,1.17,2.59,1.54,104.9350878125,2.687,0.625,2020-02-16 19-23-21
1.59,1.25,1.97,1.5,104.98662308050001,2.625,0.687,2020-02-16 19-24-20
1.71,0.83,2.01,1.48,105.03814558450001,2.625,0.687,2020-02-16 19-25-21
1.29,1.29,2.17,1.49,105.0896553245,2.562,0.625,2020-02-16 19-26-20
1.47,1.05,1.89,1.46,105.14115230050001,2.562,0.687,2020-02-16 19-27-21
1.93,1.21,2.21,1.44,105.1926365125,2.562,0.687,2020-02-16 19-28-21
1.51,1.41,1.75,1.48,105.269838898,2.562,0.687,2020-02-16 19-29-21
1.71,1.25,1.71,1.45,105.3470125645,2.5,0.625,2020-02-16 19-31-21
1.83,0.95,1.71,1.36,105.3984457205,2.562,0.562,2020-02-16 19-32-21
1.47,1.13,2.17,1.39,105.44986611250002,2.5,0.562,2020-02-16 19-33-20
1.55,1.47,2.25,1.4,105.50127374050001,2.5,0.562,2020-02-16 19-34-21
1.67,1.21,1.67,1.42,105.55266860450001,2.5,0.625,2020-02-16 19-35-21
1.41,1.55,1.89,1.39,105.57836125,2.437,0.562,2020-02-16 19-36-21
1.51,1.17,2.21,1.36,105.6040507045,2.5,0.562,2020-02-16 19-37-21
1.51,1.37,2.31,1.36,105.6554200405,2.437,0.562,2020-02-16 19-38-21
1.83,0.95,1.71,1.37,105.70677661250002,2.437,0.562,2020-02-16 19-39-21
1.29,1.41,2.21,1.37,105.70677661250002,2.437,0.562,2020-02-16 19-40-21
1.37,1.17,2.17,1.36,105.7581204205,2.375,0.562,2020-02-16 19-41-21
1.63,1.09,2.27,1.4,105.783787538,2.375,0.625,2020-02-16 19-42-21
1.63,1.01,2.13,1.44,105.80945146450001,2.437,0.625,2020-02-16 19-43-21
1.37,1.43,2.01,1.4,105.83511220000001,2.437,0.562,2020-02-16 19-44-21
1.67,1.25,2.25,1.36,105.8607697445,2.437,0.562,2020-02-16 19-45-21
1.75,1.89,1.89,1.38,105.91207526050002,2.375,0.562,2020-02-16 19-46-20
1.83,1.13,1.75,1.42,105.91207526050002,2.437,0.562,2020-02-16 19-47-21
1.89,1.29,2.17,1.44,105.96336801250001,2.437,0.562,2020-02-16 19-48-21
1.41,1.47,2.17,1.4,105.96336801250001,2.437,0.562,2020-02-16 19-49-21
1.89,1.17,1.89,1.4,106.01464800050002,2.375,0.562,2020-02-16 19-50-21
1.63,1.47,1.83,1.38,106.01464800050002,2.375,0.562,2020-02-16 19-51-21
2.09,1.13,1.85,1.38,106.01464800050002,2.375,0.562,2020-02-16 19-52-20
1.67,1.67,1.85,1.4,106.0659152245,2.375,0.562,2020-02-16 19-53-21
1.71,1.43,2.17,1.39,106.0659152245,2.375,0.562,2020-02-16 19-54-21
1.71,1.17,1.85,1.36,106.11716968450001,2.375,0.562,2020-02-16 19-55-21
1.55,0.95,1.97,1.34,106.1684113805,2.312,0.5,2020-02-16 19-56-21
1.41,1.43,2.13,1.33,106.1684113805,2.312,0.562,2020-02-16 19-57-21
1.37,1.41,1.85,1.32,106.19402744200002,2.312,0.5,2020-02-16 19-58-21
1.75,1.37,1.89,1.38,106.2196403125,2.312,0.562,2020-02-16 19-59-21
1.17,1.43,2.09,1.3,106.2196403125,2.312,0.5,2020-02-16 20-00-20
1.37,1.41,1.71,1.3,106.2708564805,2.312,0.5,2020-02-16 20-01-20
1.67,1.63,1.85,1.36,106.245249992,2.312,0.5,2020-02-16 20-02-21
1.71,1.25,1.85,1.32,106.29645977800001,2.312,0.562,2020-02-16 20-03-21
1.29,1.09,1.51,1.31,106.3220598845,2.312,0.5,2020-02-16 20-04-21
1.85,1.37,1.83,1.28,106.34765680000001,2.312,0.5,2020-02-16 20-05-21
1.67,0.87,1.75,1.28,106.3220598845,2.312,0.5,2020-02-16 20-06-21
1.59,1.37,2.01,1.28,106.37325052450001,2.312,0.437,2020-02-16 20-07-21
1.63,1.01,1.75,1.32,106.3220598845,2.312,0.437,2020-02-16 20-08-21
1.29,0.91,1.71,1.26,106.4244284005,2.312,0.5,2020-02-16 20-09-21
1.59,1.47,2.13,1.27,106.4244284005,2.312,0.437,2020-02-16 20-10-21
1.63,1.33,1.55,1.34,106.450012552,2.312,0.5,2020-02-16 20-11-20
1.09,1.29,1.51,1.28,106.47559351250001,2.25,0.562,2020-02-16 20-12-21
1.29,1.17,1.89,1.25,106.47559351250001,2.312,0.562,2020-02-16 20-13-21
1.75,1.37,1.75,1.25,106.47559351250001,2.25,0.562,2020-02-16 20-14-21
1.41,1.17,1.63,1.26,106.47559351250001,2.25,0.562,2020-02-16 20-15-21
1.67,1.43,1.67,1.25,106.5267458605,2.25,0.562,2020-02-16 20-16-21
1.79,1.05,2.01,1.3,106.5267458605,2.25,0.562,2020-02-16 20-17-21
1.37,0.33,1.37,1.25,106.5778854445,2.25,0.562,2020-02-16 20-19-21
1.43,1.29,1.85,1.23,106.60345045,2.187,0.5,2020-02-16 20-20-21
1.37,1.25,2.01,1.27,106.5778854445,2.187,0.5,2020-02-16 20-21-21
1.63,1.33,1.51,1.27,106.5778854445,2.25,0.5,2020-02-16 20-22-21
1.83,1.33,1.47,1.26,106.62901226450002,2.187,0.5,2020-02-16 20-23-21
1.37,1.17,1.79,1.27,106.62901226450002,2.25,0.5,2020-02-16 20-24-21
1.37,1.01,1.97,1.28,106.62901226450002,2.25,0.562,2020-02-16 20-25-21
1.43,1.17,1.71,1.23,106.62901226450002,2.187,0.5,2020-02-16 20-26-21
1.55,1.41,1.71,1.2,106.68012632050001,2.187,0.5,2020-02-16 20-27-21
1.21,1.47,1.41,1.23,106.68012632050001,2.187,0.437,2020-02-16 20-28-21
1.47,1.43,1.83,1.19,106.68012632050001,2.125,0.437,2020-02-16 20-29-21
1.71,1.05,1.71,1.2,106.7312276125,2.125,0.5,2020-02-16 20-30-21
1.47,0.91,1.51,1.25,106.7312276125,2.125,0.5,2020-02-16 20-32-21
1.25,1.05,1.09,1.18,106.7312276125,2.125,0.437,2020-02-16 20-33-21
1.25,1.33,1.59,1.18,106.7823161405,2.125,0.437,2020-02-16 20-34-21
1.63,1.29,1.51,1.12,106.7823161405,2.187,0.437,2020-02-16 20-35-21
1.21,1.29,1.43,1.16,106.7823161405,2.187,0.437,2020-02-16 20-36-21
1.79,1.17,1.67,1.2,106.80785561800002,2.125,0.437,2020-02-16 20-37-20
1.63,1.21,1.93,1.19,106.88445490450002,2.125,0.5,2020-02-16 20-38-21
1.67,1.37,1.41,1.17,106.83339190450002,2.125,0.5,2020-02-16 20-39-21
1.47,1.05,1.93,1.16,106.83339190450002,2.125,0.5,2020-02-16 20-40-21
1.37,1.51,1.93,1.18,106.83339190450002,2.125,0.5,2020-02-16 20-41-21
1.41,1.21,1.37,1.2,106.83339190450002,2.125,0.5,2020-02-16 20-42-21
1.41,1.25,2.01,1.22,106.85892500000001,2.125,0.5,2020-02-16 20-43-21
1.47,0.97,1.97,1.22,106.88445490450002,2.125,0.437,2020-02-16 20-44-20
1.37,0.87,1.37,1.17,106.88445490450002,2.125,0.437,2020-02-16 20-45-21
1.33,1.09,2.27,1.2,106.88445490450002,2.187,0.437,2020-02-16 20-46-21
1.25,1.47,1.75,1.19,106.88445490450002,2.187,0.437,2020-02-16 20-47-21
1.33,1.01,1.37,1.14,106.88445490450002,2.187,0.437,2020-02-16 20-48-21
1.25,1.29,1.59,1.1,106.909981618,2.187,0.437,2020-02-16 20-49-21
1.41,1.09,1.17,1.06,106.9355051405,2.187,0.437,2020-02-16 20-51-21
1.17,1.55,1.63,1.1,106.98654261249999,2.187,0.375,2020-02-16 20-52-21
1.09,0.91,1.25,1.12,106.98654261249999,2.187,0.375,2020-02-16 20-53-21
1.17,1.01,2.13,1.12,106.98654261249999,2.187,0.375,2020-02-16 20-54-21
1.37,0.95,1.43,1.13,106.98654261249999,2.187,0.375,2020-02-16 20-55-21
1.29,1.21,1.55,1.11,106.98654261249999,2.187,0.375,2020-02-16 20-56-21
1.37,1.01,1.71,1.11,107.01205656200003,2.187,0.375,2020-02-16 20-57-21
1.43,1.01,1.13,1.14,107.01205656200003,2.187,0.375,2020-02-16 20-58-21
0.97,0.63,1.47,1.13,107.03756732050002,2.25,0.375,2020-02-16 20-59-21
1.67,1.01,1.37,1.1,107.03756732050002,2.25,0.375,2020-02-16 21-00-21
1.33,1.21,1.89,1.11,107.03756732050002,2.25,0.375,2020-02-16 21-01-21
1.33,1.59,1.75,1.12,107.03756732050002,2.312,0.375,2020-02-16 21-02-21
1.47,1.13,1.71,1.12,107.03756732050002,2.312,0.375,2020-02-16 21-03-21
1.25,1.25,1.05,1.1,107.03756732050002,2.312,0.375,2020-02-16 21-04-21
0.91,1.01,1.55,1.14,107.0885792645,2.375,0.375,2020-02-16 21-05-21
1.33,1.13,1.47,1.09,107.06307488800002,2.375,0.375,2020-02-16 21-06-20
1.67,1.13,1.55,1.1,107.0885792645,2.375,0.375,2020-02-16 21-07-21
1.29,0.79,1.47,1.08,107.0885792645,2.375,0.375,2020-02-16 21-08-21
1.41,1.17,1.51,1.1,107.0885792645,2.375,0.375,2020-02-16 21-09-21
1.05,0.83,1.75,1.06,107.0885792645,2.437,0.375,2020-02-16 21-10-21
1.21,0.95,1.67,1.04,107.1395784445,2.437,0.375,2020-02-16 21-11-21
1.47,0.87,1.55,1.02,107.1395784445,2.437,0.375,2020-02-16 21-12-20
1.37,0.87,1.85,1.03,107.1395784445,2.437,0.312,2020-02-16 21-13-21
1.55,1.01,1.33,1.08,107.1395784445,2.437,0.312,2020-02-16 21-14-21
1.41,0.95,1.51,1.04,107.1395784445,2.5,0.312,2020-02-16 21-15-21
1.33,1.13,1.47,1,107.19056486050002,2.437,0.312,2020-02-16 21-16-21
1.29,1.01,1.17,0.99,107.19056486050002,2.437,0.312,2020-02-16 21-17-21
1.13,0.95,1.29,0.96,107.19056486050002,2.437,0.312,2020-02-16 21-18-21
0.97,0.87,1.93,1,107.19056486050002,2.375,0.312,2020-02-16 21-19-20
1.37,0.51,1.25,0.98,107.19056486050002,2.375,0.25,2020-02-16 21-20-21
1.09,1.47,1.55,1,107.19056486050002,2.437,0.312,2020-02-16 21-21-21
1.33,1.13,1.47,1.02,107.24153851250001,2.437,0.312,2020-02-16 21-22-21
0.87,0.59,1.13,1,107.21605328200002,2.375,0.312,2020-02-16 21-23-21
1.13,1.43,1.25,1,107.21605328200002,2.375,0.312,2020-02-16 21-24-21
1.17,1.17,1.17,1.04,107.24153851250001,2.375,0.312,2020-02-16 21-25-21
1.25,1.05,1.21,1.01,107.21605328200002,2.375,0.312,2020-02-16 21-27-21
1.05,1.17,1.21,1.04,107.24153851250001,2.375,0.312,2020-02-16 21-28-21
1.13,0.67,1.29,1.02,107.24153851250001,2.375,0.312,2020-02-16 21-29-21
1.01,0.95,1.33,1.04,107.24153851250001,2.437,0.312,2020-02-16 21-30-21
1.51,0.79,1.51,1.05,107.24153851250001,2.437,0.375,2020-02-16 21-31-21
1.09,0.91,1.29,1.04,107.24153851250001,2.437,0.312,2020-02-16 21-32-21
1.09,0.97,1.59,1.04,107.24153851250001,2.437,0.312,2020-02-16 21-33-21
1.55,1.09,1.85,1.06,107.24153851250001,2.437,0.375,2020-02-16 21-34-21
1.41,1.09,1.51,1.04,107.24153851250001,2.437,0.375,2020-02-16 21-35-21
1.09,0.95,1.33,1.07,107.267020552,2.437,0.375,2020-02-16 21-36-21
1.37,1.41,1.83,1.08,107.267020552,2.437,0.375,2020-02-16 21-37-21
1.29,0.75,1.47,1.07,107.2924994005,2.5,0.375,2020-02-16 21-38-20
1.21,1.17,1.47,1.08,107.24153851250001,2.437,0.375,2020-02-16 21-39-21
1.43,0.95,1.63,1.08,107.267020552,2.5,0.375,2020-02-16 21-40-21
1.29,1.29,1.55,1.08,107.2924994005,2.5,0.312,2020-02-16 21-41-21
1.37,0.91,1.29,1.06,107.2924994005,2.437,0.375,2020-02-16 21-42-21
1.25,1.43,1.33,1.08,107.2924994005,2.5,0.375,2020-02-16 21-43-21
1.25,0.71,1.29,1.04,107.2924994005,2.5,0.375,2020-02-16 21-44-21
1.33,0.91,1.67,1.04,107.2924994005,2.5,0.375,2020-02-16 21-45-21
1.13,1.13,1.41,1.06,107.2924994005,2.562,0.375,2020-02-16 21-46-21
1.51,0.95,1.29,1.04,107.2924994005,2.5,0.375,2020-02-16 21-47-21
1.21,0.83,1.37,1.06,107.2924994005,2.5,0.375,2020-02-16 21-48-21
1.13,1.21,1.01,1.06,107.2924994005,2.5,0.375,2020-02-16 21-49-21
1.25,1.13,1.37,1.07,107.2924994005,2.5,0.375,2020-02-16 21-50-21
1.51,0.95,1.43,1.08,107.2924994005,2.562,0.375,2020-02-16 21-52-21
1.37,0.97,1.63,1.06,107.3434475245,2.562,0.375,2020-02-16 21-53-21
1.43,0.87,1.37,1.1,107.3434475245,2.562,0.375,2020-02-16 21-54-21
1.59,0.75,1.85,1.1,107.3434475245,2.562,0.375,2020-02-16 21-55-21
1.43,1.41,1.29,1.08,107.3434475245,2.562,0.375,2020-02-16 21-56-21
1.33,0.75,1.71,1.07,107.3434475245,2.562,0.375,2020-02-16 21-57-20
1.33,1.21,1.29,1.08,107.3434475245,2.562,0.375,2020-02-16 21-58-21
1.33,0.91,1.43,1.06,107.3434475245,2.562,0.375,2020-02-16 21-59-21
1.47,0.91,1.85,1.06,107.3434475245,2.625,0.375,2020-02-16 22-00-21
1.37,0.95,1.63,1.06,107.3434475245,2.625,0.375,2020-02-16 22-01-21
1.17,0.67,1.63,1.06,107.3434475245,2.625,0.375,2020-02-16 22-02-20
1.63,1.43,1.63,1.07,107.36891680000002,2.625,0.312,2020-02-16 22-03-21
1.59,1.33,1.33,1.1,107.3434475245,2.625,0.375,2020-02-16 22-04-21
1.29,0.71,1.55,1.09,107.3434475245,2.625,0.375,2020-02-16 22-05-21
1.25,0.87,1.25,1.11,107.3434475245,2.687,0.437,2020-02-16 22-06-21
1.43,0.97,1.63,1.1,107.3434475245,2.687,0.375,2020-02-16 22-07-21
1.25,0.97,1.75,1.1,107.36891680000002,2.75,0.375,2020-02-16 22-08-20
1.41,1.41,1.51,1.1,107.3434475245,2.75,0.437,2020-02-16 22-10-21
1.25,1.33,1.25,1.11,107.3434475245,2.75,0.437,2020-02-16 22-11-21
1.47,1.47,1.47,1.09,107.39438288450002,2.75,0.375,2020-02-16 22-12-21
1.29,0.97,1.51,1.09,107.39438288450002,2.75,0.375,2020-02-16 22-13-21
1.25,1.33,1.21,1.12,107.36891680000002,2.75,0.437,2020-02-16 22-14-21
1.41,1.41,1.55,1.13,107.3434475245,2.812,0.437,2020-02-16 22-15-21
1.29,1.17,1.21,1.13,107.36891680000002,2.812,0.437,2020-02-16 22-16-21
1.43,1.25,1.47,1.13,107.39438288450002,2.812,0.375,2020-02-16 22-17-21
1.59,1.33,1.67,1.12,107.39438288450002,2.812,0.375,2020-02-16 22-18-21
1.43,1.13,1.63,1.13,107.39438288450002,2.812,0.375,2020-02-16 22-19-21
1.29,0.95,1.51,1.12,107.39438288450002,2.812,0.437,2020-02-16 22-20-21
1.55,0.97,1.51,1.1,107.39438288450002,2.812,0.375,2020-02-16 22-21-20
1.59,1.33,1.63,1.12,107.39438288450002,2.875,0.375,2020-02-16 22-22-21
1.43,0.97,1.59,1.12,107.39438288450002,2.812,0.375,2020-02-16 22-23-21
1.63,0.63,1.63,1.1,107.39438288450002,2.875,0.437,2020-02-16 22-24-21
1.33,1.41,2.13,1.11,107.39438288450002,2.875,0.437,2020-02-16 22-25-21
0.95,0.91,1.63,1.14,107.39438288450002,2.875,0.437,2020-02-16 22-26-21
1.43,1.01,1.55,1.14,107.39438288450002,2.875,0.437,2020-02-16 22-27-20
1.21,1.43,1.33,1.12,107.39438288450002,2.875,0.375,2020-02-16 22-29-21
1.25,0.75,1.51,1.1,107.39438288450002,2.875,0.437,2020-02-16 22-30-21
1.51,1.33,1.83,1.1,107.41984577800001,2.875,0.437,2020-02-16 22-31-21
1.21,1.25,1.25,1.11,107.39438288450002,2.875,0.437,2020-02-16 22-32-21
1.71,1.25,1.33,1.12,107.41984577800001,2.875,0.437,2020-02-16 22-33-21
1.13,1.09,1.37,1.1,107.41984577800001,2.812,0.437,2020-02-16 22-34-20
1.01,0.91,1.41,1.08,107.44530548050001,2.812,0.437,2020-02-16 22-35-21
1.55,1.13,1.93,1.06,107.44530548050001,2.812,0.375,2020-02-16 22-36-21
1.59,0.71,1.59,1.03,107.44530548050001,2.75,0.375,2020-02-16 22-37-21
0.87,0.95,1.29,0.99,107.44530548050001,2.75,0.312,2020-02-16 22-39-21
1.13,0.63,1.79,0.97,107.4962153125,2.75,0.312,2020-02-16 22-40-20
1.09,0.71,2.01,0.96,107.4962153125,2.687,0.312,2020-02-16 22-41-21
1.05,0.83,1.47,0.96,107.4962153125,2.687,0.312,2020-02-16 22-42-21
0.87,0.91,1.33,0.96,107.4962153125,2.687,0.312,2020-02-16 22-43-21
1.01,0.63,1.41,0.92,107.4962153125,2.687,0.312,2020-02-16 22-44-21
0.91,0.87,1.13,0.92,107.4962153125,2.687,0.25,2020-02-16 22-45-21
0.97,0.55,1.41,0.94,107.4962153125,2.687,0.312,2020-02-16 22-46-21
0.67,0.95,1.55,0.96,107.4962153125,2.687,0.312,2020-02-16 22-47-21
1.25,0.83,1.89,0.96,107.4962153125,2.687,0.312,2020-02-16 22-48-21
0.97,0.79,1.43,0.96,107.4962153125,2.687,0.312,2020-02-16 22-49-21
1.09,0.71,1.41,0.97,107.4962153125,2.625,0.312,2020-02-16 22-50-21
1.05,0.71,1.05,0.96,107.4962153125,2.687,0.312,2020-02-16 22-51-21
0.95,0.79,1.29,0.94,107.4962153125,2.687,0.312,2020-02-16 22-52-21
1.37,0.71,1.29,0.94,107.4962153125,2.687,0.312,2020-02-16 22-53-20
1.25,0.87,1.17,0.93,107.521665442,2.687,0.25,2020-02-16 22-54-21
1.41,0.87,0.97,0.91,107.521665442,2.687,0.25,2020-02-16 22-55-21
1.21,0.79,1.21,0.9,107.521665442,2.687,0.25,2020-02-16 22-56-21
0.87,0.67,1.47,0.85,107.521665442,2.625,0.187,2020-02-16 22-57-21
1.17,0.43,0.91,0.84,107.5471123805,2.625,0.187,2020-02-16 22-58-21
0.91,0.33,1.47,0.86,107.5471123805,2.625,0.25,2020-02-16 22-59-21
1.05,0.79,1.33,0.86,107.5471123805,2.625,0.25,2020-02-16 23-00-20
1.05,0.87,1.25,0.86,107.5471123805,2.625,0.25,2020-02-16 23-01-21
1.29,1.13,1.09,0.85,107.5471123805,2.625,0.25,2020-02-16 23-02-21
1.17,0.67,1.47,0.86,107.5471123805,2.562,0.25,2020-02-16 23-03-21
1.13,1.01,1.55,0.84,107.5471123805,2.562,0.25,2020-02-16 23-04-21
1.21,0.83,0.91,0.82,107.5471123805,2.562,0.187,2020-02-16 23-05-21
0.97,0.79,1.25,0.84,107.5471123805,2.562,0.187,2020-02-16 23-06-21
0.87,0.67,1.17,0.82,107.5471123805,2.5,0.187,2020-02-16 23-07-21
0.97,0.63,1.51,0.81,107.5471123805,2.5,0.187,2020-02-16 23-08-21
1.17,0.67,1.41,0.81,107.5471123805,2.437,0.187,2020-02-16 23-09-20
0.51,0.79,1.29,0.82,107.5471123805,2.437,0.187,2020-02-16 23-10-21
0.79,0.55,1.01,0.78,107.59799668450002,2.375,0.187,2020-02-16 23-12-21
1.09,0.25,0.95,0.8,107.5471123805,2.375,0.125,2020-02-16 23-13-21
0.87,0.67,0.95,0.82,107.59799668450002,2.312,0.187,2020-02-16 23-14-21
0.87,0.87,1.51,0.78,107.59799668450002,2.312,0.125,2020-02-16 23-15-21
1.01,0.75,1.09,0.82,107.5471123805,2.312,0.187,2020-02-16 23-16-21
0.79,0.97,1.09,0.82,107.5471123805,2.25,0.187,2020-02-16 23-17-21
0.83,0.51,1.51,0.8,107.59799668450002,2.25,0.187,2020-02-16 23-18-21
1.47,0.67,1.25,0.83,107.59799668450002,2.25,0.187,2020-02-16 23-19-21
1.21,0.83,0.97,0.82,107.57255612800002,2.25,0.187,2020-02-16 23-20-21
0.75,0.41,1.05,0.8,107.57255612800002,2.25,0.125,2020-02-16 23-21-21
1.01,0.37,1.05,0.78,107.59799668450002,2.25,0.125,2020-02-16 23-22-20
0.91,1.09,1.17,0.76,107.59799668450002,2.25,0.125,2020-02-16 23-23-21
1.21,0.83,0.97,0.79,107.59799668450002,2.187,0.125,2020-02-16 23-24-21
0.47,0.95,0.95,0.8,107.57255612800002,2.187,0.187,2020-02-16 23-25-21
0.79,0.87,1.25,0.8,107.57255612800002,2.187,0.187,2020-02-16 23-26-21
1.01,0.75,1.17,0.79,107.59799668450002,2.187,0.125,2020-02-16 23-27-21
0.87,0.51,1.29,0.82,107.59799668450002,2.187,0.187,2020-02-16 23-28-20
0.75,0.95,1.13,0.78,107.59799668450002,2.187,0.125,2020-02-16 23-30-21
0.87,0.55,1.37,0.75,107.59799668450002,2.187,0.125,2020-02-16 23-31-21
0.87,0.55,1.33,0.73,107.62343405000001,2.187,0.125,2020-02-16 23-32-21
1.09,0.63,0.91,0.7,107.59799668450002,2.187,0.125,2020-02-16 23-33-21
0.97,0.33,0.87,0.72,107.62343405000001,2.187,0.125,2020-02-16 23-34-21
0.97,0.79,0.87,0.7,107.6488682245,2.187,0.062,2020-02-16 23-35-21
0.95,0.71,1.21,0.7,107.6488682245,2.125,0.062,2020-02-16 23-36-21
1.43,0.71,0.97,0.69,107.6488682245,2.125,0.062,2020-02-16 23-37-21
1.17,0.83,1.51,0.7,107.6488682245,2.125,0,2020-02-16 23-38-21
0.83,0.87,1.21,0.71,107.6488682245,2.125,0.062,2020-02-16 23-39-21
0.79,0.95,0.87,0.74,107.6488682245,2.187,0.062,2020-02-16 23-40-21
0.95,1.09,1.47,0.74,107.6488682245,2.187,0.062,2020-02-16 23-41-20
0.91,0.67,1.55,0.74,107.6488682245,2.187,0.125,2020-02-16 23-42-21
0.91,0.37,1.43,0.74,107.6488682245,2.187,0.062,2020-02-16 23-43-21
1.01,0.41,1.01,0.74,107.6488682245,2.25,0.062,2020-02-16 23-44-21
1.13,0.51,0.83,0.69,107.6488682245,2.187,0,2020-02-16 23-45-21
1.01,0.47,0.91,0.66,107.6488682245,2.187,0.062,2020-02-16 23-46-21
1.05,0.41,1.17,0.66,107.6997270005,2.25,0,2020-02-16 23-47-20
