time,TempPlant1,TempPlant4,TempPlant6,Air_temp_loc,Humedity,air_temp,Ambient_1
2020-02-29T00:00:00.0,0.21,-0.13999999999998636,0.13,0.3,95.88111892450002,1.437,0.937
2020-02-29T00:01:00.0,0.29,0.09,0.09,0.31,95.82737548450001,1.375,0.875
2020-02-29T00:02:00.0,0.87,-0.10000000000002274,-0.22000000000002728,0.31,95.82737548450001,1.375,0.875
2020-02-29T00:03:00.0,0.21,-0.22000000000002728,-0.06000000000005912,0.3,95.88111892450002,1.375,0.937
2020-02-29T00:04:00.0,-0.13999999999998636,-0.06000000000005912,0.05,0.29,95.907985858,1.375,0.937
2020-02-29T00:05:00.0,0.29,0.21,-0.32000000000005,0.28,95.9348496005,1.375,0.937
2020-02-29T00:06:00.0,0.55,-0.01999999999998181,-0.5199999999999818,0.31,95.907985858,1.437,0.937
2020-02-29T00:07:00.0,0.25,0.21,0.21,0.32,95.88111892450002,1.437,0.937
2020-02-29T00:08:00.0,0.59,0.21,-0.2599999999999909,0.32,95.9348496005,1.437,0.937
2020-02-29T00:09:00.0,0.37,0.05,-0.01999999999998181,0.36,95.9348496005,1.437,1
2020-02-29T00:10:00.0,0.37,-0.01999999999998181,0.01,0.36,95.9348496005,1.437,1.062
2020-02-29T00:11:00.0,0.43,0.47,0.05,0.37,96.01542168200001,1.375,1
2020-02-29T00:12:00.0,0.37,-0.10000000000002274,0.13,0.38,96.01542168200001,1.437,1
2020-02-29T00:13:00.0,0.67,-0.06000000000005912,0.05,0.34,96.0959650445,1.437,1
2020-02-29T00:14:00.0,0.21,0.17,0.09,0.38,96.0959650445,1.437,1
2020-02-29T00:15:00.0,0.37,-0.32000000000005,-0.01999999999998181,0.4,96.14964466450002,1.437,1
2020-02-29T00:16:00.0,0.37,-0.01999999999998181,0.13,0.41,96.14964466450002,1.437,1
2020-02-29T00:17:00.0,0.21,0.01,0.25,0.43,96.230140162,1.437,1
2020-02-29T00:18:00.0,0.55,0.17,0.17,0.42,96.31060694050001,1.437,1.062
2020-02-29T00:19:00.0,0.17,-0.22000000000002728,0.13,0.44,96.4178513045,1.437,1
2020-02-29T00:20:00.0,0.47,0.01,0.17,0.42,96.498251072,1.437,1
2020-02-29T00:21:00.0,0.67,-0.18000000000006366,0.79,0.45,96.57862212050001,1.437,1
2020-02-29T00:22:00.0,0.59,0.71,-0.18000000000006366,0.45,96.68573884450001,1.437,1.062
2020-02-29T00:23:00.0,0.09,0.43,0.09,0.43,96.79280451250001,1.437,1.062
2020-02-29T00:24:00.0,0.43,-0.01999999999998181,0.05,0.46,96.819562952,1.437,1.062
2020-02-29T00:25:00.0,,,,,,,
2020-02-29T00:26:00.0,0.55,0.29,0.17,0.48,97.00678268050001,1.5,1.062
2020-02-29T00:27:00.0,0.41,-0.01999999999998181,0.05,0.5,97.033515592,1.437,1.062
2020-02-29T00:28:00.0,0.43,0.09,0.05,0.49,97.1136951805,1.437,1.062
2020-02-29T00:29:00.0,0.37,0.21,0.33,0.47,97.2205566245,1.437,1.062
2020-02-29T00:30:00.0,0.21,-0.10000000000002274,0.37,0.46,97.3273670125,1.437,1.062
2020-02-29T00:31:00.0,0.29,0.09,-0.6000000000000227,0.43,97.43412634450002,1.437,1.062
2020-02-29T00:32:00.0,0.33,-0.18000000000006366,-0.2599999999999909,0.43,97.46080820000002,1.437,1
2020-02-29T00:33:00.0,0.05,0.33,-0.01999999999998181,0.46,97.54083462050001,1.437,1.062
2020-02-29T00:34:00.0,0.21,-0.13999999999998636,-0.13999999999998636,0.44,97.64749184050001,1.437,1.062
2020-02-29T00:35:00.0,0.47,0.09,-0.2799999999999727,0.48,97.7008013045,1.437,1.062
2020-02-29T00:36:00.0,0.33,0.43,0.17,0.48,97.80738194050001,1.437,1.062
2020-02-29T00:37:00.0,0.33,0.29,-0.01999999999998181,0.45,97.86065311250002,1.437,1.062
2020-02-29T00:38:00.0,0.13,0.29,-0.2799999999999727,0.46,97.94053593800001,1.437,1.125
2020-02-29T00:39:00.0,0.47,0.47,-0.22000000000002728,0.5,98.0203900445,1.437,1.125
2020-02-29T00:40:00.0,0.43,0.09,-0.2799999999999727,0.48,98.07361016050001,1.437,1.062
2020-02-29T00:41:00.0,0.37,0.47,-0.2799999999999727,0.48,98.18001210050001,1.437,1.125
2020-02-29T00:42:00.0,0.09,-0.2799999999999727,-0.22000000000002728,0.46,98.18001210050001,1.437,1.125
2020-02-29T00:43:00.0,0.43,-0.01999999999998181,-0.36000000000001364,0.42,98.2863629845,1.437,1.062
2020-02-29T00:44:00.0,,,,,,,
2020-02-29T00:45:00.0,0.55,0.09,0.01,0.44,98.33951928050001,1.437,1.125
2020-02-29T00:46:00.0,0.13,0.33,0.01,0.42,98.33951928050001,1.437,1.125
2020-02-29T00:47:00.0,-0.01999999999998181,0.29,-0.18000000000006366,0.44,98.3926628125,1.437,1.125
2020-02-29T00:48:00.0,0.43,-0.22000000000002728,0.05,0.42,98.3926628125,1.437,1.062
2020-02-29T00:49:00.0,0.25,0.21,-0.2599999999999909,0.43,98.419229792,1.437,1.062
2020-02-29T00:50:00.0,0.37,0.41,-0.18000000000006366,0.38,98.44579358050001,1.437,1.062
2020-02-29T00:51:00.0,0.25,0.05,0.01,0.36,98.3926628125,1.437,1.062
2020-02-29T00:52:00.0,0.17,0.25,-0.22000000000002728,0.36,98.44579358050001,1.437,1.062
2020-02-29T00:53:00.0,0.09,-0.13999999999998636,-0.22000000000002728,0.36,98.49891158450001,1.437,1
2020-02-29T00:54:00.0,0.21,0.09,-0.18000000000006366,0.36,98.44579358050001,1.437,1.062
2020-02-29T00:55:00.0,0.17,-0.22000000000002728,-0.2799999999999727,0.4,98.472354178,1.437,1.062
2020-02-29T00:56:00.0,-0.06000000000005912,-0.36000000000001364,-0.32000000000005,0.4,98.49891158450001,1.437,1.062
2020-02-29T00:57:00.0,0.29,0.13,-0.01999999999998181,0.38,98.472354178,1.437,1.062
2020-02-29T00:58:00.0,0.43,-0.06000000000005912,-0.13999999999998636,0.38,98.49891158450001,1.437,1.062
2020-02-29T00:59:00.0,0.55,0.01,-0.01999999999998181,0.38,98.49891158450001,1.437,1.062
2020-02-29T01:00:00.0,0.37,0.37,-0.2799999999999727,0.38,98.44579358050001,1.437,1.187
2020-02-29T01:01:00.0,0.09,0.55,-0.32000000000005,0.3,98.44579358050001,1.437,1.25
2020-02-29T01:02:00.0,0.33,0.05,-0.5199999999999818,0.36,98.44579358050001,1.5,1.187
2020-02-29T01:03:00.0,0.25,-0.22000000000002728,-0.13999999999998636,0.37,98.5254658,1.5,1.187
2020-02-29T01:04:00.0,0.09,0.05,-0.6399999999999864,0.38,98.44579358050001,1.5,1.125
2020-02-29T01:05:00.0,0.47,-0.22000000000002728,0.05,0.4,98.49891158450001,1.437,1.187
2020-02-29T01:06:00.0,0.43,-0.5199999999999818,-0.7200000000000273,0.38,98.49891158450001,1.5,1.125
2020-02-29T01:07:00.0,0.33,-0.13999999999998636,0.25,0.4,98.472354178,1.5,1.062
2020-02-29T01:08:00.0,0.41,-0.01999999999998181,-0.32000000000005,0.44,98.44579358050001,1.5,1.062
2020-02-29T01:09:00.0,0.29,0.09,-0.7599999999999909,0.4,98.472354178,1.437,1.062
2020-02-29T01:10:00.0,0.21,0.37,-0.5199999999999818,0.37,98.44579358050001,1.5,1.062
2020-02-29T01:11:00.0,0.13,0.55,-0.13999999999998636,0.44,98.49891158450001,1.5,1.125
2020-02-29T01:12:00.0,0.25,-0.22000000000002728,-0.18000000000006366,0.44,98.44579358050001,1.437,1.062
2020-02-29T01:13:00.0,0.09,0.01,-0.01999999999998181,0.44,98.44579358050001,1.437,1.062
2020-02-29T01:14:00.0,0.43,-0.22000000000002728,-0.18000000000006366,0.44,98.44579358050001,1.5,1.062
2020-02-29T01:15:00.0,0.25,0.09,0.05,0.48,98.419229792,1.437,1.062
2020-02-29T01:16:00.0,-0.18000000000006366,0.25,0.01,0.49,98.3926628125,1.437,1.062
2020-02-29T01:17:00.0,0.21,-0.13999999999998636,0.13,0.52,98.3926628125,1.437,1
2020-02-29T01:18:00.0,0.29,-0.10000000000002274,-0.36000000000001364,0.52,98.3926628125,1.437,0.937
2020-02-29T01:19:00.0,0.33,-0.06000000000005912,-0.39999999999997726,0.5,98.33951928050001,1.437,0.937
2020-02-29T01:20:00.0,0.05,-0.01999999999998181,-0.2599999999999909,0.49,98.33951928050001,1.437,0.937
2020-02-29T01:21:00.0,0.13,0.37,-0.32000000000005,0.5,98.33951928050001,1.437,1
2020-02-29T01:22:00.0,0.37,0.55,-0.36000000000001364,0.52,98.2863629845,1.437,1.125
2020-02-29T01:23:00.0,0.17,0.21,-0.5199999999999818,0.51,98.23319392450001,1.437,1.125
2020-02-29T01:24:00.0,0.33,-0.10000000000002274,-0.6399999999999864,0.48,98.18001210050001,1.437,1.125
2020-02-29T01:25:00.0,0.05,0.13,-0.10000000000002274,0.44,98.18001210050001,1.437,1.125
2020-02-29T01:26:00.0,0.21,-0.5199999999999818,-0.39999999999997726,0.42,98.18001210050001,1.437,1
2020-02-29T01:27:00.0,-0.01999999999998181,-0.2799999999999727,-0.10000000000002274,0.36,98.2863629845,1.437,0.875
2020-02-29T01:28:00.0,,,,,,,
2020-02-29T01:29:00.0,0.13,-0.5199999999999818,-0.10000000000002274,0.4,98.33951928050001,1.375,0.937
2020-02-29T01:30:00.0,0.33,0.09,-0.39999999999997726,0.36,98.33951928050001,1.375,0.937
2020-02-29T01:31:00.0,0.33,-0.06000000000005912,-0.22000000000002728,0.36,98.33951928050001,1.375,0.937
2020-02-29T01:32:00.0,-0.01999999999998181,-0.2799999999999727,-0.06000000000005912,0.38,98.3926628125,1.375,0.937
2020-02-29T01:33:00.0,0.01,-0.10000000000002274,-0.39999999999997726,0.38,98.3926628125,1.375,0.937
2020-02-29T01:34:00.0,0.25,-0.2599999999999909,-0.36000000000001364,0.39,98.33951928050001,1.312,0.937
2020-02-29T01:35:00.0,0.05,0.09,-0.2599999999999909,0.38,98.312942728,1.312,0.937
2020-02-29T01:36:00.0,-0.01999999999998181,-0.22000000000002728,-0.5199999999999818,0.3,98.312942728,1.375,1
2020-02-29T01:37:00.0,-0.13999999999998636,-0.06000000000005912,-0.6000000000000227,0.28,98.312942728,1.375,1
2020-02-29T01:38:00.0,-0.10000000000002274,-0.5600000000000591,-0.5199999999999818,0.24,98.3926628125,1.375,0.937
2020-02-29T01:39:00.0,-0.22000000000002728,-0.2599999999999909,-0.5199999999999818,0.24,98.472354178,1.312,0.812
2020-02-29T01:40:00.0,0.01,-0.36000000000001364,-0.5600000000000591,0.23,98.49891158450001,1.312,0.812
2020-02-29T01:41:00.0,0.09,-0.36000000000001364,-0.7200000000000273,0.19,98.49891158450001,1.25,0.812
2020-02-29T01:42:00.0,-0.2599999999999909,0.09,-0.44000000000005457,0.17,98.49891158450001,1.25,0.687
2020-02-29T01:43:00.0,-0.18000000000006366,-0.7599999999999909,-0.8799999999999955,0.1,98.49891158450001,1.25,0.687
2020-02-29T01:44:00.0,-0.18000000000006366,-0.18000000000006366,-0.44000000000005457,0.06,98.49891158450001,1.25,0.625
2020-02-29T01:45:00.0,0.05,-0.36000000000001364,-0.7200000000000273,0.04,98.578564658,1.25,0.687
2020-02-29T01:46:00.0,-0.06000000000005912,-0.13999999999998636,-0.5600000000000591,0.02,98.55201682450001,1.25,0.812
2020-02-29T01:47:00.0,0.05,-0.18000000000006366,-0.8000000000000682,0,98.63165075200001,1.187,0.875
2020-02-29T01:48:00.0,-0.06000000000005912,-0.44000000000005457,-1.1599999999999682,-0.009999999999990905,98.63165075200001,1.25,0.875
2020-02-29T01:49:00.0,-0.2799999999999727,0.09,-0.36000000000001364,-0.05000000000006821,98.6581890125,1.25,0.75
2020-02-29T01:50:00.0,-0.13999999999998636,-0.39999999999997726,-1.1599999999999682,-0.09000000000003183,98.6581890125,1.25,0.812
2020-02-29T01:51:00.0,-0.10000000000002274,-0.32000000000005,-0.8000000000000682,-0.14999999999997726,98.6581890125,1.187,0.812
2020-02-29T01:52:00.0,-0.01999999999998181,-0.6000000000000227,-0.36000000000001364,-0.12000000000000455,98.7112559605,1.187,0.75
2020-02-29T01:53:00.0,0.05,0.13,-0.9600000000000364,-0.12000000000000455,98.7112559605,1.187,0.687
2020-02-29T01:54:00.0,-0.36000000000001364,-0.4800000000000182,-0.9600000000000364,-0.14999999999997726,98.684724082,1.187,0.625
2020-02-29T01:55:00.0,-0.13999999999998636,-0.44000000000005457,-0.7599999999999909,-0.17000000000007276,98.6581890125,1.125,0.687
2020-02-29T01:56:00.0,-0.13999999999998636,-0.39999999999997726,-0.7200000000000273,-0.18000000000006366,98.6581890125,1.125,0.625
2020-02-29T01:57:00.0,-0.01999999999998181,0.05,-0.7200000000000273,-0.19000000000005457,98.6051093005,1.125,0.562
2020-02-29T01:58:00.0,-0.22000000000002728,-0.36000000000001364,-0.7200000000000273,-0.21000000000003638,98.6051093005,1.062,0.562
2020-02-29T01:59:00.0,-0.01999999999998181,-0.5600000000000591,-1.2799999999999727,-0.2699999999999818,98.55201682450001,1.062,0.5
2020-02-29T02:00:00.0,-0.39999999999997726,-0.5199999999999818,-1.080000000000041,-0.2699999999999818,98.55201682450001,1.062,0.5
2020-02-29T02:01:00.0,-0.13999999999998636,-0.6399999999999864,-1.3799999999999955,-0.3100000000000591,98.6051093005,1.062,0.5
2020-02-29T02:02:00.0,-0.2599999999999909,-0.6000000000000227,-1,-0.37000000000000455,98.6051093005,1,0.437
2020-02-29T02:03:00.0,-0.5199999999999818,-0.6399999999999864,-0.9200000000000728,-0.37999999999999545,98.6581890125,1,0.5
2020-02-29T02:04:00.0,-0.2799999999999727,-0.13999999999998636,-0.7200000000000273,-0.35000000000002274,98.7112559605,1.062,0.5
2020-02-29T02:05:00.0,-0.39999999999997726,-0.39999999999997726,-0.8799999999999955,-0.36000000000001364,98.73778464800002,1,0.5
2020-02-29T02:06:00.0,-0.32000000000005,-0.32000000000005,-0.8799999999999955,-0.40999999999996817,98.7112559605,1,0.562
2020-02-29T02:07:00.0,-0.22000000000002728,-0.2599999999999909,-0.8799999999999955,-0.38999999999998636,98.7112559605,1,0.75
2020-02-29T02:08:00.0,-0.18000000000006366,-0.44000000000005457,-0.8000000000000682,-0.40999999999996817,98.55201682450001,0.937,0.937
2020-02-29T02:09:00.0,-0.06000000000005912,-0.5600000000000591,-1.1599999999999682,-0.4600000000000364,98.44579358050001,0.937,1
2020-02-29T02:10:00.0,-0.06000000000005912,-0.2599999999999909,-0.9200000000000728,-0.5099999999999909,98.3926628125,0.937,0.937
2020-02-29T02:11:00.0,-0.22000000000002728,-0.6800000000000637,-1.3799999999999955,-0.57000000000005,98.49891158450001,1,0.75
2020-02-29T02:12:00.0,-0.4800000000000182,-0.8799999999999955,-1.2799999999999727,-0.6299999999999955,98.55201682450001,1,0.562
2020-02-29T02:13:00.0,-0.44000000000005457,-0.6000000000000227,-1.4200000000000728,-0.5900000000000318,98.6581890125,0.937,0.562
2020-02-29T02:14:00.0,-0.13999999999998636,-0.22000000000002728,-1.0400000000000773,-0.6299999999999955,98.6581890125,0.937,0.687
2020-02-29T02:15:00.0,-0.44000000000005457,-0.32000000000005,-0.9600000000000364,-0.6399999999999864,98.6581890125,0.937,0.687
2020-02-29T02:16:00.0,-0.22000000000002728,-1,-1.2000000000000455,-0.6499999999999773,98.7112559605,0.937,0.625
2020-02-29T02:17:00.0,-0.2599999999999909,-0.9600000000000364,-0.8799999999999955,-0.6200000000000045,98.73778464800002,0.937,0.625
2020-02-29T02:18:00.0,-0.5600000000000591,-0.2599999999999909,-0.8799999999999955,-0.6100000000000136,98.6051093005,0.875,0.687
2020-02-29T02:19:00.0,,,,,,,
2020-02-29T02:20:00.0,-0.18000000000006366,-0.39999999999997726,-1.0400000000000773,-0.6499999999999773,98.3926628125,0.875,0.687
2020-02-29T02:21:00.0,-0.13999999999998636,-0.7599999999999909,-1.1599999999999682,-0.7300000000000182,98.2863629845,0.937,0.625
2020-02-29T02:22:00.0,-0.5199999999999818,-1,-1.080000000000041,-0.7799999999999727,98.25978005000002,0.937,0.562
2020-02-29T02:23:00.0,,,,,,,
2020-02-29T02:24:00.0,,,,,,,
2020-02-29T02:25:00.0,-0.18000000000006366,-0.9600000000000364,-1.2799999999999727,-0.8100000000000591,98.419229792,0.875,0.312
2020-02-29T02:26:00.0,-0.18000000000006366,-1.240000000000009,-1.2799999999999727,-0.8700000000000045,98.36609264200001,0.875,0.375
2020-02-29T02:27:00.0,-0.5199999999999818,-0.7599999999999909,-1.7799999999999727,-0.8999999999999773,98.33951928050001,0.875,0.437
2020-02-29T02:28:00.0,-0.6399999999999864,-0.4800000000000182,-1.1599999999999682,-0.9099999999999682,98.6051093005,0.875,0.375
2020-02-29T02:29:00.0,-0.6399999999999864,-0.9200000000000728,-1.580000000000041,-0.9500000000000455,98.7112559605,0.875,0.312
2020-02-29T02:30:00.0,-0.4800000000000182,-1.3400000000000318,-1.240000000000009,-0.9900000000000091,98.87038022050001,0.875,0.312
2020-02-29T02:31:00.0,-0.39999999999997726,-0.6399999999999864,-1.9800000000000182,-0.9900000000000091,98.9763992405,0.812,0.125
2020-02-29T02:32:00.0,-0.9600000000000364,-1.3400000000000318,-1.7799999999999727,-1.1000000000000227,99.0823672045,0.812,0.062
2020-02-29T02:33:00.0,-0.4800000000000182,-1.2000000000000455,-1.5,-1.07000000000005,99.161809672,0.812,-0.062
2020-02-29T02:34:00.0,-0.6000000000000227,-1.9400000000000546,-1.7799999999999727,-1.080000000000041,99.267688288,0.812,-0.062
2020-02-29T02:35:00.0,-0.4800000000000182,-1.5,-1.7000000000000455,-1.1299999999999955,99.3470637445,0.75,-0.062
2020-02-29T02:36:00.0,-0.7599999999999909,-1.1599999999999682,-1.7000000000000455,-1.1700000000000728,99.3470637445,0.75,-0.125
2020-02-29T02:37:00.0,-0.8400000000000318,-1.4600000000000364,-1.8600000000000136,-1.1700000000000728,99.3999647605,0.75,-0.125
2020-02-29T02:38:00.0,-0.8400000000000318,-1.3400000000000318,-1.740000000000009,-1.2100000000000364,99.45285301250001,0.687,-0.312
2020-02-29T02:39:00.0,-1.0400000000000773,-1.5400000000000773,-1.8600000000000136,-1.25,99.45285301250001,0.625,-0.5
2020-02-29T02:40:00.0,-1.4600000000000364,-1.740000000000009,-1.9400000000000546,-1.25,99.45285301250001,0.625,-0.562
2020-02-29T02:41:00.0,-1.3400000000000318,-1.7000000000000455,-1.82000000000005,-1.2699999999999818,99.45285301250001,0.562,-0.562
2020-02-29T02:42:00.0,-1.32000000000005,-1.3400000000000318,-1.7799999999999727,-1.25,99.42641048200001,0.5,-0.25
2020-02-29T02:43:00.0,-1.3400000000000318,-1.9400000000000546,-1.5,-1.25,99.45285301250001,0.5,-0.25
2020-02-29T02:44:00.0,-1.2000000000000455,-1.740000000000009,-1.8600000000000136,-1.2900000000000773,99.45285301250001,0.5,-0.187
2020-02-29T02:45:00.0,-1.5,-1.3400000000000318,-1.9800000000000182,-1.330000000000041,99.42641048200001,0.5,-0.25
2020-02-29T02:46:00.0,-1.740000000000009,-1.8999999999999773,-2.1000000000000227,-1.3100000000000591,99.45285301250001,0.5,-0.25
2020-02-29T02:47:00.0,,,,,,,
2020-02-29T02:48:00.0,,,,,,,
2020-02-29T02:49:00.0,,,,,,,
2020-02-29T02:50:00.0,-1.82000000000005,-1.8999999999999773,-1.7000000000000455,-1.3999999999999773,99.45285301250001,0.437,-0.312
2020-02-29T02:51:00.0,-2.019999999999982,-1.8999999999999773,-2.019999999999982,-1.4500000000000455,99.45285301250001,0.375,-0.312
2020-02-29T02:52:00.0,-1.8600000000000136,-2.1399999999999864,-2.1000000000000227,-1.4500000000000455,99.479292352,0.375,-0.375
2020-02-29T02:53:00.0,-1.7799999999999727,-1.740000000000009,-2.300000000000068,-1.5,99.50572850050001,0.437,-0.437
2020-02-29T02:54:00.0,-1.9400000000000546,-2.019999999999982,-1.5,-1.580000000000041,99.53216145800002,0.375,-0.375
2020-02-29T02:55:00.0,,,,,,,
2020-02-29T02:56:00.0,,,,,,,
2020-02-29T02:57:00.0,,,,,,,
2020-02-29T02:58:00.0,,,,,,,
2020-02-29T02:59:00.0,,,,,,,
2020-02-29T03:00:00.0,-2.2200000000000273,-2.3799999999999955,-2.060000000000059,-1.6900000000000546,98.7643101445,0.375,-0.375
2020-02-29T03:01:00.0,-2.340000000000032,-1.9400000000000546,-2.340000000000032,-1.7000000000000455,98.49891158450001,0.312,-0.437
2020-02-29T03:02:00.0,,,,,,,
2020-02-29T03:03:00.0,,,,,,,
2020-02-29T03:04:00.0,,,,,,,
2020-02-29T03:05:00.0,-2.259999999999991,-2.1399999999999864,-2.4200000000000728,-1.6700000000000728,98.92339611250001,0.312,-0.25
2020-02-29T03:06:00.0,-2.1399999999999864,-2.4200000000000728,-1.9800000000000182,-1.6900000000000546,98.9763992405,0.25,-0.187
2020-02-29T03:07:00.0,-1.9800000000000182,-1.82000000000005,-1.9800000000000182,-1.6499999999999773,99.1353320405,0.25,-0.187
2020-02-29T03:08:00.0,-2.060000000000059,-2.019999999999982,-2.2200000000000273,-1.6499999999999773,99.2412234205,0.25,-0.25
2020-02-29T03:09:00.0,-1.740000000000009,-1.9400000000000546,-1.9800000000000182,-1.5900000000000318,99.32060845000001,0.312,-0.187
2020-02-29T03:10:00.0,-1.7000000000000455,-1,-1.7799999999999727,-1.5500000000000682,99.3999647605,0.312,-0.062
2020-02-29T03:11:00.0,-1.5,-1.5400000000000773,-1.5,-1.509999999999991,99.3470637445,0.25,-0.062
2020-02-29T03:12:00.0,-1.6599999999999682,-1,-1.5400000000000773,-1.3899999999999864,99.3470637445,0.25,0
2020-02-29T03:13:00.0,-1.32000000000005,-0.6000000000000227,-1.4200000000000728,-1.3100000000000591,99.29414996450001,0.25,0.125
2020-02-29T03:14:00.0,-1.4200000000000728,-0.9200000000000728,-1.4600000000000364,-1.2300000000000182,99.1882841125,0.312,0.187
2020-02-29T03:15:00.0,-1.3400000000000318,-1,-1.5,-1.1499999999999773,99.05588,0.312,0.25
2020-02-29T03:16:00.0,-1.240000000000009,-1.080000000000041,-1.2799999999999727,-1.1000000000000227,98.92339611250001,0.312,0.375
2020-02-29T03:17:00.0,-1.1599999999999682,-0.8799999999999955,-1.5,-1.0299999999999727,98.7112559605,0.375,0.5
2020-02-29T03:18:00.0,-1.2000000000000455,-1,-1.82000000000005,-1.009999999999991,98.472354178,0.375,0.562
2020-02-29T03:19:00.0,-1.240000000000009,-1.2000000000000455,-1.82000000000005,-1.07000000000005,98.2863629845,0.437,0.562
2020-02-29T03:20:00.0,-1.7000000000000455,-1.4200000000000728,-1.82000000000005,-1.07000000000005,98.23319392450001,0.437,0.5
2020-02-29T03:21:00.0,-1.3799999999999955,-1.240000000000009,-1.7799999999999727,-1.0900000000000318,98.153416402,0.437,0.5
2020-02-29T03:22:00.0,-1,-1.1200000000000045,-2.1000000000000227,-1.1499999999999773,98.100215432,0.5,0.375
2020-02-29T03:23:00.0,-1.1200000000000045,-0.8400000000000318,-1.7000000000000455,-1.1299999999999955,98.07361016050001,0.5,0.25
2020-02-29T03:24:00.0,-1.5400000000000773,-1.580000000000041,-1.740000000000009,-1.1200000000000045,98.153416402,0.5,0.187
2020-02-29T03:25:00.0,-0.9600000000000364,-1.580000000000041,-1.82000000000005,-1.2100000000000364,98.07361016050001,0.5,0.125
2020-02-29T03:26:00.0,-1.5,-1.080000000000041,-1.8600000000000136,-1.32000000000005,98.07361016050001,0.5,0.062
2020-02-29T03:27:00.0,-1.2799999999999727,-1.580000000000041,-1.7799999999999727,-1.3799999999999955,98.18001210050001,0.437,-0.062
2020-02-29T03:28:00.0,-1.2799999999999727,-1.6200000000000045,-1.7799999999999727,-1.3600000000000136,98.44579358050001,0.437,-0.062
2020-02-29T03:29:00.0,-1.240000000000009,-1.3799999999999955,-1.7000000000000455,-1.3500000000000227,98.6581890125,0.437,-0.062
2020-02-29T03:30:00.0,-1.6599999999999682,-1.2799999999999727,-1.740000000000009,-1.3700000000000045,98.7643101445,0.437,-0.062
2020-02-29T03:31:00.0,-1.1599999999999682,-1.240000000000009,-1.7000000000000455,-1.1299999999999955,98.87038022050001,0.437,0
2020-02-29T03:32:00.0,-1.080000000000041,-0.8000000000000682,-1.8999999999999773,-1.2100000000000364,98.6051093005,0.437,0
2020-02-29T03:33:00.0,-1.2000000000000455,-0.6800000000000637,-2.1800000000000637,-1.3000000000000682,98.2863629845,0.437,0
2020-02-29T03:34:00.0,-1,-0.8000000000000682,-2.1800000000000637,-1.3500000000000227,97.9937752,0.437,-0.062
2020-02-29T03:35:00.0,,,,,,,
2020-02-29T03:36:00.0,,,,,,,
2020-02-29T03:37:00.0,,,,,,,
2020-02-29T03:38:00.0,,,,,,,
2020-02-29T03:39:00.0,,,,,,,
2020-02-29T03:40:00.0,-1.7000000000000455,-1.3400000000000318,-1.6599999999999682,-1.3400000000000318,98.55201682450001,0.312,-0.062
2020-02-29T03:41:00.0,-1.4600000000000364,-2.1399999999999864,-1.82000000000005,-1.3600000000000136,98.6051093005,0.312,-0.187
2020-02-29T03:42:00.0,-1.2000000000000455,-1.3799999999999955,-1.6200000000000045,-1.2900000000000773,98.63165075200001,0.312,-0.25
2020-02-29T03:43:00.0,-1.080000000000041,-1.740000000000009,-1.4600000000000364,-1.2900000000000773,98.6051093005,0.312,-0.187
2020-02-29T03:44:00.0,-1,-1.7000000000000455,-2.019999999999982,-1.259999999999991,98.6051093005,0.25,-0.25
2020-02-29T03:45:00.0,,,,,,,
2020-02-29T03:46:00.0,-1.080000000000041,-1.2000000000000455,-1.580000000000041,-1.1900000000000546,98.419229792,0.25,-0.187
2020-02-29T03:47:00.0,-0.5600000000000591,-1.6599999999999682,-1.3799999999999955,-1.1700000000000728,98.23319392450001,0.25,-0.125
2020-02-29T03:48:00.0,-1,-1.7799999999999727,-1.8600000000000136,-1.1200000000000045,98.04700169800002,0.25,-0.062
2020-02-29T03:49:00.0,-1.1599999999999682,-1.0400000000000773,-1.580000000000041,-1.1399999999999864,97.80738194050001,0.25,-0.125
2020-02-29T03:50:00.0,-1.0400000000000773,-1.6200000000000045,-1.3799999999999955,-1.1200000000000045,97.64749184050001,0.25,-0.125
2020-02-29T03:51:00.0,-1,-1.7000000000000455,-1.240000000000009,-1.0900000000000318,97.4874868645,0.25,-0.125
2020-02-29T03:52:00.0,-0.7200000000000273,-1.0400000000000773,-1.7000000000000455,-1.0400000000000773,97.30066920200001,0.25,-0.062
2020-02-29T03:53:00.0,-1.080000000000041,-1.6200000000000045,-1.82000000000005,-1.07000000000005,97.00678268050001,0.25,-0.062
2020-02-29T03:54:00.0,-1.1200000000000045,-0.9600000000000364,-1.4200000000000728,-1,96.73927806050001,0.25,-0.062
2020-02-29T03:55:00.0,-0.8400000000000318,-0.9200000000000728,-1.7000000000000455,-0.9500000000000455,96.4178513045,0.312,0.062
2020-02-29T03:56:00.0,-0.6800000000000637,-1.32000000000005,-1.4200000000000728,-0.9300000000000637,96.25696561250001,0.375,0.125
2020-02-29T03:57:00.0,-0.9200000000000728,-1.2799999999999727,-1.6200000000000045,-0.9099999999999682,96.14964466450002,0.375,0.125
2020-02-29T03:58:00.0,-1.080000000000041,-1.0400000000000773,-1.5,-0.9099999999999682,96.14964466450002,0.375,0.125
2020-02-29T03:59:00.0,-0.8000000000000682,-1.2000000000000455,-1.4200000000000728,-0.9500000000000455,96.31060694050001,0.375,0.125
2020-02-29T04:00:00.0,-0.4800000000000182,-1.1200000000000045,-1.9400000000000546,-1.0500000000000682,96.4178513045,0.437,0
2020-02-29T04:01:00.0,-0.7599999999999909,-1.580000000000041,-1.7000000000000455,-1.1100000000000136,96.6321868645,0.437,-0.062
2020-02-29T04:02:00.0,-0.7599999999999909,-1.32000000000005,-1.3799999999999955,-1.1100000000000136,97.1136951805,0.375,-0.062
2020-02-29T04:03:00.0,-0.8000000000000682,-1.2799999999999727,-1.32000000000005,-1.07000000000005,97.7008013045,0.437,-0.062
2020-02-29T04:04:00.0,-0.4800000000000182,-0.4800000000000182,-1.4200000000000728,-1.07000000000005,98.12681751250001,0.375,-0.062
2020-02-29T04:05:00.0,-0.7200000000000273,-1.1599999999999682,-1.32000000000005,-1.0500000000000682,98.44579358050001,0.375,-0.062
2020-02-29T04:06:00.0,-1.0400000000000773,-0.6399999999999864,-1.2799999999999727,-0.9900000000000091,98.684724082,0.375,-0.062
2020-02-29T04:07:00.0,-0.36000000000001364,-0.8799999999999955,-0.8400000000000318,-0.9200000000000728,98.87038022050001,0.375,0
2020-02-29T04:08:00.0,-0.6399999999999864,-0.5199999999999818,-1,-0.8100000000000591,98.87038022050001,0.375,0.062
2020-02-29T04:09:00.0,-0.22000000000002728,-0.9600000000000364,-1.4200000000000728,-0.75,98.87038022050001,0.437,0.187
2020-02-29T04:10:00.0,-0.36000000000001364,-0.2799999999999727,-0.8799999999999955,-0.7000000000000455,98.92339611250001,0.437,0.25
2020-02-29T04:11:00.0,-0.6000000000000227,-0.5600000000000591,-1.1599999999999682,-0.75,98.9763992405,0.437,0.25
2020-02-29T04:12:00.0,-0.32000000000005,-1.080000000000041,-1.1200000000000045,-0.6900000000000546,99.02938960450001,0.5,0.062
2020-02-29T04:13:00.0,-0.06000000000005912,-0.2599999999999909,-0.6000000000000227,-0.6399999999999864,99.108851218,0.5,0.125
2020-02-29T04:14:00.0,-0.13999999999998636,-0.4800000000000182,-0.5600000000000591,-0.5900000000000318,99.0823672045,0.5,0.125
2020-02-29T04:15:00.0,-0.18000000000006366,-0.5199999999999818,-0.7599999999999909,-0.5299999999999727,99.1353320405,0.5,0.187
2020-02-29T04:16:00.0,0.09,-0.39999999999997726,-0.8799999999999955,-0.4900000000000091,99.0823672045,0.562,0.187
2020-02-29T04:17:00.0,,,,,,,
2020-02-29T04:18:00.0,0.01,-0.32000000000005,-0.6000000000000227,-0.39999999999997726,98.9763992405,0.625,0.25
2020-02-29T04:19:00.0,-0.13999999999998636,-0.32000000000005,-0.6000000000000227,-0.35000000000002274,98.92339611250001,0.687,0.312
2020-02-29T04:20:00.0,-0.10000000000002274,-0.8799999999999955,-0.9600000000000364,-0.3300000000000409,98.81735156450002,0.687,0.312
2020-02-29T04:21:00.0,-0.01999999999998181,-0.01999999999998181,-0.5600000000000591,-0.2699999999999818,98.7112559605,0.687,0.25
2020-02-29T04:22:00.0,0.17,-0.01999999999998181,-0.2799999999999727,-0.22000000000002728,98.6051093005,0.687,0.375
2020-02-29T04:23:00.0,0.13,-0.2799999999999727,-0.6399999999999864,-0.15999999999996817,98.49891158450001,0.75,0.312
2020-02-29T04:24:00.0,,,,,,,
2020-02-29T04:25:00.0,0.09,0.09,-0.5600000000000591,-0.05000000000006821,98.04700169800002,0.75,0.437
2020-02-29T04:26:00.0,0.13,-0.18000000000006366,-0.6399999999999864,-0.009999999999990905,97.96715716450001,0.75,0.437
2020-02-29T04:27:00.0,0.09,-0.06000000000005912,-0.6399999999999864,-0.01999999999998181,97.91391152050001,0.812,0.437
2020-02-29T04:28:00.0,,,,,,,
2020-02-29T04:29:00.0,,,,,,,
2020-02-29T04:30:00.0,0.09,-0.36000000000001364,-0.5600000000000591,0,97.72745125,0.875,0.437
2020-02-29T04:31:00.0,0.21,-0.2599999999999909,-0.6399999999999864,0.01,97.75409800450001,0.875,0.437
2020-02-29T04:32:00.0,0.13,0.05,-0.2799999999999727,0.06,97.78074156800001,0.875,0.437
2020-02-29T04:33:00.0,0.25,-0.01999999999998181,-0.6800000000000637,0.09,97.75409800450001,0.875,0.437
2020-02-29T04:34:00.0,0.21,-0.06000000000005912,-0.36000000000001364,0.08,97.78074156800001,0.875,0.437
2020-02-29T04:35:00.0,0.43,-0.22000000000002728,-0.13999999999998636,0.14,97.72745125,0.875,0.437
2020-02-29T04:36:00.0,0.05,-0.13999999999998636,-0.2799999999999727,0.16,97.67414816800002,0.937,0.5
2020-02-29T04:37:00.0,0.37,0.21,-0.10000000000002274,0.22,97.54083462050001,0.937,0.562
2020-02-29T04:38:00.0,0.21,0.05,-0.6800000000000637,0.2,97.3273670125,0.937,0.625
2020-02-29T04:39:00.0,0.21,-0.32000000000005,-0.44000000000005457,0.16,97.38075306050001,0.937,0.625
2020-02-29T04:40:00.0,-0.06000000000005912,-0.10000000000002274,-0.5199999999999818,0.15,97.43412634450002,1,0.625
2020-02-29T04:41:00.0,0.41,-0.44000000000005457,-0.22000000000002728,0.16,97.4874868645,1,0.562
2020-02-29T04:42:00.0,0.33,0.13,-0.2599999999999909,0.14,97.620832322,1,0.562
2020-02-29T04:43:00.0,0.09,0.29,-0.32000000000005,0.16,97.72745125,1,0.562
2020-02-29T04:44:00.0,0.63,-0.06000000000005912,-0.5199999999999818,0.15,97.75409800450001,1,0.562
2020-02-29T04:45:00.0,0.17,0.17,-0.18000000000006366,0.12,97.75409800450001,1,0.625
2020-02-29T04:46:00.0,0.29,0.17,-0.01999999999998181,0.13,97.86065311250002,1,0.625
2020-02-29T04:47:00.0,0.41,-0.36000000000001364,-0.4800000000000182,0.14,97.96715716450001,1,0.5
2020-02-29T04:48:00.0,0.37,0.37,-0.2599999999999909,0.12,98.0203900445,1,0.437
2020-02-29T04:49:00.0,0.09,0.09,-0.44000000000005457,0.13,98.153416402,1,0.437
2020-02-29T04:50:00.0,0.33,-0.06000000000005912,-0.10000000000002274,0.11,98.23319392450001,1,0.5
2020-02-29T04:51:00.0,0.21,0.17,-0.4800000000000182,0.14,98.23319392450001,1,0.562
2020-02-29T04:52:00.0,0.55,0.43,-0.18000000000006366,0.14,98.25978005000002,1.062,0.562
2020-02-29T04:53:00.0,0.13,-0.22000000000002728,-0.5600000000000591,0.18,98.23319392450001,1.062,0.625
2020-02-29T04:54:00.0,0.43,0.05,0.01,0.2,98.18001210050001,1.062,0.625
2020-02-29T04:55:00.0,0.41,-0.10000000000002274,0.01,0.22,98.153416402,1.062,0.687
2020-02-29T04:56:00.0,0.05,-0.13999999999998636,-0.32000000000005,0.22,98.12681751250001,1.062,0.687
2020-02-29T04:57:00.0,0.33,0.09,-0.32000000000005,0.26,98.12681751250001,1.062,0.687
2020-02-29T04:58:00.0,0.29,0.01,-0.2799999999999727,0.29,98.12681751250001,1.125,0.687
2020-02-29T04:59:00.0,0.79,-0.2799999999999727,-0.18000000000006366,0.32,98.07361016050001,1.125,0.687
2020-02-29T05:00:00.0,0.21,0.21,-0.18000000000006366,0.28,98.04700169800002,1.125,0.625
2020-02-29T05:01:00.0,0.67,0.09,0.43,0.35,97.86065311250002,1.125,0.75
2020-02-29T05:02:00.0,,,,,,,
2020-02-29T05:03:00.0,0.43,-0.32000000000005,-0.2799999999999727,0.38,97.620832322,1.125,0.812
2020-02-29T05:04:00.0,0.55,-0.2599999999999909,-0.2599999999999909,0.37,97.620832322,1.187,0.812
2020-02-29T05:05:00.0,0.51,-0.2599999999999909,0.17,0.39,97.64749184050001,1.187,0.812
2020-02-29T05:06:00.0,0.67,0.01,-0.01999999999998181,0.39,97.64749184050001,1.187,0.75
2020-02-29T05:07:00.0,0.37,0.29,0.17,0.4,97.64749184050001,1.187,0.687
2020-02-29T05:08:00.0,0.41,0.59,-0.06000000000005912,0.42,97.4874868645,1.187,0.75
2020-02-29T05:09:00.0,0.55,0.01,0.21,0.44,97.27396820050001,1.25,0.875
2020-02-29T05:10:00.0,0.75,0.01,0.01,0.46,96.819562952,1.187,0.875
2020-02-29T05:11:00.0,0.43,0.21,0.09,0.5,96.57862212050001,1.25,0.937
2020-02-29T05:12:00.0,0.29,-0.01999999999998181,0.05,0.44,96.5250446125,1.25,0.937
2020-02-29T05:13:00.0,0.55,0.43,-0.06000000000005912,0.47,96.31060694050001,1.25,0.937
2020-02-29T05:14:00.0,0.55,0.17,-0.4800000000000182,0.44,96.31060694050001,1.25,1
2020-02-29T05:15:00.0,0.41,0.33,0.25,0.4,96.4178513045,1.25,0.937
2020-02-29T05:16:00.0,0.41,0.13,-0.18000000000006366,0.41,96.55183496200002,1.312,1
2020-02-29T05:17:00.0,0.63,0.05,-0.18000000000006366,0.42,96.55183496200002,1.312,0.937
2020-02-29T05:18:00.0,0.67,0.33,0.13,0.44,96.31060694050001,1.312,1
2020-02-29T05:19:00.0,0.55,-0.13999999999998636,-0.22000000000002728,0.46,96.337422818,1.312,1.062
2020-02-29T05:20:00.0,0.47,-0.2599999999999909,-0.10000000000002274,0.45,96.6321868645,1.312,1
2020-02-29T05:21:00.0,0.79,0.37,0.05,0.45,96.8998191245,1.312,0.937
2020-02-29T05:22:00.0,0.59,0.41,0.09,0.47,97.033515592,1.312,0.875
2020-02-29T05:23:00.0,0.97,0.01,-0.2799999999999727,0.42,97.06024531250002,1.312,0.937
2020-02-29T05:24:00.0,0.63,0.05,0.41,0.46,96.79280451250001,1.312,1
2020-02-29T05:25:00.0,0.47,0.21,-0.01999999999998181,0.52,96.55183496200002,1.312,1.062
2020-02-29T05:26:00.0,0.67,0.17,-0.22000000000002728,0.49,96.4178513045,1.375,1.062
2020-02-29T05:27:00.0,0.51,-0.06000000000005912,-0.13999999999998636,0.52,96.498251072,1.375,1.062
2020-02-29T05:28:00.0,0.29,-0.18000000000006366,-0.18000000000006366,0.54,96.5250446125,1.375,1
2020-02-29T05:29:00.0,0.63,0.29,-0.01999999999998181,0.55,96.6321868645,1.375,1
2020-02-29T05:30:00.0,0.71,0.37,-0.2599999999999909,0.53,96.712510048,1.375,1.062
2020-02-29T05:31:00.0,0.75,0.05,-0.2799999999999727,0.54,96.84631820050001,1.375,1
2020-02-29T05:32:00.0,0.55,0.47,-0.5199999999999818,0.52,96.98004657800001,1.375,1
2020-02-29T05:33:00.0,0.51,0.13,0.09,0.52,96.84631820050001,1.375,1
2020-02-29T05:34:00.0,0.87,0.33,-0.01999999999998181,0.52,96.87307025800001,1.375,1
2020-02-29T05:35:00.0,0.47,0.37,0.09,0.52,96.95330728450001,1.375,1
2020-02-29T05:36:00.0,1.05,0.25,0.01,0.53,97.27396820050001,1.437,1
2020-02-29T05:37:00.0,0.91,0.41,0.05,0.54,97.27396820050001,1.437,1
2020-02-29T05:38:00.0,0.43,0.33,0.37,0.56,97.43412634450002,1.437,0.937
2020-02-29T05:39:00.0,0.79,0.01,0.05,0.57,97.4874868645,1.375,1
2020-02-29T05:40:00.0,0.63,-0.22000000000002728,0.01,0.59,97.59416961250001,1.437,0.937
2020-02-29T05:41:00.0,0.83,0.43,0.55,0.59,97.75409800450001,1.437,0.937
2020-02-29T05:42:00.0,0.63,0.47,-0.13999999999998636,0.6,97.83401912200002,1.437,0.937
2020-02-29T05:43:00.0,0.67,0.41,0.29,0.58,97.86065311250002,1.437,0.937
2020-02-29T05:44:00.0,0.71,0.33,-0.01999999999998181,0.65,97.06024531250002,1.437,1.062
2020-02-29T05:45:00.0,1.05,0.63,0.25,0.7,96.4178513045,1.437,1.187
2020-02-29T05:46:00.0,0.59,0.55,-0.36000000000001364,0.72,96.73927806050001,1.437,1.125
2020-02-29T05:47:00.0,,,,,,,
2020-02-29T05:48:00.0,,,,,,,
2020-02-29T05:49:00.0,,,,,,,
2020-02-29T05:50:00.0,0.83,0.17,0.01,0.76,97.38075306050001,1.5,1.062
2020-02-29T05:51:00.0,0.83,0.41,0.41,0.77,97.38075306050001,1.5,1.125
2020-02-29T05:52:00.0,0.95,0.43,0.09,0.78,97.46080820000002,1.5,1.062
2020-02-29T05:53:00.0,0.59,0.55,0.29,0.76,97.567503712,1.5,1
2020-02-29T05:54:00.0,0.95,0.75,0.25,0.79,97.54083462050001,1.5,1.062
2020-02-29T05:55:00.0,0.71,0.71,0.29,0.81,97.27396820050001,1.5,1.125
2020-02-29T05:56:00.0,1.21,0.33,0.59,0.86,97.27396820050001,1.562,1.125
2020-02-29T05:57:00.0,0.43,0.37,0.25,0.86,97.30066920200001,1.562,1.125
2020-02-29T05:58:00.0,,,,,,,
2020-02-29T05:59:00.0,0.87,0.25,0.01,0.9,97.16713228450001,1.562,1.125
2020-02-29T06:00:00.0,1.05,0.75,-0.01999999999998181,0.87,96.95330728450001,1.562,1.125
2020-02-29T06:01:00.0,0.83,0.67,0.51,0.9,96.5250446125,1.562,1.187
2020-02-29T06:02:00.0,0.95,0.75,0.41,0.92,96.60540608800001,1.625,1.25
2020-02-29T06:03:00.0,0.71,0.55,0.29,0.98,96.60540608800001,1.625,1.25
2020-02-29T06:04:00.0,0.75,0.29,-0.01999999999998181,0.9,96.60540608800001,1.625,1.25
2020-02-29T06:05:00.0,0.55,0.51,0.41,0.96,96.79280451250001,1.625,1.187
2020-02-29T06:06:00.0,1.21,0.59,0.05,1.03,96.12280645,1.687,1.25
2020-02-29T06:07:00.0,1.05,0.01,0.47,1.21,95.34311014450002,1.687,1.312
2020-02-29T06:08:00.0,1.05,0.67,0.47,1.44,94.64179051250001,1.687,1.312
2020-02-29T06:09:00.0,0.91,0.71,0.33,1.7,93.8298951125,1.687,1.312
2020-02-29T06:10:00.0,1.29,0.59,0.25,1.94,92.87905405000001,1.687,1.312
2020-02-29T06:11:00.0,1.43,0.87,0.05,2.15,91.48654492450001,1.75,1.375
2020-02-29T06:12:00.0,1.13,0.71,0.21,2.36,90.69102445000001,1.75,1.375
2020-02-29T06:13:00.0,1.41,0.63,0.25,2.46,90.30601959200001,1.812,1.375
2020-02-29T06:14:00.0,1.41,0.63,0.59,2.55,88.6766273005,1.812,1.375
2020-02-29T06:15:00.0,1.67,0.41,0.55,2.7,87.00822632050001,1.875,1.375
2020-02-29T06:16:00.0,1.59,0.67,0.21,2.83,86.8407544045,1.812,1.562
2020-02-29T06:17:00.0,1.29,0.71,0.25,2.92,87.1198104445,1.875,1.437
2020-02-29T06:18:00.0,1.37,0.41,-0.06000000000005912,3.02,85.7213392445,1.875,1.437
2020-02-29T06:19:00.0,1.33,0.83,0.59,3.12,84.93471080050001,1.937,1.5
2020-02-29T06:20:00.0,1.51,1.43,0.67,3.3,85.075363648,2,1.5
2020-02-29T06:21:00.0,1.75,1.05,0.43,3.46,84.42770001250001,2,1.437
2020-02-29T06:22:00.0,1.55,0.91,0.33,3.56,84.06088256800001,2,1.5
2020-02-29T06:23:00.0,1.51,1.05,0.33,3.62,82.7869656205,2,1.5
2020-02-29T06:24:00.0,1.25,0.79,0.25,3.7,82.38931802050001,2.062,1.562
2020-02-29T06:25:00.0,1.89,0.83,0.63,3.86,82.0479794245,-0.062,1.562
2020-02-29T06:26:00.0,1.97,0.59,0.33,3.92,82.0195138,2.125,1.5
2020-02-29T06:27:00.0,1.83,0.75,0.55,4.08,80.93545553800001,2.187,1.5
2020-02-29T06:28:00.0,1.83,0.87,0.83,4.14,80.47763144200002,2.187,1.5
2020-02-29T06:29:00.0,1.89,0.59,0.51,4.27,80.3343938845,2.25,1.5
2020-02-29T06:30:00.0,1.89,0.79,0.91,4.39,79.5882726125,2.312,1.562
2020-02-29T06:31:00.0,1.83,1.09,0.41,4.38,79.5882726125,2.312,1.562
2020-02-29T06:32:00.0,1.97,1.41,0.75,4.36,80.2197464005,2.375,1.5
2020-02-29T06:33:00.0,2.13,1.55,0.79,4.44,80.3343938845,2.437,1.437
2020-02-29T06:34:00.0,1.89,1.17,0.25,4.42,79.73192500000002,2.5,1.437
2020-02-29T06:35:00.0,1.93,0.47,0.51,4.16,80.62078922450002,2.5,1.437
2020-02-29T06:36:00.0,1.83,0.75,0.21,3.81,82.1049011005,2.562,1.375
2020-02-29T06:37:00.0,1.51,0.95,0.67,3.21,83.41057678450001,2.5,1.312
2020-02-29T06:38:00.0,1.37,-1,0.29,2.75,85.917605458,2.437,1.312
2020-02-29T06:39:00.0,1.43,0.01,0.29,2.51,87.760428352,2.437,1.312
2020-02-29T06:40:00.0,1.25,-0.10000000000002274,0.71,2.54,89.06426792450002,2.375,1.25
2020-02-29T06:41:00.0,1.83,-0.10000000000002274,0.51,3.02,88.5103041445,2.375,1.25
2020-02-29T06:42:00.0,1.85,0.25,0.33,3.24,87.3428255245,2.437,1.312
2020-02-29T06:43:00.0,1.71,-0.13999999999998636,0.55,3.32,86.67316761250001,2.562,1.375
2020-02-29T06:44:00.0,2.09,-0.01999999999998181,0.51,3.22,86.2816850245,2.625,1.375
2020-02-29T06:45:00.0,1.97,0.41,0.87,3.2,86.6172798205,2.687,1.375
2020-02-29T06:46:00.0,2.35,0.05,0.59,3.08,86.4495398605,2.75,1.5
2020-02-29T06:47:00.0,2.17,-0.2799999999999727,0.79,2.94,86.67316761250001,2.812,1.562
2020-02-29T06:48:00.0,2.09,-0.2599999999999909,0.75,2.8,87.56563638050001,2.875,1.562
2020-02-29T06:49:00.0,1.93,0.09,0.67,2.69,88.34386611250001,2.812,1.562
2020-02-29T06:50:00.0,1.59,-0.32000000000005,0.63,2.43,89.25785369800002,2.75,1.437
2020-02-29T06:51:00.0,1.43,-0.06000000000005912,0.79,2.3,89.920389298,2.687,1.437
2020-02-29T06:52:00.0,1.43,-0.01999999999998181,0.51,2.19,90.69102445000001,2.625,1.437
2020-02-29T06:53:00.0,1.55,0.33,1.05,2.41,90.82837461250001,2.562,1.437
2020-02-29T06:54:00.0,1.85,-0.39999999999997726,0.95,2.68,90.25096784200001,2.625,1.5
2020-02-29T06:55:00.0,1.89,-0.01999999999998181,0.79,2.69,89.7273396125,2.687,1.5
2020-02-29T06:56:00.0,1.85,-0.01999999999998181,1.01,2.56,89.754927712,2.75,1.437
2020-02-29T06:57:00.0,1.37,0.17,0.75,2.38,90.22343718050001,2.687,1.437
2020-02-29T06:58:00.0,1.75,0.33,0.97,2.24,90.93819730450001,2.687,1.437
2020-02-29T06:59:00.0,1.41,-0.4800000000000182,0.63,2.24,91.5413094845,2.562,1.375
2020-02-29T07:00:00.0,1.33,0.51,0.67,2.18,91.76024008450001,2.562,1.437
2020-02-29T07:01:00.0,1.59,-0.10000000000002274,0.71,2.24,91.92430401250002,2.5,1.437
2020-02-29T07:02:00.0,1.13,-0.18000000000006366,0.75,2.28,91.89696800200001,2.5,1.437
2020-02-29T07:03:00.0,1.55,0.41,0.41,2.28,92.08825306450001,2.437,1.437
2020-02-29T07:04:00.0,1.55,-0.32000000000005,1.01,2.32,92.03361614450002,2.437,1.437
2020-02-29T19:05:00.0,2.77,2.27,3.23,3.28,93.93831376450001,3.75,2.75
2020-02-29T19:06:00.0,2.81,1.93,3.11,3.22,93.9925039445,3.75,2.75
2020-02-29T19:07:00.0,2.81,2.01,2.95,3.24,93.9925039445,3.75,2.75
2020-02-29T19:08:00.0,2.69,2.27,3.25,3.2,93.93831376450001,3.75,2.687
2020-02-29T19:09:00.0,2.65,2.43,3.03,3.22,93.911213888,3.75,2.687
2020-02-29T19:10:00.0,2.25,2.09,3.15,3.2,93.93831376450001,3.812,2.687
2020-02-29T19:11:00.0,2.81,2.09,3.07,3.2,93.93831376450001,3.812,2.625
2020-02-29T19:12:00.0,2.81,2.27,3.29,3.2,93.93831376450001,3.812,2.625
2020-02-29T19:13:00.0,2.59,2.31,3.07,3.18,93.88411082050001,3.812,2.687
2020-02-29T19:14:00.0,2.65,2.51,3.33,3.18,93.88411082050001,3.875,2.687
2020-02-29T19:15:00.0,2.51,2.77,3.03,3.16,93.911213888,3.875,2.687
2020-02-29T19:16:00.0,2.51,2.35,3.19,3.15,93.93831376450001,3.875,2.625
2020-02-29T19:17:00.0,2.65,2.39,2.59,3.12,93.93831376450001,3.875,2.625
2020-02-29T19:18:00.0,2.47,2.31,2.89,3.1,93.96541045000001,3.875,2.562
2020-02-29T19:19:00.0,2.43,2.95,3.11,3.1,93.93831376450001,3.875,2.562
2020-02-29T19:20:00.0,2.43,2.35,3.23,3.12,93.911213888,3.875,2.625
2020-02-29T19:21:00.0,,,,,,,
2020-02-29T19:22:00.0,2.27,2.17,2.73,3.14,93.8298951125,3.937,2.625
2020-02-29T19:23:00.0,2.51,2.47,2.51,3.13,93.8298951125,3.937,2.687
2020-02-29T19:24:00.0,2.65,2.47,2.91,3.14,93.7756666405,4,2.687
2020-02-29T19:25:00.0,,,,,,,
2020-02-29T19:26:00.0,,,,,,,
2020-02-29T19:27:00.0,,,,,,,
2020-02-29T19:28:00.0,,,,,,,
2020-02-29T19:29:00.0,,,,,,,
2020-02-29T19:30:00.0,2.77,2.27,3.23,3.22,93.6129046405,4,3
2020-02-29T19:31:00.0,2.95,2.65,2.73,3.24,93.64003961800002,4,2.937
2020-02-29T19:32:00.0,2.65,2.43,3.07,3.22,93.585766472,4,3
2020-02-29T19:33:00.0,2.77,2.47,3.15,3.21,93.585766472,4,2.937
2020-02-29T19:34:00.0,,,,,,,
2020-02-29T19:35:00.0,2.51,2.61,2.89,3.2,93.6129046405,4,2.875
2020-02-29T19:36:00.0,2.61,2.65,3.03,3.18,93.6129046405,4,2.875
2020-02-29T19:37:00.0,2.73,2.17,2.73,3.18,93.585766472,4,2.875
2020-02-29T19:38:00.0,2.73,2.39,3.03,3.16,93.6129046405,4,2.875
2020-02-29T19:39:00.0,2.73,2.47,3.07,3.17,93.6129046405,4,2.812
2020-02-29T19:40:00.0,2.65,2.39,2.91,3.14,93.64003961800002,4.062,2.812
2020-02-29T19:41:00.0,2.73,2.31,2.59,3.12,93.6129046405,4,2.687
2020-02-29T19:42:00.0,2.89,2.09,3.15,3.14,93.6129046405,4,2.687
2020-02-29T19:43:00.0,2.47,2.59,3.15,3.16,93.585766472,4.062,2.687
2020-02-29T19:44:00.0,2.35,2.39,3.03,3.18,93.55862511250001,4.125,2.625
2020-02-29T19:45:00.0,2.47,2.55,2.89,3.13,93.55862511250001,4.125,2.625
2020-02-29T19:46:00.0,2.51,2.25,2.91,3.16,93.5043328205,4.125,2.625
2020-02-29T19:47:00.0,2.47,2.51,3.15,3.17,93.477181888,4.187,2.625
2020-02-29T19:48:00.0,2.85,2.69,3.03,3.24,93.3957099445,4.187,2.687
2020-02-29T19:49:00.0,2.35,2.25,3.29,3.32,93.3957099445,4.25,2.75
2020-02-29T19:50:00.0,2.69,2.95,3.23,3.32,93.34137936050001,4.25,2.812
2020-02-29T19:51:00.0,2.69,2.39,3.11,3.38,93.34137936050001,4.312,2.937
2020-02-29T19:52:00.0,2.47,2.13,3.11,3.37,93.3957099445,4.312,3.062
2020-02-29T19:53:00.0,2.95,2.47,3.19,3.36,93.4500277645,4.312,3.062
2020-02-29T19:54:00.0,2.77,2.55,2.89,3.36,93.477181888,4.312,3.062
2020-02-29T19:55:00.0,2.55,2.35,3.25,3.35,93.6129046405,4.312,3.187
2020-02-29T19:56:00.0,2.61,1.93,3.03,3.27,93.8298951125,4.312,3.125
2020-02-29T19:57:00.0,2.47,2.35,2.69,3.27,94.07376528200001,4.312,3.062
2020-02-29T19:58:00.0,2.77,2.25,3.23,3.26,94.20913702450001,4.25,3
2020-02-29T19:59:00.0,2.91,2.17,3.19,3.24,94.26326338450001,4.25,3
2020-02-29T20:00:00.0,2.77,2.47,2.91,3.29,94.3173769805,4.25,3.062
2020-02-29T20:01:00.0,2.59,2.13,2.99,3.24,94.47964118450001,4.187,3
2020-02-29T20:02:00.0,2.61,2.51,3.07,3.19,94.58775350050001,4.187,3
2020-02-29T20:03:00.0,2.89,2.27,3.11,3.25,94.3173769805,4.187,3
2020-02-29T20:04:00.0,2.65,2.51,3.15,3.23,94.07376528200001,4.125,3.062
2020-02-29T20:05:00.0,2.25,2.39,3.15,3.2,93.93831376450001,4.125,3
2020-02-29T20:06:00.0,2.55,2.43,2.89,3.2,93.8298951125,4.125,3
2020-02-29T20:07:00.0,2.61,2.47,3.07,3.22,93.66717140450001,4.125,3
2020-02-29T20:08:00.0,2.77,2.47,3.07,3.26,93.6129046405,4.062,3.062
2020-02-29T20:09:00.0,2.73,2.55,3.15,3.24,93.55862511250001,4.062,3.062
2020-02-29T20:10:00.0,2.89,2.43,3.23,3.26,93.4500277645,4.062,3.062
2020-02-29T20:11:00.0,2.69,2.61,2.91,3.26,93.3957099445,4.062,3
2020-02-29T20:12:00.0,2.59,2.27,2.95,3.27,93.28703601250001,4.062,3.062
2020-02-29T20:13:00.0,2.69,2.59,2.89,3.27,93.23267990050002,4.062,3.062
2020-02-29T20:14:00.0,2.77,2.43,3.25,3.28,93.23267990050002,4.062,3.062
2020-02-29T20:15:00.0,2.65,2.55,2.65,3.28,93.1239293845,4.062,3.062
2020-02-29T20:16:00.0,2.55,2.51,3.45,3.3,93.06953498050001,4.125,3.125
2020-02-29T20:17:00.0,2.65,2.51,2.95,3.3,93.06953498050001,4.125,3.187
2020-02-29T20:18:00.0,2.65,2.31,3.11,3.26,93.0151278125,4.125,3.125
2020-02-29T20:19:00.0,2.73,2.61,3.07,3.29,92.96070788050001,4.187,3.187
2020-02-29T20:20:00.0,2.59,2.17,2.99,3.26,92.93349312800001,4.187,3.125
2020-02-29T20:21:00.0,2.77,2.47,2.99,3.21,92.987919442,4.187,3.062
2020-02-29T20:22:00.0,2.39,2.27,2.65,3.1,93.0151278125,4.25,2.937
2020-02-29T20:23:00.0,2.39,2.09,2.85,3.04,92.987919442,4.25,2.812
2020-02-29T20:24:00.0,,,,,,,
2020-02-29T20:25:00.0,2.31,2.51,2.61,3,92.9062751845,4.25,2.687
2020-02-29T20:26:00.0,2.55,2.61,2.89,3.02,92.8518297245,4.312,2.687
2020-02-29T20:27:00.0,2.73,2.25,2.95,3.04,92.8518297245,4.312,2.75
2020-02-29T20:28:00.0,2.27,2.05,3.07,3.04,92.7973715005,4.312,2.75
2020-02-29T20:29:00.0,2.69,2.61,3.03,3.06,92.770137602,4.312,2.812
2020-02-29T20:30:00.0,2.51,2.17,2.89,3.07,92.74290051250001,4.312,2.812
2020-02-29T20:31:00.0,2.59,2.35,3.03,3.06,92.74290051250001,4.312,2.875
2020-02-29T20:32:00.0,2.59,2.35,3.15,3.08,92.715660232,4.312,2.875
2020-02-29T20:33:00.0,2.39,2.13,3.03,3.07,92.6884167605,4.312,2.812
2020-02-29T20:34:00.0,2.51,1.97,2.95,3.07,92.63392024450002,4.312,2.812
2020-02-29T20:35:00.0,2.43,2.17,3.15,3.14,92.63392024450002,4.312,2.812
2020-02-29T20:36:00.0,2.59,2.21,3.15,3.16,92.552151538,4.312,2.875
2020-02-29T20:37:00.0,2.81,2.73,3.25,3.18,92.52488892050002,4.375,2.875
2020-02-29T20:38:00.0,2.55,2.25,3.03,3.2,92.4703541125,4.375,3
2020-02-29T20:39:00.0,2.65,2.35,2.95,3.2,92.497623112,4.375,3
2020-02-29T20:40:00.0,2.73,2.43,2.69,3.18,92.4703541125,4.437,3
2020-02-29T20:41:00.0,2.69,2.35,2.95,3.18,92.443081922,4.437,2.937
2020-02-29T20:42:00.0,2.55,2.21,3.23,3.22,92.443081922,4.437,2.937
2020-02-29T20:43:00.0,,,,,,,
2020-02-29T20:44:00.0,2.27,1.93,3.23,3.25,92.3612462045,4.5,3
2020-02-29T20:45:00.0,2.81,2.59,3.19,3.25,92.388527968,4.5,3
2020-02-29T20:46:00.0,2.77,2.35,3.23,3.28,92.3612462045,4.562,3.062
2020-02-29T20:47:00.0,2.55,2.43,3.45,3.3,92.3612462045,4.5,3.125
2020-02-29T20:48:00.0,2.27,2.73,3.07,3.32,92.3612462045,4.562,3.125
2020-02-29T20:49:00.0,2.73,2.51,2.69,3.36,92.27938176800001,4.562,3.25
2020-02-29T20:50:00.0,2.69,2.35,3.37,3.37,92.3066731045,4.562,3.25
2020-02-29T20:51:00.0,2.59,2.27,2.91,3.32,92.27938176800001,4.562,3.312
2020-02-29T20:52:00.0,2.77,2.59,3.15,3.34,92.3066731045,4.625,3.312
2020-02-29T20:53:00.0,2.95,2.55,3.23,3.37,92.3612462045,4.625,3.312
2020-02-29T20:54:00.0,2.81,2.61,2.95,3.38,92.3612462045,4.625,3.312
2020-02-29T20:55:00.0,2.47,2.35,2.91,3.37,92.4158065405,4.625,3.312
2020-02-29T20:56:00.0,2.89,2.85,3.29,3.37,92.4158065405,4.687,3.375
2020-02-29T20:57:00.0,2.69,2.77,3.07,3.39,92.4158065405,4.687,3.437
2020-02-29T20:58:00.0,2.65,2.51,3.33,3.42,92.497623112,4.687,3.5
2020-02-29T20:59:00.0,2.65,2.51,2.99,3.42,92.52488892050002,4.625,3.5
2020-02-29T21:00:00.0,2.69,2.13,3.25,3.39,92.552151538,4.625,3.5
2020-02-29T21:01:00.0,2.81,2.43,2.91,3.4,92.5794109645,4.687,3.437
2020-02-29T21:02:00.0,2.65,2.25,3.37,3.4,92.6066672,4.687,3.5
2020-02-29T21:03:00.0,2.69,2.21,3.45,3.42,92.63392024450002,4.625,3.5
2020-02-29T21:04:00.0,2.91,2.39,3.55,3.48,92.6066672,4.625,3.5
2020-02-29T21:05:00.0,2.73,2.43,3.29,3.47,92.63392024450002,4.687,3.625
2020-02-29T21:06:00.0,3.23,2.43,3.03,3.44,92.6884167605,4.687,3.625
2020-02-29T21:07:00.0,2.81,2.91,2.89,3.42,92.74290051250001,4.625,3.562
2020-02-29T21:08:00.0,2.77,2.77,3.19,3.36,92.7973715005,4.687,3.5
2020-02-29T21:09:00.0,2.73,2.47,3.03,3.39,92.8518297245,4.687,3.5
2020-02-29T21:10:00.0,2.89,2.27,3.29,3.41,92.8518297245,4.687,3.5
2020-02-29T21:11:00.0,2.73,2.39,2.95,3.43,92.9062751845,4.75,3.5
2020-02-29T21:12:00.0,2.51,2.61,3.07,3.4,92.96070788050001,4.75,3.437
2020-02-29T21:13:00.0,2.89,2.69,3.11,3.34,93.06953498050001,4.687,3.375
2020-02-29T21:14:00.0,2.47,2.27,3.15,3.32,93.06953498050001,4.75,3.312
2020-02-29T21:15:00.0,2.55,2.55,2.99,3.3,93.15112180000001,4.687,3.25
2020-02-29T21:16:00.0,2.61,2.25,2.89,3.27,93.1783110245,4.687,3.187
2020-02-29T21:17:00.0,2.85,2.39,2.99,3.28,93.23267990050002,4.687,3.25
2020-02-29T21:18:00.0,2.73,2.31,3.55,3.3,93.23267990050002,4.687,3.187
2020-02-29T21:19:00.0,2.73,2.05,3.23,3.32,93.28703601250001,4.687,3.187
2020-02-29T21:20:00.0,2.59,2.25,2.99,3.3,93.28703601250001,4.687,3.187
2020-02-29T21:21:00.0,2.31,2.69,3.29,3.28,93.31420928200001,4.687,3.125
2020-02-29T21:22:00.0,2.69,2.25,2.77,3.28,93.3957099445,4.75,3.125
2020-02-29T21:23:00.0,2.77,2.43,3.15,3.27,93.42287045,4.75,3.062
2020-02-29T21:24:00.0,2.89,2.47,3.07,3.23,93.55862511250001,4.75,3.062
2020-02-29T21:25:00.0,2.51,2.21,2.85,3.18,93.55862511250001,4.75,2.937
2020-02-29T21:26:00.0,2.55,2.51,2.77,3.16,93.64003961800002,4.687,2.937
2020-02-29T21:27:00.0,2.59,2.21,3.07,3.16,93.66717140450001,4.687,2.875
2020-02-29T21:28:00.0,2.51,2.59,2.81,3.15,93.7214254045,4.687,2.875
2020-02-29T21:29:00.0,2.61,2.59,3.23,3.16,93.7756666405,4.75,2.875
2020-02-29T21:30:00.0,2.55,2.89,3.25,3.16,93.802782472,4.687,2.875
2020-02-29T21:31:00.0,2.39,2.47,2.99,3.14,93.8298951125,4.687,2.812
2020-02-29T21:32:00.0,2.51,2.73,2.81,3.12,93.88411082050001,4.75,2.812
2020-02-29T21:33:00.0,2.51,2.39,2.77,3.13,93.93831376450001,4.687,2.75
2020-02-29T21:34:00.0,2.51,2.39,3.11,3.15,93.9925039445,4.687,2.812
2020-02-29T21:35:00.0,2.39,2.01,2.51,3.12,94.019594248,4.687,2.812
2020-02-29T21:36:00.0,,,,,,,
2020-02-29T21:37:00.0,,,,,,,
2020-02-29T21:38:00.0,,,,,,,
2020-02-29T21:39:00.0,,,,,,,
2020-02-29T21:40:00.0,2.59,2.59,2.77,3.03,94.23620180000002,4.625,2.687
2020-02-29T21:41:00.0,2.47,1.93,2.65,3.02,94.26326338450001,4.625,2.625
2020-02-29T21:42:00.0,2.43,2.27,3.15,3.02,94.3173769805,4.625,2.625
2020-02-29T21:43:00.0,2.51,1.89,2.61,2.99,94.3173769805,4.562,2.625
2020-02-29T21:44:00.0,2.51,2.47,3.03,2.99,94.3714778125,4.562,2.625
2020-02-29T21:45:00.0,2.77,2.31,3.37,3,94.4255658805,4.562,2.625
2020-02-29T21:46:00.0,2.59,2.25,3.23,3,94.47964118450001,4.562,2.562
2020-02-29T21:47:00.0,2.59,2.69,2.91,3,94.47964118450001,4.5,2.625
2020-02-29T21:48:00.0,2.61,2.25,2.61,2.99,94.5337037245,4.5,2.625
2020-02-29T21:49:00.0,2.47,2.21,2.59,2.97,94.56073020800001,4.5,2.562
2020-02-29T21:50:00.0,2.43,1.83,3.15,2.94,94.58775350050001,4.5,2.562
2020-02-29T21:51:00.0,2.43,1.97,2.99,2.94,94.614773602,4.5,2.562
2020-02-29T21:52:00.0,2.55,1.79,2.85,2.94,94.64179051250001,4.5,2.562
2020-02-29T21:53:00.0,2.43,1.79,2.61,2.94,94.66880423200001,4.5,2.562
2020-02-29T21:54:00.0,2.35,2.01,2.51,2.96,94.69581476050001,4.5,2.625
2020-02-29T21:55:00.0,2.59,2.51,2.81,2.95,94.722822098,4.5,2.625
2020-02-29T21:56:00.0,2.47,2.05,3.15,2.98,94.77682720000001,4.5,2.687
2020-02-29T21:57:00.0,2.73,2.17,2.65,3,94.80382496450001,4.562,2.687
2020-02-29T21:58:00.0,2.59,1.85,3.25,3.01,94.80382496450001,4.5,2.75
2020-02-29T21:59:00.0,2.43,2.25,2.89,3.03,94.80382496450001,4.5,2.75
2020-02-29T22:00:00.0,2.59,1.97,3.15,3.04,94.80382496450001,4.5,2.75
2020-02-29T22:01:00.0,2.39,2.39,2.81,3.06,94.830819538,4.5,2.75
2020-02-29T22:02:00.0,,,,,,,
2020-02-29T22:03:00.0,2.21,2.13,2.51,2.97,94.830819538,4.562,2.75
2020-02-29T22:04:00.0,2.27,2.13,2.61,2.94,94.85781092050001,4.562,2.625
2020-02-29T22:05:00.0,2.27,2.17,2.51,2.92,94.9117841125,4.562,2.625
2020-02-29T22:06:00.0,2.17,2.05,2.59,2.89,94.96574454050001,4.562,2.562
2020-02-29T22:07:00.0,2.09,1.97,2.77,2.9,95.0196922045,4.562,2.562
2020-02-29T22:08:00.0,2.21,2.01,2.61,2.88,95.0736271045,4.562,2.562
2020-02-29T22:09:00.0,2.09,2.05,2.91,2.9,95.0736271045,4.562,2.625
2020-02-29T22:10:00.0,2.17,1.97,3.11,2.91,95.1275492405,4.562,2.625
2020-02-29T22:11:00.0,2.39,2.13,2.55,2.92,95.100589768,4.562,2.687
2020-02-29T22:12:00.0,2.31,2.17,2.91,2.95,95.18145861250001,4.5,2.687
2020-02-29T22:13:00.0,2.31,2.05,2.55,2.98,95.1275492405,4.5,2.75
2020-02-29T22:14:00.0,2.43,1.93,2.59,3,95.1275492405,4.5,2.75
2020-02-29T22:15:00.0,2.05,2.39,2.73,2.99,95.1275492405,4.5,2.75
2020-02-29T22:16:00.0,2.17,2.13,3.03,2.98,95.18145861250001,4.5,2.75
2020-02-29T22:17:00.0,2.31,1.85,3.15,2.98,95.18145861250001,4.562,2.812
2020-02-29T22:18:00.0,2.17,2.01,2.89,3,95.26229873800001,4.562,2.812
2020-02-29T22:19:00.0,2.35,1.75,2.77,2.96,95.26229873800001,4.5,2.812
2020-02-29T22:20:00.0,2.21,2.25,2.61,2.98,95.28923906450001,4.5,2.812
2020-02-29T22:21:00.0,2.39,2.25,2.65,2.96,95.28923906450001,4.5,2.812
2020-02-29T22:22:00.0,2.51,1.85,2.43,2.94,95.3161762,4.5,2.812
2020-02-29T22:23:00.0,2.05,2.39,2.27,2.92,95.34311014450002,4.437,2.812
2020-02-29T22:24:00.0,2.09,2.31,2.35,2.89,95.37004089800001,4.437,2.812
2020-02-29T22:25:00.0,2.09,2.13,2.51,2.86,95.3969684605,4.437,2.812
2020-02-29T22:26:00.0,1.71,1.71,2.17,2.82,95.423892832,4.375,2.75
2020-02-29T22:27:00.0,1.75,1.89,2.35,2.8,95.45081401250002,4.375,2.75
2020-02-29T22:28:00.0,2.25,1.93,2.35,2.76,95.45081401250002,4.375,2.75
2020-02-29T22:29:00.0,2.01,1.93,2.39,2.74,95.50464680050001,4.312,2.75
2020-02-29T22:30:00.0,1.85,2.09,2.31,2.74,95.55846682450002,4.312,2.687
2020-02-29T22:31:00.0,1.93,1.59,2.27,2.75,95.58537205,4.312,2.687
2020-02-29T22:32:00.0,2.17,1.89,2.47,2.76,95.55846682450002,4.25,2.687
2020-02-29T22:33:00.0,2.05,1.79,2.47,2.78,95.6122740845,4.25,2.687
2020-02-29T22:34:00.0,2.09,1.89,2.35,2.76,95.639172928,4.187,2.75
2020-02-29T22:35:00.0,1.97,2.13,2.61,2.8,95.639172928,4.25,2.687
2020-02-29T22:36:00.0,2.25,2.09,2.51,2.82,95.6122740845,4.187,2.812
2020-02-29T22:37:00.0,1.83,1.89,2.85,2.84,95.639172928,4.187,2.812
2020-02-29T22:38:00.0,1.97,2.09,2.47,2.86,95.639172928,4.187,2.875
2020-02-29T22:39:00.0,2.17,2.21,2.81,2.9,95.6122740845,4.25,2.875
2020-02-29T22:40:00.0,2.27,1.67,2.59,2.9,95.6122740845,4.312,3
2020-02-29T22:41:00.0,2.01,1.75,2.47,2.94,95.6122740845,4.25,3
2020-02-29T22:42:00.0,2.17,1.83,2.81,2.97,95.6122740845,4.312,3.062
2020-02-29T22:43:00.0,1.93,1.93,2.35,2.95,95.6122740845,4.312,3.062
2020-02-29T22:44:00.0,1.83,1.97,2.13,2.9,95.6122740845,4.375,3.062
2020-02-29T22:45:00.0,2.05,1.55,2.13,2.87,95.6122740845,4.375,3
2020-02-29T22:46:00.0,,,,,,,
2020-02-29T22:47:00.0,2.09,2.13,2.27,2.86,95.66606858050001,4.375,3.125
2020-02-29T22:48:00.0,1.97,1.71,2.69,2.89,95.7198503125,4.375,3.187
2020-02-29T22:49:00.0,2.09,2.13,2.77,2.95,95.66606858050001,4.375,3.312
2020-02-29T22:50:00.0,1.97,1.93,2.65,3,95.66606858050001,4.437,3.437
2020-02-29T22:51:00.0,2.39,1.63,2.59,2.98,95.66606858050001,4.437,3.5
2020-02-29T22:52:00.0,1.93,1.97,2.55,3.01,95.66606858050001,4.437,3.5
2020-02-29T22:53:00.0,2.31,2.21,2.77,3,95.639172928,4.437,3.562
2020-02-29T22:54:00.0,2.13,2.35,2.47,3,95.66606858050001,4.437,3.625
2020-02-29T22:55:00.0,2.05,1.89,3.03,3.02,95.66606858050001,4.5,3.625
2020-02-29T22:56:00.0,1.97,1.89,2.31,3.04,95.66606858050001,4.5,3.687
2020-02-29T22:57:00.0,2.13,1.85,2.81,3,95.639172928,4.5,3.687
2020-02-29T22:58:00.0,2.13,2.05,2.47,3.02,95.66606858050001,4.5,3.625
2020-02-29T22:59:00.0,,,,,,,
2020-02-29T23:00:00.0,2.09,2.05,2.39,2.98,95.66606858050001,4.5,3.687
2020-02-29T23:01:00.0,1.93,2.31,2.43,2.96,95.66606858050001,4.5,3.625
2020-02-29T23:02:00.0,1.85,2.09,2.31,2.98,95.66606858050001,4.437,3.562
2020-02-29T23:03:00.0,2.25,2.13,2.43,2.98,95.66606858050001,4.437,3.625
2020-02-29T23:04:00.0,2.09,1.85,2.21,2.96,95.66606858050001,4.437,3.562
2020-02-29T23:05:00.0,,,,,,,
2020-02-29T23:06:00.0,2.17,2.01,2.65,2.96,95.66606858050001,4.437,3.625
2020-02-29T23:07:00.0,1.79,1.85,2.59,2.96,95.66606858050001,4.437,3.625
2020-02-29T23:08:00.0,1.97,2.31,2.31,2.98,95.66606858050001,4.437,3.687
2020-02-29T23:09:00.0,2.17,2.09,2.59,2.97,95.66606858050001,4.5,3.687
2020-02-29T23:10:00.0,1.97,1.47,2.43,2.91,95.66606858050001,4.5,3.687
2020-02-29T23:11:00.0,1.63,1.97,2.35,2.9,95.7198503125,4.437,3.562
2020-02-29T23:12:00.0,1.85,1.83,2.55,2.9,95.7198503125,4.437,3.625
2020-02-29T23:13:00.0,1.79,1.47,2.27,2.87,95.7198503125,4.437,3.625
2020-02-29T23:14:00.0,1.67,1.97,2.65,2.88,95.74673639200002,4.437,3.687
2020-02-29T23:15:00.0,1.93,2.13,2.51,2.89,95.74673639200002,4.375,3.687
2020-02-29T23:16:00.0,1.93,1.71,2.17,2.88,95.77361928050001,4.437,3.687
2020-02-29T23:17:00.0,1.75,1.83,2.51,2.84,95.77361928050001,4.375,3.562
2020-02-29T23:18:00.0,1.89,1.41,2.47,2.84,95.80049897800001,4.437,3.5
2020-02-29T23:19:00.0,1.93,1.79,2.17,2.85,95.82737548450001,4.375,3.5
2020-02-29T23:20:00.0,1.63,1.41,2.17,2.83,95.82737548450001,4.375,3.5
2020-02-29T23:21:00.0,1.97,1.33,2.39,2.82,95.82737548450001,4.375,3.437
2020-02-29T23:22:00.0,1.71,2.05,2.51,2.81,95.88111892450002,4.312,3.437
2020-02-29T23:23:00.0,2.01,1.63,2.43,2.82,95.88111892450002,4.312,3.5
2020-02-29T23:24:00.0,1.79,1.71,2.43,2.82,95.85424880000001,4.312,3.437
2020-02-29T23:25:00.0,1.85,2.05,2.59,2.81,95.88111892450002,4.312,3.437
2020-02-29T23:26:00.0,2.17,1.41,2.61,2.82,95.88111892450002,4.312,3.5
2020-02-29T23:27:00.0,2.09,1.41,2.89,2.86,95.88111892450002,4.312,3.437
2020-02-29T23:28:00.0,2.17,1.89,2.31,2.85,95.88111892450002,4.312,3.437
2020-02-29T23:29:00.0,1.97,2.01,2.51,2.87,95.88111892450002,4.312,3.437
2020-02-29T23:30:00.0,2.05,1.55,2.85,2.85,95.88111892450002,4.25,3.437
2020-02-29T23:31:00.0,2.21,1.89,2.55,2.85,95.88111892450002,4.312,3.375
2020-02-29T23:32:00.0,2.27,1.93,2.27,2.89,95.907985858,4.312,3.375
2020-02-29T23:33:00.0,2.17,1.85,2.47,2.88,95.88111892450002,4.25,3.437
2020-02-29T23:34:00.0,2.17,1.97,2.13,2.88,95.88111892450002,4.25,3.5
2020-02-29T23:35:00.0,1.89,1.85,2.69,2.91,95.88111892450002,4.25,3.5
2020-02-29T23:36:00.0,2.05,2.01,2.55,2.9,95.907985858,4.312,3.5
2020-02-29T23:37:00.0,1.83,1.67,2.65,2.91,95.907985858,4.25,3.375
2020-02-29T23:38:00.0,2.35,1.89,2.47,2.93,95.9348496005,4.25,3.437
2020-02-29T23:39:00.0,2.35,1.89,2.69,2.92,95.9348496005,4.25,3.375
2020-02-29T23:40:00.0,2.21,2.05,2.77,2.94,95.88111892450002,4.25,3.375
2020-02-29T23:41:00.0,2.47,2.31,2.59,2.94,95.9348496005,4.25,3.375
2020-02-29T23:42:00.0,2.21,1.89,2.89,2.95,95.9348496005,4.25,3.375
2020-02-29T23:43:00.0,2.73,2.31,2.47,2.98,95.9348496005,4.25,3.312
2020-02-29T23:44:00.0,2.13,2.13,2.73,2.98,95.9348496005,4.25,3.312
2020-02-29T23:45:00.0,2.09,2.17,2.89,3,95.907985858,4.25,3.375
2020-02-29T23:46:00.0,2.43,1.89,2.99,3,95.9348496005,4.25,3.312
2020-02-29T23:47:00.0,2.21,2.09,2.61,3,95.9348496005,4.187,3.375
2020-02-29T23:48:00.0,2.31,2.31,2.89,3,95.9348496005,4.25,3.375
2020-02-29T23:49:00.0,2.65,1.75,2.77,3.02,95.9348496005,4.25,3.375
2020-02-29T23:50:00.0,,,,,,,
2020-02-29T23:51:00.0,2.09,1.93,2.69,3.02,95.96171015200001,4.25,3.312
2020-02-29T23:52:00.0,2.47,1.85,2.51,3.04,95.9348496005,4.25,3.312
2020-02-29T23:53:00.0,2.25,2.17,2.51,3.04,95.9348496005,4.25,3.375
2020-02-29T23:54:00.0,2.39,2.05,3.11,3.06,95.98856751250001,4.25,3.312
2020-02-29T23:55:00.0,2.51,2.17,2.99,3.08,95.98856751250001,4.25,3.375
2020-02-29T23:56:00.0,2.59,1.93,2.69,3.08,95.9348496005,4.25,3.375
2020-02-29T23:57:00.0,2.51,2.47,2.47,3.06,95.9348496005,4.25,3.312
2020-02-29T23:58:00.0,,,,,,,
2020-02-29T23:59:00.0,2.31,2.47,2.59,3.06,95.96171015200001,4.25,3.312
