time,TempPlant1,TempPlant5,TempPlant6,Air_temp_loc,Humedity,air_temp,Ambient_1
2020-02-11T00:00:00.0,9.63,10.27,10.43,,-2.0462,6.312,5.187
2020-02-11T00:01:00.0,8.61,9.67,9.75,,-2.0462,6.312,5.187
2020-02-11T00:02:00.0,8.51,9.99,10.05,,-2.0462,6.312,5.187
2020-02-11T00:03:00.0,8.19,10.47,10.03,,-2.0462,6.375,5.187
2020-02-11T00:04:00.0,8.89,9.99,10.17,,-2.0462,6.312,5.187
2020-02-11T00:05:00.0,8.71,9.77,9.91,,-2.0462,6.312,5.187
2020-02-11T00:06:00.0,9.03,10.27,10.27,,-2.0462,6.312,5.187
2020-02-11T00:07:00.0,8.79,9.91,10.03,,-2.0462,6.312,5.187
2020-02-11T00:08:00.0,9.33,9.89,10.13,,-2.0462,6.375,5.187
2020-02-11T00:09:00.0,8.93,10.31,10.43,,-2.0462,6.375,5.187
2020-02-11T00:10:00.0,9.25,10.37,10.37,,-2.0462,6.312,5.187
2020-02-11T00:11:00.0,8.37,9.57,9.25,,-2.0462,6.375,5.187
2020-02-11T00:12:00.0,8.13,9.71,9.29,,-2.0462,6.312,5.187
2020-02-11T00:13:00.0,8.19,9.63,9.67,,-2.0462,6.312,5.125
2020-02-11T00:14:00.0,9.15,10.17,9.95,,-2.0462,6.312,5.125
2020-02-11T00:15:00.0,,,,,,,
2020-02-11T00:16:00.0,8.37,8.93,9.11,,-2.0462,6.312,5.187
2020-02-11T00:17:00.0,8.33,9.29,9.75,,-2.0462,6.312,5.125
2020-02-11T00:18:00.0,8.33,10.03,9.89,,-2.0462,6.25,5.125
2020-02-11T00:19:00.0,9.03,10.03,10.09,,-2.0462,6.25,5.125
2020-02-11T00:20:00.0,8.65,10.13,10.05,,-2.0462,6.25,5.125
2020-02-11T00:21:00.0,8.71,10.09,9.99,,-2.0462,6.25,5.062
2020-02-11T00:22:00.0,8.93,9.95,9.85,,-2.0462,6.25,5.062
2020-02-11T00:23:00.0,8.83,9.77,9.77,,-2.0462,6.187,5
2020-02-11T00:24:00.0,8.65,9.57,10.05,,-2.0462,6.187,5
2020-02-11T00:25:00.0,9.07,9.63,9.85,,-2.0462,6.125,5
2020-02-11T00:26:00.0,8.01,9.11,8.97,,-2.0462,6.125,5
2020-02-11T00:27:00.0,7.95,9.19,9.63,,-2.0462,6.125,5
2020-02-11T00:28:00.0,,,,,,,
2020-02-11T00:29:00.0,8.09,9.33,9.77,,-2.0462,6.125,4.937
2020-02-11T00:30:00.0,8.09,9.19,9.39,,-2.0462,6.062,4.937
2020-02-11T00:31:00.0,,,,,,,
2020-02-11T00:32:00.0,,,,,-2.0462,6.062,4.937
2020-02-11T00:33:00.0,8.13,9.15,9.21,,-2.0462,6.062,5
2020-02-11T00:34:00.0,7.23,8.59,8.61,,-2.0462,6.062,5.062
2020-02-11T00:35:00.0,7.61,8.59,8.87,,-2.0462,6.062,5.062
2020-02-11T00:36:00.0,7.23,7.91,7.95,,-2.0462,6.125,5.187
2020-02-11T00:37:00.0,7.33,8.51,8.37,,-2.0462,6.125,5.187
2020-02-11T00:38:00.0,7.45,9.03,9.11,,-2.0462,6.125,5.062
2020-02-11T00:39:00.0,7.83,8.69,9.47,,-2.0462,6.062,5.062
2020-02-11T00:40:00.0,8.33,9.81,9.81,,-2.0462,6.062,5.062
2020-02-11T00:41:00.0,7.29,8.79,8.83,,-2.0462,6.062,4.937
2020-02-11T00:42:00.0,7.55,8.61,9.01,,-2.0462,6,4.937
2020-02-11T00:43:00.0,7.51,9.33,8.59,,-2.0462,6,4.875
2020-02-11T00:44:00.0,8.19,9.29,9.99,,-2.0462,6,5
2020-02-11T00:45:00.0,7.95,9.49,9.61,,-2.0462,6,5.062
2020-02-11T00:46:00.0,6.97,8.51,9.03,,-2.0462,6,5.062
2020-02-11T00:47:00.0,,,,,,,
2020-02-11T00:48:00.0,7.61,9.33,9.53,,-2.0462,6,5.062
2020-02-11T00:49:00.0,7.87,9.67,9.77,,-2.0462,6,5.062
2020-02-11T00:50:00.0,8.13,9.81,9.89,,-2.0462,6.062,5.187
2020-02-11T00:51:00.0,7.59,8.83,8.55,,-2.0462,6.062,5.187
2020-02-11T00:52:00.0,7.27,8.71,9.19,,-2.0462,6.062,5.25
2020-02-11T00:53:00.0,,,,,-2.0462,6.062,5.125
2020-02-11T00:54:00.0,7.95,9.99,9.57,,-2.0462,6.125,5.062
2020-02-11T00:55:00.0,6.97,8.55,8.29,,-2.0462,6.125,5.125
2020-02-11T00:56:00.0,6.69,7.73,7.59,,-2.0462,6.062,5.062
2020-02-11T00:57:00.0,6.75,7.83,7.79,,-2.0462,6.062,5
2020-02-11T00:58:00.0,7.27,8.47,8.47,,-2.0462,6,4.937
2020-02-11T00:59:00.0,7.37,8.41,8.65,,-2.0462,6,4.937
2020-02-11T01:00:00.0,7.45,8.51,8.87,,-2.0462,6,5
2020-02-11T01:01:00.0,7.01,8.15,8.37,,-2.0462,6,5
2020-02-11T01:02:00.0,7.15,8.47,8.41,,-2.0462,6,5
2020-02-11T01:03:00.0,7.19,8.51,8.71,,-2.0462,6,5
2020-02-11T01:04:00.0,7.51,8.59,9.61,,-2.0462,6,5
2020-02-11T01:05:00.0,8.13,9.11,9.63,,-2.0462,6,5
2020-02-11T01:06:00.0,7.41,8.61,8.71,,-2.0462,5.937,5
2020-02-11T01:07:00.0,7.27,8.33,8.79,,-2.0462,6,5
2020-02-11T01:08:00.0,7.47,8.69,9.15,,-2.0462,5.937,5
2020-02-11T01:09:00.0,7.59,9.35,9.57,,-2.0462,5.937,4.937
2020-02-11T01:10:00.0,7.41,9.03,9.71,,-2.0462,5.937,4.937
2020-02-11T01:11:00.0,7.29,8.29,8.93,,-2.0462,5.937,4.875
2020-02-11T01:12:00.0,7.45,8.09,8.89,,-2.0462,5.937,4.875
2020-02-11T01:13:00.0,7.37,8.89,9.25,,-2.0462,5.875,4.875
2020-02-11T01:14:00.0,7.33,8.87,9.33,,-2.0462,5.875,4.875
2020-02-11T01:15:00.0,7.83,8.93,9.49,,-2.0462,5.875,4.937
2020-02-11T01:16:00.0,7.05,8.13,8.71,,-2.0462,5.875,4.937
2020-02-11T01:17:00.0,7.29,8.59,8.59,,-2.0462,5.875,4.937
2020-02-11T01:18:00.0,7.45,8.89,9.03,,-2.0462,5.937,5
2020-02-11T01:19:00.0,8.13,9.53,9.77,,-2.0462,5.937,5
2020-02-11T01:20:00.0,7.73,8.89,9.71,,-2.0462,5.937,5
2020-02-11T01:21:00.0,7.19,7.69,8.27,,-2.0462,6,5.062
2020-02-11T01:22:00.0,7.11,8.41,8.71,,-2.0462,6,5.125
2020-02-11T01:23:00.0,7.73,8.47,9.35,,-2.0462,6,5.125
2020-02-11T01:24:00.0,7.51,9.11,9.11,,-2.0462,6.062,5.062
2020-02-11T01:25:00.0,7.91,8.93,9.63,,-2.0462,6.062,5.062
2020-02-11T01:26:00.0,7.15,8.69,8.87,,-2.0462,6,5
2020-02-11T01:27:00.0,7.19,8.47,9.07,,-2.0462,6,5
2020-02-11T01:28:00.0,7.91,8.87,9.29,,-2.0462,5.937,4.937
2020-02-11T01:29:00.0,8.09,9.01,9.99,,-2.0462,5.937,4.937
2020-02-11T01:30:00.0,7.91,9.21,9.61,,-2.0462,5.937,4.937
2020-02-11T01:31:00.0,7.01,8.29,8.75,,-2.0462,5.875,4.875
2020-02-11T01:32:00.0,7.27,8.65,8.71,,-2.0462,5.937,4.812
2020-02-11T01:33:00.0,7.51,9.19,8.87,,-2.0462,5.875,4.875
2020-02-11T01:34:00.0,7.83,8.61,9.43,,-2.0462,5.875,4.812
2020-02-11T01:35:00.0,7.61,8.93,9.99,,-2.0462,5.812,4.875
2020-02-11T01:36:00.0,7.09,8.41,8.71,,-2.0462,5.812,4.875
2020-02-11T01:37:00.0,7.23,8.87,9.33,,-2.0462,5.812,4.875
2020-02-11T01:38:00.0,7.33,9.01,9.47,,-2.0462,5.812,4.875
2020-02-11T01:39:00.0,7.27,9.29,8.89,,-2.0462,5.812,4.812
2020-02-11T01:40:00.0,7.47,8.61,9.25,,-2.0462,5.875,4.812
2020-02-11T01:41:00.0,7.15,7.97,8.41,,-2.0462,5.812,4.75
2020-02-11T01:42:00.0,6.83,8.89,8.55,,-2.0462,5.812,4.75
2020-02-11T01:43:00.0,7.29,8.69,8.97,,-2.0462,5.75,4.687
2020-02-11T01:44:00.0,7.41,9.67,9.71,,-2.0462,5.75,4.75
2020-02-11T01:45:00.0,7.51,9.07,9.25,,-2.0462,5.75,4.75
2020-02-11T01:46:00.0,6.91,8.69,8.59,,-2.0462,5.75,4.812
2020-02-11T01:47:00.0,6.69,8.01,8.33,,-2.0462,5.75,4.812
2020-02-11T01:48:00.0,7.27,8.37,8.97,,-2.0462,5.812,4.812
2020-02-11T01:49:00.0,7.59,9.47,9.19,,-2.0462,5.812,4.875
2020-02-11T01:50:00.0,7.45,8.69,9.77,,-2.0462,5.812,4.875
2020-02-11T01:51:00.0,7.47,9.19,9.43,,-2.0462,5.812,4.812
2020-02-11T01:52:00.0,7.41,8.65,9.03,,-2.0462,5.812,4.812
2020-02-11T01:53:00.0,7.95,8.93,9.33,,-2.0462,5.812,4.875
2020-02-11T01:54:00.0,8.05,9.15,9.63,,-2.0462,5.812,4.875
2020-02-11T01:55:00.0,7.79,7.97,9.35,,-2.0462,5.875,4.937
2020-02-11T01:56:00.0,7.47,8.59,8.83,,-2.0462,5.875,4.937
2020-02-11T01:57:00.0,6.93,8.61,8.71,,-2.0462,5.875,4.937
2020-02-11T01:58:00.0,7.41,9.01,9.11,,-2.0462,5.875,4.937
2020-02-11T01:59:00.0,7.27,9.19,9.47,,-2.0462,5.875,5
2020-02-11T02:00:00.0,7.83,8.89,9.35,,-2.0462,5.875,4.937
2020-02-11T02:01:00.0,7.11,7.51,8.29,,-2.0462,5.875,4.875
2020-02-11T02:02:00.0,7.27,8.29,8.65,,-2.0462,5.812,4.812
2020-02-11T02:03:00.0,7.05,8.65,9.03,,-2.0462,5.812,4.75
2020-02-11T02:04:00.0,7.29,8.87,9.43,,-2.0462,5.75,4.812
2020-02-11T02:05:00.0,7.59,8.87,9.33,,-2.0462,5.75,4.812
2020-02-11T02:06:00.0,6.93,8.19,8.47,,-2.0462,5.75,4.812
2020-02-11T02:07:00.0,6.61,8.09,8.75,,-2.0462,5.75,4.812
2020-02-11T02:08:00.0,7.05,8.51,8.09,,-2.0462,5.75,4.812
2020-02-11T02:09:00.0,7.27,8.79,9.57,,-2.0462,5.687,4.875
2020-02-11T02:10:00.0,6.97,8.83,9.61,,-2.0462,5.687,4.812
2020-02-11T02:11:00.0,7.23,8.27,8.65,,-2.0462,5.687,4.75
2020-02-11T02:12:00.0,7.27,8.19,8.93,,-2.0462,5.687,4.812
2020-02-11T02:13:00.0,7.55,8.93,9.85,,-2.0462,5.687,4.812
2020-02-11T02:14:00.0,7.77,9.61,9.99,,-2.0462,5.687,4.812
2020-02-11T02:15:00.0,,,,,,,
2020-02-11T02:16:00.0,7.33,8.69,8.69,,-2.0462,5.75,5
2020-02-11T02:17:00.0,7.45,8.37,9.15,,-2.0462,5.812,5.062
2020-02-11T02:18:00.0,7.83,9.53,9.53,,-2.0462,5.875,5.125
2020-02-11T02:19:00.0,7.83,9.75,9.95,,-2.0462,5.875,5.187
2020-02-11T02:20:00.0,8.15,9.81,9.95,,-2.0462,5.875,5.062
2020-02-11T02:21:00.0,8.01,9.71,10.03,,-2.0462,5.875,4.937
2020-02-11T02:22:00.0,8.45,9.67,9.75,,-2.0462,5.875,4.812
2020-02-11T02:23:00.0,8.45,9.91,9.49,,-2.0462,5.812,4.75
2020-02-11T02:24:00.0,8.69,9.63,9.57,,-2.0462,5.812,4.625
2020-02-11T02:25:00.0,8.71,9.21,9.35,,-2.0462,5.812,4.625
2020-02-11T02:26:00.0,7.33,7.91,8.75,,-2.0462,5.75,4.625
2020-02-11T02:27:00.0,7.65,8.33,8.79,,-2.0462,5.75,4.625
2020-02-11T02:28:00.0,7.95,9.03,9.61,,-2.0462,5.687,4.687
2020-02-11T02:29:00.0,8.23,9.15,9.75,,-2.0462,5.687,4.687
2020-02-11T02:30:00.0,8.01,9.43,9.43,,-2.0462,5.687,4.687
2020-02-11T02:31:00.0,7.55,8.23,8.29,,-2.0462,5.687,4.812
2020-02-11T02:32:00.0,7.33,7.73,8.69,,-2.0462,5.687,4.812
2020-02-11T02:33:00.0,8.09,9.75,9.77,,-2.0462,5.687,4.875
2020-02-11T02:34:00.0,8.29,9.35,9.91,,-2.0462,5.687,4.812
2020-02-11T02:35:00.0,8.29,9.77,9.85,,-2.0462,5.75,4.875
2020-02-11T02:36:00.0,7.91,9.11,8.71,,-2.0462,5.687,4.812
2020-02-11T02:37:00.0,8.27,9.25,9.53,,-2.0462,5.75,4.812
2020-02-11T02:38:00.0,8.19,9.29,9.99,,-2.0462,5.687,4.75
2020-02-11T02:39:00.0,8.79,9.49,9.47,,-2.0462,5.75,4.812
2020-02-11T02:40:00.0,8.59,9.57,10.03,,-2.0462,5.75,4.812
2020-02-11T02:41:00.0,7.77,8.55,8.93,,-2.0462,5.75,4.812
2020-02-11T02:42:00.0,7.73,8.87,9.49,,-2.0462,5.75,4.812
2020-02-11T02:43:00.0,7.95,9.19,9.61,,-2.0462,5.75,4.812
2020-02-11T02:44:00.0,8.45,9.15,9.57,,-2.0462,5.75,4.812
2020-02-11T02:45:00.0,8.27,9.47,9.95,,-2.0462,5.75,4.812
2020-02-11T02:46:00.0,7.59,8.55,8.55,,-2.0462,5.75,4.812
2020-02-11T02:47:00.0,,,,,,,
2020-02-11T02:48:00.0,8.45,9.63,9.61,,-2.0462,5.75,4.75
2020-02-11T02:49:00.0,7.83,9.39,9.35,,-2.0462,5.75,4.75
2020-02-11T02:50:00.0,8.29,9.89,9.95,,-2.0462,5.75,4.75
2020-02-11T02:51:00.0,7.59,9.19,9.07,,-2.0462,5.75,4.687
2020-02-11T02:52:00.0,7.69,8.65,9.43,,-2.0462,5.75,4.625
2020-02-11T02:53:00.0,8.29,9.11,9.61,,-2.0462,5.687,4.625
2020-02-11T02:54:00.0,,,,,,,
2020-02-11T02:55:00.0,8.27,9.81,9.71,,-2.0462,5.687,4.625
2020-02-11T02:56:00.0,7.83,8.59,8.65,,-2.0462,5.687,4.625
2020-02-11T02:57:00.0,7.91,8.79,9.21,,-2.0462,5.625,4.625
2020-02-11T02:58:00.0,,,,,-2.0462,5.625,4.625
2020-02-11T02:59:00.0,8.01,9.11,9.67,,-2.0462,5.687,4.75
2020-02-11T03:00:00.0,7.41,8.55,8.59,,-2.0462,5.687,4.812
2020-02-11T03:01:00.0,6.73,7.55,7.77,,-2.0462,5.75,4.875
2020-02-11T03:02:00.0,6.87,7.97,7.73,,-2.0462,5.75,4.875
2020-02-11T03:03:00.0,7.19,8.33,8.23,,-2.0462,5.812,4.875
2020-02-11T03:04:00.0,7.47,8.59,8.93,,-2.0462,5.812,4.875
2020-02-11T03:05:00.0,7.61,9.53,9.47,,-2.0462,5.812,4.937
2020-02-11T03:06:00.0,7.33,7.95,8.47,,-2.0462,5.75,4.875
2020-02-11T03:07:00.0,7.27,8.71,9.15,,-2.0462,5.75,4.875
2020-02-11T03:08:00.0,7.97,9.35,9.77,,-2.0462,5.75,4.875
2020-02-11T03:09:00.0,8.09,9.53,9.77,,-2.0462,5.75,4.75
2020-02-11T03:10:00.0,8.13,9.71,8.59,,-2.0462,5.687,4.687
2020-02-11T03:11:00.0,7.47,8.41,8.89,,-2.0462,5.687,4.625
2020-02-11T03:12:00.0,6.87,7.95,8.89,,-2.0462,5.687,4.625
2020-02-11T03:13:00.0,7.55,8.55,9.11,,-2.0462,5.625,4.625
2020-02-11T03:14:00.0,8.45,9.57,9.29,,-2.0462,5.625,4.625
2020-02-11T03:15:00.0,8.33,9.21,9.67,,-2.0462,5.625,4.562
2020-02-11T03:16:00.0,7.61,8.93,8.69,,-2.0462,5.562,4.562
2020-02-11T03:17:00.0,7.37,8.87,9.01,,-2.0462,5.562,4.562
2020-02-11T03:18:00.0,7.69,9.03,9.21,,-2.0462,5.562,4.5
2020-02-11T03:19:00.0,7.95,9.43,9.25,,-2.0462,5.562,4.437
2020-02-11T03:20:00.0,8.29,9.29,9.39,,-2.0462,5.5,4.375
2020-02-11T03:21:00.0,7.51,8.19,8.47,,-2.0462,5.5,4.312
2020-02-11T03:22:00.0,7.77,8.33,9.25,,-2.0462,5.437,4.25
2020-02-11T03:23:00.0,8.13,9.11,9.11,,-2.0462,5.437,4.187
2020-02-11T03:24:00.0,9.03,9.25,9.21,,-2.0462,5.375,4.187
2020-02-11T03:25:00.0,8.51,8.93,9.21,,-2.0462,5.375,4.125
2020-02-11T03:26:00.0,7.51,7.15,8.13,,-2.0462,5.312,4.125
2020-02-11T03:27:00.0,7.69,8.59,8.87,,-2.0462,5.312,4.125
2020-02-11T03:28:00.0,8.05,8.93,8.93,,-2.0462,5.312,4.187
2020-02-11T03:29:00.0,8.09,8.83,9.03,,-2.0462,5.25,4.187
2020-02-11T03:30:00.0,,,,,,,
2020-02-11T03:31:00.0,7.47,7.91,8.29,,-2.0462,5.312,4.187
2020-02-11T03:32:00.0,7.69,9.01,8.79,,-2.0462,5.187,4.187
2020-02-11T03:33:00.0,7.95,8.93,9.33,,-2.0462,5.25,4.187
2020-02-11T03:34:00.0,8.87,8.97,8.89,,-2.0462,5.25,4.187
2020-02-11T03:35:00.0,8.71,9.19,8.93,,-2.0462,5.25,4.187
2020-02-11T03:36:00.0,7.83,8.61,8.15,,-2.0462,5.187,4.25
2020-02-11T03:37:00.0,7.55,8.79,8.83,,-2.0462,5.25,4.25
2020-02-11T03:38:00.0,7.95,9.15,9.47,,-2.0462,5.25,4.312
2020-02-11T03:39:00.0,8.55,9.29,9.53,,-2.0462,5.25,4.312
2020-02-11T03:40:00.0,,,,,,,
2020-02-11T03:41:00.0,7.23,8.09,8.15,,-2.0462,5.312,4.375
2020-02-11T03:42:00.0,8.15,8.47,8.61,,-2.0462,5.312,4.437
2020-02-11T03:43:00.0,7.91,9.03,8.93,,-2.0462,5.312,4.437
2020-02-11T03:44:00.0,8.51,9.43,9.33,,-2.0462,5.375,4.5
2020-02-11T03:45:00.0,8.97,9.33,9.29,,-2.0462,5.375,4.562
2020-02-11T03:46:00.0,7.95,8.83,8.59,,-2.0462,5.375,4.562
2020-02-11T03:47:00.0,7.97,8.27,9.01,,-2.0462,5.437,4.625
2020-02-11T03:48:00.0,8.01,8.87,9.43,,-2.0462,5.437,4.562
2020-02-11T03:49:00.0,8.41,9.67,9.61,,-2.0462,5.5,4.562
2020-02-11T03:50:00.0,8.55,9.99,9.61,,-2.0462,5.5,4.562
2020-02-11T03:51:00.0,7.83,8.47,8.59,,-2.0462,5.5,4.625
2020-02-11T03:52:00.0,7.79,9.29,9.35,,-2.0462,5.562,4.562
2020-02-11T03:53:00.0,8.37,9.07,9.77,,-2.0462,5.562,4.562
2020-02-11T03:54:00.0,8.55,9.47,9.29,,-2.0462,5.562,4.562
2020-02-11T03:55:00.0,9.19,9.49,9.47,,-2.0462,5.562,4.5
2020-02-11T03:56:00.0,8.47,8.93,8.89,,-2.0462,5.562,4.5
2020-02-11T03:57:00.0,8.27,8.97,9.19,,-2.0462,5.562,4.437
2020-02-11T03:58:00.0,9.21,9.63,9.63,,-2.0462,5.625,4.437
2020-02-11T03:59:00.0,9.07,9.61,9.33,,-2.0462,5.625,4.375
2020-02-11T04:00:00.0,9.77,9.39,9.67,,-2.0462,5.625,4.312
2020-02-11T04:01:00.0,8.45,8.47,8.97,,-2.0462,5.625,4.312
2020-02-11T04:02:00.0,9.03,9.35,9.75,,-2.0462,5.625,4.312
2020-02-11T04:03:00.0,9.53,9.39,9.47,,-2.0462,5.625,4.312
2020-02-11T04:04:00.0,9.25,9.39,9.11,,-2.0462,5.562,4.25
2020-02-11T04:05:00.0,8.87,9.35,8.97,,-2.0462,5.625,4.25
2020-02-11T04:06:00.0,8.13,9.01,8.55,,-2.0462,5.625,4.25
2020-02-11T04:07:00.0,8.15,8.87,9.07,,-2.0462,5.562,4.187
2020-02-11T04:08:00.0,7.73,8.75,8.51,,-2.0462,5.562,4.25
2020-02-11T04:09:00.0,,,,,,,
2020-02-11T04:10:00.0,9.03,9.07,9.43,,-2.0462,5.5,4.25
2020-02-11T04:11:00.0,8.71,9.57,8.93,,-2.0462,5.5,4.25
2020-02-11T04:12:00.0,8.47,8.71,9.49,,-2.0462,5.5,4.312
2020-02-11T04:13:00.0,9.01,9.21,9.11,,-2.0462,5.5,4.312
2020-02-11T04:14:00.0,9.19,9.19,9.39,,-2.0462,5.5,4.375
2020-02-11T04:15:00.0,9.21,9.61,9.67,,-2.0462,5.562,4.437
2020-02-11T04:16:00.0,9.53,9.91,9.33,,-2.0462,5.562,4.5
2020-02-11T04:17:00.0,9.53,9.53,9.25,,-2.0462,5.562,4.562
2020-02-11T04:18:00.0,9.43,9.81,9.57,,-2.0462,5.625,4.562
2020-02-11T04:19:00.0,9.25,9.43,9.53,,-2.0462,5.625,4.562
2020-02-11T04:20:00.0,9.47,9.33,9.61,,-2.0462,5.687,4.562
2020-02-11T04:21:00.0,8.45,8.71,8.65,,-2.0462,5.687,4.5
2020-02-11T04:22:00.0,8.27,9.01,9.15,,-2.0462,5.687,4.562
2020-02-11T04:23:00.0,8.71,9.89,9.63,,-2.0462,5.687,4.562
2020-02-11T04:24:00.0,8.87,9.49,9.47,,-2.0462,5.687,4.5
2020-02-11T04:25:00.0,9.15,9.63,9.53,,-2.0462,5.687,4.437
2020-02-11T04:26:00.0,7.91,8.87,8.47,,-2.0462,5.687,4.437
2020-02-11T04:27:00.0,8.33,9.35,9.33,,-2.0462,5.625,4.312
2020-02-11T04:28:00.0,8.01,9.35,9.43,,-2.0462,5.562,4.312
2020-02-11T04:29:00.0,8.97,9.71,9.57,,-2.0462,5.562,4.25
2020-02-11T04:30:00.0,9.47,9.33,9.11,,-2.0462,5.5,4.25
2020-02-11T04:31:00.0,8.59,8.59,8.61,,-2.0462,5.5,4.187
2020-02-11T04:32:00.0,8.59,8.83,9.03,,-2.0462,5.5,4.125
2020-02-11T04:33:00.0,8.93,8.93,8.89,,-2.0462,5.437,4.125
2020-02-11T04:34:00.0,8.75,9.39,9.03,,-2.0462,5.437,4.125
2020-02-11T04:35:00.0,9.35,9.43,9.25,,-2.0462,5.437,4.125
2020-02-11T04:36:00.0,8.19,8.83,8.59,,-2.0462,5.437,4.125
2020-02-11T04:37:00.0,8.33,9.07,9.01,,-2.0462,5.375,4.125
2020-02-11T04:38:00.0,9.11,9.25,9.61,,-2.0462,5.375,4.125
2020-02-11T04:39:00.0,8.89,9.35,8.83,,-2.0462,5.375,4.125
2020-02-11T04:40:00.0,9.35,9.39,9.39,,-2.0462,5.312,4.125
2020-02-11T04:41:00.0,8.09,8.41,8.55,,-2.0462,5.375,4.125
2020-02-11T04:42:00.0,8.59,8.65,9.03,,-2.0462,5.375,4.125
2020-02-11T04:43:00.0,8.97,9.29,9.49,,-2.0462,5.375,4.125
2020-02-11T04:44:00.0,9.15,9.11,9.07,,-2.0462,5.375,4.125
2020-02-11T04:45:00.0,9.29,9.33,9.11,,-2.0462,5.25,4.125
2020-02-11T04:46:00.0,8.37,8.37,8.29,,-2.0462,5.312,4.125
2020-02-11T04:47:00.0,8.61,8.61,8.97,,-2.0462,5.312,4.125
2020-02-11T04:48:00.0,8.87,9.53,9.25,,-2.0462,5.312,4.187
2020-02-11T04:49:00.0,9.07,9.07,9.03,,-2.0462,5.312,4.25
2020-02-11T04:50:00.0,8.93,9.21,9.15,,-2.0462,5.312,4.187
2020-02-11T04:51:00.0,8.23,8.87,8.69,,-2.0462,5.312,4.187
2020-02-11T04:52:00.0,8.87,9.25,9.53,,-2.0462,5.312,4.187
2020-02-11T04:53:00.0,9.71,9.29,9.29,,-2.0462,5.375,4.25
2020-02-11T04:54:00.0,9.35,9.57,9.35,,-2.0462,5.375,4.312
2020-02-11T04:55:00.0,9.29,9.21,8.97,,-2.0462,5.375,4.312
2020-02-11T04:56:00.0,9.11,9.29,9.07,,-2.0462,5.437,4.375
2020-02-11T04:57:00.0,9.47,9.53,9.67,,-2.0462,5.5,4.375
2020-02-11T04:58:00.0,9.53,9.43,9.29,,-2.0462,5.562,4.437
2020-02-11T04:59:00.0,9.35,9.61,9.49,,-2.0462,5.562,4.437
2020-02-11T05:00:00.0,9.15,9.33,9.35,,-2.0462,5.562,4.437
2020-02-11T05:01:00.0,8.79,9.15,9.01,,-2.0462,5.625,4.437
2020-02-11T05:02:00.0,9.71,9.39,9.75,,-2.0462,5.687,4.562
2020-02-11T05:03:00.0,9.77,10.03,9.91,,-2.0462,5.75,4.562
2020-02-11T05:04:00.0,9.39,9.57,9.75,,-2.0462,5.75,4.625
2020-02-11T05:05:00.0,9.75,9.99,9.63,,-2.0462,5.812,4.625
2020-02-11T05:06:00.0,8.61,9.35,9.47,,-2.0462,5.875,4.687
2020-02-11T05:07:00.0,9.49,9.75,9.75,,-2.0462,5.937,4.625
2020-02-11T05:08:00.0,9.67,9.75,9.49,,-2.0462,5.937,4.625
2020-02-11T05:09:00.0,9.91,9.71,9.57,,-2.0462,5.937,4.562
2020-02-11T05:10:00.0,9.01,9.61,9.43,,-2.0462,6,4.625
2020-02-11T05:11:00.0,8.93,9.11,9.11,,-2.0462,6,4.625
2020-02-11T05:12:00.0,9.21,10.05,9.75,,-2.0462,5.937,4.562
2020-02-11T05:13:00.0,9.99,9.47,9.77,,-2.0462,6,4.562
2020-02-11T05:14:00.0,9.91,9.77,9.57,,-2.0462,6,4.562
2020-02-11T05:15:00.0,9.15,9.75,9.81,,-2.0462,6.062,4.562
2020-02-11T05:16:00.0,10.13,9.99,9.71,,-2.0462,6,4.562
2020-02-11T05:17:00.0,9.57,9.67,9.53,,-2.0462,6.062,4.562
2020-02-11T05:18:00.0,9.39,9.39,9.49,,-2.0462,6.062,4.562
2020-02-11T05:19:00.0,9.67,9.63,9.89,,-2.0462,6.062,4.562
2020-02-11T05:20:00.0,9.71,9.29,9.77,,-2.0462,6.062,4.562
2020-02-11T05:21:00.0,9.57,9.03,9.19,,-2.0462,6.062,4.562
2020-02-11T05:22:00.0,9.11,9.39,9.75,,-2.0462,6.062,4.562
2020-02-11T05:23:00.0,9.99,9.81,9.91,,-2.0462,6.062,4.562
2020-02-11T05:24:00.0,9.39,9.75,9.77,,-2.0462,6.062,4.562
2020-02-11T05:25:00.0,9.75,9.91,9.85,,-2.0462,6.062,4.687
2020-02-11T05:26:00.0,9.35,9.91,9.75,,-2.0462,6.062,4.687
2020-02-11T05:27:00.0,9.91,9.39,9.71,,-2.0462,6.125,4.687
2020-02-11T05:28:00.0,9.75,9.81,10.13,,-2.0462,6.125,4.625
2020-02-11T05:29:00.0,9.33,9.47,9.53,,-2.0462,6.125,4.687
2020-02-11T05:30:00.0,9.63,10.17,10.03,,-2.0462,6.125,4.687
2020-02-11T05:31:00.0,9.91,9.63,9.71,,-2.0462,6.187,4.687
2020-02-11T05:32:00.0,9.91,9.53,9.71,,-2.0462,6.187,4.625
2020-02-11T05:33:00.0,9.67,10.03,9.75,,-2.0462,6.187,4.625
2020-02-11T05:34:00.0,9.77,10.03,9.77,,-2.0462,6.25,4.625
2020-02-11T05:35:00.0,9.75,9.63,9.57,,-2.0462,6.25,4.625
2020-02-11T05:36:00.0,8.61,9.47,9.11,,-2.0462,6.312,4.687
2020-02-11T05:37:00.0,8.33,8.87,9.01,,-2.0462,6.312,4.687
2020-02-11T05:38:00.0,9.11,9.47,9.39,,-2.0462,6.312,4.687
2020-02-11T05:39:00.0,10.13,10.37,10.31,,-2.0462,6.312,4.812
2020-02-11T05:40:00.0,10.83,10.37,10.17,,-2.0462,6.312,4.812
2020-02-11T05:41:00.0,9.39,9.77,9.57,,-2.0462,6.375,4.875
2020-02-11T05:42:00.0,9.91,10.17,10.41,,-2.0462,6.375,4.875
2020-02-11T05:43:00.0,10.05,10.19,10.03,,-2.0462,6.375,4.875
2020-02-11T05:44:00.0,10.31,9.99,10.19,,-2.0462,6.375,4.875
2020-02-11T05:45:00.0,9.61,9.57,9.63,,-2.0462,6.375,4.875
2020-02-11T05:46:00.0,8.83,9.11,9.15,,-2.0462,6.375,4.812
2020-02-11T05:47:00.0,9.39,9.67,9.89,,-2.0462,6.312,4.75
2020-02-11T05:48:00.0,9.63,9.63,9.61,,-2.0462,6.312,4.812
2020-02-11T05:49:00.0,9.67,9.95,9.81,,-2.0462,6.312,4.812
2020-02-11T05:50:00.0,,,,,-2.0462,6.25,4.75
2020-02-11T05:51:00.0,9.11,9.25,9.33,,-2.0462,6.25,4.75
2020-02-11T05:52:00.0,8.29,8.69,8.71,,-2.0462,6.187,4.75
2020-02-11T05:53:00.0,8.65,9.39,9.57,,-2.0462,6.187,4.687
2020-02-11T05:54:00.0,9.49,9.63,9.47,,-2.0462,6.125,4.687
2020-02-11T05:55:00.0,9.77,9.75,9.63,,-2.0462,6.125,4.625
2020-02-11T05:56:00.0,,,,,,,
2020-02-11T05:57:00.0,8.87,9.49,9.43,,-2.0462,6.125,4.625
2020-02-11T05:58:00.0,9.43,9.67,9.63,,-2.0462,6.062,4.625
2020-02-11T05:59:00.0,9.81,9.75,9.85,,-2.0462,6.062,4.625
2020-02-11T06:00:00.0,9.33,9.61,9.19,,-2.0462,6.062,4.625
2020-02-11T06:01:00.0,8.19,8.55,9.03,,-2.0462,6,4.562
2020-02-11T06:02:00.0,8.75,9.53,9.21,,-2.0462,6,4.5
2020-02-11T06:03:00.0,10.05,9.39,9.61,,-2.0462,6,4.5
2020-02-11T06:04:00.0,10.03,9.57,9.43,,-2.0462,6,4.5
2020-02-11T06:05:00.0,9.15,9.67,9.15,,-2.0462,6,4.562
2020-02-11T06:06:00.0,8.79,8.97,9.33,,-2.0462,6,4.625
2020-02-11T06:07:00.0,,,,,,,
2020-02-11T06:08:00.0,7.87,8.59,8.47,,-2.0462,6.062,4.687
2020-02-11T06:09:00.0,7.65,8.19,7.95,,-2.0462,6.125,4.687
2020-02-11T06:10:00.0,7.61,7.87,7.69,,-2.0462,6.125,4.687
2020-02-11T06:11:00.0,7.37,7.91,7.73,,-2.0462,6.125,4.687
2020-02-11T06:12:00.0,7.61,7.97,7.59,,-2.0462,6.125,4.75
2020-02-11T06:13:00.0,7.33,7.47,6.97,,-2.0462,6.187,4.75
2020-02-11T06:14:00.0,,,,,,,
2020-02-11T06:15:00.0,7.19,7.33,7.01,,-2.0462,6.187,4.875
2020-02-11T06:16:00.0,7.01,7.23,6.91,,-2.0462,6.187,4.875
2020-02-11T06:17:00.0,7.05,7.29,7.15,,-2.0462,6.187,4.875
2020-02-11T06:18:00.0,7.01,6.61,6.57,,-2.0462,6.187,4.937
2020-02-11T06:19:00.0,6.97,7.05,6.47,,-2.0462,6.187,4.875
2020-02-11T06:20:00.0,6.93,6.91,6.51,,-2.0462,6.125,4.812
2020-02-11T06:21:00.0,6.87,6.97,5.95,,-2.0462,6.125,4.812
2020-02-11T06:22:00.0,6.65,7.09,6.47,,-2.0462,6.125,4.875
2020-02-11T06:23:00.0,6.53,6.83,6.11,,-2.0462,6.125,4.937
2020-02-11T06:24:00.0,7.15,6.79,6.29,,-2.0462,6.062,4.937
2020-02-11T06:25:00.0,6.79,6.79,6.29,,-2.0462,6.062,4.937
2020-02-11T06:26:00.0,7.23,7.19,6.35,,-2.0462,6.062,4.937
2020-02-11T06:27:00.0,6.53,6.97,6.11,,-2.0462,6.125,4.937
2020-02-11T06:28:00.0,6.73,6.73,5.85,,-2.0462,6.125,4.875
2020-02-11T06:29:00.0,6.91,6.39,6.13,,-2.0462,6.125,4.937
2020-02-11T06:30:00.0,6.87,6.97,6.11,,-2.0462,6.125,4.937
2020-02-11T06:31:00.0,6.79,6.93,6.17,,-2.0462,6.125,4.937
2020-02-11T06:32:00.0,6.51,7.05,5.99,,-2.0462,6.187,4.937
2020-02-11T06:33:00.0,7.19,6.79,5.89,,-2.0462,6.187,4.937
2020-02-11T06:34:00.0,6.91,6.97,6.17,,-2.0462,6.187,4.937
2020-02-11T06:35:00.0,6.97,6.91,6.35,,-2.0462,6.25,4.937
2020-02-11T06:36:00.0,7.01,7.15,6.35,,-2.0462,6.25,4.937
2020-02-11T06:37:00.0,6.87,6.73,6.21,,-2.0462,6.312,4.937
2020-02-11T06:38:00.0,6.83,6.79,6.17,,-2.0462,6.375,4.937
2020-02-11T06:39:00.0,6.83,7.11,6.21,,-2.0462,6.375,4.937
2020-02-11T06:40:00.0,7.11,7.11,6.39,,-2.0462,6.312,5
2020-02-11T06:41:00.0,6.53,5.95,6.03,,-2.0462,6.312,4.937
2020-02-11T06:42:00.0,6.73,6.91,6.03,,-2.0462,6.312,4.937
2020-02-11T06:43:00.0,7.19,6.57,5.77,,-2.0462,6.312,4.937
2020-02-11T06:44:00.0,6.61,6.79,5.81,,-2.0462,6.312,5
2020-02-11T06:45:00.0,6.65,6.79,6.25,,-2.0462,6.375,5
2020-02-11T06:46:00.0,7.23,6.79,5.89,,-2.0462,6.375,5
2020-02-11T06:47:00.0,6.35,6.69,6.43,,-2.0462,6.437,5
2020-02-11T06:48:00.0,6.61,7.05,5.95,,-2.0462,6.5,5
2020-02-11T06:49:00.0,6.61,6.79,6.25,,-2.0462,6.562,5
2020-02-11T06:50:00.0,6.73,6.69,6.03,,-2.0462,6.562,5
2020-02-11T06:51:00.0,6.75,6.53,5.89,,-2.0462,6.562,5
2020-02-11T06:52:00.0,6.75,6.69,6.29,,-2.0462,6.562,4.937
2020-02-11T06:53:00.0,6.33,6.43,5.77,,-2.0462,6.5,5
2020-02-11T06:54:00.0,6.61,6.47,6.07,,-2.0462,6.437,5
2020-02-11T06:55:00.0,6.57,6.83,6.13,,-2.0462,6.437,5
2020-02-11T06:56:00.0,6.53,6.57,6.17,,-2.0462,6.437,5
2020-02-11T06:57:00.0,6.65,6.87,6.29,,-2.0462,6.437,5
2020-02-11T06:58:00.0,6.57,6.61,5.89,,-2.0462,6.437,4.937
2020-02-11T06:59:00.0,6.51,6.91,5.81,,-2.0462,6.375,4.937
2020-02-11T07:00:00.0,6.75,6.73,5.95,,-2.0462,6.375,4.937
2020-02-11T07:01:00.0,6.87,6.79,6.17,,-2.0462,6.375,4.937
2020-02-11T07:02:00.0,7.05,7.15,6.07,,-2.0462,6.375,4.937
2020-02-11T07:03:00.0,6.79,6.75,6.17,,-2.0462,6.375,4.937
2020-02-11T07:04:00.0,6.79,6.69,6.29,,-2.0462,6.375,4.937
2020-02-11T07:05:00.0,6.79,6.75,6.35,,-2.0462,6.437,4.937
2020-02-11T07:06:00.0,6.69,6.79,6.11,,-2.0462,6.437,4.937
2020-02-11T07:07:00.0,6.87,6.87,6.39,,-2.0462,6.5,4.937
2020-02-11T07:08:00.0,6.83,6.79,6.29,,-2.0462,6.5,4.875
2020-02-11T07:09:00.0,6.73,6.79,5.95,,-2.0462,6.5,4.875
2020-02-11T07:10:00.0,6.91,6.91,6.13,,-2.0462,6.437,4.875
2020-02-11T07:11:00.0,6.87,6.73,6.39,,-2.0462,6.437,4.937
2020-02-11T07:12:00.0,7.11,6.79,6.39,,-2.0462,6.437,5
2020-02-11T07:13:00.0,7.45,6.69,6.29,,-2.0462,6.5,5
2020-02-11T07:14:00.0,7.01,6.97,6.21,,-2.0462,6.5,5
2020-02-11T07:15:00.0,7.37,6.87,6.11,,-2.0462,6.562,5
2020-02-11T07:16:00.0,6.53,7.27,5.55,,-2.0462,6.562,5.062
2020-02-11T07:17:00.0,6.93,6.87,6.33,,-2.0462,6.562,5.062
2020-02-11T07:18:00.0,6.97,6.91,6.11,,-2.0462,6.562,5.062
2020-02-11T07:19:00.0,6.87,6.75,6.07,,-2.0462,6.562,5.125
2020-02-11T07:20:00.0,6.83,6.97,6.29,,-2.0462,6.5,5.125
2020-02-11T07:21:00.0,6.87,6.97,6.17,,-2.0462,6.5,5.125
2020-02-11T07:22:00.0,6.83,7.09,6.11,,-2.0462,6.5,5.125
2020-02-11T07:23:00.0,7.59,7.09,6.57,,-2.0462,6.5,5.125
2020-02-11T07:24:00.0,7.15,7.19,6.51,,-2.0462,6.562,5.125
2020-02-11T07:25:00.0,7.95,7.79,6.79,,-2.0462,6.625,5.187
2020-02-11T07:26:00.0,7.87,7.73,6.75,,-2.0462,6.687,5.25
2020-02-11T07:27:00.0,8.01,7.69,6.97,,-2.0462,6.812,5.312
2020-02-11T07:28:00.0,7.73,7.23,7.05,,-2.0462,6.937,5.312
2020-02-11T07:29:00.0,8.45,8.15,7.15,,-2.0462,7,5.312
2020-02-11T07:30:00.0,7.97,7.91,7.01,,-2.0462,7.062,5.25
2020-02-11T07:31:00.0,7.95,8.05,7.09,,-2.0462,7.125,5.25
2020-02-11T07:32:00.0,7.87,7.55,6.69,,-2.0462,7.125,5.187
2020-02-11T07:33:00.0,7.77,7.95,7.11,,-2.0462,7.125,5.187
2020-02-11T07:34:00.0,8.37,8.47,7.27,,-2.0462,7.125,5.125
2020-02-11T07:35:00.0,8.97,8.65,7.79,,-2.0462,7.187,5.187
2020-02-11T07:36:00.0,8.51,9.15,7.91,,-2.0462,7.375,5.312
2020-02-11T07:37:00.0,9.21,8.97,8.05,,-2.0462,7.5,5.312
2020-02-11T07:38:00.0,10.13,10.03,8.97,,-2.0462,7.562,5.375
2020-02-11T07:39:00.0,10.95,11.09,9.33,,-2.0462,7.875,5.5
2020-02-11T07:40:00.0,10.51,10.55,8.75,,-2.0462,8.187,5.687
2020-02-11T07:41:00.0,10.71,11.07,9.57,,-2.0462,8.375,5.687
2020-02-11T07:42:00.0,10.61,10.47,9.35,,-2.0462,8.562,5.625
2020-02-11T07:43:00.0,10.09,10.17,8.65,,-2.0462,8.625,5.625
2020-02-11T07:44:00.0,9.19,9.43,8.59,,-2.0462,8.625,5.437
2020-02-11T07:45:00.0,9.61,9.81,8.71,,-2.0462,8.562,5.375
2020-02-11T07:46:00.0,9.81,9.49,8.61,,-2.0462,8.5,5.312
2020-02-11T07:47:00.0,10.13,10.17,9.07,,-2.0462,8.375,5.25
2020-02-11T07:48:00.0,10.71,10.51,9.25,,-2.0462,8.375,5.312
2020-02-11T07:49:00.0,11.93,11.79,9.95,,-2.0462,8.5,5.437
2020-02-11T07:50:00.0,12.87,12.27,10.51,,-2.0462,8.75,5.625
2020-02-11T07:51:00.0,13.85,13.21,11.13,,-2.0462,9,5.75
2020-02-11T07:52:00.0,14.01,13.39,11.75,,-2.0462,9.437,6.062
2020-02-11T07:53:00.0,14.59,13.89,11.85,,-2.0462,9.812,6.25
2020-02-11T07:54:00.0,15.05,14.29,12.19,,-2.0462,10.25,6.312
2020-02-11T07:55:00.0,13.91,13.45,11.85,,-2.0462,10.5,6.312
2020-02-11T07:56:00.0,14.71,14.21,12.03,,-2.0462,10.625,6.187
2020-02-11T07:57:00.0,15.01,13.81,12.47,,-2.0462,10.812,6.187
2020-02-11T07:58:00.0,15.11,13.79,12.37,,-2.0462,11.062,6.312
2020-02-11T07:59:00.0,13.55,13.41,11.47,,-2.0462,11.125,6.25
2020-02-11T08:00:00.0,12.95,12.57,11.41,,-2.0462,11.062,6.125
2020-02-11T08:01:00.0,11.93,11.75,10.95,,-2.0462,11,6.125
2020-02-11T08:02:00.0,12.43,12.05,10.79,,-2.0462,10.812,5.75
2020-02-11T08:03:00.0,12.05,11.65,10.17,,-2.0462,10.625,5.75
2020-02-11T08:04:00.0,11.23,10.89,10.05,,-2.0462,10.437,5.625
2020-02-11T08:05:00.0,11.03,10.75,9.33,,-2.0462,10.187,5.5
2020-02-11T08:06:00.0,10.85,10.51,9.47,,-2.0462,9.937,5.437
2020-02-11T08:07:00.0,10.95,10.47,9.25,,-2.0462,9.687,5.375
2020-02-11T08:08:00.0,10.23,10.27,9.15,,-2.0462,9.5,5.25
2020-02-11T08:09:00.0,10.13,9.99,8.97,,-2.0462,9.375,5.187
2020-02-11T08:10:00.0,10.41,9.95,8.97,,-2.0462,9.25,5.125
2020-02-11T08:11:00.0,10.57,10.37,9.15,,-2.0462,9.062,5.125
2020-02-11T08:12:00.0,10.23,9.67,8.93,,-2.0462,8.937,5.187
2020-02-11T08:13:00.0,10.27,9.89,9.07,,-2.0462,8.812,5.187
2020-02-11T08:14:00.0,10.33,10.43,9.11,,-2.0462,8.687,5.187
2020-02-11T08:15:00.0,11.41,10.43,9.89,,-2.0462,8.625,5.25
2020-02-11T08:16:00.0,11.61,10.79,9.75,,-2.0462,8.625,5.25
2020-02-11T08:17:00.0,11.71,10.89,9.63,,-2.0462,8.687,5.5
2020-02-11T08:18:00.0,11.95,10.47,10.17,,-2.0462,8.75,5.5
2020-02-11T08:19:00.0,12.43,11.47,10.27,,-2.0462,8.812,5.5
2020-02-11T08:20:00.0,12.13,11.55,10.23,,-2.0462,8.812,5.687
2020-02-11T08:21:00.0,13.41,12.17,11.17,,-2.0462,9.062,5.687
2020-02-11T08:22:00.0,13.31,11.79,10.89,,-2.0462,9.25,5.812
2020-02-11T08:23:00.0,12.61,11.41,10.41,,-2.0462,9.375,5.875
2020-02-11T08:24:00.0,12.71,11.79,10.55,,-2.0462,9.437,6
2020-02-11T08:25:00.0,12.95,11.71,10.71,,-2.0462,9.5,6
2020-02-11T08:26:00.0,13.59,11.93,10.71,,-2.0462,9.562,6.062
2020-02-11T08:27:00.0,13.65,11.81,10.95,,-2.0462,9.75,6.187
2020-02-11T08:28:00.0,14.11,11.99,11.23,,-2.0462,9.875,6.187
2020-02-11T08:29:00.0,13.11,11.55,10.57,,-2.0462,10.062,6.25
2020-02-11T08:30:00.0,11.99,11.17,10.23,,-2.0462,10.125,6.25
2020-02-11T08:31:00.0,12.57,10.99,10.23,,-2.0462,10.062,6.187
2020-02-11T08:32:00.0,12.23,11.23,10.17,,-2.0462,9.937,6.125
2020-02-11T08:33:00.0,11.45,10.93,9.89,,-2.0462,9.875,6.062
2020-02-11T08:34:00.0,10.99,10.51,9.47,,-2.0462,9.687,6
2020-02-11T08:35:00.0,10.89,10.69,9.61,,-2.0462,9.5,5.875
2020-02-11T08:36:00.0,11.27,10.95,9.77,,-2.0462,9.312,5.875
2020-02-11T08:37:00.0,11.57,10.61,10.13,,-2.0462,9.25,5.937
2020-02-11T08:38:00.0,,,,,,,
2020-02-11T08:39:00.0,11.27,10.69,9.71,,-2.0462,9.062,5.875
2020-02-11T08:40:00.0,10.75,10.31,9.03,,-2.0462,9,5.812
2020-02-11T08:41:00.0,10.37,9.81,9.21,,-2.0462,8.812,5.75
2020-02-11T08:42:00.0,10.05,9.53,9.03,,-2.0462,8.687,5.75
2020-02-11T08:43:00.0,10.43,10.19,9.11,,-2.0462,8.562,5.687
2020-02-11T08:44:00.0,10.27,9.89,9.01,,-2.0462,8.5,5.687
2020-02-11T08:45:00.0,10.65,10.09,9.29,,-2.0462,8.375,5.687
2020-02-11T08:46:00.0,10.69,10.13,9.11,,-2.0462,8.375,5.75
2020-02-11T08:47:00.0,11.03,10.61,9.99,,-2.0462,8.375,5.75
2020-02-11T08:48:00.0,11.23,10.51,9.53,,-2.0462,8.437,5.812
2020-02-11T08:49:00.0,10.89,10.43,9.57,,-2.0462,8.5,5.812
2020-02-11T08:50:00.0,11.79,10.85,10.65,,-2.0462,8.5,5.812
2020-02-11T08:51:00.0,,,,,,,
2020-02-11T08:52:00.0,11.47,,,,-2.0462,8.687,5.875
2020-02-11T08:53:00.0,11.57,11.21,10.41,,-2.0462,8.812,5.812
2020-02-11T08:54:00.0,12.57,11.23,11.89,,-2.0462,8.875,5.937
2020-02-11T08:55:00.0,12.13,10.95,10.93,,-2.0462,9.062,6.062
2020-02-11T08:56:00.0,12.37,12.03,11.47,,-2.0462,9.125,6
2020-02-11T08:57:00.0,12.19,10.71,11.17,,-2.0462,9.25,6
2020-02-11T08:58:00.0,12.71,11.79,11.45,,-2.0462,9.312,6
2020-02-11T08:59:00.0,12.61,12.23,11.71,,-2.0462,9.375,6
2020-02-11T09:00:00.0,13.41,12.63,12.81,,-2.0462,9.5,6.125
2020-02-11T09:01:00.0,13.89,13.01,12.87,,-2.0462,9.687,6.187
2020-02-11T09:02:00.0,15.51,13.75,14.95,,-2.0462,9.812,6.25
2020-02-11T09:03:00.0,16.21,14.15,15.37,,-2.0462,10.187,6.437
2020-02-11T09:04:00.0,,,,,,,
2020-02-11T09:05:00.0,16.01,13.95,15.01,,-2.0462,10.875,6.687
2020-02-11T09:06:00.0,16.43,14.65,15.19,,-2.0462,11.125,6.812
2020-02-11T09:07:00.0,16.91,14.75,15.57,,-2.0462,11.437,7
2020-02-11T09:08:00.0,16.75,14.61,16.13,,-2.0462,11.625,6.937
2020-02-11T09:09:00.0,17.11,14.65,16.39,,-2.0462,11.875,6.937
2020-02-11T09:10:00.0,17.01,14.75,16.27,,-2.0462,12,6.875
2020-02-11T09:11:00.0,17.01,14.29,16.17,,-2.0462,12.25,6.937
2020-02-11T09:12:00.0,16.37,14.45,15.31,,-2.0462,12.375,6.875
2020-02-11T09:13:00.0,16.21,13.55,14.91,,-2.0462,12.312,6.812
2020-02-11T09:14:00.0,15.61,13.75,14.65,,-2.0462,12.187,6.75
2020-02-11T09:15:00.0,14.45,12.29,14.35,,-2.0462,12.062,6.625
2020-02-11T09:16:00.0,13.89,12.51,13.59,,-2.0462,11.875,6.562
2020-02-11T09:17:00.0,13.95,12.43,13.21,,-2.0462,11.562,6.5
2020-02-11T09:18:00.0,13.45,11.85,12.77,,-2.0462,11.25,6.437
2020-02-11T09:19:00.0,12.83,11.57,11.95,,-2.0462,10.937,6.25
2020-02-11T09:20:00.0,12.27,11.21,11.65,,-2.0462,10.625,6.125
2020-02-11T09:21:00.0,13.25,11.27,11.57,,-2.0462,10.375,6.062
2020-02-11T09:22:00.0,12.63,11.37,11.27,,-2.0462,10.25,6.062
2020-02-11T09:23:00.0,,,,,,,
2020-02-11T09:24:00.0,11.79,11.61,10.65,,-2.0462,9.75,5.937
2020-02-11T09:25:00.0,11.75,11.07,10.75,,-2.0462,9.562,5.937
2020-02-11T09:26:00.0,12.43,11.45,11.23,,-2.0462,9.375,5.937
2020-02-11T09:27:00.0,12.67,11.27,11.37,,-2.0462,9.25,6
2020-02-11T09:28:00.0,12.51,11.81,11.13,,-2.0462,9.187,5.937
2020-02-11T09:29:00.0,12.91,12.13,11.45,,-2.0462,9.125,6
2020-02-11T09:30:00.0,13.21,11.75,11.61,,-2.0462,9.125,6.062
2020-02-11T09:31:00.0,12.95,11.33,11.71,,-2.0462,9.125,6.187
2020-02-11T09:32:00.0,12.73,12.09,11.45,,-2.0462,9.187,6.125
2020-02-11T09:33:00.0,12.61,11.89,11.41,,-2.0462,9.125,6.125
2020-02-11T09:34:00.0,12.19,11.55,10.99,,-2.0462,9.187,6.125
2020-02-11T09:35:00.0,11.99,11.45,10.57,,-2.0462,9.125,6.125
2020-02-11T09:36:00.0,12.05,11.65,10.71,,-2.0462,9.062,6.062
2020-02-11T09:37:00.0,11.37,10.95,10.41,,-2.0462,9,6.062
2020-02-11T09:38:00.0,12.09,10.83,10.47,,-2.0462,8.937,6
2020-02-11T09:39:00.0,11.41,11.23,10.19,,-2.0462,8.875,5.875
2020-02-11T09:40:00.0,11.17,10.33,9.77,,-2.0462,8.75,5.875
2020-02-11T09:41:00.0,11.71,10.69,10.31,,-2.0462,8.625,5.812
2020-02-11T09:42:00.0,10.71,10.71,9.99,,-2.0462,8.562,5.812
2020-02-11T09:43:00.0,10.83,10.79,9.77,,-2.0462,8.5,5.875
2020-02-11T09:44:00.0,11.23,10.79,10.33,,-2.0462,8.437,5.875
2020-02-11T09:45:00.0,11.17,9.47,9.47,,-2.0462,8.437,5.937
2020-02-11T09:46:00.0,10.69,10.37,9.35,,-2.0462,8.375,5.937
2020-02-11T09:47:00.0,10.19,10.31,9.43,,-2.0462,8.375,5.875
2020-02-11T09:48:00.0,10.99,10.47,9.19,,-2.0462,8.312,5.875
2020-02-11T09:49:00.0,10.83,10.33,9.49,,-2.0462,8.25,5.875
2020-02-11T09:50:00.0,10.79,10.57,9.63,,-2.0462,8.25,5.875
2020-02-11T09:51:00.0,10.61,10.19,9.33,,-2.0462,8.25,5.875
2020-02-11T09:52:00.0,10.79,10.31,9.61,,-2.0462,8.187,5.875
2020-02-11T09:53:00.0,11.13,10.47,9.77,,-2.0462,8.187,5.937
2020-02-11T09:54:00.0,12.29,11.55,10.75,,-2.0462,8.187,5.937
2020-02-11T09:55:00.0,12.03,10.71,10.65,,-2.0462,8.312,6
2020-02-11T09:56:00.0,11.79,11.27,10.41,,-2.0462,8.437,6.062
2020-02-11T09:57:00.0,11.65,11.51,10.33,,-2.0462,8.5,6.062
2020-02-11T09:58:00.0,11.81,11.09,10.57,,-2.0462,8.562,6
2020-02-11T09:59:00.0,13.21,12.47,11.09,,-2.0462,8.562,6.062
2020-02-11T10:00:00.0,12.97,12.19,10.03,,-2.0462,8.687,6.187
2020-02-11T10:01:00.0,12.77,12.13,11.07,,-2.0462,8.75,6.187
2020-02-11T10:02:00.0,12.81,11.89,11.23,,-2.0462,8.875,6.187
2020-02-11T10:03:00.0,12.53,12.19,11.45,,-2.0462,9,6.187
2020-02-11T10:04:00.0,13.21,11.93,10.93,,-2.0462,9,6.125
2020-02-11T10:05:00.0,12.47,11.81,11.03,,-2.0462,9.062,6.125
2020-02-11T10:06:00.0,12.19,11.31,11.03,,-2.0462,9.125,6.125
2020-02-11T10:07:00.0,12.51,11.67,10.93,,-2.0462,9.125,6.125
2020-02-11T10:08:00.0,12.73,11.89,11.09,,-2.0462,9.125,6.125
2020-02-11T10:09:00.0,13.21,11.95,11.09,,-2.0462,9.062,6.187
2020-02-11T10:10:00.0,12.67,11.65,11.13,,-2.0462,9.125,6.25
2020-02-11T10:11:00.0,11.99,11.67,11.51,,-2.0462,9.187,6.125
2020-02-11T10:12:00.0,12.91,11.81,11.57,,-2.0462,9.125,6.062
2020-02-11T10:13:00.0,13.71,12.13,11.85,,-2.0462,9.187,6.125
2020-02-11T10:14:00.0,14.05,13.49,12.91,,-2.0462,9.25,6.25
2020-02-11T10:15:00.0,14.09,13.35,13.21,,-2.0462,9.375,6.375
2020-02-11T10:16:00.0,15.21,14.05,13.41,,-2.0462,9.562,6.5
2020-02-11T10:17:00.0,15.45,14.05,13.31,,-2.0462,9.75,6.5
2020-02-11T10:18:00.0,14.85,13.75,13.81,,-2.0462,9.937,6.5
2020-02-11T10:19:00.0,14.11,12.83,13.07,,-2.0462,10,6.5
2020-02-11T10:20:00.0,,,,,,,
2020-02-11T10:21:00.0,13.65,13.21,13.69,,-2.0462,10.125,6.5
2020-02-11T10:22:00.0,14.85,14.39,15.01,,-2.0462,10.187,6.5
2020-02-11T10:23:00.0,14.75,14.35,15.19,,-2.0462,10.312,6.625
2020-02-11T10:24:00.0,15.09,14.75,15.47,,-2.0462,10.437,6.562
2020-02-11T10:25:00.0,15.51,14.45,15.35,,-2.0462,10.562,6.625
2020-02-11T10:26:00.0,14.71,14.49,15.57,,-2.0462,10.687,6.625
2020-02-11T10:27:00.0,15.31,15.55,16.63,,-2.0462,10.812,6.75
2020-02-11T10:28:00.0,15.41,15.29,15.41,,-2.0462,11,6.75
2020-02-11T10:29:00.0,14.41,14.31,14.99,,-2.0462,11.062,6.687
2020-02-11T10:30:00.0,13.79,14.19,14.85,,-2.0462,10.875,6.562
2020-02-11T10:31:00.0,14.31,13.75,15.19,,-2.0462,10.812,6.687
2020-02-11T10:32:00.0,14.31,14.89,16.43,,-2.0462,10.937,6.75
2020-02-11T10:33:00.0,15.01,16.01,17.73,,-2.0462,11.062,6.875
2020-02-11T10:34:00.0,15.87,17.69,18.97,,-2.0462,11.375,7
2020-02-11T10:35:00.0,16.11,17.73,19.71,,-2.0462,11.687,7.25
2020-02-11T10:36:00.0,16.63,19.33,21.27,,-2.0462,12.062,7.25
2020-02-11T10:37:00.0,16.75,19.33,21.29,,-2.0462,12.437,7.5
2020-02-11T10:38:00.0,16.69,19.67,22.05,,-2.0462,12.875,7.625
2020-02-11T10:39:00.0,16.11,19.01,21.27,,-2.0462,13.125,7.687
2020-02-11T10:40:00.0,17.57,20.23,22.51,,-2.0462,13.375,7.687
2020-02-11T10:41:00.0,17.75,20.93,23.63,,-2.0462,13.562,7.75
2020-02-11T10:42:00.0,17.27,19.99,23.45,,-2.0462,13.875,7.875
2020-02-11T10:43:00.0,17.27,20.43,23.63,,-2.0462,14.125,7.875
2020-02-11T10:44:00.0,17.05,20.55,23.69,,-2.0462,14.25,7.875
2020-02-11T10:45:00.0,16.91,20.37,23.57,,-2.0462,14.375,7.937
2020-02-11T10:46:00.0,16.75,20.59,23.65,,-2.0462,14.437,8
2020-02-11T10:47:00.0,16.11,19.07,23.03,,-2.0462,14.5,7.875
2020-02-11T10:48:00.0,15.81,19.71,23.29,,-2.0462,14.562,7.75
2020-02-11T10:49:00.0,16.21,19.55,22.81,,-2.0462,14.437,7.75
2020-02-11T10:50:00.0,16.59,20.59,23.33,,-2.0462,14.312,7.625
2020-02-11T10:51:00.0,17.51,21.37,24.11,,-2.0462,14.312,7.812
2020-02-11T10:52:00.0,17.31,20.61,23.63,,-2.0462,14.312,7.812
2020-02-11T10:53:00.0,17.51,21.43,23.87,,-2.0462,14.437,7.875
2020-02-11T10:54:00.0,17.27,21.11,23.79,,-2.0462,14.5,7.812
2020-02-11T10:55:00.0,16.47,20.59,23.51,,-2.0462,14.5,7.75
2020-02-11T10:56:00.0,16.89,20.61,23.53,,-2.0462,14.5,7.875
2020-02-11T10:57:00.0,17.53,21.51,24.27,,-2.0462,14.562,8
2020-02-11T10:58:00.0,16.73,20.61,23.41,,-2.0462,14.625,8.125
2020-02-11T10:59:00.0,16.33,21.43,23.85,,-2.0462,14.687,7.937
2020-02-11T11:00:00.0,16.89,21.27,23.53,,-2.0462,14.687,8
2020-02-11T11:01:00.0,16.89,21.43,23.63,,-2.0462,14.75,8.125
2020-02-11T11:02:00.0,17.73,22.31,23.59,,-2.0462,14.937,8.187
2020-02-11T11:03:00.0,18.05,22.51,24.09,,-2.0462,15.062,8.437
2020-02-11T11:04:00.0,18.87,22.89,23.47,,-2.0462,15.187,8.625
2020-02-11T11:05:00.0,19.01,23.23,23.69,,-2.0462,15.312,8.75
2020-02-11T11:06:00.0,17.67,22.35,23.53,,-2.0462,15.5,8.812
2020-02-11T11:07:00.0,19.41,23.87,22.87,,-2.0462,15.5,8.75
2020-02-11T11:08:00.0,20.01,24.11,22.69,,-2.0462,15.625,8.875
2020-02-11T11:09:00.0,19.67,24.41,21.97,,-2.0462,15.687,8.687
2020-02-11T11:10:00.0,20.81,25.49,23.15,,-2.0462,15.625,8.625
2020-02-11T11:11:00.0,20.99,24.27,23.35,,-2.0462,15.75,8.875
2020-02-11T11:12:00.0,21.17,25.17,23.05,,-2.0462,15.812,8.812
2020-02-11T11:13:00.0,20.67,24.53,22.89,,-2.0462,15.875,8.75
2020-02-11T11:14:00.0,20.51,23.11,22.19,,-2.0462,15.812,8.625
2020-02-11T11:15:00.0,19.57,21.79,21.83,,-2.0462,15.625,8.562
2020-02-11T11:16:00.0,19.63,20.33,20.45,,-2.0462,15.5,8.5
2020-02-11T11:17:00.0,18.01,18.49,19.93,,-2.0462,15.187,8.187
2020-02-11T11:18:00.0,18.87,20.15,20.17,,-2.0462,14.812,8
2020-02-11T11:19:00.0,18.79,21.39,21.15,,-2.0462,14.625,8
2020-02-11T11:20:00.0,20.77,23.11,22.11,,-2.0462,14.625,8.187
2020-02-11T11:21:00.0,21.07,23.69,22.37,,-2.0462,14.812,8.562
2020-02-11T11:22:00.0,21.27,24.21,22.41,,-2.0462,15.062,8.687
2020-02-11T11:23:00.0,21.15,23.15,22.25,,-2.0462,15.312,8.75
2020-02-11T11:24:00.0,20.31,23.15,22.05,,-2.0462,15.5,8.937
2020-02-11T11:25:00.0,20.17,23.27,21.85,,-2.0462,15.625,8.812
2020-02-11T11:26:00.0,19.41,22.87,21.61,,-2.0462,15.625,8.687
2020-02-11T11:27:00.0,19.89,22.43,21.15,,-2.0462,15.625,8.562
2020-02-11T11:28:00.0,19.55,22.11,20.89,,-2.0462,15.562,8.437
2020-02-11T11:29:00.0,20.61,23.63,20.87,,-2.0462,15.562,8.375
2020-02-11T11:30:00.0,20.67,23.91,21.29,,-2.0462,15.5,8.437
2020-02-11T11:31:00.0,19.47,21.73,20.71,,-2.0462,15.562,8.562
2020-02-11T11:32:00.0,18.95,21.77,20.33,,-2.0462,15.5,8.375
2020-02-11T11:33:00.0,19.39,22.41,20.09,,-2.0462,15.375,8.25
2020-02-11T11:34:00.0,18.69,20.87,19.35,,-2.0462,15.187,8.187
2020-02-11T11:35:00.0,18.95,21.49,18.65,,-2.0462,15,8.062
2020-02-11T11:36:00.0,19.39,21.73,18.63,,-2.0462,14.875,7.937
2020-02-11T11:37:00.0,19.13,22.07,18.97,,-2.0462,14.687,7.812
2020-02-11T11:38:00.0,17.89,20.61,18.41,,-2.0462,14.437,7.937
2020-02-11T11:39:00.0,17.53,20.39,18.27,,-2.0462,14.312,7.937
2020-02-11T11:40:00.0,15.65,16.63,15.87,,-2.0462,14.125,7.812
2020-02-11T11:41:00.0,14.09,15.41,14.41,,-2.0462,13.625,7.812
2020-02-11T11:42:00.0,12.91,14.19,13.79,,-2.0462,13,6.937
2020-02-11T11:43:00.0,13.01,13.45,13.61,,-2.0462,12.437,6.687
2020-02-11T11:44:00.0,12.87,13.41,13.11,,-2.0462,11.875,6.562
2020-02-11T11:45:00.0,12.29,13.21,12.39,,-2.0462,11.375,6.375
2020-02-11T11:46:00.0,11.67,12.39,12.51,,-2.0462,10.937,6.312
2020-02-11T11:47:00.0,11.75,12.05,12.03,,-2.0462,10.562,6.25
2020-02-11T11:48:00.0,11.03,11.81,11.67,,-2.0462,10.187,6.187
2020-02-11T11:49:00.0,11.07,11.33,11.75,,-2.0462,9.875,6.125
2020-02-11T11:50:00.0,11.21,11.79,11.81,,-2.0462,9.687,6.062
2020-02-11T11:51:00.0,11.55,11.81,11.21,,-2.0462,9.437,6.062
2020-02-11T11:52:00.0,11.17,11.55,11.07,,-2.0462,9.312,6.062
2020-02-11T11:53:00.0,10.65,11.33,10.69,,-2.0462,9.125,6
2020-02-11T11:54:00.0,10.51,11.07,10.51,,-2.0462,8.937,5.937
2020-02-11T11:55:00.0,10.69,11.21,10.79,,-2.0462,8.812,5.937
2020-02-11T11:56:00.0,10.85,11.27,10.95,,-2.0462,8.687,5.937
2020-02-11T11:57:00.0,10.85,11.27,10.47,,-2.0462,8.625,5.937
2020-02-11T11:58:00.0,10.65,10.99,10.61,,-2.0462,8.562,5.875
2020-02-11T11:59:00.0,10.83,10.93,10.57,,-2.0462,8.5,5.937
2020-02-11T12:00:00.0,10.83,11.21,10.55,,-2.0462,8.375,5.875
2020-02-11T12:01:00.0,11.23,11.65,10.95,,-2.0462,8.312,5.875
2020-02-11T12:02:00.0,11.07,11.55,11.17,,-2.0462,8.312,5.937
2020-02-11T12:03:00.0,11.27,12.09,11.33,,-2.0462,8.312,5.875
2020-02-11T12:04:00.0,11.37,11.85,11.23,,-2.0462,8.375,5.937
2020-02-11T12:05:00.0,11.37,11.79,11.21,,-2.0462,8.375,5.937
2020-02-11T12:06:00.0,11.41,12.03,10.93,,-2.0462,8.375,6
2020-02-11T12:07:00.0,11.67,12.19,11.17,,-2.0462,8.375,6
2020-02-11T12:08:00.0,11.85,12.27,11.09,,-2.0462,8.375,6.062
2020-02-11T12:09:00.0,12.17,12.05,11.85,,-2.0462,8.437,6.125
2020-02-11T12:10:00.0,12.51,12.13,11.75,,-2.0462,8.437,6.25
2020-02-11T12:11:00.0,12.33,12.77,11.89,,-2.0462,8.5,6.187
2020-02-11T12:12:00.0,12.39,12.39,11.61,,-2.0462,8.562,6.25
2020-02-11T12:13:00.0,12.53,12.39,11.55,,-2.0462,8.562,6.25
2020-02-11T12:14:00.0,12.73,12.77,11.89,,-2.0462,8.625,6.25
2020-02-11T12:15:00.0,12.83,12.81,12.09,,-2.0462,8.687,6.312
2020-02-11T12:16:00.0,12.83,12.63,12.05,,-2.0462,8.687,6.375
2020-02-11T12:17:00.0,12.83,12.73,12.27,,-2.0462,8.75,6.312
2020-02-11T12:18:00.0,13.11,12.57,12.03,,-2.0462,8.75,6.375
2020-02-11T12:19:00.0,13.17,12.77,12.17,,-2.0462,8.75,6.375
2020-02-11T12:20:00.0,12.51,12.57,12.05,,-2.0462,8.812,6.437
2020-02-11T12:21:00.0,13.59,12.83,12.05,,-2.0462,8.812,6.375
2020-02-11T12:22:00.0,13.51,12.87,12.27,,-2.0462,8.812,6.437
2020-02-11T12:23:00.0,13.05,12.37,11.89,,-2.0462,8.937,6.5
2020-02-11T12:24:00.0,13.17,12.37,12.09,,-2.0462,8.875,6.437
2020-02-11T12:25:00.0,13.25,12.27,11.95,,-2.0462,8.875,6.437
2020-02-11T12:26:00.0,13.49,12.43,12.13,,-2.0462,8.937,6.375
2020-02-11T12:27:00.0,12.73,12.09,11.93,,-2.0462,8.937,6.437
2020-02-11T12:28:00.0,13.25,12.27,12.19,,-2.0462,8.937,6.5
2020-02-11T12:29:00.0,13.81,12.47,12.43,,-2.0462,8.937,6.562
2020-02-11T12:30:00.0,,,,,,,
2020-02-11T12:31:00.0,13.59,12.57,12.81,,-2.0462,9.062,6.687
2020-02-11T12:32:00.0,13.81,12.63,12.53,,-2.0462,9.062,6.625
2020-02-11T12:33:00.0,14.11,12.97,12.43,,-2.0462,9.062,6.687
2020-02-11T12:34:00.0,13.81,12.81,12.27,,-2.0462,9.125,6.687
2020-02-11T12:35:00.0,13.69,12.81,12.03,,-2.0462,9.125,6.687
2020-02-11T12:36:00.0,14.01,12.71,12.27,,-2.0462,9.125,6.625
2020-02-11T12:37:00.0,13.39,12.67,12.27,,-2.0462,9.125,6.562
2020-02-11T12:38:00.0,13.31,12.37,11.81,,-2.0462,9.125,6.625
2020-02-11T12:39:00.0,13.55,12.77,12.43,,-2.0462,9.125,6.562
2020-02-11T12:40:00.0,13.99,12.91,12.63,,-2.0462,9.062,6.625
2020-02-11T12:41:00.0,14.15,13.07,12.33,,-2.0462,9.125,6.625
2020-02-11T12:42:00.0,13.71,12.63,12.23,,-2.0462,9.125,6.625
2020-02-11T12:43:00.0,13.55,12.97,12.27,,-2.0462,9.187,6.687
2020-02-11T12:44:00.0,13.89,12.73,12.47,,-2.0462,9.187,6.625
2020-02-11T12:45:00.0,14.21,12.91,12.43,,-2.0462,9.187,6.625
2020-02-11T12:46:00.0,13.69,12.27,12.19,,-2.0462,9.187,6.625
2020-02-11T12:47:00.0,14.05,13.75,12.47,,-2.0462,9.187,6.562
2020-02-11T12:48:00.0,14.39,13.45,12.53,,-2.0462,9.25,6.687
2020-02-11T12:49:00.0,14.09,13.11,12.23,,-2.0462,9.312,6.75
2020-02-11T12:50:00.0,13.85,13.07,12.13,,-2.0462,9.312,6.75
2020-02-11T12:51:00.0,13.69,12.91,12.29,,-2.0462,9.312,6.625
2020-02-11T12:52:00.0,14.39,12.51,12.37,,-2.0462,9.375,6.625
2020-02-11T12:53:00.0,14.09,13.11,12.33,,-2.0462,9.375,6.562
2020-02-11T12:54:00.0,13.65,12.91,12.47,,-2.0462,9.375,6.625
2020-02-11T12:55:00.0,13.35,13.15,12.03,,-2.0462,9.312,6.687
2020-02-11T12:56:00.0,13.51,12.97,12.03,,-2.0462,9.312,6.687
2020-02-11T12:57:00.0,13.79,12.97,12.47,,-2.0462,9.375,6.687
2020-02-11T12:58:00.0,13.79,13.51,12.23,,-2.0462,9.375,6.75
2020-02-11T12:59:00.0,13.41,12.91,11.71,,-2.0462,9.437,6.687
2020-02-11T13:00:00.0,13.41,13.01,11.71,,-2.0462,9.437,6.687
2020-02-11T13:01:00.0,13.61,12.73,12.03,,-2.0462,9.437,6.687
2020-02-11T13:02:00.0,13.81,12.83,12.19,,-2.0462,9.437,6.75
2020-02-11T13:03:00.0,14.19,13.15,12.39,,-2.0462,9.437,6.75
2020-02-11T13:04:00.0,13.85,13.01,12.53,,-2.0462,9.437,6.75
2020-02-11T13:05:00.0,14.89,13.41,13.01,,-2.0462,9.5,6.875
2020-02-11T13:06:00.0,14.71,13.25,12.71,,-2.0462,9.562,6.875
2020-02-11T13:07:00.0,15.21,13.95,12.73,,-2.0462,9.75,6.875
2020-02-11T13:08:00.0,15.01,13.79,13.15,,-2.0462,9.875,6.937
2020-02-11T13:09:00.0,14.95,13.69,13.11,,-2.0462,10,6.937
2020-02-11T13:10:00.0,,,,,,,
2020-02-11T13:11:00.0,14.89,13.71,13.17,,-2.0462,10.25,6.875
2020-02-11T13:12:00.0,15.41,13.89,13.27,,-2.0462,10.375,6.875
2020-02-11T13:13:00.0,15.19,13.79,13.21,,-2.0462,10.437,7
2020-02-11T13:14:00.0,15.11,13.75,13.07,,-2.0462,10.562,7
2020-02-11T13:15:00.0,15.11,14.01,13.05,,-2.0462,10.687,7
2020-02-11T13:16:00.0,14.91,13.65,13.35,,-2.0462,10.812,7.062
2020-02-11T13:17:00.0,14.99,13.59,13.21,,-2.0462,10.875,7.125
2020-02-11T13:18:00.0,15.19,13.55,13.41,,-2.0462,10.875,7.187
2020-02-11T13:19:00.0,14.95,13.07,13.07,,-2.0462,10.812,7
2020-02-11T13:20:00.0,15.55,13.51,13.21,,-2.0462,10.687,6.812
2020-02-11T13:21:00.0,16.21,14.35,13.65,,-2.0462,10.687,6.875
2020-02-11T13:22:00.0,16.37,14.01,13.99,,-2.0462,10.75,6.875
2020-02-11T13:23:00.0,,,,,,,
2020-02-11T13:24:00.0,16.47,14.19,14.19,,-2.0462,10.812,7.125
2020-02-11T13:25:00.0,16.49,13.71,13.85,,-2.0462,10.875,7.187
2020-02-11T13:26:00.0,16.49,13.89,14.09,,-2.0462,10.937,7.187
2020-02-11T13:27:00.0,16.43,13.61,14.31,,-2.0462,11,7.187
2020-02-11T13:28:00.0,16.07,13.45,13.95,,-2.0462,11,7.125
2020-02-11T13:29:00.0,15.87,13.45,13.71,,-2.0462,10.937,7.125
2020-02-11T13:30:00.0,15.55,13.39,13.39,,-2.0462,10.875,7.125
2020-02-11T13:31:00.0,15.31,13.61,13.65,,-2.0462,10.812,7.187
2020-02-11T13:32:00.0,14.99,12.95,13.59,,-2.0462,10.75,7.312
2020-02-11T13:33:00.0,15.51,13.01,13.81,,-2.0462,10.812,7.312
2020-02-11T13:34:00.0,14.01,12.23,12.87,,-2.0462,10.875,7.25
2020-02-11T13:35:00.0,14.91,12.47,13.59,,-2.0462,10.937,7.25
2020-02-11T13:36:00.0,16.07,13.49,13.81,,-2.0462,10.937,7.25
2020-02-11T13:37:00.0,16.07,13.81,13.69,,-2.0462,11,7.125
2020-02-11T13:38:00.0,16.13,13.41,13.65,,-2.0462,11.062,7.187
2020-02-11T13:39:00.0,,,,,,,
2020-02-11T13:40:00.0,15.09,12.71,13.75,,-2.0462,11,7.062
2020-02-11T13:41:00.0,15.67,13.49,14.01,,-2.0462,11,7.062
2020-02-11T13:42:00.0,16.29,13.71,13.79,,-2.0462,11.062,7.062
2020-02-11T13:43:00.0,15.57,13.17,13.75,,-2.0462,11.062,7
2020-02-11T13:44:00.0,16.07,13.39,13.07,,-2.0462,11.125,7.062
2020-02-11T13:45:00.0,16.65,14.05,14.49,,-2.0462,11.187,7.25
2020-02-11T13:46:00.0,16.75,13.89,14.55,,-2.0462,11.312,7.312
2020-02-11T13:47:00.0,15.91,13.35,14.25,,-2.0462,11.312,7.375
2020-02-11T13:48:00.0,18.53,14.51,15.41,,-2.0462,11.375,7.437
2020-02-11T13:49:00.0,18.33,14.39,15.21,,-2.0462,11.5,7.625
2020-02-11T13:50:00.0,19.63,14.99,16.03,,-2.0462,11.625,7.75
2020-02-11T13:51:00.0,19.83,15.01,16.39,,-2.0462,11.75,7.937
2020-02-11T13:52:00.0,21.21,15.55,17.15,,-2.0462,11.875,8.125
2020-02-11T13:53:00.0,22.31,15.93,17.69,,-2.0462,12.125,8.25
2020-02-11T13:54:00.0,20.15,15.01,16.69,,-2.0462,12.375,8.437
2020-02-11T13:55:00.0,21.77,15.71,17.79,,-2.0462,12.562,8.25
2020-02-11T13:56:00.0,23.63,16.07,19.03,,-2.0462,12.812,8.312
2020-02-11T13:57:00.0,21.63,15.41,18.71,,-2.0462,13.187,8.812
2020-02-11T13:58:00.0,23.59,15.75,19.77,,-2.0462,13.562,9.125
2020-02-11T13:59:00.0,24.45,16.43,20.11,,-2.0462,13.812,9.062
2020-02-11T14:00:00.0,26.97,17.41,21.57,,-2.0462,14.187,8.875
2020-02-11T14:01:00.0,24.05,16.23,20.17,,-2.0462,14.562,8.937
2020-02-11T14:02:00.0,28.25,17.73,22.59,,-2.0462,14.812,9.125
2020-02-11T14:03:00.0,25.19,16.27,21.51,,-2.0462,15.187,9.625
2020-02-11T14:04:00.0,22.81,15.45,20.37,,-2.0462,15.312,9.5
2020-02-11T14:05:00.0,27.61,17.47,22.69,,-2.0462,15.437,9.312
2020-02-11T14:06:00.0,24.51,16.13,21.15,,-2.0462,15.562,9.25
2020-02-11T14:07:00.0,24.83,15.67,21.27,,-2.0462,15.625,9.25
2020-02-11T14:08:00.0,25.93,16.75,21.77,,-2.0462,15.687,9.187
2020-02-11T14:09:00.0,25.91,16.69,22.41,,-2.0462,15.687,9.062
2020-02-11T14:10:00.0,24.05,15.85,21.45,,-2.0462,15.687,9.125
2020-02-11T14:11:00.0,24.11,15.93,21.57,,-2.0462,15.75,9.75
2020-02-11T14:12:00.0,21.67,14.91,20.39,,-2.0462,15.937,10.062
2020-02-11T14:13:00.0,22.25,14.81,20.23,,-2.0462,16.062,10
2020-02-11T14:14:00.0,21.15,14.45,19.51,,-2.0462,16.125,9.812
2020-02-11T14:15:00.0,21.91,14.91,19.77,,-2.0462,16.062,9.687
2020-02-11T14:16:00.0,21.17,15.29,19.19,,-2.0462,15.875,9.375
2020-02-11T14:17:00.0,22.63,15.09,20.59,,-2.0462,15.625,9
2020-02-11T14:18:00.0,22.65,15.75,20.01,,-2.0462,15.5,9.062
2020-02-11T14:19:00.0,27.31,16.49,23.09,,-2.0462,15.562,9.062
2020-02-11T14:20:00.0,28.65,17.25,24.29,,-2.0462,15.75,9.187
2020-02-11T14:21:00.0,25.79,16.03,22.35,,-2.0462,16.062,10
2020-02-11T14:22:00.0,21.71,14.91,20.43,,-2.0462,16.375,10.5
2020-02-11T14:23:00.0,18.81,13.81,19.13,,-2.0462,16.437,10.375
2020-02-11T14:24:00.0,18.15,13.27,17.79,,-2.0462,16.375,10.187
2020-02-11T14:25:00.0,16.89,12.97,16.83,,-2.0462,16.25,9.937
2020-02-11T14:26:00.0,15.77,12.39,16.07,,-2.0462,15.937,9.625
2020-02-11T14:27:00.0,15.97,12.53,15.91,,-2.0462,15.625,9.25
2020-02-11T14:28:00.0,14.39,12.13,15.05,,-2.0462,15.25,9.062
2020-02-11T14:29:00.0,14.85,12.33,15.01,,-2.0462,14.875,8.875
2020-02-11T14:30:00.0,15.55,11.93,14.29,,-2.0462,14.562,8.75
2020-02-11T14:31:00.0,15.61,12.05,14.31,,-2.0462,14.312,8.437
2020-02-11T14:32:00.0,15.81,12.17,14.15,,-2.0462,14.125,8.312
2020-02-11T14:33:00.0,18.43,13.31,15.93,,-2.0462,13.937,8.312
2020-02-11T14:34:00.0,21.97,14.61,18.33,,-2.0462,14.062,8.687
2020-02-11T14:35:00.0,25.23,16.21,20.87,,-2.0462,14.312,9.062
2020-02-11T14:36:00.0,22.75,15.65,19.55,,-2.0462,14.75,9.062
2020-02-11T14:37:00.0,18.17,13.65,16.79,,-2.0462,15.125,9.562
2020-02-11T14:38:00.0,17.27,13.35,16.29,,-2.0462,15.25,9
2020-02-11T14:39:00.0,16.47,13.25,16.01,,-2.0462,15.187,8.75
2020-02-11T14:40:00.0,17.09,12.95,15.31,,-2.0462,15,8.75
2020-02-11T14:41:00.0,16.33,12.63,14.85,,-2.0462,14.875,8.562
2020-02-11T14:42:00.0,16.73,12.67,14.75,,-2.0462,14.687,8.375
2020-02-11T14:43:00.0,,,,,,,
2020-02-11T14:44:00.0,14.89,11.67,13.71,,-2.0462,14.562,7.875
2020-02-11T14:45:00.0,14.49,11.99,13.61,,-2.0462,14.125,7.812
2020-02-11T14:46:00.0,14.11,11.89,13.21,,-2.0462,13.875,8
2020-02-11T14:47:00.0,14.35,12.23,13.15,,-2.0462,13.75,7.875
2020-02-11T14:48:00.0,14.71,11.89,13.45,,-2.0462,13.5,7.875
2020-02-11T14:49:00.0,14.09,12.03,13.27,,-2.0462,13.375,7.625
2020-02-11T14:50:00.0,14.21,11.85,13.05,,-2.0462,13.187,7.375
2020-02-11T14:51:00.0,13.35,11.61,12.77,,-2.0462,13.062,7.437
2020-02-11T14:52:00.0,12.95,11.17,12.77,,-2.0462,12.875,7.5
2020-02-11T14:53:00.0,12.73,11.03,12.27,,-2.0462,12.75,7.375
2020-02-11T14:54:00.0,12.43,10.57,12.23,,-2.0462,12.625,7.312
2020-02-11T14:55:00.0,11.81,10.61,12.03,,-2.0462,12.437,7.375
2020-02-11T14:56:00.0,12.43,10.75,12.17,,-2.0462,12.25,7.25
2020-02-11T14:57:00.0,12.13,10.95,11.95,,-2.0462,12.125,7.062
2020-02-11T14:58:00.0,12.19,10.95,11.89,,-2.0462,12,7.125
2020-02-11T14:59:00.0,12.33,10.79,11.67,,-2.0462,11.875,7.187
2020-02-11T15:00:00.0,11.65,10.51,11.41,,-2.0462,11.75,7.25
2020-02-11T15:01:00.0,12.63,10.85,12.05,,-2.0462,11.687,7.25
2020-02-11T15:02:00.0,,,,,,,
2020-02-11T15:03:00.0,13.25,11.09,11.89,,-2.0462,11.625,7.437
2020-02-11T15:04:00.0,13.05,11.27,12.05,,-2.0462,11.562,7.375
2020-02-11T15:05:00.0,12.87,11.23,11.75,,-2.0462,11.562,7.312
2020-02-11T15:06:00.0,13.11,11.13,12.13,,-2.0462,11.562,7.25
2020-02-11T15:07:00.0,12.63,10.79,12.09,,-2.0462,11.5,7.187
2020-02-11T15:08:00.0,12.73,10.99,11.41,,-2.0462,11.5,7.312
2020-02-11T15:09:00.0,13.05,10.93,11.75,,-2.0462,11.5,7.125
2020-02-11T15:10:00.0,12.51,10.95,11.75,,-2.0462,11.437,7.125
2020-02-11T15:11:00.0,11.99,10.69,11.41,,-2.0462,11.5,7.125
2020-02-11T15:12:00.0,11.99,10.71,11.67,,-2.0462,11.437,7.125
2020-02-11T15:13:00.0,11.79,10.69,11.89,,-2.0462,11.375,7.375
2020-02-11T15:14:00.0,12.77,11.07,11.95,,-2.0462,11.312,7.5
2020-02-11T15:15:00.0,13.07,11.33,11.99,,-2.0462,11.312,7.312
2020-02-11T15:16:00.0,12.97,10.99,11.95,,-2.0462,11.375,7.125
2020-02-11T15:17:00.0,13.15,11.33,12.29,,-2.0462,11.375,7.25
2020-02-11T15:18:00.0,12.51,10.85,12.03,,-2.0462,11.375,7.437
2020-02-11T15:19:00.0,12.29,11.23,10.99,,-2.0462,11.375,7.437
2020-02-11T15:20:00.0,12.57,11.13,12.29,,-2.0462,11.375,7.562
2020-02-11T15:21:00.0,,,,,,,
2020-02-11T15:22:00.0,13.21,11.93,11.99,,-2.0462,11.5,7.812
2020-02-11T15:23:00.0,12.73,11.45,12.67,,-2.0462,11.5,7.875
2020-02-11T15:24:00.0,13.15,11.47,12.61,,-2.0462,11.562,7.687
2020-02-11T15:25:00.0,12.53,11.07,12.73,,-2.0462,11.625,7.687
2020-02-11T15:26:00.0,12.81,11.31,12.67,,-2.0462,11.687,7.687
2020-02-11T15:27:00.0,12.57,11.31,12.37,,-2.0462,11.687,7.75
2020-02-11T15:28:00.0,12.91,11.07,12.73,,-2.0462,11.625,7.75
2020-02-11T15:29:00.0,13.99,12.19,13.41,,-2.0462,11.687,7.875
2020-02-11T15:30:00.0,14.05,12.09,12.97,,-2.0462,11.687,8
2020-02-11T15:31:00.0,13.31,11.65,12.97,,-2.0462,11.75,8
2020-02-11T15:32:00.0,14.65,12.57,13.25,,-2.0462,11.812,7.75
2020-02-11T15:33:00.0,14.45,12.29,13.35,,-2.0462,11.812,7.687
2020-02-11T15:34:00.0,13.27,11.27,12.67,,-2.0462,11.875,7.812
2020-02-11T15:35:00.0,13.31,11.67,12.95,,-2.0462,11.937,7.812
2020-02-11T15:36:00.0,13.81,11.71,12.67,,-2.0462,11.937,7.75
2020-02-11T15:37:00.0,13.25,11.37,12.33,,-2.0462,11.937,7.562
2020-02-11T15:38:00.0,13.81,11.93,13.05,,-2.0462,11.937,7.562
2020-02-11T15:39:00.0,13.85,11.55,12.83,,-2.0462,11.937,7.687
2020-02-11T15:40:00.0,13.59,11.37,12.43,,-2.0462,11.937,7.687
2020-02-11T15:41:00.0,13.99,11.67,13.01,,-2.0462,11.937,7.562
2020-02-11T15:42:00.0,13.31,11.61,12.53,,-2.0462,12,7.625
2020-02-11T15:43:00.0,13.27,11.45,12.29,,-2.0462,11.937,7.687
2020-02-11T15:44:00.0,13.69,11.51,12.97,,-2.0462,11.937,7.562
2020-02-11T15:45:00.0,13.35,11.67,12.63,,-2.0462,11.875,7.562
2020-02-11T15:46:00.0,13.41,11.37,12.95,,-2.0462,11.875,7.562
2020-02-11T15:47:00.0,14.91,11.81,12.87,,-2.0462,11.875,7.625
2020-02-11T15:48:00.0,14.01,11.89,13.11,,-2.0462,11.937,7.812
2020-02-11T15:49:00.0,13.35,11.55,12.83,,-2.0462,11.937,7.875
2020-02-11T15:50:00.0,13.35,11.23,12.37,,-2.0462,12,7.875
2020-02-11T15:51:00.0,13.65,11.23,12.47,,-2.0462,11.937,7.875
2020-02-11T15:52:00.0,13.45,11.37,12.37,,-2.0462,11.875,7.875
2020-02-11T15:53:00.0,13.31,11.13,12.23,,-2.0462,11.812,7.75
2020-02-11T15:54:00.0,13.35,11.07,11.93,,-2.0462,11.812,7.625
2020-02-11T15:55:00.0,13.31,11.21,11.71,,-2.0462,11.687,7.312
2020-02-11T15:56:00.0,13.35,11.51,12.03,,-2.0462,11.687,7.187
2020-02-11T15:57:00.0,12.87,10.71,11.79,,-2.0462,11.625,7.25
2020-02-11T15:58:00.0,12.37,10.93,11.95,,-2.0462,11.562,7.25
2020-02-11T15:59:00.0,12.05,10.43,11.41,,-2.0462,11.5,7.312
2020-02-11T16:00:00.0,11.99,10.31,11.31,,-2.0462,11.375,7.25
2020-02-11T16:01:00.0,11.95,10.69,11.37,,-2.0462,11.312,7.125
2020-02-11T16:02:00.0,11.21,9.85,10.71,,-2.0462,11.187,7.187
2020-02-11T16:03:00.0,11.17,10.03,10.55,,-2.0462,11.062,7.187
2020-02-11T16:04:00.0,10.61,9.29,10.47,,-2.0462,10.937,7.125
2020-02-11T16:05:00.0,10.85,10.03,10.43,,-2.0462,10.875,7.187
2020-02-11T16:06:00.0,10.95,9.91,10.19,,-2.0462,10.75,7
2020-02-11T16:07:00.0,10.43,9.43,9.89,,-2.0462,10.625,6.937
2020-02-11T16:08:00.0,10.61,9.49,9.81,,-2.0462,10.5,6.812
2020-02-11T16:09:00.0,10.41,9.39,9.89,,-2.0462,10.375,6.562
2020-02-11T16:10:00.0,10.19,9.21,9.89,,-2.0462,10.312,6.562
2020-02-11T16:11:00.0,11.09,9.99,10.47,,-2.0462,10.25,6.687
2020-02-11T16:12:00.0,11.13,9.81,10.09,,-2.0462,10.187,6.75
2020-02-11T16:13:00.0,11.23,9.91,9.89,,-2.0462,10.125,6.687
2020-02-11T16:14:00.0,10.83,10.17,10.47,,-2.0462,10.125,6.687
2020-02-11T16:15:00.0,11.13,10.13,10.23,,-2.0462,10.125,6.687
2020-02-11T16:16:00.0,10.75,9.99,10.27,,-2.0462,10.062,6.875
2020-02-11T16:17:00.0,10.95,10.13,10.03,,-2.0462,10.062,6.937
2020-02-11T16:18:00.0,10.23,9.35,10.03,,-2.0462,10.062,6.875
2020-02-11T16:19:00.0,9.49,9.33,9.81,,-2.0462,10.062,6.687
2020-02-11T16:20:00.0,9.49,8.59,9.21,,-2.0462,9.937,6.5
2020-02-11T16:21:00.0,9.75,9.25,8.79,,-2.0462,9.812,6.437
2020-02-11T16:22:00.0,9.57,9.43,9.39,,-2.0462,9.687,6.312
2020-02-11T16:23:00.0,9.43,9.19,9.33,,-2.0462,9.625,6.312
2020-02-11T16:24:00.0,9.29,8.79,9.21,,-2.0462,9.5,6.25
2020-02-11T16:25:00.0,9.89,9.35,9.53,,-2.0462,9.437,6.312
2020-02-11T16:26:00.0,10.23,9.61,9.63,,-2.0462,9.437,6.312
2020-02-11T16:27:00.0,10.83,9.95,10.05,,-2.0462,9.437,6.375
2020-02-11T16:28:00.0,10.19,9.71,10.31,,-2.0462,9.5,6.5
2020-02-11T16:29:00.0,11.61,10.51,10.95,,-2.0462,9.5,6.562
2020-02-11T16:30:00.0,11.67,11.03,11.07,,-2.0462,9.562,6.625
2020-02-11T16:31:00.0,11.17,10.27,10.89,,-2.0462,9.625,6.75
2020-02-11T16:32:00.0,11.41,10.33,10.65,,-2.0462,9.687,6.687
2020-02-11T16:33:00.0,11.85,10.75,10.89,,-2.0462,9.812,6.687
2020-02-11T16:34:00.0,11.65,10.61,11.13,,-2.0462,9.812,6.687
2020-02-11T16:35:00.0,12.17,11.27,10.75,,-2.0462,9.875,6.75
2020-02-11T16:36:00.0,12.73,11.21,10.69,,-2.0462,9.937,6.812
2020-02-11T16:37:00.0,12.19,11.45,11.65,,-2.0462,10.062,6.75
2020-02-11T16:38:00.0,11.71,10.47,11.21,,-2.0462,10.125,6.75
2020-02-11T16:39:00.0,12.63,11.09,12.05,,-2.0462,10.187,6.75
2020-02-11T16:40:00.0,13.17,11.21,12.05,,-2.0462,10.187,6.75
2020-02-11T16:41:00.0,,,,,,,
2020-02-11T16:42:00.0,14.25,11.79,12.43,,-2.0462,10.375,6.812
2020-02-11T16:43:00.0,14.41,11.79,12.67,,-2.0462,10.437,6.937
2020-02-11T16:44:00.0,14.05,11.85,12.77,,-2.0462,10.562,7
2020-02-11T16:45:00.0,15.51,12.73,13.25,,-2.0462,10.687,7.062
2020-02-11T16:46:00.0,15.87,12.81,13.41,,-2.0462,10.812,7.062
2020-02-11T16:47:00.0,15.61,12.91,13.21,,-2.0462,10.875,7.062
2020-02-11T16:48:00.0,14.99,12.43,13.17,,-2.0462,10.937,7.062
2020-02-11T16:49:00.0,15.75,12.77,13.39,,-2.0462,11.062,7.125
2020-02-11T16:50:00.0,16.11,13.11,13.81,,-2.0462,11.062,7.125
2020-02-11T16:51:00.0,16.95,13.35,14.01,,-2.0462,11.125,7.187
2020-02-11T16:52:00.0,17.05,13.75,14.65,,-2.0462,11.187,7.375
2020-02-11T16:53:00.0,18.71,14.49,15.31,,-2.0462,11.25,7.437
2020-02-11T16:54:00.0,19.39,14.65,15.67,,-2.0462,11.375,7.625
2020-02-11T16:55:00.0,19.99,14.55,16.11,,-2.0462,11.562,7.625
2020-02-11T16:56:00.0,20.21,14.75,16.53,,-2.0462,11.812,8.25
2020-02-11T16:57:00.0,17.93,13.61,14.31,,-2.0462,12,8.375
2020-02-11T16:58:00.0,16.85,13.25,14.35,,-2.0462,12.125,8.25
2020-02-11T16:59:00.0,15.77,12.33,13.75,,-2.0462,12.187,8.062
2020-02-11T17:00:00.0,15.67,12.81,13.65,,-2.0462,12.125,7.812
2020-02-11T17:01:00.0,15.87,12.97,13.69,,-2.0462,12.062,7.687
2020-02-11T17:02:00.0,15.47,12.81,13.41,,-2.0462,11.937,7.562
2020-02-11T17:03:00.0,15.41,13.11,13.55,,-2.0462,11.875,7.375
2020-02-11T17:04:00.0,15.71,12.91,13.91,,-2.0462,11.812,7.375
2020-02-11T17:05:00.0,16.89,12.97,13.99,,-2.0462,11.75,7.437
2020-02-11T17:06:00.0,15.05,12.43,13.49,,-2.0462,11.812,7.625
2020-02-11T17:07:00.0,15.19,12.19,13.27,,-2.0462,11.812,7.75
2020-02-11T17:08:00.0,14.75,12.13,13.11,,-2.0462,11.812,7.812
2020-02-11T17:09:00.0,16.01,12.71,13.81,,-2.0462,11.75,7.875
2020-02-11T17:10:00.0,17.15,12.87,14.49,,-2.0462,11.75,8
2020-02-11T17:11:00.0,15.35,12.47,13.79,,-2.0462,11.812,8.062
2020-02-11T17:12:00.0,15.91,12.63,14.15,,-2.0462,11.812,8
2020-02-11T17:13:00.0,14.95,12.29,12.73,,-2.0462,11.812,7.875
2020-02-11T17:14:00.0,14.11,12.05,13.01,,-2.0462,11.875,7.937
2020-02-11T17:15:00.0,13.31,11.31,12.91,,-2.0462,11.812,7.812
2020-02-11T17:16:00.0,12.73,10.57,12.27,,-2.0462,11.75,7.812
2020-02-11T17:17:00.0,12.37,10.65,12.03,,-2.0462,11.687,7.625
2020-02-11T17:18:00.0,11.95,10.89,11.67,,-2.0462,11.562,7.5
2020-02-11T17:19:00.0,11.47,10.51,11.47,,-2.0462,11.5,7.312
2020-02-11T17:20:00.0,10.57,9.61,10.57,,-2.0462,11.312,7.062
2020-02-11T17:21:00.0,11.13,9.85,10.69,,-2.0462,11.125,6.875
2020-02-11T17:22:00.0,10.61,9.57,10.31,,-2.0462,10.937,6.75
2020-02-11T17:23:00.0,10.17,9.71,10.23,,-2.0462,10.687,6.562
2020-02-11T17:24:00.0,9.61,8.93,9.39,,-2.0462,10.5,6.5
2020-02-11T17:25:00.0,9.21,8.61,9.39,,-2.0462,10.312,6.437
2020-02-11T17:26:00.0,9.29,8.83,9.35,,-2.0462,10.125,6.312
2020-02-11T17:27:00.0,9.01,8.59,9.07,,-2.0462,9.937,6.25
2020-02-11T17:28:00.0,9.11,8.61,9.19,,-2.0462,9.812,6.25
2020-02-11T17:29:00.0,9.19,8.93,9.29,,-2.0462,9.625,6.125
2020-02-11T17:30:00.0,9.11,8.69,9.47,,-2.0462,9.5,6.062
2020-02-11T17:31:00.0,,,,,,,
2020-02-11T17:32:00.0,9.29,8.75,9.33,,-2.0462,9.25,6.125
2020-02-11T17:33:00.0,9.43,8.47,9.19,,-2.0462,9.187,6.125
2020-02-11T17:34:00.0,9.29,8.89,9.25,,-2.0462,9.125,6.062
2020-02-11T17:35:00.0,9.19,8.97,9.29,,-2.0462,9.062,6.062
2020-02-11T17:36:00.0,9.63,9.19,9.43,,-2.0462,9,6.062
2020-02-11T17:37:00.0,,,,,,,
2020-02-11T17:38:00.0,9.53,9.07,9.21,,-2.0462,8.875,6.062
2020-02-11T17:39:00.0,9.63,8.83,9.39,,-2.0462,8.875,6.062
2020-02-11T17:40:00.0,9.49,7.97,8.97,,-2.0462,8.812,6.062
2020-02-11T17:41:00.0,8.89,8.61,8.75,,-2.0462,8.75,6.062
2020-02-11T17:42:00.0,8.89,8.61,8.65,,-2.0462,8.687,6.062
2020-02-11T17:43:00.0,8.89,8.79,8.65,,-2.0462,8.625,6
2020-02-11T17:44:00.0,8.61,8.71,8.69,,-2.0462,8.625,6.187
2020-02-11T17:45:00.0,8.71,8.59,8.41,,-2.0462,8.562,6.187
2020-02-11T17:46:00.0,8.79,8.15,8.29,,-2.0462,8.5,6.125
2020-02-11T17:47:00.0,8.87,8.33,8.33,,-2.0462,8.5,6.125
2020-02-11T17:48:00.0,8.79,8.59,8.71,,-2.0462,8.437,6.125
2020-02-11T17:49:00.0,8.97,8.69,8.61,,-2.0462,8.437,6.187
2020-02-11T17:50:00.0,8.87,8.51,8.69,,-2.0462,8.375,6.125
2020-02-11T17:51:00.0,8.87,8.23,8.51,,-2.0462,8.375,6.187
2020-02-11T17:52:00.0,8.97,8.55,8.55,,-2.0462,8.375,6.187
2020-02-11T17:53:00.0,8.75,8.33,8.45,,-2.0462,8.375,6.125
2020-02-11T17:54:00.0,8.97,8.65,8.59,,-2.0462,8.312,6.125
2020-02-11T17:55:00.0,9.07,8.79,9.15,,-2.0462,8.312,6.187
2020-02-11T17:56:00.0,8.87,8.61,8.61,,-2.0462,8.312,6.25
2020-02-11T17:57:00.0,9.61,8.83,8.59,,-2.0462,8.312,6.25
2020-02-11T17:58:00.0,9.15,8.65,8.59,,-2.0462,8.312,6.312
2020-02-11T17:59:00.0,9.01,8.79,8.59,,-2.0462,8.312,6.375
2020-02-11T18:00:00.0,9.43,8.89,8.83,,-2.0462,8.375,6.562
2020-02-11T18:01:00.0,8.61,8.41,8.29,,-2.0462,8.375,6.625
2020-02-11T18:02:00.0,9.01,8.89,8.65,,-2.0462,8.375,6.562
2020-02-11T18:03:00.0,8.97,8.41,8.45,,-2.0462,8.375,6.5
2020-02-11T18:04:00.0,8.71,8.75,8.45,,-2.0462,8.312,6.5
2020-02-11T18:05:00.0,9.01,8.65,8.33,,-2.0462,8.312,6.5
2020-02-11T18:06:00.0,9.21,8.51,8.65,,-2.0462,8.312,6.5
2020-02-11T18:07:00.0,9.33,8.61,8.37,,-2.0462,8.312,6.5
2020-02-11T18:08:00.0,9.15,9.01,8.55,,-2.0462,8.312,6.5
2020-02-11T18:09:00.0,9.03,8.93,8.55,,-2.0462,8.312,6.5
2020-02-11T18:10:00.0,9.33,8.79,8.83,,-2.0462,8.312,6.562
2020-02-11T18:11:00.0,10.09,9.21,8.97,,-2.0462,8.375,6.625
2020-02-11T18:12:00.0,9.91,8.93,9.01,,-2.0462,8.375,6.625
2020-02-11T18:13:00.0,11.67,8.61,9.63,,-2.0462,8.437,6.625
2020-02-11T18:14:00.0,10.69,9.29,9.57,,-2.0462,8.437,6.875
2020-02-11T18:15:00.0,9.71,9.01,9.33,,-2.0462,8.562,6.812
2020-02-11T18:16:00.0,10.33,9.03,9.33,,-2.0462,8.562,6.812
2020-02-11T18:17:00.0,10.09,8.97,8.93,,-2.0462,8.625,6.75
2020-02-11T18:18:00.0,10.09,9.33,9.43,,-2.0462,8.687,6.75
2020-02-11T18:19:00.0,,,,,,,
2020-02-11T18:20:00.0,9.67,8.83,9.21,,-2.0462,8.75,6.687
2020-02-11T18:21:00.0,9.67,8.89,9.21,,-2.0462,8.75,6.562
2020-02-11T18:22:00.0,9.85,8.89,9.33,,-2.0462,8.687,6.562
2020-02-11T18:23:00.0,9.47,8.75,9.35,,-2.0462,8.687,6.5
2020-02-11T18:24:00.0,9.95,9.25,9.43,,-2.0462,8.687,6.5
2020-02-11T18:25:00.0,9.71,8.87,9.11,,-2.0462,8.625,6.625
2020-02-11T18:26:00.0,9.29,8.83,9.03,,-2.0462,8.625,6.687
2020-02-11T18:27:00.0,9.61,8.93,9.15,,-2.0462,8.625,6.625
2020-02-11T18:28:00.0,8.97,8.41,8.55,,-2.0462,8.625,6.5
2020-02-11T18:29:00.0,9.39,8.87,8.89,,-2.0462,8.562,6.5
2020-02-11T18:30:00.0,9.85,8.89,8.89,,-2.0462,8.562,6.25
2020-02-11T18:31:00.0,9.43,8.41,8.83,,-2.0462,8.562,6.25
2020-02-11T18:32:00.0,9.39,8.75,8.93,,-2.0462,8.5,6.25
2020-02-11T18:33:00.0,9.47,8.61,8.83,,-2.0462,8.5,6.187
2020-02-11T18:34:00.0,8.97,8.55,8.75,,-2.0462,8.5,6.125
2020-02-11T18:35:00.0,9.15,8.75,7.61,,-2.0462,8.437,6.125
2020-02-11T18:36:00.0,8.59,8.05,8.33,,-2.0462,8.375,6.062
2020-02-11T18:37:00.0,8.33,8.13,8.29,,-2.0462,8.312,6
2020-02-11T18:38:00.0,8.33,7.87,8.23,,-2.0462,8.187,5.812
2020-02-11T18:39:00.0,8.13,7.65,7.87,,-2.0462,8.125,5.75
2020-02-11T18:40:00.0,8.05,7.61,7.83,,-2.0462,8,5.687
2020-02-11T18:41:00.0,7.79,7.65,7.87,,-2.0462,7.937,5.625
2020-02-11T18:42:00.0,7.77,8.01,7.73,,-2.0462,7.812,5.562
2020-02-11T18:43:00.0,7.79,7.59,7.33,,-2.0462,7.75,5.437
2020-02-11T18:44:00.0,7.47,7.41,7.45,,-2.0462,7.687,5.437
2020-02-11T18:45:00.0,7.59,7.77,7.47,,-2.0462,7.625,5.437
2020-02-11T18:46:00.0,7.47,7.29,7.41,,-2.0462,7.5,5.437
2020-02-11T18:47:00.0,7.59,7.45,7.37,,-2.0462,7.5,5.312
2020-02-11T18:48:00.0,7.83,7.61,7.51,,-2.0462,7.437,5.312
2020-02-11T18:49:00.0,7.73,7.41,7.33,,-2.0462,7.375,5.375
2020-02-11T18:50:00.0,8.09,7.61,7.33,,-2.0462,7.375,5.437
2020-02-11T18:51:00.0,7.59,7.83,7.55,,-2.0462,7.375,5.687
2020-02-11T18:52:00.0,7.55,7.73,7.45,,-2.0462,7.375,5.625
2020-02-11T18:53:00.0,7.73,7.77,7.29,,-2.0462,7.375,5.562
2020-02-11T18:54:00.0,7.47,7.41,7.55,,-2.0462,7.312,5.437
2020-02-11T18:55:00.0,7.77,7.65,7.15,,-2.0462,7.25,5.375
2020-02-11T18:56:00.0,7.73,7.41,7.27,,-2.0462,7.25,5.312
2020-02-11T18:57:00.0,7.73,7.51,7.11,,-2.0462,7.187,5.312
2020-02-11T18:58:00.0,7.73,7.51,7.37,,-2.0462,7.187,5.5
2020-02-11T18:59:00.0,8.37,7.77,7.55,,-2.0462,7.187,5.562
2020-02-11T19:00:00.0,8.09,7.61,7.51,,-2.0462,7.187,5.625
2020-02-11T19:01:00.0,8.37,7.97,7.69,,-2.0462,7.187,5.687
2020-02-11T19:02:00.0,8.27,7.69,7.65,,-2.0462,7.25,5.875
2020-02-11T19:03:00.0,8.59,7.95,7.73,,-2.0462,7.312,5.812
2020-02-11T19:04:00.0,8.33,7.87,7.83,,-2.0462,7.312,5.812
2020-02-11T19:05:00.0,8.71,8.05,7.37,,-2.0462,7.312,5.812
2020-02-11T19:06:00.0,8.23,7.95,7.95,,-2.0462,7.375,5.937
2020-02-11T19:07:00.0,8.13,7.59,7.55,,-2.0462,7.312,5.812
2020-02-11T19:08:00.0,8.33,7.83,7.61,,-2.0462,7.312,5.75
2020-02-11T19:09:00.0,8.33,7.91,7.79,,-2.0462,7.375,5.812
2020-02-11T19:10:00.0,,,,,,,
2020-02-11T19:11:00.0,8.33,7.83,7.61,,-2.0462,7.375,5.625
2020-02-11T19:12:00.0,8.37,7.77,7.79,,-2.0462,7.375,5.75
2020-02-11T19:13:00.0,8.55,8.23,7.65,,-2.0462,7.375,5.812
2020-02-11T19:14:00.0,8.29,8.15,7.95,,-2.0462,7.375,5.75
2020-02-11T19:15:00.0,8.15,8.13,7.69,,-2.0462,7.312,5.75
2020-02-11T19:16:00.0,8.19,8.09,7.77,,-2.0462,7.312,5.75
2020-02-11T19:17:00.0,7.97,7.73,7.87,,-2.0462,7.312,5.625
2020-02-11T19:18:00.0,8.05,7.61,7.55,,-2.0462,7.312,5.562
2020-02-11T19:19:00.0,8.29,7.77,7.79,,-2.0462,7.25,5.5
2020-02-11T19:20:00.0,7.61,7.47,7.41,,-2.0462,7.187,5.437
2020-02-11T19:21:00.0,8.01,7.73,7.33,,-2.0462,7.187,5.375
2020-02-11T19:22:00.0,7.65,7.55,7.55,,-2.0462,7.125,5.312
2020-02-11T19:23:00.0,7.87,7.61,7.55,,-2.0462,7.125,5.312
2020-02-11T19:24:00.0,7.65,7.51,6.91,,-2.0462,7.125,5.375
2020-02-11T19:25:00.0,7.73,7.59,7.51,,-2.0462,7.125,5.437
2020-02-11T19:26:00.0,8.09,7.69,7.55,,-2.0462,7.062,5.5
2020-02-11T19:27:00.0,7.97,7.83,7.47,,-2.0462,7.125,5.437
2020-02-11T19:28:00.0,7.69,7.55,7.33,,-2.0462,7.125,5.437
2020-02-11T19:29:00.0,8.09,7.55,7.69,,-2.0462,7.125,5.437
2020-02-11T19:30:00.0,7.79,7.69,7.73,,-2.0462,7.125,5.5
2020-02-11T19:31:00.0,7.11,7.41,7.19,,-2.0462,7.125,5.437
2020-02-11T19:32:00.0,8.09,7.73,7.51,,-2.0462,7.125,5.437
2020-02-11T19:33:00.0,7.65,7.59,7.65,,-2.0462,7.125,5.5
2020-02-11T19:34:00.0,7.61,7.77,7.27,,-2.0462,7.125,5.437
2020-02-11T19:35:00.0,7.73,8.01,7.65,,-2.0462,7.125,5.562
2020-02-11T19:36:00.0,7.87,7.45,7.47,,-2.0462,7.125,5.625
2020-02-11T19:37:00.0,8.09,7.47,7.51,,-2.0462,7.187,5.687
2020-02-11T19:38:00.0,8.45,7.79,7.79,,-2.0462,7.187,5.687
2020-02-11T19:39:00.0,7.95,7.91,7.61,,-2.0462,7.25,5.687
2020-02-11T19:40:00.0,7.95,7.65,7.47,,-2.0462,7.25,5.687
2020-02-11T19:41:00.0,7.79,7.33,7.37,,-2.0462,7.25,5.562
2020-02-11T19:42:00.0,7.55,7.73,7.15,,-2.0462,7.25,5.562
2020-02-11T19:43:00.0,7.61,7.65,7.51,,-2.0462,7.25,5.625
2020-02-11T19:44:00.0,7.59,7.37,7.47,,-2.0462,7.25,5.5
2020-02-11T19:45:00.0,7.73,7.47,7.09,,-2.0462,7.25,5.5
2020-02-11T19:46:00.0,,,,,,,
2020-02-11T19:47:00.0,7.55,7.65,7.33,,-2.0462,7.25,5.562
2020-02-11T19:48:00.0,7.55,7.33,7.19,,-2.0462,7.25,5.5
2020-02-11T19:49:00.0,7.41,7.11,5.99,,-2.0462,7.25,5.312
2020-02-11T19:50:00.0,7.23,7.05,6.87,,-2.0462,7.25,5.125
2020-02-11T19:51:00.0,7.41,7.09,7.05,,-2.0462,7.25,5.187
2020-02-11T19:52:00.0,7.45,7.45,6.91,,-2.0462,7.25,5.25
2020-02-11T19:53:00.0,7.23,7.23,7.15,,-2.0462,7.25,5.25
2020-02-11T19:54:00.0,7.73,7.19,7.01,,-2.0462,7.25,5.375
2020-02-11T19:55:00.0,7.29,7.73,7.19,,-2.0462,7.25,5.5
2020-02-11T19:56:00.0,7.41,7.05,6.53,,-2.0462,7.25,5.25
2020-02-11T19:57:00.0,7.41,6.93,6.65,,-2.0462,7.187,5
2020-02-11T19:58:00.0,7.09,7.15,6.75,,-2.0462,7.187,4.875
2020-02-11T19:59:00.0,7.01,6.65,6.43,,-2.0462,7.125,4.875
2020-02-11T20:00:00.0,7.15,7.09,6.43,,-2.0462,7.125,4.75
2020-02-11T20:01:00.0,6.87,5.77,6.73,,-2.0462,7.062,4.687
2020-02-11T20:02:00.0,6.75,6.79,6.33,,-2.0462,7.062,4.625
2020-02-11T20:03:00.0,6.29,6.51,6.17,,-2.0462,7,4.562
2020-02-11T20:04:00.0,6.69,6.57,5.95,,-2.0462,6.937,4.562
2020-02-11T20:05:00.0,6.57,6.61,6.11,,-2.0462,6.937,4.5
2020-02-11T20:06:00.0,6.47,6.53,6.13,,-2.0462,6.875,4.375
2020-02-11T20:07:00.0,6.47,6.25,5.07,,-2.0462,6.812,4.312
2020-02-11T20:08:00.0,6.53,6.17,5.89,,-2.0462,6.75,4.312
2020-02-11T20:09:00.0,6.07,6.57,5.85,,-2.0462,6.687,4.25
2020-02-11T20:10:00.0,6.21,6.03,5.95,,-2.0462,6.625,4.187
2020-02-11T20:11:00.0,6.35,6.07,5.85,,-2.0462,6.625,4.187
2020-02-11T20:12:00.0,6.35,6.39,5.77,,-2.0462,6.562,4.187
2020-02-11T20:13:00.0,6.13,6.11,5.81,,-2.0462,6.5,4.25
2020-02-11T20:14:00.0,6.25,6.25,5.55,,-2.0462,6.5,4.25
2020-02-11T20:15:00.0,6.13,5.77,5.71,,-2.0462,6.437,4.187
2020-02-11T20:16:00.0,5.99,5.99,5.77,,-2.0462,6.437,4.25
2020-02-11T20:17:00.0,6.51,6.21,5.77,,-2.0462,6.375,4.25
2020-02-11T20:18:00.0,5.95,6.21,4.89,,-2.0462,6.375,4.187
2020-02-11T20:19:00.0,5.85,5.81,5.59,,-2.0462,6.312,4.125
2020-02-11T20:20:00.0,6.03,5.95,5.51,,-2.0462,6.312,4.125
2020-02-11T20:21:00.0,5.71,5.73,5.59,,-2.0462,6.25,4.125
2020-02-11T20:22:00.0,5.73,5.95,5.29,,-2.0462,6.187,4.062
2020-02-11T20:23:00.0,5.81,5.71,5.29,,-2.0462,6.187,4.062
2020-02-11T20:24:00.0,5.77,5.77,5.37,,-2.0462,6.125,4
2020-02-11T20:25:00.0,5.85,5.89,5.41,,-2.0462,6.062,4.062
2020-02-11T20:26:00.0,5.59,5.95,5.27,,-2.0462,6.062,4.125
2020-02-11T20:27:00.0,5.95,5.99,5.49,,-2.0462,6.062,4.062
2020-02-11T20:28:00.0,6.33,5.99,5.33,,-2.0462,6,4.125
2020-02-11T20:29:00.0,6.03,5.93,5.71,,-2.0462,6,4.187
2020-02-11T20:30:00.0,,,,,,,
2020-02-11T20:31:00.0,6.13,5.99,5.45,,-2.0462,6,4.312
2020-02-11T20:32:00.0,5.95,6.47,5.59,,-2.0462,6,4.437
2020-02-11T20:33:00.0,6.03,6.25,5.41,,-2.0462,6,4.437
2020-02-11T20:34:00.0,5.77,6.11,5.59,,-2.0462,6,4.312
2020-02-11T20:35:00.0,5.85,6.03,5.59,,-2.0462,6,4.187
2020-02-11T20:36:00.0,5.67,5.71,5.33,,-2.0462,5.937,4.25
2020-02-11T20:37:00.0,5.71,5.95,5.49,,-2.0462,5.937,4.125
2020-02-11T20:38:00.0,5.73,5.89,5.29,,-2.0462,5.875,4.062
2020-02-11T20:39:00.0,5.95,6.03,5.45,,-2.0462,5.875,4.125
2020-02-11T20:40:00.0,5.51,5.67,5.41,,-2.0462,5.875,4.062
2020-02-11T20:41:00.0,5.27,4.75,5.29,,-2.0462,5.875,4
2020-02-11T20:42:00.0,5.19,5.67,5.33,,-2.0462,5.875,3.937
2020-02-11T20:43:00.0,5.73,5.51,4.31,,-2.0462,5.812,3.937
2020-02-11T20:44:00.0,5.41,5.93,5.07,,-2.0462,5.812,3.875
2020-02-11T20:45:00.0,5.29,5.71,5.15,,-2.0462,5.75,3.875
2020-02-11T20:46:00.0,,,,,,,
2020-02-11T20:47:00.0,5.19,5.71,5.27,,-2.0462,5.687,3.875
2020-02-11T20:48:00.0,5.63,5.77,5.19,,-2.0462,5.687,3.937
2020-02-11T20:49:00.0,5.37,5.59,5.37,,-2.0462,5.687,3.875
2020-02-11T20:50:00.0,5.49,5.81,5.05,,-2.0462,5.625,4
2020-02-11T20:51:00.0,5.45,5.95,5.11,,-2.0462,5.625,4
2020-02-11T20:52:00.0,5.49,5.71,4.79,,-2.0462,5.625,4
2020-02-11T20:53:00.0,,,,,,,
2020-02-11T20:54:00.0,5.19,5.63,5.41,,-2.0462,5.625,4
2020-02-11T20:55:00.0,5.63,6.03,5.41,,-2.0462,5.625,4
2020-02-11T20:56:00.0,5.55,5.95,5.55,,-2.0462,5.625,4.187
2020-02-11T20:57:00.0,6.17,6.33,5.71,,-2.0462,5.625,4.187
2020-02-11T20:58:00.0,6.43,6.69,6.25,,-2.0462,5.687,4.187
2020-02-11T20:59:00.0,6.73,7.37,7.23,,-2.0462,5.687,4.312
2020-02-11T21:00:00.0,7.37,7.91,7.51,,-2.0462,5.75,4.312
2020-02-11T21:01:00.0,7.09,6.91,7.23,,-2.0462,5.75,4.312
2020-02-11T21:02:00.0,7.09,8.01,7.77,,-2.0462,5.812,4.375
2020-02-11T21:03:00.0,7.73,7.77,8.05,,-2.0462,5.812,4.437
2020-02-11T21:04:00.0,7.59,8.87,9.07,,-2.0462,5.875,4.562
2020-02-11T21:05:00.0,7.91,8.51,9.03,,-2.0462,5.875,4.562
2020-02-11T21:06:00.0,7.61,7.97,8.33,,-2.0462,6,4.625
2020-02-11T21:07:00.0,7.37,7.79,8.41,,-2.0462,6.062,4.687
2020-02-11T21:08:00.0,7.61,8.41,8.97,,-2.0462,6.062,4.687
2020-02-11T21:09:00.0,8.01,8.51,9.19,,-2.0462,6.062,4.687
2020-02-11T21:10:00.0,7.77,8.59,9.57,,-2.0462,6.125,4.75
2020-02-11T21:11:00.0,7.41,8.01,8.61,,-2.0462,6.125,4.812
2020-02-11T21:12:00.0,7.55,8.09,9.19,,-2.0462,6.187,4.875
2020-02-11T21:13:00.0,7.77,8.37,9.47,,-2.0462,6.25,4.812
2020-02-11T21:14:00.0,7.97,8.93,9.43,,-2.0462,6.25,4.812
2020-02-11T21:15:00.0,8.79,9.35,9.77,,-2.0462,6.25,4.75
2020-02-11T21:16:00.0,8.29,8.45,9.33,,-2.0462,6.25,4.75
2020-02-11T21:17:00.0,8.83,8.71,9.25,,-2.0462,6.25,4.75
2020-02-11T21:18:00.0,8.41,8.61,9.35,,-2.0462,6.312,4.687
2020-02-11T21:19:00.0,7.95,8.51,9.63,,-2.0462,6.312,4.687
2020-02-11T21:20:00.0,,,,,-2.0462,6.312,4.75
2020-02-11T21:21:00.0,8.61,8.41,8.47,,-2.0462,6.312,4.75
2020-02-11T21:22:00.0,8.01,7.65,7.91,,-2.0462,6.312,4.562
2020-02-11T21:23:00.0,,,,,,,
2020-02-11T21:24:00.0,9.21,8.55,8.61,,-2.0462,6.25,4.375
2020-02-11T21:25:00.0,8.87,8.87,9.43,,-2.0462,6.187,4.312
2020-02-11T21:26:00.0,8.33,8.41,8.47,,-2.0462,6.187,4.312
2020-02-11T21:27:00.0,8.15,8.87,9.01,,-2.0462,6.187,4.25
2020-02-11T21:28:00.0,9.15,9.03,9.01,,-2.0462,6.187,4.562
2020-02-11T21:29:00.0,9.95,9.57,9.25,,-2.0462,6.187,4.687
2020-02-11T21:30:00.0,10.17,9.61,9.85,,-2.0462,6.187,4.812
2020-02-11T21:31:00.0,9.33,8.29,8.71,,-2.0462,6.25,4.75
2020-02-11T21:32:00.0,8.75,8.75,8.75,,-2.0462,6.25,4.687
2020-02-11T21:33:00.0,9.39,9.25,9.77,,-2.0462,6.25,4.625
2020-02-11T21:34:00.0,9.07,9.47,9.19,,-2.0462,6.312,4.687
2020-02-11T21:35:00.0,9.91,9.53,9.15,,-2.0462,6.312,4.75
2020-02-11T21:36:00.0,8.33,8.33,8.41,,-2.0462,6.312,4.875
2020-02-11T21:37:00.0,8.69,9.11,8.93,,-2.0462,6.312,4.812
2020-02-11T21:38:00.0,10.09,9.19,9.49,,-2.0462,6.312,4.687
2020-02-11T21:39:00.0,9.43,9.71,9.43,,-2.0462,6.312,4.75
2020-02-11T21:40:00.0,9.39,9.21,9.77,,-2.0462,6.312,4.812
2020-02-11T21:41:00.0,7.91,8.27,8.87,,-2.0462,6.375,4.75
2020-02-11T21:42:00.0,7.83,8.55,9.19,,-2.0462,6.312,4.687
2020-02-11T21:43:00.0,8.69,9.77,9.71,,-2.0462,6.312,4.687
2020-02-11T21:44:00.0,9.85,9.63,9.35,,-2.0462,6.375,4.812
2020-02-11T21:45:00.0,8.61,9.35,9.47,,-2.0462,6.375,5.125
2020-02-11T21:46:00.0,8.51,9.25,9.57,,-2.0462,6.437,5.437
2020-02-11T21:47:00.0,8.71,9.35,9.61,,-2.0462,6.5,5.687
2020-02-11T21:48:00.0,8.83,9.35,10.43,,-2.0462,6.625,5.75
2020-02-11T21:49:00.0,9.21,9.85,10.61,,-2.0462,6.687,5.687
2020-02-11T21:50:00.0,9.71,9.91,9.57,,-2.0462,6.687,5.5
2020-02-11T21:51:00.0,8.75,9.29,10.13,,-2.0462,6.75,5.5
2020-02-11T21:52:00.0,9.49,9.57,9.85,,-2.0462,6.75,5.625
2020-02-11T21:53:00.0,10.05,10.13,10.23,,-2.0462,6.812,5.75
2020-02-11T21:54:00.0,9.61,9.95,10.69,,-2.0462,6.812,5.875
2020-02-11T21:55:00.0,9.53,9.91,10.41,,-2.0462,6.875,5.875
2020-02-11T21:56:00.0,11.13,10.85,10.75,,-2.0462,6.875,5.75
2020-02-11T21:57:00.0,10.79,10.75,10.83,,-2.0462,6.937,5.5
2020-02-11T21:58:00.0,9.53,9.75,10.09,,-2.0462,6.875,5.375
2020-02-11T21:59:00.0,9.21,10.03,10.61,,-2.0462,6.875,5.562
2020-02-11T22:00:00.0,10.75,10.17,10.33,,-2.0462,6.875,5.625
2020-02-11T22:01:00.0,10.69,9.63,9.61,,-2.0462,6.875,5.5
2020-02-11T22:02:00.0,9.91,9.57,9.47,,-2.0462,6.875,5.312
2020-02-11T22:03:00.0,10.51,10.13,10.55,,-2.0462,6.875,5.187
2020-02-11T22:04:00.0,10.03,10.09,10.23,,-2.0462,6.812,5.187
2020-02-11T22:05:00.0,10.27,10.17,9.03,,-2.0462,6.812,5.187
2020-02-11T22:06:00.0,9.71,9.03,9.43,,-2.0462,6.812,5.187
2020-02-11T22:07:00.0,9.71,9.39,9.21,,-2.0462,6.75,5.125
2020-02-11T22:08:00.0,9.95,9.99,9.85,,-2.0462,6.75,5
2020-02-11T22:09:00.0,9.61,9.63,9.89,,-2.0462,6.687,4.937
2020-02-11T22:10:00.0,10.27,9.67,9.81,,-2.0462,6.687,4.937
2020-02-11T22:11:00.0,8.97,9.21,9.07,,-2.0462,6.687,4.812
2020-02-11T22:12:00.0,9.89,9.43,9.71,,-2.0462,6.687,5.062
2020-02-11T22:13:00.0,10.69,9.77,9.77,,-2.0462,6.687,5.25
2020-02-11T22:14:00.0,9.67,10.19,10.05,,-2.0462,6.687,5.25
2020-02-11T22:15:00.0,10.55,10.23,10.23,,-2.0462,6.687,5.187
2020-02-11T22:16:00.0,10.09,9.47,9.77,,-2.0462,6.687,5.187
2020-02-11T22:17:00.0,10.43,9.67,9.49,,-2.0462,6.687,5
2020-02-11T22:18:00.0,9.43,9.85,9.81,,-2.0462,6.625,5.062
2020-02-11T22:19:00.0,10.65,10.31,9.89,,-2.0462,6.687,5.187
2020-02-11T22:20:00.0,10.09,10.13,9.71,,-2.0462,6.687,5.187
2020-02-11T22:21:00.0,9.19,9.21,9.33,,-2.0462,6.687,5.062
2020-02-11T22:22:00.0,10.43,10.09,10.33,,-2.0462,6.625,5.062
2020-02-11T22:23:00.0,10.03,9.57,9.63,,-2.0462,6.625,5.125
2020-02-11T22:24:00.0,9.95,10.09,10.05,,-2.0462,6.625,4.937
2020-02-11T22:25:00.0,9.01,9.25,9.25,,-2.0462,6.625,4.875
2020-02-11T22:26:00.0,8.89,9.21,9.53,,-2.0462,6.625,5.062
2020-02-11T22:27:00.0,10.33,9.53,9.89,,-2.0462,6.687,5.312
2020-02-11T22:28:00.0,10.83,10.79,10.75,,-2.0462,6.687,5.312
2020-02-11T22:29:00.0,10.05,10.27,10.05,,-2.0462,6.687,5.5
2020-02-11T22:30:00.0,9.81,10.31,10.51,,-2.0462,6.687,5.5
2020-02-11T22:31:00.0,9.91,9.53,9.77,,-2.0462,6.75,5.25
2020-02-11T22:32:00.0,9.43,9.99,10.41,,-2.0462,6.75,5.437
2020-02-11T22:33:00.0,10.95,10.43,10.13,,-2.0462,6.75,5.625
2020-02-11T22:34:00.0,10.99,11.03,10.43,,-2.0462,6.75,5.312
2020-02-11T22:35:00.0,10.55,9.91,9.71,,-2.0462,6.75,5.312
2020-02-11T22:36:00.0,9.33,9.19,9.77,,-2.0462,6.75,4.937
2020-02-11T22:37:00.0,9.91,9.61,9.43,,-2.0462,6.75,5
2020-02-11T22:38:00.0,9.99,9.21,9.07,,-2.0462,6.687,5
2020-02-11T22:39:00.0,10.09,10.03,10.03,,-2.0462,6.687,5.062
2020-02-11T22:40:00.0,9.91,10.09,9.81,,-2.0462,6.687,5.062
2020-02-11T22:41:00.0,9.33,9.33,9.11,,-2.0462,6.625,5.062
2020-02-11T22:42:00.0,9.33,9.11,9.49,,-2.0462,6.625,5.125
2020-02-11T22:43:00.0,,,,,,,
2020-02-11T22:44:00.0,10.95,11.17,10.51,,-2.0462,6.625,5.562
2020-02-11T22:45:00.0,11.23,10.33,10.43,,-2.0462,6.687,5.687
2020-02-11T22:46:00.0,11.03,9.77,9.91,,-2.0462,6.687,5.562
2020-02-11T22:47:00.0,10.55,9.91,10.05,,-2.0462,6.75,5.375
2020-02-11T22:48:00.0,10.19,10.09,10.27,,-2.0462,6.687,5.375
2020-02-11T22:49:00.0,9.99,10.43,10.27,,-2.0462,6.687,5.375
2020-02-11T22:50:00.0,9.57,10.27,10.05,,-2.0462,6.687,5.625
2020-02-11T22:51:00.0,9.67,9.53,9.63,,-2.0462,6.687,5.312
2020-02-11T22:52:00.0,10.17,9.99,10.19,,-2.0462,6.625,5
2020-02-11T22:53:00.0,10.31,9.81,10.13,,-2.0462,6.562,4.812
2020-02-11T22:54:00.0,9.33,9.63,9.91,,-2.0462,6.562,4.687
2020-02-11T22:55:00.0,9.43,9.33,9.67,,-2.0462,6.5,4.812
2020-02-11T22:56:00.0,9.03,9.29,9.43,,-2.0462,6.5,5.062
2020-02-11T22:57:00.0,9.11,9.29,9.57,,-2.0462,6.5,5.187
2020-02-11T22:58:00.0,11.09,10.09,10.23,,-2.0462,6.5,5.062
2020-02-11T22:59:00.0,10.79,10.17,9.63,,-2.0462,6.5,4.937
2020-02-11T23:00:00.0,10.27,10.37,10.19,,-2.0462,6.5,5
2020-02-11T23:01:00.0,8.29,9.71,9.57,,-2.0462,6.5,5
2020-02-11T23:02:00.0,9.77,10.03,10.43,,-2.0462,6.562,4.875
2020-02-11T23:03:00.0,11.21,10.47,10.13,,-2.0462,6.5,4.812
2020-02-11T23:04:00.0,10.85,9.99,9.99,,-2.0462,6.562,4.875
2020-02-11T23:05:00.0,10.43,9.63,10.19,,-2.0462,6.562,4.937
2020-02-11T23:06:00.0,9.63,9.49,9.81,,-2.0462,6.625,4.937
2020-02-11T23:07:00.0,10.27,10.05,9.99,,-2.0462,6.625,5.187
2020-02-11T23:08:00.0,10.75,9.91,9.99,,-2.0462,6.687,5.187
2020-02-11T23:09:00.0,9.99,9.85,10.43,,-2.0462,6.687,5.375
2020-02-11T23:10:00.0,8.97,10.47,9.95,,-2.0462,6.687,5.25
2020-02-11T23:11:00.0,8.51,9.33,9.07,,-2.0462,6.687,5.25
2020-02-11T23:12:00.0,,,,,,,
2020-02-11T23:13:00.0,10.47,10.13,10.13,,-2.0462,6.625,5.25
2020-02-11T23:14:00.0,10.95,10.69,10.75,,-2.0462,6.625,5.5
2020-02-11T23:15:00.0,9.95,10.19,10.43,,-2.0462,6.625,5.687
2020-02-11T23:16:00.0,8.65,9.29,9.81,,-2.0462,6.687,5.75
2020-02-11T23:17:00.0,9.21,10.17,9.99,,-2.0462,6.687,5.75
2020-02-11T23:18:00.0,10.41,10.57,11.07,,-2.0462,6.75,5.937
2020-02-11T23:19:00.0,11.23,10.85,10.89,,-2.0462,6.75,6
2020-02-11T23:20:00.0,10.37,10.93,11.07,,-2.0462,6.812,6.125
2020-02-11T23:21:00.0,9.77,10.05,10.47,,-2.0462,6.812,6.25
2020-02-11T23:22:00.0,10.69,11.09,11.17,,-2.0462,6.812,6.25
2020-02-11T23:23:00.0,10.57,10.89,11.47,,-2.0462,6.875,6.25
2020-02-11T23:24:00.0,11.79,11.21,11.33,,-2.0462,6.875,6.25
2020-02-11T23:25:00.0,12.27,11.51,11.75,,-2.0462,6.937,6.312
2020-02-11T23:26:00.0,12.05,11.71,11.33,,-2.0462,6.937,6.375
2020-02-11T23:27:00.0,11.23,10.93,10.83,,-2.0462,7,6.312
2020-02-11T23:28:00.0,10.33,10.65,11.61,,-2.0462,6.937,6.187
2020-02-11T23:29:00.0,10.95,10.95,10.55,,-2.0462,6.937,6.062
2020-02-11T23:30:00.0,12.19,11.31,11.31,,-2.0462,6.937,6.062
2020-02-11T23:31:00.0,11.61,11.21,11.27,,-2.0462,6.937,6
2020-02-11T23:32:00.0,11.67,11.27,11.23,,-2.0462,6.937,5.937
2020-02-11T23:33:00.0,11.03,11.47,11.37,,-2.0462,6.937,6
2020-02-11T23:34:00.0,10.57,10.47,10.23,,-2.0462,6.937,6
2020-02-11T23:35:00.0,9.71,10.65,10.31,,-2.0462,6.937,5.75
2020-02-11T23:36:00.0,10.83,11.21,10.65,,-2.0462,6.875,5.562
2020-02-11T23:37:00.0,10.27,10.51,10.79,,-2.0462,6.812,5.562
2020-02-11T23:38:00.0,10.75,10.33,10.79,,-2.0462,6.812,5.812
2020-02-11T23:39:00.0,10.89,10.57,10.61,,-2.0462,6.812,6.062
2020-02-11T23:40:00.0,10.93,10.55,10.43,,-2.0462,6.875,6.25
2020-02-11T23:41:00.0,11.07,10.75,10.93,,-2.0462,6.875,6.375
2020-02-11T23:42:00.0,,,,,,,
2020-02-11T23:43:00.0,10.51,10.43,10.85,,-2.0462,7,6.375
2020-02-11T23:44:00.0,11.85,10.99,11.45,,-2.0462,7,6.312
2020-02-11T23:45:00.0,10.05,10.31,10.23,,-2.0462,7,6.375
2020-02-11T23:46:00.0,8.51,9.25,9.61,,-2.0462,7.062,6.375
2020-02-11T23:47:00.0,10.13,10.23,10.33,,-2.0462,7.062,6.312
2020-02-11T23:48:00.0,10.47,10.85,10.71,,-2.0462,7.062,6.312
2020-02-11T23:49:00.0,11.07,10.65,10.41,,-2.0462,7.062,6.25
2020-02-11T23:50:00.0,11.61,11.37,11.55,,-2.0462,7.062,6.25
2020-02-11T23:51:00.0,10.83,10.69,11.45,,-2.0462,7.062,6.25
2020-02-11T23:52:00.0,10.27,10.55,11.17,,-2.0462,7.062,6.25
2020-02-11T23:53:00.0,9.81,9.99,10.31,,-2.0462,7.125,6.312
2020-02-11T23:54:00.0,9.81,9.85,10.09,,-2.0462,7.062,6.375
2020-02-11T23:55:00.0,9.89,10.05,10.71,,-2.0462,7.062,6.375
2020-02-11T23:56:00.0,10.69,10.03,10.99,,-2.0462,7.125,6.437
2020-02-11T23:57:00.0,9.75,9.99,10.75,,-2.0462,7.062,6.437
2020-02-11T23:58:00.0,,,,,,,
2020-02-11T23:59:00.0,10.57,10.03,10.23,,-2.0462,7.062,6.625
