time,TempPlant2,TempPlant3,TempPlant4,Air_temp_loc,Humedity,air_temp,Ambient_1
2020-03-07T00:00:00.0,6.69,6.61,6.75,2.38,92.3066731045,3.625,1.687
2020-03-07T00:01:00.0,6.03,5.59,6.39,2.35,92.08825306450001,3.625,1.687
2020-03-07T00:02:00.0,7.27,6.97,6.79,2.38,92.3066731045,3.625,1.75
2020-03-07T00:03:00.0,7.19,6.47,6.97,2.38,92.14287722050001,3.625,1.75
2020-03-07T00:04:00.0,6.57,6.75,6.75,2.38,91.89696800200001,3.625,1.75
2020-03-07T00:05:00.0,7.59,7.05,7.01,2.58,91.76024008450001,3.625,1.812
2020-03-07T00:06:00.0,7.51,7.55,7.55,2.67,92.1974886125,3.562,1.812
2020-03-07T00:07:00.0,6.87,6.79,6.97,2.69,92.4158065405,3.625,1.875
2020-03-07T00:08:00.0,7.47,7.47,7.09,2.7,92.3612462045,3.625,1.875
2020-03-07T00:09:00.0,7.27,6.91,7.01,2.72,92.3066731045,3.687,1.875
2020-03-07T00:10:00.0,7.01,7.01,7.09,2.73,92.388527968,3.687,1.875
2020-03-07T00:11:00.0,7.91,7.45,7.05,2.74,92.22478952200001,3.687,1.875
2020-03-07T00:12:00.0,7.55,7.41,6.87,2.8,92.1974886125,3.687,1.875
2020-03-07T00:13:00.0,6.93,7.11,7.01,2.94,92.2520872405,3.75,1.875
2020-03-07T00:14:00.0,7.09,6.93,7.51,3.05,92.52488892050002,3.75,2.125
2020-03-07T00:15:00.0,7.45,7.37,7.29,3.14,92.5794109645,3.812,2.125
2020-03-07T00:16:00.0,7.65,7.83,7.97,3.22,92.63392024450002,3.812,2.187
2020-03-07T00:17:00.0,7.19,6.91,7.41,3.24,92.63392024450002,3.875,2.187
2020-03-07T00:18:00.0,7.29,7.45,7.37,3.29,92.715660232,3.937,2.187
2020-03-07T00:19:00.0,7.61,7.23,7.55,3.28,92.6884167605,4,2.187
2020-03-07T00:20:00.0,7.09,7.09,7.11,3.25,92.74290051250001,4,2.187
2020-03-07T00:21:00.0,7.61,7.61,7.69,3.25,92.6884167605,4.062,2.187
2020-03-07T00:22:00.0,7.29,7.15,7.27,3.23,92.715660232,4.125,2.125
2020-03-07T00:23:00.0,6.97,7.11,7.23,3.19,92.6884167605,4.125,2.125
2020-03-07T00:24:00.0,7.19,7.15,7.15,3.16,92.63392024450002,4.125,2.062
2020-03-07T00:25:00.0,7.33,6.87,7.09,3.14,92.715660232,4.125,2.062
2020-03-07T00:26:00.0,8.01,7.91,8.01,3.17,92.66117009800001,4.125,2.125
2020-03-07T00:27:00.0,7.15,7.19,7.73,3.16,92.74290051250001,4.125,2.187
2020-03-07T00:28:00.0,7.47,7.73,7.15,3.16,92.770137602,4.125,2.25
2020-03-07T00:29:00.0,7.79,7.19,7.15,3.1,92.74290051250001,4.125,2.25
2020-03-07T00:30:00.0,7.41,7.33,7.41,3.02,92.715660232,4.187,2.187
2020-03-07T00:31:00.0,7.73,7.41,7.77,2.94,92.715660232,4.187,2.062
2020-03-07T00:32:00.0,7.27,7.19,6.83,2.87,92.66117009800001,4.25,2.062
2020-03-07T00:33:00.0,7.33,7.09,7.23,2.81,92.715660232,4.25,2.062
2020-03-07T00:34:00.0,7.29,7.23,7.11,2.78,92.7973715005,4.25,2.062
2020-03-07T00:35:00.0,7.09,7.29,7.05,2.74,92.8518297245,4.187,2
2020-03-07T00:36:00.0,7.69,7.69,7.59,2.7,92.9062751845,4.187,1.937
2020-03-07T00:37:00.0,,,,,,,
2020-03-07T00:38:00.0,6.53,7.11,6.87,2.71,92.96070788050001,4.062,1.875
2020-03-07T00:39:00.0,7.23,6.97,6.87,2.64,92.93349312800001,4,1.937
2020-03-07T00:40:00.0,6.97,6.87,6.91,2.62,93.0151278125,4,1.937
2020-03-07T00:41:00.0,7.29,7.15,7.47,2.6,92.9062751845,3.937,1.937
2020-03-07T00:42:00.0,7.11,6.97,6.75,2.62,92.8518297245,3.937,2
2020-03-07T00:43:00.0,7.33,7.05,7.33,2.69,92.82460220800002,3.937,2
2020-03-07T00:44:00.0,,,,,,,
2020-03-07T00:45:00.0,7.15,7.01,6.91,2.68,92.96070788050001,3.875,2
2020-03-07T00:46:00.0,7.27,7.29,6.51,2.58,92.93349312800001,3.875,2
2020-03-07T00:47:00.0,6.73,6.61,6.91,2.56,92.74290051250001,3.812,1.937
2020-03-07T00:48:00.0,6.93,6.79,7.01,2.57,92.715660232,3.812,1.937
2020-03-07T00:49:00.0,7.37,7.37,7.29,2.56,92.52488892050002,3.75,1.937
2020-03-07T00:50:00.0,6.79,6.83,7.15,2.58,92.66117009800001,3.687,1.875
2020-03-07T00:51:00.0,6.13,5.85,7.51,2.5,92.7973715005,3.687,1.875
2020-03-07T00:52:00.0,7.69,6.53,6.87,2.36,92.8518297245,3.687,1.937
2020-03-07T00:53:00.0,6.69,7.19,7.01,2.26,92.63392024450002,3.625,1.937
2020-03-07T00:54:00.0,7.15,7.05,6.93,2.16,92.6066672,3.625,1.937
2020-03-07T00:55:00.0,7.27,6.61,6.47,2.06,92.27938176800001,3.625,1.812
2020-03-07T00:56:00.0,7.55,5.85,5.85,2,92.14287722050001,3.562,1.812
2020-03-07T00:57:00.0,6.91,6.65,6.97,1.96,91.86962880050001,3.562,1.75
2020-03-07T00:58:00.0,6.97,6.73,6.73,1.94,91.7055265805,3.5,1.625
2020-03-07T00:59:00.0,6.65,6.97,6.61,1.94,91.40437415200002,3.562,1.625
2020-03-07T01:00:00.0,6.83,6.83,6.91,1.92,91.48654492450001,3.5,1.562
2020-03-07T01:01:00.0,6.25,7.55,7.55,1.88,91.349577682,3.5,1.562
2020-03-07T01:02:00.0,6.91,7.05,6.79,1.86,91.10283561250002,3.5,1.625
2020-03-07T01:03:00.0,,,,,,,
2020-03-07T01:04:00.0,7.05,6.75,6.93,2.08,90.60857606050001,3.5,1.75
2020-03-07T01:05:00.0,6.61,6.79,6.79,2.1,91.81494082450001,3.5,1.687
2020-03-07T01:06:00.0,6.51,5.85,6.21,2.06,91.92430401250002,3.5,1.687
2020-03-07T01:07:00.0,6.83,7.09,6.97,2,91.9789664605,3.5,1.687
2020-03-07T01:08:00.0,6.91,6.65,6.61,2.04,91.21253066450001,3.562,1.687
2020-03-07T01:09:00.0,7.23,7.45,6.69,2.25,91.10283561250002,3.562,1.75
2020-03-07T01:10:00.0,7.01,6.73,6.65,2.24,92.03361614450002,3.562,1.812
2020-03-07T01:11:00.0,6.51,5.95,5.93,2.2,92.03361614450002,3.562,1.812
2020-03-07T01:12:00.0,7.29,7.55,7.27,2.16,91.86962880050001,3.625,1.812
2020-03-07T01:13:00.0,6.75,6.79,6.91,2.22,91.62343239200001,3.562,1.812
2020-03-07T01:14:00.0,7.05,6.93,7.09,2.22,92.006292898,3.562,1.687
2020-03-07T01:15:00.0,6.79,6.79,6.53,2.18,92.006292898,3.562,1.625
2020-03-07T01:16:00.0,6.43,6.17,6.29,2.09,91.86962880050001,3.562,1.625
2020-03-07T01:17:00.0,7.01,6.91,7.19,1.92,92.4703541125,3.5,1.437
2020-03-07T01:18:00.0,6.61,6.29,6.35,1.74,92.2520872405,3.5,1.5
2020-03-07T01:19:00.0,6.51,6.75,6.73,1.6,91.9789664605,3.5,1.437
2020-03-07T01:20:00.0,6.69,6.53,6.43,1.62,90.22343718050001,3.5,1.375
2020-03-07T01:21:00.0,6.17,6.03,5.89,1.72,89.3407711645,3.437,1.437
2020-03-07T01:22:00.0,6.75,6.73,6.83,1.69,90.1683662845,3.437,1.375
2020-03-07T01:23:00.0,6.75,6.33,6.57,1.61,90.52609895200001,3.375,1.312
2020-03-07T01:24:00.0,6.51,6.39,6.43,1.58,90.44359312450001,3.437,1.187
2020-03-07T01:25:00.0,6.53,6.17,6.33,1.53,90.25096784200001,3.437,1.125
2020-03-07T01:26:00.0,6.29,5.99,5.71,1.51,90.2784953125,3.437,1.062
2020-03-07T01:27:00.0,6.13,6.35,6.47,1.46,90.22343718050001,3.437,1.062
2020-03-07T01:28:00.0,6.33,6.11,6.13,1.46,90.2784953125,3.437,1
2020-03-07T01:29:00.0,6.11,6.47,5.99,1.42,90.33354068050001,3.437,1.062
2020-03-07T01:30:00.0,6.03,6.21,6.29,1.4,89.94795506050001,3.375,1
2020-03-07T01:31:00.0,6.07,5.95,5.99,1.42,89.39603352050001,3.437,1.062
2020-03-07T01:32:00.0,6.17,6.47,6.51,1.46,88.7874455845,3.437,1
2020-03-07T01:33:00.0,5.85,6.17,6.11,1.48,88.704336658,3.437,1
2020-03-07T01:34:00.0,6.29,6.07,6.03,1.44,88.75974580000002,3.5,1
2020-03-07T01:35:00.0,6.07,6.11,6.43,1.49,88.3993582205,3.5,1
2020-03-07T01:36:00.0,5.49,5.49,5.27,1.53,87.67696522450001,3.437,1
2020-03-07T01:37:00.0,6.25,6.39,6.33,1.59,86.78490490450001,3.5,1.062
2020-03-07T01:38:00.0,6.53,5.99,6.07,1.8,85.8335105125,3.5,1.125
2020-03-07T01:39:00.0,6.29,6.03,6.07,1.92,85.7213392445,3.5,1.187
2020-03-07T01:40:00.0,6.17,6.35,6.53,2.02,85.805472482,3.562,1.25
2020-03-07T01:41:00.0,5.55,5.73,5.85,2.08,86.39360101250001,3.562,1.312
2020-03-07T01:42:00.0,6.69,6.51,6.75,2.04,87.81605448200001,3.562,1.375
2020-03-07T01:43:00.0,6.53,5.99,6.47,1.9,88.8982128125,3.562,1.375
2020-03-07T01:44:00.0,6.53,6.87,6.57,1.72,89.50651994050001,3.562,1.312
2020-03-07T01:45:00.0,6.35,6.17,6.65,1.58,89.25785369800002,3.5,1.312
2020-03-07T01:46:00.0,5.63,5.73,5.77,1.46,88.84283558050001,3.5,1.25
2020-03-07T01:47:00.0,6.79,6.61,6.29,1.44,88.28836124050001,3.437,1.125
2020-03-07T01:48:00.0,6.07,6.03,5.71,1.35,88.5103041445,3.375,1.062
2020-03-07T01:49:00.0,6.11,6.17,6.29,1.25,88.34386611250001,3.25,0.937
2020-03-07T01:50:00.0,5.93,5.85,5.93,1.22,87.704789458,3.187,0.875
2020-03-07T01:51:00.0,5.45,4.81,5.37,1.1,87.95506396450001,3.187,0.875
2020-03-07T01:52:00.0,6.33,6.33,6.53,1.07,87.20346503200001,3.125,0.875
2020-03-07T01:53:00.0,5.81,6.13,5.89,1,87.3428255245,3.125,0.937
2020-03-07T01:54:00.0,6.21,5.99,5.85,0.9,87.62130718450001,3.125,0.937
2020-03-07T01:55:00.0,6.07,6.03,6.51,0.81,87.4542564805,3.125,0.937
2020-03-07T01:56:00.0,5.73,5.15,5.71,0.76,87.0640247645,3.125,0.937
2020-03-07T01:57:00.0,6.13,6.61,6.07,0.72,86.47750449800002,3.125,0.875
2020-03-07T01:58:00.0,5.77,6.29,5.71,0.78,85.805472482,3.125,0.875
2020-03-07T01:59:00.0,5.93,5.95,6.07,0.77,85.44068770450001,3.125,0.937
2020-03-07T02:00:00.0,5.99,5.77,6.07,0.82,84.8784273245,3.125,0.875
2020-03-07T02:01:00.0,5.73,5.51,5.45,0.86,84.2584666645,3.062,0.812
2020-03-07T02:02:00.0,6.03,5.99,6.33,0.94,83.608674632,3.062,0.812
2020-03-07T02:03:00.0,6.13,5.93,5.85,1.06,82.4461631125,3.062,0.937
2020-03-07T02:04:00.0,6.21,6.11,6.11,1.25,81.563629832,3.062,0.937
2020-03-07T02:05:00.0,5.95,5.95,6.43,1.36,81.563629832,3.062,1
2020-03-07T02:06:00.0,5.85,5.37,5.85,1.4,82.07644185800001,3.062,1
2020-03-07T02:07:00.0,6.61,6.33,6.65,1.43,82.4461631125,3.062,0.937
2020-03-07T02:08:00.0,6.13,6.29,6.13,1.48,82.38931802050001,3.062,0.937
2020-03-07T02:09:00.0,6.35,6.03,6.07,1.6,81.59214651250001,3.125,0.875
2020-03-07T02:10:00.0,5.99,5.85,6.11,1.68,82.53140681800001,3.125,0.875
2020-03-07T02:11:00.0,5.59,5.67,5.81,1.74,83.947907168,3.187,0.937
2020-03-07T02:12:00.0,6.43,6.11,6.11,1.81,84.5968184845,3.187,0.937
2020-03-07T02:13:00.0,6.03,5.95,6.11,1.99,84.6531657805,3.187,1
2020-03-07T02:14:00.0,6.35,5.93,6.13,2.1,85.300242272,3.187,1.062
2020-03-07T02:15:00.0,5.85,6.51,6.07,2.12,86.92450472200001,3.187,1.062
2020-03-07T02:16:00.0,5.85,5.93,5.85,2.1,87.3428255245,3.187,1.125
2020-03-07T02:17:00.0,6.51,6.25,6.61,2.05,87.81605448200001,3.25,1.187
2020-03-07T02:18:00.0,6.11,6.13,6.33,1.92,88.149543218,3.25,1.187
2020-03-07T02:19:00.0,6.13,5.99,6.35,1.74,88.34386611250001,3.312,1.125
2020-03-07T02:20:00.0,6.33,6.07,6.39,1.57,88.34386611250001,3.312,1
2020-03-07T02:21:00.0,5.51,5.15,5.89,1.44,88.0662141125,3.312,0.875
2020-03-07T02:22:00.0,6.53,6.35,6.03,1.28,87.73261050050002,3.375,0.812
2020-03-07T02:23:00.0,6.21,6.03,5.93,1.28,86.72904264050001,3.375,0.75
2020-03-07T02:24:00.0,6.29,5.89,5.99,1.36,85.32833774050002,3.375,0.687
2020-03-07T02:25:00.0,5.71,5.59,5.49,1.39,84.5968184845,3.375,0.687
2020-03-07T02:26:00.0,5.89,5.71,5.37,1.48,83.97615580450001,3.375,0.687
2020-03-07T02:27:00.0,5.89,5.93,6.03,1.57,83.04226595200001,3.437,0.812
2020-03-07T02:28:00.0,5.95,5.63,5.77,1.68,82.247149448,3.437,0.875
2020-03-07T02:29:00.0,6.25,6.03,6.57,1.77,81.8201650805,3.437,1
2020-03-07T02:30:00.0,6.17,6.13,6.03,1.88,82.50299544050002,3.437,1.062
2020-03-07T02:31:00.0,5.85,5.45,5.45,1.94,83.4671921245,3.5,1.125
2020-03-07T02:32:00.0,6.75,6.35,6.75,1.97,84.6531657805,3.5,1.125
2020-03-07T02:33:00.0,6.33,5.81,6.25,2.03,85.300242272,3.562,1.062
2020-03-07T02:34:00.0,6.07,6.03,6.11,2.06,86.05769988050001,3.562,1
2020-03-07T02:35:00.0,6.21,6.29,5.93,2.08,86.2816850245,3.562,1
2020-03-07T02:36:00.0,6.21,6.29,5.77,2.12,86.421572032,3.625,1.062
2020-03-07T02:37:00.0,6.33,6.51,6.53,2.12,86.421572032,3.625,1.062
2020-03-07T02:38:00.0,6.21,6.17,6.21,2.16,86.25369805,3.687,1.125
2020-03-07T02:39:00.0,6.21,6.25,6.13,2.17,86.67316761250001,3.687,1.062
2020-03-07T02:40:00.0,6.07,6.17,5.85,2.13,87.2870909005,3.687,1
2020-03-07T02:41:00.0,5.67,5.19,5.19,2.06,87.7882430125,3.75,1
2020-03-07T02:42:00.0,6.11,6.53,6.29,2.02,87.50995281250002,3.75,1
2020-03-07T02:43:00.0,5.99,5.89,6.03,2.08,87.2870909005,3.75,1.062
2020-03-07T02:44:00.0,,,,,,,
2020-03-07T02:45:00.0,6.25,5.85,6.17,2.2,87.67696522450001,3.625,1.125
2020-03-07T02:46:00.0,5.95,5.55,5.95,2.22,88.34386611250001,3.625,1.125
2020-03-07T02:47:00.0,6.29,6.65,6.51,2.2,88.75974580000002,3.625,1.125
2020-03-07T02:48:00.0,6.39,6.17,6.13,2.2,89.17490751250001,3.562,1.125
2020-03-07T02:49:00.0,6.47,6.65,6.35,2.22,89.56174400450001,3.562,1.125
2020-03-07T02:50:00.0,6.51,5.95,6.29,2.2,89.78251262050001,3.5,1.125
2020-03-07T02:51:00.0,5.93,5.67,5.77,2.24,89.97551763200002,3.5,1.125
2020-03-07T02:52:00.0,6.65,6.51,6.47,2.24,90.0581862005,3.437,1.062
2020-03-07T02:53:00.0,6.13,6.13,6.17,2.27,90.1683662845,3.375,1.062
2020-03-07T02:54:00.0,6.25,6.33,6.39,2.3,90.22343718050001,3.375,1.125
2020-03-07T02:55:00.0,6.25,6.11,6.03,2.32,90.33354068050001,3.375,1.125
2020-03-07T02:56:00.0,,,,,,,
2020-03-07T02:57:00.0,6.57,6.53,6.53,2.3,90.0581862005,3.375,1.125
2020-03-07T02:58:00.0,6.33,6.17,6.33,2.3,90.030633202,3.437,1.187
2020-03-07T02:59:00.0,6.35,6.33,6.21,2.32,90.11328262450002,3.437,1.187
2020-03-07T03:00:00.0,6.29,6.35,6.53,2.32,90.25096784200001,3.5,1.25
2020-03-07T03:01:00.0,5.67,5.73,5.99,2.34,90.25096784200001,3.5,1.25
2020-03-07T03:02:00.0,6.39,6.11,6.87,2.32,90.22343718050001,3.562,1.25
2020-03-07T03:03:00.0,,,,,,,
2020-03-07T03:04:00.0,6.35,6.17,6.07,2.34,90.55359451250001,3.562,1.125
2020-03-07T03:05:00.0,6.43,6.13,6.17,2.29,90.49860020050001,3.625,1.125
2020-03-07T03:06:00.0,5.77,5.45,5.59,2.3,90.30601959200001,3.625,1.062
2020-03-07T03:07:00.0,6.69,6.83,6.35,2.28,90.49860020050001,3.625,1.062
2020-03-07T03:08:00.0,6.33,6.07,6.21,2.27,90.55359451250001,3.625,1.062
2020-03-07T03:09:00.0,6.25,6.11,6.17,2.31,90.52609895200001,3.625,1.062
2020-03-07T03:10:00.0,6.21,6.47,6.47,2.34,90.71850086450002,3.562,1.062
2020-03-07T03:11:00.0,5.99,5.67,5.73,2.36,90.7734441205,3.562,1.062
2020-03-07T03:12:00.0,6.17,6.33,6.11,2.34,90.60857606050001,3.562,1.125
2020-03-07T03:13:00.0,6.21,6.35,6.07,2.38,90.49860020050001,3.562,1.125
2020-03-07T03:14:00.0,6.69,6.35,6.39,2.36,90.55359451250001,3.625,1.125
2020-03-07T03:15:00.0,6.25,6.03,5.99,2.35,90.471098258,3.625,1.125
2020-03-07T03:16:00.0,5.95,5.67,5.55,2.36,90.44359312450001,3.625,1.125
2020-03-07T03:17:00.0,6.53,6.35,6.65,2.36,90.33354068050001,3.687,1.125
2020-03-07T03:18:00.0,6.29,6.03,5.93,2.36,90.25096784200001,3.75,1.125
2020-03-07T03:19:00.0,6.51,6.25,6.43,2.36,90.38857328450001,3.75,1
2020-03-07T03:20:00.0,6.17,6.03,6.25,2.37,90.33354068050001,3.812,1
2020-03-07T03:21:00.0,5.67,5.95,6.07,2.35,90.38857328450001,3.812,1
2020-03-07T03:22:00.0,6.73,6.43,6.13,2.37,90.361058578,3.875,0.937
2020-03-07T03:23:00.0,6.13,5.89,6.13,2.35,90.38857328450001,3.875,0.937
2020-03-07T03:24:00.0,6.13,6.03,6.03,2.34,90.33354068050001,3.937,0.937
2020-03-07T03:25:00.0,5.99,6.29,6.25,2.34,90.2784953125,3.937,0.875
2020-03-07T03:26:00.0,6.03,6.33,5.93,2.35,90.22343718050001,3.937,0.937
2020-03-07T03:27:00.0,5.99,6.07,5.99,2.36,90.11328262450002,4,0.937
2020-03-07T03:28:00.0,6.03,6.03,6.07,2.35,90.08573600800001,4,0.937
2020-03-07T03:29:00.0,6.13,6.33,5.95,2.34,90.14082605,4,0.937
2020-03-07T03:30:00.0,6.03,6.57,6.17,2.36,90.00307701250001,4.062,0.937
2020-03-07T03:31:00.0,5.73,5.89,5.71,2.34,89.89282034450001,4.062,0.937
2020-03-07T03:32:00.0,6.35,6.07,6.17,2.38,89.7273396125,4.062,0.937
2020-03-07T03:33:00.0,6.47,6.07,5.73,2.41,90.00307701250001,4.062,0.937
2020-03-07T03:34:00.0,5.95,5.85,5.71,2.44,89.83767286450001,4.125,0.937
2020-03-07T03:35:00.0,6.25,6.13,6.03,2.52,89.94795506050001,4.125,0.937
2020-03-07T03:36:00.0,5.77,5.73,5.45,2.59,90.49860020050001,4.062,0.937
2020-03-07T03:37:00.0,5.99,6.13,6.43,2.64,90.7734441205,4.062,0.937
2020-03-07T03:38:00.0,6.25,6.11,5.89,2.64,91.21253066450001,4.062,1
2020-03-07T03:39:00.0,6.07,6.35,6.33,2.57,91.3769775125,4.062,1
2020-03-07T03:40:00.0,6.11,5.95,6.13,2.53,91.26735904450001,4.062,0.937
2020-03-07T03:41:00.0,5.81,5.81,6.17,2.48,91.04796894050001,4.062,1
2020-03-07T03:42:00.0,6.17,6.11,6.17,2.5,90.93819730450001,4.062,0.937
2020-03-07T03:43:00.0,5.77,5.93,6.21,2.54,90.71850086450002,4.062,0.937
2020-03-07T03:44:00.0,6.51,6.03,6.39,2.6,91.04796894050001,4.062,1
2020-03-07T03:45:00.0,6.29,6.11,6.07,2.64,91.1576895205,4.062,1
2020-03-07T03:46:00.0,5.71,5.59,5.55,2.68,91.43176760050001,4.062,1
2020-03-07T03:47:00.0,7.09,6.53,6.79,2.62,91.568686978,4.062,1
2020-03-07T03:48:00.0,6.29,5.99,6.69,2.58,91.43176760050001,4.062,1
2020-03-07T03:49:00.0,6.03,6.21,6.61,2.54,91.40437415200002,4.062,0.937
2020-03-07T03:50:00.0,6.17,5.81,6.07,2.52,91.5413094845,4.062,0.937
2020-03-07T03:51:00.0,5.55,5.51,5.77,2.52,91.76024008450001,4.062,1
2020-03-07T03:52:00.0,6.43,6.61,6.47,2.53,91.76024008450001,4.062,1
2020-03-07T03:53:00.0,6.11,6.13,5.99,2.55,91.732884928,4.062,1
2020-03-07T03:54:00.0,5.81,6.11,6.39,2.56,91.5413094845,4.062,1.062
2020-03-07T03:55:00.0,6.25,6.07,6.13,2.56,91.48654492450001,4.062,1.062
2020-03-07T03:56:00.0,6.35,5.99,5.73,2.55,91.40437415200002,4.062,1.062
2020-03-07T03:57:00.0,6.39,6.13,6.33,2.56,91.349577682,4.062,1.062
2020-03-07T03:58:00.0,6.11,6.17,6.33,2.58,91.04796894050001,4.125,1.062
2020-03-07T03:59:00.0,6.07,6.07,6.07,2.66,91.32217466050001,4.062,1
2020-03-07T04:00:00.0,6.17,6.29,6.07,2.68,91.349577682,4.062,1
2020-03-07T04:01:00.0,5.99,6.21,5.81,2.72,91.65080031250001,4.062,1
2020-03-07T04:02:00.0,6.47,6.11,6.25,2.72,91.678165042,4.062,1
2020-03-07T04:03:00.0,6.13,6.25,5.99,2.75,91.7055265805,4.062,1
2020-03-07T04:04:00.0,6.17,6.25,6.33,2.74,91.78759205,4.125,1
2020-03-07T04:05:00.0,,,,,,,
2020-03-07T04:06:00.0,5.81,5.71,6.07,2.74,91.842286408,4.125,0.937
2020-03-07T04:07:00.0,6.39,6.25,5.93,2.65,92.1974886125,4.125,0.937
2020-03-07T04:08:00.0,5.95,5.99,5.99,2.6,92.03361614450002,4.125,0.937
2020-03-07T04:09:00.0,6.29,6.11,6.13,2.56,92.170184512,4.125,0.937
2020-03-07T04:10:00.0,5.99,6.17,5.71,2.52,91.92430401250002,4.187,1
2020-03-07T04:11:00.0,6.03,5.51,5.41,2.52,91.842286408,4.187,0.937
2020-03-07T04:12:00.0,6.35,6.35,6.21,2.52,91.5413094845,4.187,0.937
2020-03-07T04:13:00.0,6.21,6.11,6.21,2.53,91.65080031250001,4.25,0.937
2020-03-07T04:14:00.0,5.93,6.13,6.07,2.52,91.5413094845,4.25,0.937
2020-03-07T04:15:00.0,5.93,6.07,6.17,2.48,92.14287722050001,4.25,0.937
2020-03-07T04:16:00.0,6.07,5.73,5.55,2.48,92.2520872405,4.25,0.937
2020-03-07T04:17:00.0,6.25,6.29,6.65,2.51,92.3066731045,4.25,0.937
2020-03-07T04:18:00.0,6.43,6.07,6.35,2.52,92.14287722050001,4.25,1
2020-03-07T04:19:00.0,6.51,6.33,5.99,2.56,91.76024008450001,4.25,1
2020-03-07T04:20:00.0,6.25,6.17,5.93,2.58,91.678165042,4.25,1
2020-03-07T04:21:00.0,5.59,5.49,5.51,2.59,91.62343239200001,4.25,1
2020-03-07T04:22:00.0,6.83,6.35,6.25,2.62,91.65080031250001,4.25,1
2020-03-07T04:23:00.0,6.51,6.21,6.17,2.64,91.76024008450001,4.25,1
2020-03-07T04:24:00.0,6.13,6.29,6.33,2.68,92.03361614450002,4.25,1
2020-03-07T04:25:00.0,5.85,6.03,5.95,2.7,92.08825306450001,4.187,0.937
2020-03-07T04:26:00.0,5.49,5.63,5.41,2.72,92.497623112,4.187,0.937
2020-03-07T04:27:00.0,6.61,6.29,6.39,2.72,92.63392024450002,4.187,1
2020-03-07T04:28:00.0,6.13,6.03,6.65,2.68,93.06953498050001,4.187,1
2020-03-07T04:29:00.0,5.95,5.85,6.11,2.61,93.0151278125,4.125,1
2020-03-07T04:30:00.0,5.89,6.47,6.11,2.53,92.96070788050001,4.187,1
2020-03-07T04:31:00.0,5.67,5.51,5.63,2.49,92.87905405000001,4.187,1
2020-03-07T04:32:00.0,6.51,6.75,6.57,2.5,92.8518297245,4.187,1
2020-03-07T04:33:00.0,6.11,6.17,5.95,2.5,92.63392024450002,4.187,1
2020-03-07T04:34:00.0,6.21,6.33,6.13,2.52,92.63392024450002,4.125,1
2020-03-07T04:35:00.0,6.43,6.13,6.03,2.52,92.7973715005,4.125,1
2020-03-07T04:36:00.0,6.13,5.93,5.15,2.5,92.715660232,4.187,1
2020-03-07T04:37:00.0,6.17,6.25,6.17,2.56,92.52488892050002,4.125,1
2020-03-07T04:38:00.0,6.35,6.13,6.11,2.64,92.4703541125,4.125,1
2020-03-07T04:39:00.0,6.11,6.25,5.81,2.62,92.27938176800001,4.125,0.937
2020-03-07T04:40:00.0,6.11,6.29,6.03,2.63,92.2520872405,4.125,0.937
2020-03-07T04:41:00.0,5.81,6.29,5.55,2.6,92.3066731045,4.062,0.937
2020-03-07T04:42:00.0,6.21,5.95,6.29,2.54,92.33396125000002,4.062,0.937
2020-03-07T04:43:00.0,6.17,6.17,5.93,2.51,92.1974886125,4.062,0.875
2020-03-07T04:44:00.0,5.93,5.99,5.81,2.44,92.1974886125,4.062,0.875
2020-03-07T04:45:00.0,5.99,6.13,6.07,2.38,91.9789664605,4.062,0.875
2020-03-07T04:46:00.0,5.59,5.51,5.63,2.36,91.7055265805,4.062,0.875
2020-03-07T04:47:00.0,6.29,6.25,5.85,2.3,91.5960612805,4.062,0.812
2020-03-07T04:48:00.0,5.85,5.85,5.99,2.26,91.3769775125,4.062,0.812
2020-03-07T04:49:00.0,5.81,6.03,5.85,2.26,90.93819730450001,4,0.812
2020-03-07T04:50:00.0,5.95,6.11,5.99,2.33,90.7734441205,4,0.812
2020-03-07T04:51:00.0,5.45,5.55,5.45,2.38,90.82837461250001,4.062,0.812
2020-03-07T04:52:00.0,6.29,5.89,5.81,2.42,90.9930895045,4,0.812
2020-03-07T04:53:00.0,5.67,5.89,5.73,2.44,91.40437415200002,4,0.812
2020-03-07T04:54:00.0,5.93,6.11,6.51,2.4,91.3769775125,4,0.812
2020-03-07T04:55:00.0,6.21,6.07,5.89,2.37,91.21253066450001,3.937,0.812
2020-03-07T04:56:00.0,5.81,5.89,6.07,2.38,91.10283561250002,3.937,0.812
2020-03-07T04:57:00.0,6.29,5.63,6.03,2.34,91.40437415200002,3.937,0.812
2020-03-07T04:58:00.0,5.85,6.13,5.95,2.34,91.130264162,3.937,0.812
2020-03-07T04:59:00.0,5.85,5.77,5.85,2.3,91.43176760050001,4,0.812
2020-03-07T05:00:00.0,5.93,5.67,5.85,2.32,90.8832923405,4,0.812
2020-03-07T05:01:00.0,5.55,5.63,5.27,2.35,90.60857606050001,4,0.812
2020-03-07T05:02:00.0,6.11,5.95,6.03,2.38,90.63606204800001,4,0.812
2020-03-07T05:03:00.0,6.07,5.85,5.81,2.38,90.66354484450001,4,0.812
2020-03-07T05:04:00.0,6.07,6.21,6.03,2.37,90.82837461250001,4,0.812
2020-03-07T05:05:00.0,5.95,5.81,5.93,2.34,90.66354484450001,4,0.812
2020-03-07T05:06:00.0,5.71,5.19,5.29,2.3,90.55359451250001,4,0.812
2020-03-07T05:07:00.0,6.33,6.07,6.17,2.28,90.38857328450001,4,0.812
2020-03-07T05:08:00.0,5.81,5.89,5.71,2.26,90.22343718050001,4,0.812
2020-03-07T05:09:00.0,6.39,6.07,6.29,2.24,90.030633202,4,0.812
2020-03-07T05:10:00.0,5.73,5.73,5.71,2.28,89.7273396125,4,0.812
2020-03-07T05:11:00.0,5.67,5.41,5.23,2.3,89.89282034450001,4.062,0.812
2020-03-07T05:12:00.0,5.99,6.29,6.03,2.3,90.0581862005,4,0.812
2020-03-07T05:13:00.0,5.89,6.33,5.73,2.29,90.11328262450002,4.062,0.812
2020-03-07T05:14:00.0,6.11,5.77,5.71,2.3,90.22343718050001,4,0.812
2020-03-07T05:15:00.0,5.89,6.03,5.95,2.28,90.2784953125,4,0.812
2020-03-07T05:16:00.0,5.45,5.59,5.37,2.27,90.1683662845,4,0.812
2020-03-07T05:17:00.0,6.57,6.21,6.13,2.24,90.00307701250001,4.062,0.75
2020-03-07T05:18:00.0,5.95,5.85,5.81,2.26,90.00307701250001,4.062,0.75
2020-03-07T05:19:00.0,5.95,5.99,6.11,2.24,89.94795506050001,4,0.75
2020-03-07T05:20:00.0,5.95,5.59,5.77,2.25,89.7273396125,4,0.75
2020-03-07T05:21:00.0,5.63,5.33,5.45,2.26,89.61695530450001,4.062,0.812
2020-03-07T05:22:00.0,6.29,6.03,5.99,2.27,89.67215384050002,4,0.75
2020-03-07T05:23:00.0,5.93,5.71,6.17,2.26,89.78251262050001,4,0.812
2020-03-07T05:24:00.0,6.25,6.11,6.17,2.26,89.78251262050001,4,0.75
2020-03-07T05:25:00.0,,,,,,,
2020-03-07T05:26:00.0,5.59,5.73,5.71,2.3,90.71850086450002,4.062,0.812
2020-03-07T05:27:00.0,5.73,6.07,6.43,2.3,90.9930895045,4.062,0.812
2020-03-07T05:28:00.0,5.93,5.85,6.13,2.3,91.04796894050001,4.062,0.812
2020-03-07T05:29:00.0,6.03,5.85,5.93,2.28,90.7734441205,4.062,0.812
2020-03-07T05:30:00.0,5.89,5.93,5.81,2.29,90.471098258,4.125,0.812
2020-03-07T05:31:00.0,5.99,5.99,6.25,2.31,90.2784953125,4.125,0.812
2020-03-07T05:32:00.0,5.93,5.93,5.93,2.3,90.2784953125,4.125,0.812
2020-03-07T05:33:00.0,5.99,5.99,5.77,2.33,89.97551763200002,4.125,0.812
2020-03-07T05:34:00.0,6.13,5.89,6.13,2.34,89.89282034450001,4.125,0.75
2020-03-07T05:35:00.0,,,,,,,
2020-03-07T05:36:00.0,6.03,5.77,5.81,2.38,89.699748322,4.125,0.812
2020-03-07T05:37:00.0,5.89,6.03,6.25,2.4,89.78251262050001,4.125,0.812
2020-03-07T05:38:00.0,5.95,6.03,5.99,2.4,90.0581862005,4.187,0.812
2020-03-07T05:39:00.0,5.89,5.99,5.99,2.44,90.361058578,4.187,0.812
2020-03-07T05:40:00.0,,,,,,,
2020-03-07T05:41:00.0,,,,,,,
2020-03-07T05:42:00.0,5.93,5.99,6.21,2.41,91.04796894050001,4.187,0.812
2020-03-07T05:43:00.0,6.35,5.93,5.77,2.39,91.23994645,4.187,0.812
2020-03-07T05:44:00.0,6.03,6.35,6.07,2.36,91.294768448,4.125,0.812
2020-03-07T05:45:00.0,5.63,6.07,5.73,2.36,91.185111688,4.187,0.875
2020-03-07T05:46:00.0,5.59,5.81,5.55,2.35,91.21253066450001,4.187,0.875
2020-03-07T05:47:00.0,6.35,6.13,6.13,2.34,90.66354484450001,4.187,0.875
2020-03-07T05:48:00.0,6.03,5.71,5.63,2.38,90.471098258,4.125,0.875
2020-03-07T05:49:00.0,6.21,5.93,5.85,2.46,90.1683662845,4.125,0.875
2020-03-07T05:50:00.0,6.13,5.73,6.03,2.54,90.25096784200001,4.125,0.875
2020-03-07T05:51:00.0,5.27,5.55,5.49,2.56,90.52609895200001,4.062,0.875
2020-03-07T05:52:00.0,6.21,5.95,6.29,2.58,90.60857606050001,4.125,0.875
2020-03-07T05:53:00.0,6.17,5.81,5.95,2.58,90.74597408800001,4.062,0.875
2020-03-07T05:54:00.0,6.33,5.85,5.77,2.6,90.63606204800001,4.062,0.875
2020-03-07T05:55:00.0,5.93,5.99,6.17,2.6,91.10283561250002,4.062,0.875
2020-03-07T05:56:00.0,5.23,5.93,5.45,2.56,91.26735904450001,4.062,0.875
2020-03-07T05:57:00.0,6.33,6.13,6.11,2.5,91.130264162,4.062,0.875
2020-03-07T05:58:00.0,6.17,5.99,5.85,2.54,91.21253066450001,4.062,0.875
2020-03-07T05:59:00.0,6.25,6.25,6.07,2.5,91.3769775125,4.062,0.875
2020-03-07T06:00:00.0,6.07,6.07,6.03,2.47,91.5413094845,4.062,0.875
2020-03-07T06:01:00.0,5.55,5.73,5.81,2.46,91.7055265805,4.062,0.875
2020-03-07T06:02:00.0,6.61,6.13,6.13,2.44,91.65080031250001,4.062,0.875
2020-03-07T06:03:00.0,6.25,5.99,6.07,2.48,91.32217466050001,4.062,0.875
2020-03-07T06:04:00.0,6.25,5.95,5.95,2.47,91.32217466050001,4.062,0.812
2020-03-07T06:05:00.0,5.99,6.03,5.73,2.48,91.65080031250001,4.125,0.812
2020-03-07T06:06:00.0,5.63,5.59,5.73,2.48,91.678165042,4.062,0.812
2020-03-07T06:07:00.0,6.69,6.29,6.25,2.5,91.86962880050001,4.062,0.812
2020-03-07T06:08:00.0,6.25,6.11,6.07,2.46,91.81494082450001,4.125,0.812
2020-03-07T06:09:00.0,5.95,5.95,5.85,2.53,91.76024008450001,4.125,0.875
2020-03-07T06:10:00.0,5.77,6.13,6.03,2.54,91.678165042,4.125,0.812
2020-03-07T06:11:00.0,5.45,5.55,5.55,2.54,92.22478952200001,4.125,0.875
2020-03-07T06:12:00.0,6.83,6.65,6.47,2.51,92.4703541125,4.125,0.875
2020-03-07T06:13:00.0,6.03,6.25,6.07,2.5,92.5794109645,4.125,0.875
2020-03-07T06:14:00.0,6.17,6.17,6.33,2.52,92.63392024450002,4.187,0.875
2020-03-07T06:15:00.0,5.93,5.81,6.33,2.52,92.6884167605,4.125,0.812
2020-03-07T06:16:00.0,6.11,6.07,5.77,2.49,92.87905405000001,4.187,0.875
2020-03-07T06:17:00.0,5.89,6.13,6.17,2.5,92.7973715005,4.187,0.812
2020-03-07T06:18:00.0,5.63,5.95,6.13,2.5,92.7973715005,4.187,0.812
2020-03-07T06:19:00.0,5.71,6.03,5.77,2.5,92.8518297245,4.125,0.812
2020-03-07T06:20:00.0,6.11,6.03,6.03,2.58,92.63392024450002,4.187,0.812
2020-03-07T06:21:00.0,5.67,5.49,5.05,2.65,92.74290051250001,4.187,0.812
2020-03-07T06:22:00.0,6.11,6.29,6.21,2.66,92.74290051250001,4.187,0.812
2020-03-07T06:23:00.0,5.95,6.03,5.81,2.68,92.82460220800002,4.187,0.812
2020-03-07T06:24:00.0,5.99,6.57,6.75,2.68,92.9062751845,4.187,0.812
2020-03-07T06:25:00.0,,,,,,,
2020-03-07T06:26:00.0,,,,,,,
2020-03-07T06:27:00.0,6.11,6.03,5.99,2.62,92.96070788050001,4.187,0.812
2020-03-07T06:28:00.0,,,,,,,
2020-03-07T06:29:00.0,5.89,5.95,5.59,2.58,92.6066672,4.187,0.812
2020-03-07T06:30:00.0,5.93,6.07,6.03,2.6,92.52488892050002,4.25,0.812
2020-03-07T06:31:00.0,5.77,5.63,5.67,2.64,92.2520872405,4.25,0.812
2020-03-07T06:32:00.0,5.77,6.03,6.29,2.65,92.03361614450002,4.25,0.875
2020-03-07T06:33:00.0,5.99,5.93,6.07,2.72,92.08825306450001,4.25,0.875
2020-03-07T06:34:00.0,6.17,6.13,6.11,2.74,92.2520872405,4.25,0.875
2020-03-07T06:35:00.0,5.73,6.33,5.99,2.74,92.22478952200001,4.25,0.875
2020-03-07T06:36:00.0,5.73,5.73,5.59,2.8,92.27938176800001,4.25,0.875
2020-03-07T06:37:00.0,6.25,6.21,6.35,2.8,92.3612462045,4.25,0.875
2020-03-07T06:38:00.0,6.13,6.07,6.07,2.79,92.4158065405,4.25,0.812
2020-03-07T06:39:00.0,6.07,5.93,5.89,2.88,92.33396125000002,4.312,0.875
2020-03-07T06:40:00.0,6.25,6.03,6.29,2.86,92.9062751845,4.312,0.875
2020-03-07T06:41:00.0,5.89,5.95,5.63,2.82,93.06953498050001,4.312,0.875
2020-03-07T06:42:00.0,6.29,6.13,6.43,2.78,93.23267990050002,4.312,0.875
2020-03-07T06:43:00.0,6.11,6.17,5.99,2.78,93.1783110245,4.25,0.875
2020-03-07T06:44:00.0,6.25,6.29,6.29,2.78,93.23267990050002,4.312,0.812
2020-03-07T06:45:00.0,6.33,6.29,6.25,2.8,93.23267990050002,4.25,0.812
2020-03-07T06:46:00.0,5.71,5.85,5.85,2.78,93.34137936050001,4.312,0.812
2020-03-07T06:47:00.0,6.57,6.17,6.03,2.78,93.23267990050002,4.25,0.812
2020-03-07T06:48:00.0,5.73,5.95,6.25,2.78,93.28703601250001,4.25,0.812
2020-03-07T06:49:00.0,5.93,6.21,5.95,2.76,93.31420928200001,4.25,0.812
2020-03-07T06:50:00.0,5.67,5.73,5.85,2.76,93.28703601250001,4.25,0.812
2020-03-07T06:51:00.0,5.41,5.55,5.85,2.76,93.34137936050001,4.25,0.812
2020-03-07T06:52:00.0,6.13,6.35,6.21,2.71,93.34137936050001,4.25,0.812
2020-03-07T06:53:00.0,6.03,6.07,5.85,2.72,93.28703601250001,4.25,0.875
2020-03-07T06:54:00.0,6.29,5.93,5.93,2.78,93.1239293845,4.25,0.875
2020-03-07T06:55:00.0,6.07,5.99,5.99,2.82,93.31420928200001,4.25,0.875
2020-03-07T06:56:00.0,5.67,5.73,6.03,2.84,93.31420928200001,4.25,0.937
2020-03-07T06:57:00.0,6.11,6.43,6.61,2.92,93.1239293845,4.312,0.937
2020-03-07T06:58:00.0,5.99,5.95,5.93,2.98,93.205497058,4.312,0.937
2020-03-07T06:59:00.0,,,,,,,
2020-03-07T07:00:00.0,5.99,5.89,5.77,3.01,93.1783110245,4.25,0.875
2020-03-07T07:01:00.0,5.59,5.71,5.71,2.95,93.31420928200001,4.25,0.937
2020-03-07T07:02:00.0,5.95,6.51,6.13,2.88,93.25985955200001,4.25,0.875
2020-03-07T07:03:00.0,5.89,6.57,6.47,2.86,93.28703601250001,4.25,0.875
2020-03-07T07:04:00.0,6.17,6.07,5.95,2.84,93.28703601250001,4.25,0.875
2020-03-07T19:05:00.0,1.25,0.75,1.25,1.62,87.42640352800001,4.437,0.75
2020-03-07T19:06:00.0,3.37,1.51,1.85,1.56,88.17731320450001,4.437,0.75
2020-03-07T19:07:00.0,6.17,2.35,2.65,1.56,88.5103041445,4.312,0.625
2020-03-07T19:08:00.0,5.63,4.19,4.23,1.57,88.7874455845,4.187,0.625
2020-03-07T19:09:00.0,5.81,5.41,5.41,1.58,89.17490751250001,4.125,0.562
2020-03-07T19:10:00.0,5.49,5.51,5.01,1.62,89.67215384050002,4.062,0.5
2020-03-07T19:11:00.0,5.05,5.11,5.11,1.46,89.4512831125,4,0.5
2020-03-07T19:12:00.0,5.73,5.59,5.45,1.54,89.56174400450001,3.937,0.437
2020-03-07T19:13:00.0,5.73,5.95,5.19,1.48,89.78251262050001,3.875,0.375
2020-03-07T19:14:00.0,5.59,5.19,5.73,1.34,90.00307701250001,3.875,0.375
2020-03-07T19:15:00.0,5.23,5.27,5.01,1.43,90.30601959200001,3.812,0.312
2020-03-07T19:16:00.0,5.33,4.97,5.23,1.34,90.22343718050001,3.75,0.25
2020-03-07T19:17:00.0,5.33,5.23,5.33,1.4,90.22343718050001,3.687,0.25
2020-03-07T19:18:00.0,5.11,5.19,5.07,1.3,90.22343718050001,3.625,0.25
2020-03-07T19:19:00.0,5.45,5.29,5.23,1.32,90.7734441205,3.562,0.25
2020-03-07T19:20:00.0,5.41,5.11,5.23,1.35,90.80091096200002,3.562,0.25
2020-03-07T19:21:00.0,5.15,4.97,5.01,1.28,90.91074641800002,3.5,0.25
2020-03-07T19:22:00.0,5.33,5.19,5.07,1.2,90.91074641800002,3.437,0.187
2020-03-07T19:23:00.0,5.29,4.93,5.01,1.24,91.130264162,3.437,0.187
2020-03-07T19:24:00.0,4.97,5.05,5.27,1.2,90.93819730450001,3.375,0.187
2020-03-07T19:25:00.0,5.49,5.11,5.11,1.23,91.07540387200001,3.312,0.187
2020-03-07T19:26:00.0,,,,,,,
2020-03-07T19:27:00.0,5.07,5.19,4.93,1.16,91.5960612805,3.312,0.125
2020-03-07T19:28:00.0,5.05,5.15,5.19,1.13,91.678165042,3.25,0.125
2020-03-07T19:29:00.0,4.97,5.15,5.45,1.15,91.7055265805,3.25,0.062
2020-03-07T19:30:00.0,5.41,5.37,5.05,1.14,91.7055265805,3.187,0
2020-03-07T19:31:00.0,5.15,5.07,5.11,1.12,91.5960612805,3.25,0
2020-03-07T19:32:00.0,4.97,5.05,5.11,1.17,91.5960612805,3.187,0
2020-03-07T19:33:00.0,4.81,4.81,5.15,1.24,91.5960612805,3.187,0
2020-03-07T19:34:00.0,5.27,4.81,5.15,1.24,91.51392880000002,3.125,0
2020-03-07T19:35:00.0,4.71,4.85,4.75,1.14,91.43176760050001,3.125,0
2020-03-07T19:36:00.0,5.27,5.01,5.15,1.14,91.7055265805,3.125,-0.062
2020-03-07T19:37:00.0,4.89,4.97,4.97,1.12,91.5960612805,3.125,-0.062
2020-03-07T19:38:00.0,5.19,4.97,4.71,1.08,91.81494082450001,3.062,-0.062
2020-03-07T19:39:00.0,5.19,5.05,4.89,1.1,91.89696800200001,3.062,-0.125
2020-03-07T19:40:00.0,5.15,5.29,5.07,1.02,91.951636832,3,-0.187
2020-03-07T19:41:00.0,4.93,5.07,5.07,0.94,92.14287722050001,3,-0.187
2020-03-07T19:42:00.0,5.07,4.79,4.53,0.88,92.3066731045,3,-0.187
2020-03-07T19:43:00.0,5.05,5.45,5.51,0.85,92.388527968,2.937,-0.187
2020-03-07T19:44:00.0,5.23,5.33,5.37,0.94,92.552151538,2.875,-0.187
2020-03-07T19:45:00.0,5.07,5.33,5.11,1.02,92.4158065405,2.875,-0.125
2020-03-07T19:46:00.0,5.37,5.07,5.05,1.05,92.1974886125,2.875,-0.187
2020-03-07T19:47:00.0,5.51,5.05,5.27,1.06,92.11556673800001,2.875,-0.187
2020-03-07T19:48:00.0,5.15,4.81,5.15,1.12,92.08825306450001,2.875,-0.25
2020-03-07T19:49:00.0,5.07,5.23,5.37,1.14,92.08825306450001,2.812,-0.25
2020-03-07T19:50:00.0,5.15,4.89,5.01,1.06,91.92430401250002,2.812,-0.312
2020-03-07T19:51:00.0,5.29,5.11,5.07,0.94,91.89696800200001,2.75,-0.312
2020-03-07T19:52:00.0,5.19,5.05,5.01,0.9,92.06093620000001,2.75,-0.375
2020-03-07T19:53:00.0,5.37,5.07,4.75,0.94,92.2520872405,2.75,-0.375
2020-03-07T19:54:00.0,4.97,4.93,4.85,0.96,92.14287722050001,2.75,-0.375
2020-03-07T19:55:00.0,5.33,5.01,4.97,0.9,92.33396125000002,2.687,-0.375
2020-03-07T19:56:00.0,4.97,4.71,5.15,0.92,92.33396125000002,2.625,-0.375
2020-03-07T19:57:00.0,5.15,5.29,4.85,0.9,92.27938176800001,2.562,-0.375
2020-03-07T19:58:00.0,5.05,4.97,4.79,0.87,92.3612462045,2.562,-0.375
2020-03-07T19:59:00.0,,,,,,,
2020-03-07T20:00:00.0,5.15,5.29,4.75,0.86,92.52488892050002,2.5,-0.375
2020-03-07T20:01:00.0,4.81,4.71,5.05,0.9,92.4703541125,2.5,-0.437
2020-03-07T20:02:00.0,4.93,4.75,5.05,0.92,92.497623112,2.437,-0.437
2020-03-07T20:03:00.0,5.19,5.15,5.01,0.86,92.4158065405,2.437,-0.437
2020-03-07T20:04:00.0,4.75,5.05,5.05,0.84,92.552151538,2.375,-0.437
2020-03-07T20:05:00.0,,,,,,,
2020-03-07T20:06:00.0,4.75,5.01,4.81,0.7,92.74290051250001,2.375,-0.5
2020-03-07T20:07:00.0,5.37,4.85,5.01,0.66,92.7973715005,2.375,-0.5
2020-03-07T20:08:00.0,5.23,5.19,4.71,0.59,92.8518297245,2.375,-0.5
2020-03-07T20:09:00.0,5.19,5.33,5.15,0.55,92.9062751845,2.375,-0.562
2020-03-07T20:10:00.0,5.23,4.81,4.97,0.58,93.04233299200001,2.312,-0.562
2020-03-07T20:11:00.0,5.23,5.19,4.89,0.6,92.96070788050001,2.312,-0.562
2020-03-07T20:12:00.0,5.15,4.93,4.93,0.49,93.06953498050001,2.312,-0.562
2020-03-07T20:13:00.0,4.85,4.93,5.19,0.46,93.1239293845,2.312,-0.625
2020-03-07T20:14:00.0,5.19,5.01,5.05,0.35,93.23267990050002,2.312,-0.625
2020-03-07T20:15:00.0,5.29,5.05,4.71,0.29,93.368546248,2.312,-0.687
2020-03-07T20:16:00.0,5.15,4.81,4.79,0.24,93.3957099445,2.25,-0.687
2020-03-07T20:17:00.0,5.19,4.71,5.05,0.2,93.4500277645,2.25,-0.687
2020-03-07T20:18:00.0,5.01,4.79,4.85,0.17,93.477181888,2.25,-0.75
2020-03-07T20:19:00.0,5.07,4.79,4.81,0.12,93.53148056200001,2.187,-0.75
2020-03-07T20:20:00.0,5.29,5.05,4.75,0.06,93.477181888,2.187,-0.75
2020-03-07T20:21:00.0,4.93,5.05,4.93,0.14,93.5043328205,2.187,-0.75
2020-03-07T20:22:00.0,5.49,4.97,5.29,0.27,93.55862511250001,2.187,-0.75
2020-03-07T20:23:00.0,4.97,5.07,5.19,0.3,93.5043328205,2.187,-0.75
2020-03-07T20:24:00.0,4.97,5.23,5.11,0.3,93.3957099445,2.187,-0.75
2020-03-07T20:25:00.0,4.97,5.23,5.07,0.39,93.31420928200001,2.187,-0.687
2020-03-07T20:26:00.0,5.01,5.11,4.97,0.46,93.368546248,2.187,-0.687
2020-03-07T20:27:00.0,5.33,4.81,4.93,0.54,93.34137936050001,2.25,-0.687
2020-03-07T20:28:00.0,5.29,5.07,5.01,0.55,93.23267990050002,2.187,-0.625
2020-03-07T20:29:00.0,5.07,4.93,4.97,0.58,93.28703601250001,2.25,-0.625
2020-03-07T20:30:00.0,5.27,5.33,5.15,0.62,93.28703601250001,2.25,-0.625
2020-03-07T20:31:00.0,5.23,5.07,5.29,0.61,93.28703601250001,2.312,-0.625
2020-03-07T20:32:00.0,5.19,4.93,4.75,0.64,93.205497058,2.312,-0.562
2020-03-07T20:33:00.0,5.05,5.37,5.23,0.72,93.1783110245,2.375,-0.625
2020-03-07T20:34:00.0,5.11,5.05,4.85,0.8,93.23267990050002,2.375,-0.562
2020-03-07T20:35:00.0,5.29,5.29,5.11,0.82,93.28703601250001,2.437,-0.562
2020-03-07T20:36:00.0,5.27,5.33,5.05,0.86,93.1239293845,2.5,-0.562
2020-03-07T20:37:00.0,5.27,5.19,5.19,0.94,93.23267990050002,2.5,-0.562
2020-03-07T20:38:00.0,5.15,5.41,5.15,1.01,93.15112180000001,2.562,-0.562
2020-03-07T20:39:00.0,5.07,5.07,5.15,1.07,93.096733778,2.562,-0.562
2020-03-07T20:40:00.0,5.01,5.07,5.11,1.07,93.0151278125,2.562,-0.562
2020-03-07T20:41:00.0,5.33,5.19,5.07,1.06,92.9062751845,2.625,-0.562
2020-03-07T20:42:00.0,5.23,4.93,5.23,1.04,92.9062751845,2.625,-0.625
2020-03-07T20:43:00.0,4.97,4.81,5.11,1.02,92.8518297245,2.687,-0.625
2020-03-07T20:44:00.0,5.07,4.81,4.63,0.98,92.9062751845,2.687,-0.625
2020-03-07T20:45:00.0,5.11,5.37,5.33,0.96,92.9062751845,2.75,-0.625
2020-03-07T20:46:00.0,5.11,5.05,5.19,0.98,92.9062751845,2.75,-0.625
2020-03-07T20:47:00.0,5.11,4.97,4.89,0.96,92.87905405000001,2.75,-0.625
2020-03-07T20:48:00.0,5.01,5.27,5.01,0.96,92.8518297245,2.812,-0.625
2020-03-07T20:49:00.0,5.01,4.85,5.05,0.95,92.7973715005,2.75,-0.625
2020-03-07T20:50:00.0,5.45,5.49,5.11,0.9,92.87905405000001,2.812,-0.625
2020-03-07T20:51:00.0,5.29,5.23,5.11,0.92,92.96070788050001,2.75,-0.625
2020-03-07T20:52:00.0,5.07,4.93,5.15,0.88,93.04233299200001,2.812,-0.625
2020-03-07T20:53:00.0,5.19,5.11,5.01,0.87,93.04233299200001,2.812,-0.625
2020-03-07T20:54:00.0,4.81,4.89,4.97,0.88,93.06953498050001,2.812,-0.562
2020-03-07T20:55:00.0,5.19,5.15,4.93,0.93,93.0151278125,2.812,-0.562
2020-03-07T20:56:00.0,5.27,5.05,5.01,0.94,93.06953498050001,2.812,-0.5
2020-03-07T20:57:00.0,5.33,4.93,5.27,0.94,93.06953498050001,2.812,-0.5
2020-03-07T20:58:00.0,4.75,5.07,4.93,0.98,93.06953498050001,2.875,-0.5
2020-03-07T20:59:00.0,4.97,4.79,4.97,1.03,93.1239293845,2.875,-0.437
2020-03-07T21:00:00.0,5.15,5.19,5.11,1.06,92.987919442,2.875,-0.437
2020-03-07T21:01:00.0,5.15,4.81,5.11,1.09,92.9062751845,2.937,-0.437
2020-03-07T21:02:00.0,5.07,5.05,5.29,1.1,92.9062751845,2.937,-0.5
2020-03-07T21:03:00.0,5.27,5.01,5.07,1.09,92.7973715005,2.875,-0.437
2020-03-07T21:04:00.0,5.11,5.07,5.27,1.14,92.770137602,2.937,-0.437
2020-03-07T21:05:00.0,5.11,4.97,4.85,1.14,92.7973715005,2.937,-0.437
2020-03-07T21:06:00.0,5.07,4.97,5.15,1.16,92.74290051250001,2.937,-0.375
2020-03-07T21:07:00.0,5.29,5.27,5.33,1.2,92.770137602,2.937,-0.375
2020-03-07T21:08:00.0,5.15,4.81,5.11,1.23,92.74290051250001,3,-0.375
2020-03-07T21:09:00.0,5.07,5.41,5.07,1.25,92.6066672,3,-0.375
2020-03-07T21:10:00.0,5.15,5.05,4.97,1.28,92.552151538,3.062,-0.437
2020-03-07T21:11:00.0,5.11,5.07,5.19,1.33,92.4703541125,3.062,-0.437
2020-03-07T21:12:00.0,5.23,5.23,4.71,1.38,92.22478952200001,3.062,-0.437
2020-03-07T21:13:00.0,5.07,5.23,5.37,1.38,92.14287722050001,3.062,-0.437
2020-03-07T21:14:00.0,4.97,4.97,4.89,1.38,92.11556673800001,3.125,-0.375
2020-03-07T21:15:00.0,5.23,5.15,5.23,1.42,92.11556673800001,3.125,-0.375
2020-03-07T21:16:00.0,5.23,5.15,5.05,1.42,92.14287722050001,3.125,-0.375
2020-03-07T21:17:00.0,,,,,,,
2020-03-07T21:18:00.0,5.41,5.01,5.19,1.38,92.11556673800001,3.187,-0.312
2020-03-07T21:19:00.0,5.51,5.45,5.05,1.38,92.08825306450001,3.187,-0.312
2020-03-07T21:20:00.0,4.85,5.05,5.27,1.42,92.03361614450002,3.187,-0.312
2020-03-07T21:21:00.0,5.33,5.05,5.11,1.45,91.89696800200001,3.25,-0.312
2020-03-07T21:22:00.0,5.01,5.27,5.49,1.43,91.81494082450001,3.187,-0.312
2020-03-07T21:23:00.0,5.19,5.27,5.27,1.44,91.842286408,3.187,-0.312
2020-03-07T21:24:00.0,5.27,5.51,4.97,1.44,91.86962880050001,3.25,-0.312
2020-03-07T21:25:00.0,5.07,5.19,5.19,1.47,91.9789664605,3.312,-0.312
2020-03-07T21:26:00.0,5.15,5.01,4.93,1.52,91.81494082450001,3.312,-0.312
2020-03-07T21:27:00.0,5.15,5.27,5.23,1.57,91.78759205,3.312,-0.312
2020-03-07T21:28:00.0,5.11,4.71,5.01,1.64,91.78759205,3.375,-0.312
2020-03-07T21:29:00.0,5.01,5.37,5.33,1.66,91.5960612805,3.375,-0.312
2020-03-07T21:30:00.0,5.07,5.19,5.37,1.62,91.51392880000002,3.375,-0.25
2020-03-07T21:31:00.0,5.15,5.27,5.49,1.61,91.48654492450001,3.375,-0.25
2020-03-07T21:32:00.0,5.15,5.01,5.15,1.59,91.48654492450001,3.312,-0.187
2020-03-07T21:33:00.0,,,,,,,
2020-03-07T21:34:00.0,4.93,5.15,4.97,1.5,91.43176760050001,3.312,-0.25
2020-03-07T21:35:00.0,5.29,5.07,5.33,1.52,91.48654492450001,3.312,-0.25
2020-03-07T21:36:00.0,4.97,4.85,5.15,1.54,91.568686978,3.25,-0.312
2020-03-07T21:37:00.0,5.07,5.29,5.11,1.62,91.45915785800001,3.25,-0.25
2020-03-07T21:38:00.0,5.23,5.19,5.23,1.65,91.32217466050001,3.187,-0.25
2020-03-07T21:39:00.0,5.23,4.81,5.27,1.64,91.32217466050001,3.187,-0.312
2020-03-07T21:40:00.0,5.23,5.33,5.27,1.64,91.294768448,3.125,-0.312
2020-03-07T21:41:00.0,5.11,5.01,5.41,1.56,91.3769775125,3.187,-0.312
2020-03-07T21:42:00.0,4.89,4.81,4.97,1.54,91.51392880000002,3.125,-0.25
2020-03-07T21:43:00.0,5.41,4.89,4.93,1.5,91.5413094845,3.125,-0.25
2020-03-07T21:44:00.0,5.07,4.97,5.01,1.48,91.65080031250001,3.125,-0.25
2020-03-07T21:45:00.0,,,,,,,
2020-03-07T21:46:00.0,,,,,,,
2020-03-07T21:47:00.0,4.89,4.85,5.15,1.69,91.23994645,3.125,-0.25
2020-03-07T21:48:00.0,5.29,5.45,5.11,1.68,90.9930895045,3.062,-0.312
2020-03-07T21:49:00.0,5.11,5.11,5.01,1.66,90.8832923405,3.062,-0.312
2020-03-07T21:50:00.0,5.33,5.11,4.97,1.66,90.74597408800001,3.062,-0.312
2020-03-07T21:51:00.0,5.01,5.05,5.37,1.68,90.96564500000001,3,-0.312
2020-03-07T21:52:00.0,5.55,4.85,5.07,1.66,91.04796894050001,3,-0.312
2020-03-07T21:53:00.0,4.89,5.33,4.93,1.6,91.1576895205,3,-0.312
2020-03-07T21:54:00.0,5.19,4.97,5.19,1.51,91.21253066450001,2.937,-0.312
2020-03-07T21:55:00.0,5.07,5.05,4.89,1.47,91.32217466050001,2.937,-0.375
2020-03-07T21:56:00.0,5.15,5.11,5.11,1.42,91.5413094845,2.937,-0.375
2020-03-07T21:57:00.0,5.05,5.37,5.29,1.39,91.26735904450001,3,-0.375
2020-03-07T21:58:00.0,5.01,5.27,5.23,1.37,91.45915785800001,3,-0.375
2020-03-07T21:59:00.0,4.97,5.01,5.11,1.38,91.51392880000002,3,-0.375
2020-03-07T22:00:00.0,5.45,5.05,5.05,1.38,91.65080031250001,3,-0.375
2020-03-07T22:01:00.0,5.11,5.23,5.27,1.44,91.7055265805,3.062,-0.375
2020-03-07T22:02:00.0,4.67,4.97,4.79,1.42,91.62343239200001,3,-0.375
2020-03-07T22:03:00.0,5.01,5.23,5.19,1.44,91.23994645,3.062,-0.375
2020-03-07T22:04:00.0,,,,,,,
2020-03-07T22:05:00.0,4.97,4.81,5.11,1.48,91.32217466050001,3,-0.437
2020-03-07T22:06:00.0,4.75,5.23,5.29,1.46,91.1576895205,3,-0.437
2020-03-07T22:07:00.0,5.15,5.11,4.79,1.43,91.3769775125,3,-0.437
2020-03-07T22:08:00.0,5.07,4.89,4.97,1.26,91.3769775125,3,-0.437
2020-03-07T22:09:00.0,5.19,5.11,5.01,1.44,91.40437415200002,3,-0.437
2020-03-07T22:10:00.0,5.15,4.93,5.01,1.5,91.32217466050001,2.937,-0.437
2020-03-07T22:11:00.0,5.05,5.11,5.01,1.46,91.26735904450001,2.937,-0.437
2020-03-07T22:12:00.0,5.15,4.89,4.97,1.44,91.21253066450001,2.875,-0.5
2020-03-07T22:13:00.0,4.97,5.15,5.37,1.42,91.294768448,2.875,-0.5
2020-03-07T22:14:00.0,4.93,5.33,5.27,1.36,91.1576895205,2.812,-0.5
2020-03-07T22:15:00.0,5.55,4.89,5.05,1.21,90.96564500000001,2.75,-0.562
2020-03-07T22:16:00.0,4.93,5.11,5.37,1.13,91.294768448,2.75,-0.562
2020-03-07T22:17:00.0,4.75,5.07,5.05,1.06,91.43176760050001,2.687,-0.625
2020-03-07T22:18:00.0,5.41,4.93,4.85,0.91,91.45915785800001,2.625,-0.687
2020-03-07T22:19:00.0,4.79,4.93,4.85,0.83,91.76024008450001,2.562,-0.687
2020-03-07T22:20:00.0,5.19,4.81,4.97,0.76,92.03361614450002,2.562,-0.75
2020-03-07T22:21:00.0,5.27,5.11,5.07,0.75,92.27938176800001,2.5,-0.75
2020-03-07T22:22:00.0,4.97,5.41,5.33,0.81,92.4158065405,2.437,-0.75
2020-03-07T22:23:00.0,5.27,4.79,5.01,0.74,92.3066731045,2.437,-0.812
2020-03-07T22:24:00.0,4.93,5.29,5.37,0.73,92.552151538,2.437,-0.75
2020-03-07T22:25:00.0,5.19,4.97,4.97,0.68,92.5794109645,2.375,-0.812
2020-03-07T22:26:00.0,5.27,5.05,5.27,0.59,92.6884167605,2.375,-0.875
2020-03-07T22:27:00.0,5.05,4.97,4.85,0.55,92.93349312800001,2.312,-0.875
2020-03-07T22:28:00.0,5.29,4.89,4.97,0.49,93.06953498050001,2.312,-0.875
2020-03-07T22:29:00.0,5.45,5.23,5.19,0.44,93.06953498050001,2.312,-0.937
2020-03-07T22:30:00.0,5.27,5.15,5.19,0.42,93.23267990050002,2.25,-0.937
2020-03-07T22:31:00.0,5.23,5.37,5.19,0.35,93.28703601250001,2.25,-1
2020-03-07T22:32:00.0,4.93,5.11,5.07,0.48,93.28703601250001,2.187,-1
2020-03-07T22:33:00.0,5.11,5.27,4.81,0.45,93.28703601250001,2.187,-1
2020-03-07T22:34:00.0,5.33,5.05,5.15,0.46,93.28703601250001,2.125,-1
2020-03-07T22:35:00.0,5.33,4.93,5.29,0.52,93.4500277645,2.125,-1
2020-03-07T22:36:00.0,5.05,5.27,5.19,0.62,93.4500277645,2.062,-0.937
2020-03-07T22:37:00.0,,,,,,,
2020-03-07T22:38:00.0,5.19,5.01,5.23,0.78,93.3957099445,2.062,-0.937
2020-03-07T22:39:00.0,5.37,4.81,5.05,0.78,93.28703601250001,2.062,-0.937
2020-03-07T22:40:00.0,5.11,4.93,5.23,0.8,93.15112180000001,2.062,-0.937
2020-03-07T22:41:00.0,4.89,5.05,5.15,0.83,93.23267990050002,2.125,-0.875
2020-03-07T22:42:00.0,5.23,5.29,5.05,0.78,93.23267990050002,2.062,-0.875
2020-03-07T22:43:00.0,5.29,5.33,5.07,0.75,93.34137936050001,2.125,-0.875
2020-03-07T22:44:00.0,,,,,,,
2020-03-07T22:45:00.0,5.05,5.27,5.15,0.71,93.34137936050001,2.187,-0.875
2020-03-07T22:46:00.0,5.11,5.01,5.27,0.71,93.4500277645,2.187,-0.875
2020-03-07T22:47:00.0,5.07,5.45,4.85,0.67,93.34137936050001,2.25,-0.875
2020-03-07T22:48:00.0,5.37,4.97,5.11,0.66,93.3957099445,2.25,-0.875
2020-03-07T22:49:00.0,5.23,5.41,5.41,0.74,93.55862511250001,2.25,-0.937
2020-03-07T22:50:00.0,5.05,5.07,5.29,0.73,93.55862511250001,2.25,-0.937
2020-03-07T22:51:00.0,5.33,5.37,5.37,0.7,93.5043328205,2.25,-0.937
2020-03-07T22:52:00.0,,,,,,,
2020-03-07T22:53:00.0,5.19,5.01,5.33,0.73,93.6129046405,2.312,-0.937
2020-03-07T22:54:00.0,4.97,5.01,5.19,0.72,93.53148056200001,2.312,-0.937
2020-03-07T22:55:00.0,5.07,5.05,5.15,0.72,93.53148056200001,2.375,-0.937
2020-03-07T22:56:00.0,5.19,5.07,5.05,0.74,93.6129046405,2.375,-0.937
2020-03-07T22:57:00.0,5.05,5.19,4.85,0.72,93.6129046405,2.437,-0.937
2020-03-07T22:58:00.0,5.23,5.23,5.29,0.74,93.64003961800002,2.375,-0.937
2020-03-07T22:59:00.0,5.51,5.11,5.05,0.76,93.585766472,2.437,-0.937
2020-03-07T23:00:00.0,5.27,5.07,5.07,0.85,93.5043328205,2.437,-0.937
2020-03-07T23:01:00.0,5.19,4.97,4.89,0.79,93.42287045,2.437,-0.937
2020-03-07T23:02:00.0,5.07,5.19,5.05,0.86,93.3957099445,2.437,-0.937
2020-03-07T23:03:00.0,5.07,5.41,4.97,0.82,92.4703541125,2.437,-0.937
2020-03-07T23:04:00.0,5.51,5.01,5.01,0.82,93.28703601250001,2.437,-0.875
2020-03-07T23:05:00.0,5.19,4.97,5.07,0.92,93.368546248,2.5,-0.875
2020-03-07T23:06:00.0,5.07,5.37,5.15,0.93,93.1239293845,2.437,-0.875
2020-03-07T23:07:00.0,5.29,4.71,5.01,0.9,93.28703601250001,2.437,-0.875
2020-03-07T23:08:00.0,4.89,4.89,5.01,0.88,93.23267990050002,2.5,-0.875
2020-03-07T23:09:00.0,5.19,4.89,5.19,0.82,93.25985955200001,2.5,-0.875
2020-03-07T23:10:00.0,5.19,5.05,5.15,0.82,93.5043328205,2.437,-0.812
2020-03-07T23:11:00.0,5.33,5.15,5.29,0.86,93.368546248,2.437,-0.875
2020-03-07T23:12:00.0,4.81,5.33,5.27,0.82,93.31420928200001,2.437,-0.812
2020-03-07T23:13:00.0,5.45,4.85,4.67,0.76,93.3957099445,2.437,-0.875
2020-03-07T23:14:00.0,5.29,4.81,5.27,0.79,93.4500277645,2.437,-0.812
2020-03-07T23:15:00.0,5.15,5.15,5.19,0.84,93.3957099445,2.437,-0.875
2020-03-07T23:16:00.0,5.05,5.33,5.01,0.84,93.31420928200001,2.375,-0.875
2020-03-07T23:17:00.0,5.15,5.07,4.93,0.84,93.34137936050001,2.375,-0.875
2020-03-07T23:18:00.0,5.15,5.19,5.15,0.86,93.23267990050002,2.312,-0.875
2020-03-07T23:19:00.0,5.07,5.29,4.97,0.81,93.28703601250001,2.312,-0.875
2020-03-07T23:20:00.0,,,,,,,
2020-03-07T23:21:00.0,4.85,5.05,4.97,0.78,93.1783110245,2.25,-0.875
2020-03-07T23:22:00.0,5.27,5.63,5.37,0.81,93.1783110245,2.187,-0.875
2020-03-07T23:23:00.0,5.41,5.29,5.33,0.8,93.1239293845,2.187,-0.937
2020-03-07T23:24:00.0,4.81,4.81,5.23,0.82,93.1783110245,2.187,-0.937
2020-03-07T23:25:00.0,5.23,5.41,5.23,0.8,93.23267990050002,2.187,-0.937
2020-03-07T23:26:00.0,5.27,5.05,5.05,0.83,93.1783110245,2.25,-0.937
2020-03-07T23:27:00.0,4.85,5.29,5.27,0.8,93.06953498050001,2.25,-0.937
2020-03-07T23:28:00.0,5.01,5.01,5.05,0.77,93.06953498050001,2.187,-1
2020-03-07T23:29:00.0,,,,,,,
2020-03-07T23:30:00.0,5.37,5.19,5.19,0.7,93.23267990050002,2.125,-1
2020-03-07T23:31:00.0,5.11,5.11,5.23,0.7,93.34137936050001,2.125,-1
2020-03-07T23:32:00.0,5.11,5.19,5.27,0.74,93.34137936050001,2.187,-1
2020-03-07T23:33:00.0,5.05,4.67,5.15,0.72,93.3957099445,2.187,-0.937
2020-03-07T23:34:00.0,5.19,5.19,5.11,0.7,93.477181888,2.187,-0.937
2020-03-07T23:35:00.0,5.15,5.23,5.27,0.64,93.6129046405,2.25,-0.937
2020-03-07T23:36:00.0,5.19,5.27,5.07,0.63,93.64003961800002,2.25,-0.937
2020-03-07T23:37:00.0,5.19,5.77,5.23,0.61,93.6943,2.312,-0.875
2020-03-07T23:38:00.0,5.51,5.19,5.27,0.7,93.7214254045,2.312,-0.875
2020-03-07T23:39:00.0,5.19,4.67,5.15,0.84,93.74854761800002,2.312,-0.875
2020-03-07T23:40:00.0,5.55,5.63,5.15,0.86,93.55862511250001,2.375,-0.875
2020-03-07T23:41:00.0,5.27,5.07,5.01,0.86,93.53148056200001,2.375,-0.875
2020-03-07T23:42:00.0,4.85,5.27,5.19,0.85,93.477181888,2.375,-0.875
2020-03-07T23:43:00.0,5.15,5.07,5.11,0.82,93.477181888,2.437,-0.875
2020-03-07T23:44:00.0,5.15,5.07,5.15,0.82,93.477181888,2.437,-0.875
2020-03-07T23:45:00.0,5.29,5.33,5.63,0.96,93.6129046405,2.437,-0.812
2020-03-07T23:46:00.0,5.55,5.11,4.81,1.04,93.4500277645,2.437,-0.875
2020-03-07T23:47:00.0,5.37,5.37,5.51,1.06,93.205497058,2.5,-0.875
2020-03-07T23:48:00.0,5.07,4.81,4.59,1.08,93.1239293845,2.437,-0.875
2020-03-07T23:49:00.0,5.33,5.05,4.67,1.02,93.06953498050001,2.437,-0.875
2020-03-07T23:50:00.0,5.05,5.23,5.45,0.88,93.096733778,2.5,-0.875
2020-03-07T23:51:00.0,5.23,5.19,5.15,0.86,93.31420928200001,2.5,-0.937
2020-03-07T23:52:00.0,5.41,5.49,5.19,0.8,93.3957099445,2.5,-0.875
2020-03-07T23:53:00.0,5.19,5.05,5.33,0.76,93.4500277645,2.5,-0.937
2020-03-07T23:54:00.0,5.11,5.23,5.01,0.76,93.477181888,2.5,-0.937
2020-03-07T23:55:00.0,5.01,5.33,5.45,0.76,93.477181888,2.5,-0.937
2020-03-07T23:56:00.0,5.15,5.19,5.33,0.86,93.55862511250001,2.562,-0.937
2020-03-07T23:57:00.0,5.07,5.29,5.37,0.95,93.53148056200001,2.562,-0.875
2020-03-07T23:58:00.0,5.07,4.97,5.05,0.98,93.3957099445,2.562,-0.875
2020-03-07T23:59:00.0,5.29,5.45,5.19,1.02,93.28703601250001,2.562,-0.937
