TempPlant1,TempPlant4,TempPlant6,Air_temp_loc,Humedity,air_temp,Ambient_1,time
3.75,3.25,3.07,3.76,96.79280451250001,5.062,3.875,2020-02-09T00:00:00.0
3.55,3.23,2.95,3.8,96.79280451250001,5.062,3.937,2020-02-09T00:01:00.0
3.81,3.55,2.81,3.78,96.84631820050001,5.062,3.937,2020-02-09T00:02:00.0
3.63,3.41,2.73,3.73,96.819562952,5.062,3.937,2020-02-09T00:03:00.0
3.85,3.79,2.65,3.76,96.8998191245,5.062,3.937,2020-02-09T00:04:00.0
4.01,3.03,2.89,3.81,96.95330728450001,5.062,3.937,2020-02-09T00:05:00.0
3.59,3.71,2.81,3.81,96.84631820050001,5.062,3.937,2020-02-09T00:06:00.0
3.53,3.75,2.85,3.84,96.819562952,5.062,3.937,2020-02-09T00:07:00.0
3.67,3.23,3.11,3.84,96.79280451250001,5.062,3.937,2020-02-09T00:08:00.0
4.05,3.53,2.95,3.83,96.76604288200001,5.062,3.937,2020-02-09T00:09:00.0
3.63,3.55,2.91,3.84,96.76604288200001,5,3.875,2020-02-09T00:10:00.0
3.81,3.15,3.19,3.84,96.79280451250001,5.062,3.875,2020-02-09T00:11:00.0
4.01,3.85,2.95,3.86,96.84631820050001,5.062,3.875,2020-02-09T00:12:00.0
3.63,3.33,3.29,3.88,96.6321868645,5.062,3.875,2020-02-09T00:13:00.0
3.67,3.11,3.19,3.88,96.57862212050001,5.062,3.875,2020-02-09T00:14:00.0
3.71,3.29,3.23,3.86,96.5250446125,5.062,3.812,2020-02-09T00:15:00.0
3.89,2.89,3.41,3.88,96.73927806050001,5,3.812,2020-02-09T00:16:00.0
4.01,3.85,3.19,3.86,96.73927806050001,5,3.812,2020-02-09T00:17:00.0
3.9699999999999998,3.6100000000000003,3.26,3.84,96.77942050625,5,3.7495,2020-02-09T00:18:00.0
3.93,3.37,3.33,3.82,96.819562952,5,3.687,2020-02-09T00:19:00.0
3.97,3.93,3.03,3.81,96.819562952,4.937,3.687,2020-02-09T00:20:00.0
3.45,3.41,2.95,3.78,96.84631820050001,4.937,3.687,2020-02-09T00:21:00.0
3.45,3.71,2.39,3.76,96.8998191245,4.875,3.625,2020-02-09T00:22:00.0
3.59,2.61,2.73,3.69,97.1136951805,4.875,3.562,2020-02-09T00:23:00.0
3.19,3.07,2.27,3.64,97.1136951805,4.812,3.5,2020-02-09T00:24:00.0
3.26,2.92,2.41,3.6,97.27391076250001,4.781000000000001,3.5,2020-02-09T00:25:00.0
3.33,2.77,2.55,3.56,97.43412634450002,4.75,3.5,2020-02-09T00:26:00.0
3.29,2.6,2.28,3.54,97.44746727225001,4.75,3.5,2020-02-09T00:27:00.0
3.25,2.43,2.01,3.52,97.46080820000002,4.75,3.5,2020-02-09T00:28:00.0
3.11,3.11,2.43,3.51,97.35406163200001,4.687,3.5,2020-02-09T00:29:00.0
2.99,2.59,1.83,3.48,97.38075306050001,4.687,3.5,2020-02-09T00:30:00.0
3.07,2.77,2.31,3.45,97.4874868645,4.687,3.437,2020-02-09T00:31:00.0
2.85,3.23,2.21,3.4,97.43412634450002,4.687,3.375,2020-02-09T00:32:00.0
3.11,2.51,2.39,3.38,97.54083462050001,4.687,3.375,2020-02-09T00:33:00.0
2.85,2.21,2.17,3.35,97.64749184050001,4.687,3.375,2020-02-09T00:34:00.0
2.59,1.55,1.89,3.34,97.75409800450001,4.687,3.437,2020-02-09T00:35:00.0
2.91,2.35,1.93,3.34,97.80738194050001,4.687,3.5,2020-02-09T00:36:00.0
3.41,3.11,2.09,3.3,97.887283912,4.687,3.5,2020-02-09T00:37:00.0
2.69,2.65,2.05,3.26,97.96715716450001,4.687,3.562,2020-02-09T00:38:00.0
2.91,2.35,2.09,3.26,97.96715716450001,4.687,3.625,2020-02-09T00:39:00.0
2.9699999999999998,2.58,2.3,3.2699999999999996,98.0735846325,4.718500000000001,3.6559999999999997,2020-02-09T00:40:00.0
3.03,2.81,2.51,3.28,98.18001210050001,4.75,3.687,2020-02-09T00:41:00.0
2.39,2.51,1.97,3.3,97.80738194050001,4.75,3.75,2020-02-09T00:42:00.0
2.89,2.61,1.79,3.3,97.80738194050001,4.812,3.812,2020-02-09T00:43:00.0
3.15,2.09,1.79,3.29,97.80738194050001,4.812,3.812,2020-02-09T00:44:00.0
3.25,2.55,2.25,3.3,97.86065311250002,4.875,3.812,2020-02-09T00:45:00.0
2.95,2.17,2.09,3.32,97.86065311250002,4.875,3.812,2020-02-09T00:46:00.0
2.73,2.43,1.71,3.34,97.7008013045,4.875,3.812,2020-02-09T00:47:00.0
3.15,2.55,2.13,3.38,97.4874868645,4.937,3.875,2020-02-09T00:48:00.0
3.11,2.43,1.67,3.46,97.1136951805,4.937,3.937,2020-02-09T00:49:00.0
2.55,2.35,1.71,3.45,96.68573884450001,5,3.937,2020-02-09T00:50:00.0
2.77,1.97,1.55,3.44,96.68573884450001,5.062,3.937,2020-02-09T00:51:00.0
2.21,1.93,1.01,3.48,96.79280451250001,5.062,4,2020-02-09T00:52:00.0
2.13,2.55,1.63,3.43,96.55183496200002,5.125,4,2020-02-09T00:53:00.0
2.73,2.51,1.71,3.44,96.712510048,5.187,4,2020-02-09T00:54:00.0
2.21,1.89,1.59,3.46,96.73927806050001,5.187,4,2020-02-09T00:55:00.0
2.55,2.17,1.63,3.44,96.57862212050001,5.187,4,2020-02-09T00:56:00.0
2.81,2.21,1.47,3.42,96.4714543405,5.187,3.937,2020-02-09T00:57:00.0
2.59,2.39,1.51,3.44,96.5250446125,5.25,4,2020-02-09T00:58:00.0
2.77,1.43,1.59,3.46,96.68573884450001,5.25,4,2020-02-09T00:59:00.0
2.25,2.09,1.55,3.45,96.391045,5.312,4,2020-02-09T01:00:00.0
2.39,2.17,1.41,3.44,96.79280451250001,5.312,4,2020-02-09T01:01:00.0
2.61,2.21,1.55,3.42,97.00678268050001,5.312,3.875,2020-02-09T01:02:00.0
2.95,2.43,1.85,3.45,97.4874868645,5.25,3.875,2020-02-09T01:03:00.0
3.11,3.07,2.31,3.45,97.43412634450002,5.187,3.812,2020-02-09T01:04:00.0
3.19,2.43,2.13,3.46,97.59416961250001,5.187,3.812,2020-02-09T01:05:00.0
2.77,2.35,1.97,3.47,97.38075306050001,5.187,3.812,2020-02-09T01:06:00.0
2.69,2.31,1.29,3.38,97.3273670125,5.125,3.812,2020-02-09T01:07:00.0
3.23,2.85,2.25,3.38,97.59416961250001,5.125,3.75,2020-02-09T01:08:00.0
3.03,2.65,1.93,3.4,97.7008013045,5.125,3.75,2020-02-09T01:09:00.0
2.85,2.43,2.05,3.4,97.80738194050001,5.062,3.75,2020-02-09T01:10:00.0
3.23,2.95,2.21,3.4,97.80738194050001,5.062,3.687,2020-02-09T01:11:00.0
3.53,2.69,1.89,3.4,97.9937752,5.062,3.75,2020-02-09T01:12:00.0
3.25,2.69,2.17,3.38,97.96715716450001,5.062,3.812,2020-02-09T01:13:00.0
3.29,2.13,1.89,3.44,97.9937752,5.062,3.875,2020-02-09T01:14:00.0
3.07,2.55,2.25,3.4,97.86065311250002,5.062,3.875,2020-02-09T01:15:00.0
3.29,2.65,1.93,3.38,97.96715716450001,5.062,3.812,2020-02-09T01:16:00.0
3.53,2.69,2.13,3.37,98.04700169800002,5.062,3.812,2020-02-09T01:17:00.0
3.63,3.53,2.69,3.4,98.12681751250001,5.062,3.875,2020-02-09T01:18:00.0
3.67,3.11,2.59,3.43,98.23319392450001,5,3.937,2020-02-09T01:19:00.0
3.53,2.55,2.85,3.48,98.18001210050001,5.062,4.062,2020-02-09T01:20:00.0
3.81,3.37,2.69,3.5,98.0203900445,5.125,4.125,2020-02-09T01:21:00.0
3.93,2.25,2.73,3.56,97.96715716450001,5.125,4.312,2020-02-09T01:22:00.0
3.55,3.29,2.73,3.53,97.83401912200002,5.187,4.312,2020-02-09T01:23:00.0
4.05,2.47,2.91,3.54,97.7008013045,5.187,4.25,2020-02-09T01:24:00.0
3.97,4.05,2.95,3.64,97.75409800450001,5.187,4.375,2020-02-09T01:25:00.0
3.71,3.33,2.99,3.63,97.59416961250001,5.25,4.437,2020-02-09T01:26:00.0
3.89,3.19,2.85,3.66,97.54083462050001,5.312,4.5,2020-02-09T01:27:00.0
4.01,3.45,3.23,3.69,97.4874868645,5.375,4.5,2020-02-09T01:28:00.0
3.67,3.15,2.89,3.72,97.30066920200001,5.375,4.625,2020-02-09T01:29:00.0
3.85,2.89,3.11,3.74,97.1136951805,5.437,4.562,2020-02-09T01:30:00.0
3.97,3.79,2.91,3.85,97.1136951805,5.437,4.625,2020-02-09T01:31:00.0
4.37,3.59,2.91,3.84,96.84631820050001,5.5,4.687,2020-02-09T01:32:00.0
3.25,3.11,2.77,3.88,96.498251072,5.562,4.75,2020-02-09T01:33:00.0
4.07,3.45,3.25,4,96.17647968800001,5.562,4.75,2020-02-09T01:34:00.0
4.57,3.93,3.45,3.94,96.36423550450002,5.625,4.812,2020-02-09T01:35:00.0
4.41,3.67,3.11,4.06,96.14964466450002,5.687,4.875,2020-02-09T01:36:00.0
4.15,3.75,3.25,4.02,96.12280645,5.75,4.937,2020-02-09T01:37:00.0
4.15,4.05,2.95,4.06,96.25696561250001,5.75,4.937,2020-02-09T01:38:00.0
3.89,3.15,2.99,4.04,96.14964466450002,5.75,4.937,2020-02-09T01:39:00.0
4.37,4.41,3.11,4.07,96.31060694050001,5.812,5,2020-02-09T01:40:00.0
4.53,3.71,3.23,4.1,96.31060694050001,5.812,5.125,2020-02-09T01:41:00.0
4.41,3.63,3.53,4.17,96.04227266050002,5.875,5.187,2020-02-09T01:42:00.0
4.11,3.71,3.55,4.28,95.47773200200001,5.937,5.187,2020-02-09T01:43:00.0
4.49,3.81,3.19,4.32,95.0736271045,5.937,5.187,2020-02-09T01:44:00.0
4.31,4.37,3.37,4.32,95.18145861250001,6,5.187,2020-02-09T01:45:00.0
4.71,4.07,3.59,4.3,95.18145861250001,6.062,5.187,2020-02-09T01:46:00.0
4.33,3.67,3.25,4.35,95.0196922045,6.062,5.187,2020-02-09T01:47:00.0
4.37,3.75,3.19,4.35,94.69581476050001,6.062,5.187,2020-02-09T01:48:00.0
4.57,3.75,3.15,4.34,94.614773602,6.062,5.062,2020-02-09T01:49:00.0
4.23,3.79,3.07,4.34,94.3714778125,6.062,4.937,2020-02-09T01:50:00.0
4.31,3.55,2.95,4.28,94.47964118450001,6,4.75,2020-02-09T01:51:00.0
4.07,3.33,2.89,4.26,94.80382496450001,5.937,4.75,2020-02-09T01:52:00.0
4.15,3.49,3.33,4.22,94.69581476050001,5.875,4.75,2020-02-09T01:53:00.0
3.67,3.41,2.55,4.24,94.3173769805,5.812,4.625,2020-02-09T01:54:00.0
4.05,3.03,3.25,4.22,94.47964118450001,5.812,4.562,2020-02-09T01:55:00.0
4.07,3.33,2.89,4.18,94.58775350050001,5.75,4.562,2020-02-09T01:56:00.0
3.89,3.07,2.99,4.16,94.69581476050001,5.75,4.562,2020-02-09T01:57:00.0
4.07,3.23,2.99,4.17,94.85781092050001,5.687,4.5,2020-02-09T01:58:00.0
4.11,3.93,2.89,4.2,94.77682720000001,5.687,4.562,2020-02-09T01:59:00.0
3.89,3.49,2.77,4.13,94.80382496450001,5.687,4.5,2020-02-09T02:00:00.0
4.05,3.79,2.81,4.11,94.80382496450001,5.625,4.5,2020-02-09T02:01:00.0
4.01,4.11,3.07,4.12,94.93876592200002,5.625,4.5,2020-02-09T02:02:00.0
4.27,3.49,2.43,4.15,94.9117841125,5.625,4.562,2020-02-09T02:03:00.0
3.89,2.73,2.95,4.11,94.85781092050001,5.625,4.5,2020-02-09T02:04:00.0
4.07,3.23,3.19,4.12,94.96574454050001,5.562,4.5,2020-02-09T02:05:00.0
4.33,3.53,2.47,4.15,95.1275492405,5.625,4.562,2020-02-09T02:06:00.0
4.05,4.11,3.11,4.14,95.100589768,5.625,4.625,2020-02-09T02:07:00.0
4.01,3.74,3.09,4.13,94.95220736625001,5.625,4.593500000000001,2020-02-09T02:08:00.0
3.97,3.37,3.07,4.12,94.80382496450001,5.625,4.562,2020-02-09T02:09:00.0
4.07,3.93,3.25,4.12,94.93876592200002,5.625,4.562,2020-02-09T02:10:00.0
4.15,3.81,2.91,4.13,94.80382496450001,5.625,4.562,2020-02-09T02:11:00.0
4.05,4.41,3.37,4.11,94.80382496450001,5.625,4.562,2020-02-09T02:12:00.0
3.93,3.41,3.19,4.18,94.830819538,5.562,4.625,2020-02-09T02:13:00.0
4.37,3.53,3.11,4.16,94.80382496450001,5.625,4.687,2020-02-09T02:14:00.0
4.33,3.03,3.19,4.18,94.992719968,5.687,4.75,2020-02-09T02:15:00.0
4.23,3.59,3.25,4.18,95.2353552205,5.687,4.875,2020-02-09T02:16:00.0
3.89,3.45,2.85,4.21,95.0196922045,5.687,4.937,2020-02-09T02:17:00.0
4.11,4.11,3.19,4.16,95.0196922045,5.75,4.875,2020-02-09T02:18:00.0
4.11,4.49,3.33,4.19,95.3969684605,5.75,4.937,2020-02-09T02:19:00.0
4.81,3.93,3.67,4.41,96.498251072,5.812,5.187,2020-02-09T02:20:00.0
5.07,4.33,3.67,4.42,96.01542168200001,5.937,5.437,2020-02-09T02:21:00.0
4.93,5.05,4.01,4.49,96.20331152050001,6,5.437,2020-02-09T02:22:00.0
5.11,4.49,4.11,4.65,96.6321868645,6.125,5.75,2020-02-09T02:23:00.0
5.63,4.85,4.27,4.89,96.73927806050001,6.187,6,2020-02-09T02:24:00.0
5.67,5.77,4.31,5.02,96.14964466450002,6.375,6.187,2020-02-09T02:25:00.0
5.51,4.59,4.49,5.11,95.98856751250001,6.5,6.312,2020-02-09T02:26:00.0
5.27,4.49,4.19,5.12,95.55846682450002,6.687,6.375,2020-02-09T02:27:00.0
5.93,4.63,4.63,5.09,95.55846682450002,6.75,6.375,2020-02-09T02:28:00.0
5.89,5.11,4.85,5.16,95.66606858050001,6.875,6.437,2020-02-09T02:29:00.0
5.33,4.63,4.23,5.21,95.37004089800001,6.937,6.5,2020-02-09T02:30:00.0
5.63,5.41,4.37,5.25,94.992719968,7,6.437,2020-02-09T02:31:00.0
5.77,4.57,4.15,5.24,94.58775350050001,7.062,6.437,2020-02-09T02:32:00.0
5.27,4.79,3.85,5.25,94.290321778,7.062,6.437,2020-02-09T02:33:00.0
5.11,4.41,3.81,5.2,93.7756666405,7.062,6.187,2020-02-09T02:34:00.0
4.93,4.53,3.67,5.2,93.5043328205,7.062,6.062,2020-02-09T02:35:00.0
4.75,4.07,3.63,5.14,93.1239293845,7.062,5.875,2020-02-09T02:36:00.0
4.37,4.31,3.23,5.05,92.87905405000001,7,5.687,2020-02-09T02:37:00.0
4.49,3.41,3.33,4.96,92.82460220800002,6.937,5.562,2020-02-09T02:38:00.0
4.63,4.05,3.45,4.85,93.23267990050002,6.812,5.312,2020-02-09T02:39:00.0
4.63,4.07,3.29,4.85,93.4500277645,6.687,5.312,2020-02-09T02:40:00.0
4.63,3.63,3.53,4.8,93.34137936050001,6.687,5.312,2020-02-09T02:41:00.0
4.31,3.97,3.33,4.78,93.34137936050001,6.562,5.25,2020-02-09T02:42:00.0
4.59,3.79,3.89,4.73,93.6943,6.5,5.25,2020-02-09T02:43:00.0
4.63,4.53,3.19,4.76,93.6129046405,6.5,5.312,2020-02-09T02:44:00.0
4.79,4.31,3.59,4.72,93.66717140450001,6.437,5.312,2020-02-09T02:45:00.0
4.31,4.59,3.75,4.68,93.7756666405,6.437,5.25,2020-02-09T02:46:00.0
4.57,4.37,3.67,4.76,94.1549979005,6.437,5.312,2020-02-09T02:47:00.0
4.97,4.11,3.81,4.74,94.1549979005,6.437,5.437,2020-02-09T02:48:00.0
4.57,4.79,3.49,4.72,94.1549979005,6.437,5.437,2020-02-09T02:49:00.0
4.71,4.11,3.41,4.71,93.88411082050001,6.437,5.375,2020-02-09T02:50:00.0
4.93,3.63,3.55,4.7,93.93831376450001,6.375,5.25,2020-02-09T02:51:00.0
4.33,3.75,3.49,4.65,93.93831376450001,6.375,5.187,2020-02-09T02:52:00.0
4.33,4.27,3.53,4.62,94.1549979005,6.312,5.187,2020-02-09T02:53:00.0
4.05,3.85,3.11,4.6,94.20913702450001,6.312,5.062,2020-02-09T02:54:00.0
4.15,3.25,3.37,4.55,94.4255658805,6.187,4.937,2020-02-09T02:55:00.0
4.23,3.15,2.77,4.51,94.50667405,6.187,4.937,2020-02-09T02:56:00.0
4.31,3.63,3.33,4.5,94.66880423200001,6.125,4.875,2020-02-09T02:57:00.0
4.01,3.97,3.23,4.43,94.85781092050001,6.062,4.75,2020-02-09T02:58:00.0
4.07,3.81,2.99,4.38,94.9117841125,6,4.625,2020-02-09T02:59:00.0
4.11,3.71,3.19,4.34,95.0736271045,5.937,4.562,2020-02-09T03:00:00.0
4.07,3.59,2.91,4.3,95.6122740845,5.875,4.562,2020-02-09T03:01:00.0
4.31,3.59,2.95,4.29,95.9348496005,5.875,4.562,2020-02-09T03:02:00.0
3.97,3.75,2.65,4.29,96.14964466450002,5.875,4.687,2020-02-09T03:03:00.0
3.85,3.11,2.95,4.23,96.14964466450002,5.812,4.687,2020-02-09T03:04:00.0
4.05,3.53,2.77,4.18,96.0959650445,5.812,4.625,2020-02-09T03:05:00.0
3.79,3.85,2.89,4.16,96.5250446125,5.812,4.562,2020-02-09T03:06:00.0
4.07,3.25,2.59,4.13,96.73927806050001,5.75,4.562,2020-02-09T03:07:00.0
4.27,3.41,2.95,4.13,96.95330728450001,5.75,4.5,2020-02-09T03:08:00.0
4.33,4.37,3.07,4.18,96.98004657800001,5.75,4.562,2020-02-09T03:09:00.0
4.390000000000001,3.85,3.15,4.199999999999999,96.92655841800001,5.718500000000001,4.593500000000001,2020-02-09T03:10:00.0
4.45,3.33,3.23,4.22,96.87307025800001,5.687,4.625,2020-02-09T03:11:00.0
4.07,3.81,3.15,4.22,96.9265648,5.687,4.562,2020-02-09T03:12:00.0
4.19,3.89,3.03,4.18,96.819562952,5.687,4.562,2020-02-09T03:13:00.0
4.01,3.41,2.99,4.18,96.8998191245,5.625,4.437,2020-02-09T03:14:00.0
4.15,3.75,3.11,4.18,97.1136951805,5.625,4.437,2020-02-09T03:15:00.0
4.11,3.71,2.95,4.16,97.16713228450001,5.625,4.437,2020-02-09T03:16:00.0
3.85,3.89,2.59,4.13,97.2205566245,5.562,4.375,2020-02-09T03:17:00.0
3.67,3.53,3.19,4.13,97.27396820050001,5.562,4.312,2020-02-09T03:18:00.0
3.59,3.45,2.95,4.1,97.27396820050001,5.5,4.312,2020-02-09T03:19:00.0
3.49,3.37,2.65,4.06,97.54083462050001,5.5,4.25,2020-02-09T03:20:00.0
3.53,2.73,2.59,4.02,97.64749184050001,5.5,4.25,2020-02-09T03:21:00.0
3.85,2.47,2.81,3.98,97.86065311250002,5.437,4.187,2020-02-09T03:22:00.0
3.53,3.19,2.73,3.92,97.96715716450001,5.437,4.125,2020-02-09T03:23:00.0
3.37,3.15,2.39,3.88,98.18001210050001,5.375,4.125,2020-02-09T03:24:00.0
3.79,3.59,2.89,3.84,98.3926628125,5.375,4.062,2020-02-09T03:25:00.0
3.37,2.81,2.61,3.85,98.6051093005,5.375,4.062,2020-02-09T03:26:00.0
3.41,3.03,2.47,3.82,98.7112559605,5.312,4,2020-02-09T03:27:00.0
3.71,2.85,2.77,3.88,98.87038022050001,5.312,4,2020-02-09T03:28:00.0
3.79,3.45,2.59,3.84,98.81735156450002,5.25,4,2020-02-09T03:29:00.0
3.29,2.99,2.47,3.8,98.896889762,5.25,4,2020-02-09T03:30:00.0
3.53,3.33,2.51,3.74,98.92339611250001,5.25,3.937,2020-02-09T03:31:00.0
3.37,2.39,2.31,3.73,99.2412234205,5.187,3.937,2020-02-09T03:32:00.0
3.33,2.77,2.73,3.7,99.29414996450001,5.187,3.937,2020-02-09T03:33:00.0
3.37,3.23,2.31,3.73,99.61144118450001,5.187,4,2020-02-09T03:34:00.0
3.97,3.07,2.85,3.73,99.71710281250002,5.187,4,2020-02-09T03:35:00.0
3.76,3.2199999999999998,2.73,3.7199999999999998,99.73030652725001,5.187,4.031000000000001,2020-02-09T03:36:00.0
3.55,3.37,2.61,3.71,99.74351024200001,5.187,4.062,2020-02-09T03:37:00.0
3.45,2.89,2.51,3.68,99.82271338450002,5.187,4.062,2020-02-09T03:38:00.0
3.45,2.73,2.65,3.69,99.9282729005,5.187,4.062,2020-02-09T03:39:00.0
3.81,3.19,2.73,3.7,100.0865164445,5.187,4,2020-02-09T03:40:00.0
3.59,2.95,3.25,3.73,100.24464511250001,5.187,4,2020-02-09T03:41:00.0
3.89,3.53,2.89,3.7,100.1392387645,5.187,4,2020-02-09T03:42:00.0
3.89,2.89,2.73,3.72,100.24464511250001,5.187,4,2020-02-09T03:43:00.0
3.45,2.85,2.85,3.69,100.35000040450001,5.187,4,2020-02-09T03:44:00.0
3.75,2.95,2.85,3.67,100.323666368,5.187,3.937,2020-02-09T03:45:00.0
3.41,3.23,2.65,3.66,100.40265890450002,5.125,3.937,2020-02-09T03:46:00.0
3.45,2.81,2.59,3.68,100.56055782050001,5.125,3.937,2020-02-09T03:47:00.0
3.41,3.25,2.43,3.67,100.50793761250002,5.125,3.937,2020-02-09T03:48:00.0
3.37,2.95,2.39,3.64,100.61316526450001,5.062,3.937,2020-02-09T03:49:00.0
3.46,3.24,2.6,3.645,100.66575356250002,5.093500000000001,3.9684999999999997,2020-02-09T03:50:00.0
3.55,3.53,2.81,3.65,100.7183418605,5.125,4,2020-02-09T03:51:00.0
3.97,3.71,2.89,3.68,100.79719080200002,5.125,3.937,2020-02-09T03:52:00.0
3.67,3.49,3.11,3.69,100.82346740050001,5.125,3.937,2020-02-09T03:53:00.0
3.53,2.99,2.85,3.72,100.7709110125,5.125,4.062,2020-02-09T03:54:00.0
4.07,3.81,3.07,3.72,100.7183418605,5.187,4.062,2020-02-09T03:55:00.0
3.67,3.53,2.61,3.7,100.74462803200001,5.187,4.125,2020-02-09T03:56:00.0
3.67,3.45,2.73,3.76,100.82346740050001,5.187,4.187,2020-02-09T03:57:00.0
4.31,3.23,3.03,3.78,100.849740808,5.187,4.25,2020-02-09T03:58:00.0
4.45,3.53,3.03,3.78,100.79719080200002,5.25,4.312,2020-02-09T03:59:00.0
4.15,2.95,2.89,3.78,100.82346740050001,5.312,4.375,2020-02-09T04:00:00.0
3.79,3.81,3.03,3.79,100.82346740050001,5.312,4.312,2020-02-09T04:01:00.0
4.11,3.15,3.23,3.81,100.7709110125,5.312,4.25,2020-02-09T04:02:00.0
4.11,2.73,2.73,3.86,100.87601102450002,5.312,4.375,2020-02-09T04:03:00.0
3.89,2.95,2.73,3.82,100.6657599445,5.375,4.375,2020-02-09T04:04:00.0
3.71,3.41,2.69,3.85,100.7183418605,5.375,4.375,2020-02-09T04:05:00.0
3.93,3.11,2.69,3.84,100.61316526450001,5.375,4.375,2020-02-09T04:06:00.0
4.19,3.89,3.15,3.87,100.61316526450001,5.375,4.375,2020-02-09T04:07:00.0
4.23,3.81,3.33,3.86,100.53424931200001,5.375,4.375,2020-02-09T04:08:00.0
4.05,3.45,3.19,3.93,100.58686313800001,5.375,4.437,2020-02-09T04:09:00.0
4.27,4.19,3.25,3.92,100.50793761250002,5.437,4.437,2020-02-09T04:10:00.0
4.14,4.0600000000000005,3.2199999999999998,3.94,100.49478016725001,5.468500000000001,4.468500000000001,2020-02-09T04:11:00.0
4.01,3.93,3.19,3.96,100.481622722,5.5,4.5,2020-02-09T04:12:00.0
4.029999999999999,4,3.05,3.9699999999999998,100.46846368125,5.468500000000001,4.5,2020-02-09T04:13:00.0
4.05,4.07,2.91,3.98,100.4553046405,5.437,4.5,2020-02-09T04:14:00.0
4.23,2.69,3.25,3.94,100.29732914050001,5.437,4.5,2020-02-09T04:15:00.0
3.97,3.25,2.95,3.96,100.35000040450001,5.5,4.562,2020-02-09T04:16:00.0
3.79,3.11,2.59,3.94,100.29732914050001,5.5,4.5,2020-02-09T04:17:00.0
3.85,3.79,2.69,3.94,100.40265890450002,5.5,4.562,2020-02-09T04:18:00.0
3.75,3.55,2.59,3.9,100.24464511250001,5.5,4.562,2020-02-09T04:19:00.0
3.93,3.59,2.89,3.98,100.29732914050001,5.5,4.5,2020-02-09T04:20:00.0
4.23,3.41,3.1100000000000003,4.02,100.32366477250001,5.531000000000001,4.75,2020-02-09T04:21:00.0
4.53,3.23,3.33,4.06,100.35000040450001,5.562,5,2020-02-09T04:22:00.0
4.11,3.29,3.07,4.02,100.0337813605,5.687,4.937,2020-02-09T04:23:00.0
4.23,3.79,3.33,4.07,100.1392387645,5.687,4.937,2020-02-09T04:24:00.0
4.19,3.41,3.07,4.1,100.0865164445,5.687,5,2020-02-09T04:25:00.0
3.93,3.79,3.25,4.14,99.7699144805,5.812,5,2020-02-09T04:26:00.0
4.11,3.33,3.07,4.1,99.53216145800002,5.812,4.937,2020-02-09T04:27:00.0
4.27,3.33,3.07,4.13,99.50572850050001,5.812,4.812,2020-02-09T04:28:00.0
4.1899999999999995,3.48,3.05,4.105,99.42639612250001,5.812,4.843500000000001,2020-02-09T04:29:00.0
4.11,3.63,3.03,4.08,99.3470637445,5.812,4.875,2020-02-09T04:30:00.0
4.19,3.41,3.33,4.18,99.45285301250001,5.812,4.875,2020-02-09T04:31:00.0
4.57,5.11,3.67,4.19,99.29414996450001,5.812,4.875,2020-02-09T04:32:00.0
4.67,4.41,3.71,4.34,99.690692192,5.937,5.312,2020-02-09T04:33:00.0
4.79,4.11,3.41,4.36,99.3999647605,6,5.5,2020-02-09T04:34:00.0
5.07,4.19,3.53,4.39,99.29414996450001,6.062,5.625,2020-02-09T04:35:00.0
5.29,4.57,3.85,4.6,99.82271338450002,6.187,6,2020-02-09T04:36:00.0
6.07,4.89,4.41,4.75,99.7699144805,6.375,6.375,2020-02-09T04:37:00.0
5.29,4.75,3.85,4.8,99.161809672,6.562,6.5,2020-02-09T04:38:00.0
5.256666666666667,4.71,3.83,5,98.38997918150001,6.728666666666667,6.708333333333333,2020-02-09T04:39:00.0
5.223333333333334,4.67,3.81,5.2,97.61814869100002,6.895333333333334,6.916666666666666,2020-02-09T04:40:00.0
5.19,4.63,3.79,5.4,96.84631820050001,7.062,7.125,2020-02-09T04:41:00.0
5.01,4.85,3.93,5.49,96.79280451250001,7.187,7.062,2020-02-09T04:42:00.0
5.59,5.05,3.97,5.44,96.20331152050001,7.25,6.875,2020-02-09T04:43:00.0
4.79,4.31,3.75,5.24,95.34311014450002,7.312,6.687,2020-02-09T04:44:00.0
4.31,3.19,3.33,5.06,95.0736271045,7.312,6.187,2020-02-09T04:45:00.0
4.31,3.89,3.23,4.9,95.2353552205,7.187,5.5,2020-02-09T04:46:00.0
4.53,4.05,3.55,4.8,95.907985858,7,5.437,2020-02-09T04:47:00.0
4.23,3.85,3.49,4.73,96.0959650445,6.937,5.375,2020-02-09T04:48:00.0
4.05,3.25,3.15,4.64,95.907985858,6.812,5.25,2020-02-09T04:49:00.0
4.57,3.45,3.29,4.66,96.57862212050001,6.687,5.187,2020-02-09T04:50:00.0
5.45,5.15,4.23,4.76,97.27396820050001,6.687,5.312,2020-02-09T04:51:00.0
5.11,4.01,3.79,4.82,96.25696561250001,6.625,5.562,2020-02-09T04:52:00.0
5.37,5.05,4.23,4.84,96.14964466450002,6.625,5.625,2020-02-09T04:53:00.0
5.59,5.05,4.49,5.16,96.76604288200001,6.687,6.062,2020-02-09T04:54:00.0
6.51,5.77,4.53,5.32,96.20331152050001,6.812,6.375,2020-02-09T04:55:00.0
5.05,4.49,3.79,5.38,94.69581476050001,6.937,6.687,2020-02-09T04:56:00.0
4.97,4.57,3.67,5.24,94.290321778,7,6.375,2020-02-09T04:57:00.0
5.89,4.89,4.41,5.27,95.3161762,7.062,6.312,2020-02-09T04:58:00.0
5.19,4.59,4.31,5.43,94.614773602,7.125,6.562,2020-02-09T04:59:00.0
5.59,4.67,4.07,5.27,94.3714778125,7.125,6.312,2020-02-09T05:00:00.0
5.85,5.51,4.53,5.51,95.28923906450001,7.187,6.5,2020-02-09T05:01:00.0
5.59,5.16,4.4,5.525,94.68150217325001,7.2495,6.6875,2020-02-09T05:02:00.0
5.33,4.81,4.27,5.54,94.07376528200001,7.312,6.875,2020-02-09T05:03:00.0
5.81,4.75,4.41,5.42,93.55862511250001,7.375,6.562,2020-02-09T05:04:00.0
6.53,5.71,4.71,5.54,94.80382496450001,7.437,6.687,2020-02-09T05:05:00.0
6.93,6.25,5.23,6.04,94.26326338450001,7.5,7.187,2020-02-09T05:06:00.0
6.97,6.53,5.27,6.24,93.5043328205,7.625,7.562,2020-02-09T05:07:00.0
7.51,6.57,5.89,6.53,93.06953498050001,7.812,7.875,2020-02-09T05:08:00.0
7.77,7.01,6.07,6.66,92.14287722050001,8,8.125,2020-02-09T05:09:00.0
7.77,7.19,6.33,6.74,91.48654492450001,8.187,8.25,2020-02-09T05:10:00.0
6.87,6.69,5.59,6.86,90.71850086450002,8.312,8.312,2020-02-09T05:11:00.0
7.19,6.83,5.99,7.08,90.0581862005,8.437,8.375,2020-02-09T05:12:00.0
7.45,6.97,5.99,7.18,89.89282034450001,8.562,8.437,2020-02-09T05:13:00.0
7.47,6.91,6.17,7.25,89.11959410050001,8.75,8.562,2020-02-09T05:14:00.0
7.61,7.01,5.95,7.32,88.53803264800001,8.812,8.625,2020-02-09T05:15:00.0
7.79,6.97,6.17,7.4,88.03843136200001,8.937,8.625,2020-02-09T05:16:00.0
7.47,6.93,5.93,7.4,87.593473378,9.062,8.562,2020-02-09T05:17:00.0
7.11,6.57,5.81,7.39,87.03612713800001,9.062,8.5,2020-02-09T05:18:00.0
6.86,6.25,5.539999999999999,7.29,86.82670347925,9.062,8.280999999999999,2020-02-09T05:19:00.0
6.61,5.93,5.27,7.19,86.6172798205,9.062,8.062,2020-02-09T05:20:00.0
6.47,5.29,4.93,6.95,86.64522531200001,9,7.625,2020-02-09T05:21:00.0
6.07,5.37,4.37,6.8,87.0640247645,8.875,7.375,2020-02-09T05:22:00.0
6.07,5.73,4.49,6.75,87.67696522450001,8.75,7.25,2020-02-09T05:23:00.0
7.11,6.13,5.71,6.8,88.7320428245,8.625,7.375,2020-02-09T05:24:00.0
7.09,6.25,5.63,6.92,88.0662141125,8.625,7.625,2020-02-09T05:25:00.0
6.83,6.53,5.85,6.98,88.45483756450001,8.625,7.75,2020-02-09T05:26:00.0
7.09,6.73,5.95,7.14,87.92726845000001,8.687,7.937,2020-02-09T05:27:00.0
7.55,6.51,6.11,7.27,87.482106242,8.75,8.125,2020-02-09T05:28:00.0
7.09,6.57,5.99,7.28,88.149543218,8.812,8.25,2020-02-09T05:29:00.0
7.77,6.93,6.29,7.38,87.56563638050001,8.875,8.375,2020-02-09T05:30:00.0
6.61,6.25,5.55,7.36,86.756975368,9,8.375,2020-02-09T05:31:00.0
6.35,5.77,5.45,7.38,86.8407544045,9,8.187,2020-02-09T05:32:00.0
7.33,6.91,6.47,7.38,87.3428255245,9.062,8.062,2020-02-09T05:33:00.0
7.95,6.91,6.13,7.48,86.72904264050001,9.062,8.25,2020-02-09T05:34:00.0
7.27,6.07,5.99,7.48,86.25369805,9.125,8.312,2020-02-09T05:35:00.0
7.69,6.69,6.29,7.46,87.0640247645,9.125,8.25,2020-02-09T05:36:00.0
6.83,6.29,5.73,7.54,86.47750449800002,9.125,8.312,2020-02-09T05:37:00.0
7.19,6.79,6.11,7.45,86.67316761250001,9.125,8.125,2020-02-09T05:38:00.0
7.23,6.47,5.95,7.52,85.88957700050001,9.187,8.125,2020-02-09T05:39:00.0
7.41,7.47,6.39,7.53,86.4495398605,9.187,8.187,2020-02-09T05:40:00.0
7.27,6.79,5.93,7.68,85.581053362,9.25,8.312,2020-02-09T05:41:00.0
7.27,6.79,6.11,7.6,85.412605,9.312,8.25,2020-02-09T05:42:00.0
8.15,6.91,6.39,7.62,85.6652344645,9.25,8.187,2020-02-09T05:43:00.0
7.47,6.57,6.13,7.62,85.7213392445,9.312,8.312,2020-02-09T05:44:00.0
6.87,6.17,6.07,7.56,85.2721436125,9.312,8.25,2020-02-09T05:45:00.0
6.61,5.93,5.59,7.46,85.1034846445,9.312,8.25,2020-02-09T05:46:00.0
6.25,5.45,5.59,7.33,85.2721436125,9.312,7.75,2020-02-09T05:47:00.0
6.29,5.77,5.19,7.19,84.90657065800002,9.25,7.437,2020-02-09T05:48:00.0
5.81,5.41,5.11,7.1,84.85028080000001,9.125,7.187,2020-02-09T05:49:00.0
6.21,5.23,4.93,6.96,85.1034846445,9.125,6.937,2020-02-09T05:50:00.0
5.95,5.15,5.11,6.88,85.46876721800001,8.875,6.875,2020-02-09T05:51:00.0
6.51,5.33,4.71,6.78,86.16971798050001,8.875,6.875,2020-02-09T05:52:00.0
6.13,5.19,5.33,6.71,86.2816850245,8.625,6.625,2020-02-09T05:53:00.0
6.21,5.49,5.23,6.71,86.2816850245,8.562,6.625,2020-02-09T05:54:00.0
6.13,5.33,5.27,6.72,86.5054659445,8.5,6.687,2020-02-09T05:55:00.0
6.69,5.55,5.29,6.68,86.756975368,8.5,6.687,2020-02-09T05:56:00.0
6.25,5.45,5.37,6.68,86.2257078845,8.5,6.812,2020-02-09T05:57:00.0
5.77,4.89,4.97,6.66,86.5613792645,8.5,6.687,2020-02-09T05:58:00.0
5.93,5.19,4.85,6.66,87.03612713800001,8.5,6.625,2020-02-09T05:59:00.0
6.33,5.15,5.15,6.58,86.78490490450001,8.437,6.5,2020-02-09T06:00:00.0
6.33,5.93,5.59,6.62,86.756975368,8.437,6.5,2020-02-09T06:01:00.0
6.61,5.45,5.67,6.69,87.1755833605,8.437,6.687,2020-02-09T06:02:00.0
6.79,5.89,5.51,6.76,87.00822632050001,8.5,6.937,2020-02-09T06:03:00.0
7.33,6.73,6.43,6.9,87.42640352800001,8.562,7.125,2020-02-09T06:04:00.0
9.49,9.39,7.97,11.07,44.202065698000006,12.687,12.312,2020-02-09T20:55:00.0
9.71,8.87,8.29,11.06,44.07231840200001,12.687,12.25,2020-02-09T20:56:00.0
10.17,9.57,8.61,11.1,44.2669202,12.625,12.062,2020-02-09T20:57:00.0
9.85,8.89,8.27,11.04,46.528786450000005,12.625,12.062,2020-02-09T20:58:00.0
9.53,8.79,8.29,10.86,48.134832200000005,12.562,12,2020-02-09T20:59:00.0
9.91,9.25,7.97,10.94,44.979477298000006,12.562,12,2020-02-09T21:00:00.0
10.17,9.25,8.51,10.89,48.32702160200001,12.562,12,2020-02-09T21:01:00.0
10.03,9.47,8.41,10.89,46.142148418000005,12.562,12,2020-02-09T21:02:00.0
9.71,9.19,8.19,10.81,47.81426125,12.562,12,2020-02-09T21:03:00.0
9.29,8.93,7.55,10.72,50.05155680000001,12.562,11.937,2020-02-09T21:04:00.0
9.75,9.01,8.09,10.64,50.4653330005,12.562,11.812,2020-02-09T21:05:00.0
9.49,9.07,7.87,10.58,49.1265742645,12.562,11.75,2020-02-09T21:06:00.0
9.89,9.29,8.29,10.54,49.573452612500006,12.562,11.75,2020-02-09T21:07:00.0
10.09,9.47,8.59,10.65,47.878400968,12.625,11.812,2020-02-09T21:08:00.0
9.91,9.03,8.27,10.61,51.544967300500005,12.625,11.875,2020-02-09T21:09:00.0
9.99,9.29,8.13,10.49,50.8468016125,12.625,11.75,2020-02-09T21:10:00.0
9.99,9.33,8.59,10.47,52.27321645000001,12.687,11.75,2020-02-09T21:11:00.0
9.91,9.07,8.05,10.44,51.22781072050001,12.687,11.812,2020-02-09T21:12:00.0
9.43,8.51,7.97,10.44,50.624334098000006,12.687,11.75,2020-02-09T21:13:00.0
9.63,8.47,7.79,10.4,52.715672072000004,12.687,11.687,2020-02-09T21:14:00.0
9.77,8.45,7.87,10.34,51.132601522,12.687,11.687,2020-02-09T21:15:00.0
9.53,8.55,7.51,10.34,49.955993400500006,12.687,11.625,2020-02-09T21:16:00.0
9.61,8.87,8.23,10.28,52.115045012500005,12.687,11.625,2020-02-09T21:17:00.0
9.91,8.87,8.23,10.41,51.00561125000001,12.687,11.562,2020-02-09T21:18:00.0
9.67,8.89,8.19,10.48,48.519096128,12.625,11.625,2020-02-09T21:19:00.0
9.33,8.75,7.97,10.5,50.33807468450001,12.687,11.75,2020-02-09T21:20:00.0
9.29,8.47,7.61,10.37,52.46291687200001,12.625,11.625,2020-02-09T21:21:00.0
9.49,9.11,7.47,10.36,49.509651140500004,12.625,11.562,2020-02-09T21:22:00.0
9.53,9.47,8.69,10.57,49.094630450000004,12.625,11.562,2020-02-09T21:23:00.0
9.63,9.63,7.83,10.62,47.81426125,12.625,11.687,2020-02-09T21:24:00.0
9.75,9.01,8.05,10.58,49.286245472000004,12.625,11.75,2020-02-09T21:25:00.0
9.91,9.49,8.15,10.55,50.27442638050001,12.625,11.625,2020-02-09T21:26:00.0
10.33,9.47,8.51,10.52,50.21076531250001,12.625,11.687,2020-02-09T21:27:00.0
9.75,9.11,7.95,10.51,50.14709148050001,12.687,11.687,2020-02-09T21:28:00.0
9.77,9.21,8.37,10.54,48.583095442,12.687,11.562,2020-02-09T21:29:00.0
9.71,8.93,7.97,10.6,49.605348562,12.687,11.625,2020-02-09T21:30:00.0
9.33,8.47,8.01,10.51,49.8922685125,12.625,11.5,2020-02-09T21:31:00.0
9.49,8.79,7.15,10.58,49.31817014050001,12.625,11.5,2020-02-09T21:32:00.0
9.71,8.79,7.79,10.63,49.509651140500004,12.625,11.562,2020-02-09T21:33:00.0
9.61,8.83,7.65,10.56,49.31817014050001,12.625,11.437,2020-02-09T21:34:00.0
9.57,8.79,8.01,10.56,49.286245472000004,12.562,11.375,2020-02-09T21:35:00.0
9.85,9.07,7.87,10.56,49.605348562,12.562,11.375,2020-02-09T21:36:00.0
9.47,9.21,7.79,10.58,50.17892999200001,12.562,11.375,2020-02-09T21:37:00.0
9.47,8.83,7.91,10.54,50.05155680000001,12.437,11.312,2020-02-09T21:38:00.0
9.35,8.93,7.83,10.54,50.497139602000004,12.437,11.25,2020-02-09T21:39:00.0
9.75,9.19,7.91,10.56,50.369894050000006,12.375,11.125,2020-02-09T21:40:00.0
9.92,9.29,8.1,10.57,50.79885238525001,12.375,11.155999999999999,2020-02-09T21:41:00.0
10.09,9.39,8.29,10.58,51.22781072050001,12.375,11.187,2020-02-09T21:42:00.0
9.95,8.87,7.97,10.64,49.92413255200001,12.312,11.312,2020-02-09T21:43:00.0
9.75,9.57,7.97,10.75,50.21076531250001,12.375,11.5,2020-02-09T21:44:00.0
9.81,8.87,7.91,10.68,50.75147753800001,12.312,11.5,2020-02-09T21:45:00.0
9.91,9.21,7.83,10.7,50.115249778000006,12.312,11.5,2020-02-09T21:46:00.0
9.61,8.65,8.13,10.68,50.8468016125,12.375,11.5,2020-02-09T21:47:00.0
9.77,9.67,8.33,10.68,50.878569922000004,12.375,11.5,2020-02-09T21:48:00.0
10.43,9.63,8.69,10.75,50.624334098000006,12.437,11.625,2020-02-09T21:49:00.0
10.31,9.75,8.41,10.78,51.00561125000001,12.437,11.687,2020-02-09T21:50:00.0
10.03,9.57,8.27,10.88,51.57666540800001,12.437,11.75,2020-02-09T21:51:00.0
9.95,9.81,8.47,10.93,51.766787042000004,12.437,11.812,2020-02-09T21:52:00.0
10.17,8.69,8.27,10.9,51.64005205000001,12.5,11.75,2020-02-09T21:53:00.0
10.15,9.27,8.48,10.9,51.814251237250005,12.5,11.6875,2020-02-09T21:54:00.0
10.13,9.85,8.69,10.9,51.98845042450001,12.5,11.625,2020-02-09T21:55:00.0
10.55,9.99,8.51,11,51.291267564500004,12.562,11.687,2020-02-09T21:56:00.0
9.61,9.43,8.09,10.92,52.020103858000006,12.5,11.75,2020-02-09T21:57:00.0
10.33,9.43,8.61,10.88,51.893470978,12.562,11.625,2020-02-09T21:58:00.0
10.17,9.75,8.45,10.96,51.386428898000005,12.562,11.75,2020-02-09T21:59:00.0
10.13,9.77,8.59,10.94,51.386428898000005,12.562,11.75,2020-02-09T22:00:00.0
10.47,9.43,8.41,10.98,50.94209696800001,12.562,11.75,2020-02-09T22:01:00.0
9.91,9.25,8.05,10.94,51.132601522,12.562,11.875,2020-02-09T22:02:00.0
9.95,9.21,8.27,10.91,51.608360324500005,12.625,11.75,2020-02-09T22:03:00.0
9.89,9.07,8.51,10.91,51.57666540800001,12.625,11.687,2020-02-09T22:04:00.0
9.77,9.33,8.19,10.92,51.386428898000005,12.562,11.562,2020-02-09T22:05:00.0
10.13,9.61,8.29,10.89,51.322991200000004,12.562,11.5,2020-02-09T22:06:00.0
9.57,9.39,8.15,10.96,50.973855704500004,12.562,11.5,2020-02-09T22:07:00.0
9.71,8.87,8.13,10.86,51.766787042000004,12.5,11.5,2020-02-09T22:08:00.0
9.71,9.43,7.73,10.82,52.27321645000001,12.5,11.437,2020-02-09T22:09:00.0
9.95,8.97,8.19,10.86,51.893470978,12.437,11.5,2020-02-09T22:10:00.0
9.63,9.07,7.55,10.8,52.58932000000001,12.437,11.375,2020-02-09T22:11:00.0
9.47,9.07,7.61,10.76,52.399696162000005,12.437,11.375,2020-02-09T22:12:00.0
9.61,9.02,7.51,10.74,52.55768411700001,12.405999999999999,11.343499999999999,2020-02-09T22:13:00.0
9.75,8.97,7.41,10.72,52.715672072000004,12.375,11.312,2020-02-09T22:14:00.0
9.91,9.57,7.91,10.74,52.778828962000006,12.375,11.312,2020-02-09T22:15:00.0
9.57,8.87,7.69,10.72,53.15750225800001,12.312,11.25,2020-02-09T22:16:00.0
9.39,8.93,7.91,10.65,53.346666592000005,12.25,11.187,2020-02-09T22:17:00.0
9.57,9.11,8.13,10.7,52.58932000000001,12.312,11.25,2020-02-09T22:18:00.0
9.67,8.87,8.01,10.7,52.52612481800001,12.25,11.312,2020-02-09T22:19:00.0
9.47,9.15,7.47,10.65,52.81040262050001,12.25,11.312,2020-02-09T22:20:00.0
9.49,8.79,7.59,10.63,52.74725211250001,12.25,11.25,2020-02-09T22:21:00.0
9.57,8.59,8.09,10.64,52.81040262050001,12.187,11.25,2020-02-09T22:22:00.0
9.39,9.01,7.59,10.58,53.031328882000004,12.187,11.25,2020-02-09T22:23:00.0
9.75,9.07,7.79,10.66,52.431308112500005,12.187,11.312,2020-02-09T22:24:00.0
9.47,8.93,7.65,10.66,52.52612481800001,12.187,11.312,2020-02-09T22:25:00.0
9.43,9.11,7.73,10.64,52.90510445,12.125,11.25,2020-02-09T22:26:00.0
9.33,8.97,7.29,10.61,52.99977756050001,12.125,11.187,2020-02-09T22:27:00.0
9.25,8.87,7.47,10.58,52.841973088,12.125,11.187,2020-02-09T22:28:00.0
9.39,8.75,7.37,10.52,53.28362457800001,12.062,11.125,2020-02-09T22:29:00.0
9.67,8.89,7.91,10.59,52.90510445,12.062,11.187,2020-02-09T22:30:00.0
9.21,8.65,7.77,10.54,53.661685202,12.062,11.25,2020-02-09T22:31:00.0
9.47,8.87,7.55,10.56,53.15750225800001,12.062,11.187,2020-02-09T22:32:00.0
9.19,9.01,7.29,10.52,53.504215784500005,12.062,11.187,2020-02-09T22:33:00.0
9.29,8.69,7.55,10.48,54.03928632200001,12.062,11.062,2020-02-09T22:34:00.0
9.03,8.61,7.55,10.46,53.72465063200001,12,11,2020-02-09T22:35:00.0
9.33,8.75,7.79,10.47,53.346666592000005,12,11,2020-02-09T22:36:00.0
9.43,9.35,6.73,10.5,53.661685202,12,11.125,2020-02-09T22:37:00.0
9.91,9.35,8.05,10.54,52.52612481800001,12,11.125,2020-02-09T22:38:00.0
9.39,8.87,7.37,10.55,53.22056980000001,12,11.25,2020-02-09T22:39:00.0
9.49,8.83,7.87,10.56,53.15750225800001,12,11.25,2020-02-09T22:40:00.0
9.57,8.65,7.61,10.65,52.17832316050001,12,11.312,2020-02-09T22:41:00.0
10.03,9.19,8.05,10.67,52.399696162000005,12,11.437,2020-02-09T22:42:00.0
9.47,9.01,7.47,10.69,52.715672072000004,12,11.5,2020-02-09T22:43:00.0
9.91,9.21,7.79,10.76,51.98845042450001,12.062,11.562,2020-02-09T22:44:00.0
9.49,8.93,7.87,10.67,54.007837112500006,12.062,11.625,2020-02-09T22:45:00.0
9.75,9.15,7.83,10.62,52.652502418000005,12.125,11.625,2020-02-09T22:46:00.0
9.75,9.07,7.59,10.61,52.90510445,12.187,11.812,2020-02-09T22:47:00.0
9.89,9.25,7.59,10.56,53.409695842000005,12.25,11.875,2020-02-09T22:48:00.0
9.35,8.61,7.55,10.5,53.09442195200001,12.375,11.875,2020-02-09T22:49:00.0
9.81,8.89,8.19,10.48,53.850543200000004,12.375,11.937,2020-02-09T22:50:00.0
9.81,9.19,8.59,10.52,52.74725211250001,12.437,12.125,2020-02-09T22:51:00.0
10.33,9.61,8.29,10.59,52.93666534450001,12.562,12.25,2020-02-09T22:52:00.0
10.27,9.33,8.69,10.66,52.083401152,12.625,12.375,2020-02-09T22:53:00.0
10.57,9.61,8.37,10.66,51.766787042000004,12.75,12.5,2020-02-09T22:54:00.0
9.57,9.01,7.59,10.66,52.33646268800001,12.812,12.5,2020-02-09T22:55:00.0
10.37,9.39,8.19,10.69,52.46291687200001,12.875,12.562,2020-02-09T22:56:00.0
10.17,9.57,8.47,10.64,52.209957448000004,12.937,12.625,2020-02-09T22:57:00.0
10.05,9.39,8.19,10.64,51.92513398450001,13,12.687,2020-02-09T22:58:00.0
10.95,9.67,8.71,10.69,52.87354036450001,13.062,12.75,2020-02-09T22:59:00.0
10.51,10.13,8.33,10.82,51.164341112500004,13.125,12.812,2020-02-09T23:00:00.0
10.57,9.77,8.75,10.79,51.95679380000001,13.187,13,2020-02-09T23:01:00.0
11.45,10.65,9.25,10.82,51.291267564500004,13.312,13.125,2020-02-09T23:02:00.0
11.47,9.71,9.53,10.81,51.92513398450001,13.437,13.437,2020-02-09T23:03:00.0
11.41,9.71,9.01,10.8,51.893470978,13.5,13.5,2020-02-09T23:04:00.0
11.17,10.41,9.25,10.74,52.146685682000005,13.625,13.5,2020-02-09T23:05:00.0
11.17,10.05,9.43,10.73,52.051754100500006,13.687,13.375,2020-02-09T23:06:00.0
10.89,9.89,9.11,10.88,51.830135392,13.687,13.375,2020-02-09T23:07:00.0
11.55,10.51,8.79,10.84,52.33646268800001,13.75,13.437,2020-02-09T23:08:00.0
11.55,10.79,9.57,10.82,52.81040262050001,13.812,13.5,2020-02-09T23:09:00.0
11.55,10.55,9.61,10.86,52.241588544500004,13.812,13.5,2020-02-09T23:10:00.0
11.27,10.41,9.25,10.86,52.74725211250001,13.937,13.625,2020-02-09T23:11:00.0
11.99,11.09,9.47,10.86,52.146685682000005,13.937,13.625,2020-02-09T23:12:00.0
11.75,10.75,9.75,10.86,52.241588544500004,14,13.687,2020-02-09T23:13:00.0
11.45,10.71,9.53,11.01,50.656124744500005,14.062,13.687,2020-02-09T23:14:00.0
11.33,10.47,9.57,11.12,50.433523208000004,14.062,13.687,2020-02-09T23:15:00.0
11.51,10.51,9.25,11.16,50.560743232,14.125,13.625,2020-02-09T23:16:00.0
11.37,10.61,9.47,11.2,49.8285308605,14.125,13.562,2020-02-09T23:17:00.0
11.33,10.51,9.29,11.33,49.030733248000004,14.187,13.562,2020-02-09T23:18:00.0
11.17,10.33,9.21,11.41,48.647081992000004,14.187,13.562,2020-02-09T23:19:00.0
11.13,10.61,9.19,11.48,48.102789464500006,14.187,13.5,2020-02-09T23:20:00.0
10.99,10.03,9.25,11.48,49.0626834445,14.25,13.5,2020-02-09T23:21:00.0
11.03,9.81,8.75,11.36,50.17892999200001,14.25,13.625,2020-02-09T23:22:00.0
10.37,9.63,8.37,11.44,48.16687174450001,14.25,13.5,2020-02-09T23:23:00.0
10.69,9.75,9.19,11.43,48.647081992000004,14.25,13.437,2020-02-09T23:24:00.0
10.41,9.29,8.55,11.38,49.79665724800001,14.25,13.437,2020-02-09T23:25:00.0
10.71,10.27,8.79,11.34,49.764780444500005,14.25,13.25,2020-02-09T23:26:00.0
10.57,9.71,8.37,11.4,48.359042000500004,14.25,13.312,2020-02-09T23:27:00.0
10.61,9.91,8.41,11.49,47.493371200000006,14.25,13.25,2020-02-09T23:28:00.0
10.47,9.71,8.83,11.51,48.96682328200001,14.187,13.25,2020-02-09T23:29:00.0
11.21,10.13,8.83,11.64,46.786289858,14.187,13.187,2020-02-09T23:30:00.0
10.37,9.99,8.69,11.71,46.49658416450001,14.125,13.187,2020-02-09T23:31:00.0
10.69,9.63,8.83,11.59,49.35009161800001,14.125,13.062,2020-02-09T23:32:00.0
10.31,9.71,8.79,11.5,49.158514888000006,14.062,13,2020-02-09T23:33:00.0
11.03,10.05,8.69,11.49,48.96682328200001,14.062,12.875,2020-02-09T23:34:00.0
10.93,10.31,8.83,11.42,50.115249778000006,14,13.062,2020-02-09T23:35:00.0
10.27,9.49,8.51,11.32,49.605348562,14,13.187,2020-02-09T23:36:00.0
10.69,9.63,8.89,11.38,48.99877986050001,14,13.125,2020-02-09T23:37:00.0
10.69,9.49,8.51,11.31,49.79665724800001,14,13.125,2020-02-09T23:38:00.0
11.13,9.75,8.97,11.33,49.92413255200001,14,13.187,2020-02-09T23:39:00.0
10.75,9.95,8.75,11.33,49.79665724800001,14,13.187,2020-02-09T23:40:00.0
10.51,9.53,8.33,11.3,49.955993400500006,14.062,13.125,2020-02-09T23:41:00.0
10.95,9.85,8.93,11.27,50.94209696800001,14,13.125,2020-02-09T23:42:00.0
10.99,10.03,8.83,11.28,49.92413255200001,14.062,13.187,2020-02-09T23:43:00.0
10.93,10.13,8.87,11.38,51.291267564500004,14,13.25,2020-02-09T23:44:00.0
11.21,10.13,9.19,11.3,51.51326600200001,14,13.312,2020-02-09T23:45:00.0
11.37,10.09,8.93,11.27,52.399696162000005,14.062,13.312,2020-02-09T23:46:00.0
10.93,10.27,9.11,11.28,52.115045012500005,14.062,13.375,2020-02-09T23:47:00.0
11.31,10.05,9.35,11.3,51.735108080500005,14.062,13.562,2020-02-09T23:48:00.0
11.51,10.61,9.63,11.27,52.17832316050001,14.125,13.5,2020-02-09T23:49:00.0
11.37,10.51,9.47,11.32,51.893470978,14.125,13.562,2020-02-09T23:50:00.0
11.27,10.23,9.39,11.33,52.209957448000004,14.187,13.5,2020-02-09T23:51:00.0
11.37,10.31,9.21,11.29,51.95679380000001,14.187,13.437,2020-02-09T23:52:00.0
11.55,10.47,9.19,11.3,52.020103858000006,14.187,13.375,2020-02-09T23:53:00.0
11.37,10.55,9.63,11.32,52.083401152,14.187,13.375,2020-02-09T23:54:00.0
11.51,10.43,9.29,11.43,50.17892999200001,14.187,13.437,2020-02-09T23:55:00.0
11.07,10.37,9.29,11.52,50.05155680000001,14.187,13.437,2020-02-09T23:56:00.0
11.13,10.19,9.39,11.52,50.369894050000006,14.187,13.437,2020-02-09T23:57:00.0
10.33,9.67,8.55,11.45,50.52894301250001,14.25,13.375,2020-02-09T23:58:00.0
11.07,10.03,8.83,11.46,49.7010172645,14.25,13.312,2020-02-09T23:59:00.0
