TempPlant1,TempPlant3,TempPlant5,Air_temp_loc,Humedity,air_temp,Ambient_1,time
4.59,4.71,5.33,4.64,105.3470125645,6.562,3.062,2020-01-24T06:05:00.0
4.93,5.11,5.23,4.62,105.3984457205,6.562,3.062,2020-01-24T06:06:00.0
5.01,4.81,5.71,4.68,105.3984457205,6.5,3.062,2020-01-24T06:07:00.0
4.89,4.59,5.51,4.72,105.44986611250002,6.562,3.062,2020-01-24T06:08:00.0
5.19,4.53,5.33,4.76,105.47557152200001,6.5,3.062,2020-01-24T06:09:00.0
5.27,5.19,5.99,4.7,106.3220598845,6.5,3.062,2020-01-24T06:10:00.0
5.15,5.11,5.81,4.9,105.14115230050001,6.5,3.187,2020-01-24T06:11:00.0
5.15,4.97,5.73,4.96,105.218373832,6.562,3.25,2020-01-24T06:12:00.0
5.23,5.07,5.93,4.94,105.24410796050002,6.562,3.25,2020-01-24T06:13:00.0
5.29,4.97,5.81,4.84,105.1926365125,6.625,3.25,2020-01-24T06:14:00.0
5.05,5.29,5.67,4.88,105.14115230050001,6.625,3.25,2020-01-24T06:15:00.0
5.27,5.05,5.81,4.86,105.24410796050002,6.625,3.187,2020-01-24T06:16:00.0
5.59,4.85,5.49,4.78,105.24410796050002,6.625,3.125,2020-01-24T06:17:00.0
5.33,5.29,5.71,4.76,105.1926365125,6.625,3.062,2020-01-24T06:18:00.0
5.49,5.49,5.59,4.7,105.1926365125,6.625,3.0,2020-01-24T06:19:00.0
5.23,5.63,5.55,4.72,105.24410796050002,6.625,3.0,2020-01-24T06:20:00.0
5.29,5.95,5.55,4.7,105.0896553245,6.625,3.0,2020-01-24T06:21:00.0
5.51,5.89,5.63,4.7,105.24410796050002,6.625,3.0,2020-01-24T06:22:00.0
5.29,5.45,5.05,4.72,105.1926365125,6.625,2.937,2020-01-24T06:23:00.0
5.15,5.89,5.45,4.69,105.16689600200002,6.625,2.937,2020-01-24T06:24:00.0
5.220000000000001,5.83,5.45,4.725,105.12827566325001,6.625,2.937,2020-01-24T06:25:00.0
5.29,5.77,5.45,4.76,105.0896553245,6.625,2.937,2020-01-24T06:26:00.0
5.49,5.19,5.37,4.72,105.0896553245,6.625,2.937,2020-01-24T06:27:00.0
5.63,5.23,5.55,4.71,105.115405408,6.625,2.937,2020-01-24T06:28:00.0
5.27,5.59,5.67,4.68,105.0896553245,6.625,2.937,2020-01-24T06:29:00.0
5.55,5.05,5.51,4.78,105.03814558450001,6.687,2.937,2020-01-24T06:30:00.0
5.15,5.15,5.77,4.82,105.03814558450001,6.687,3.0,2020-01-24T06:31:00.0
5.37,5.55,5.29,4.89,105.0896553245,6.687,3.062,2020-01-24T06:32:00.0
5.29,5.55,5.29,4.81,105.03814558450001,6.687,3.062,2020-01-24T06:33:00.0
5.29,5.71,5.55,4.83,105.012385928,6.687,3.062,2020-01-24T06:34:00.0
5.11,6.11,5.45,4.72,104.8835397805,6.687,3.062,2020-01-24T06:35:00.0
5.15,5.85,5.77,4.77,104.909315392,6.75,3.125,2020-01-24T06:36:00.0
5.220000000000001,5.67,5.81,4.805,104.97373048825,6.75,3.0934999999999997,2020-01-24T06:37:00.0
5.29,5.49,5.85,4.84,105.03814558450001,6.75,3.062,2020-01-24T06:38:00.0
5.27,5.49,5.93,4.86,104.8319789845,6.75,3.125,2020-01-24T06:39:00.0
4.85,5.99,5.51,4.83,104.8319789845,6.75,3.125,2020-01-24T06:40:00.0
5.33,5.27,5.93,4.78,104.8319789845,6.812,3.062,2020-01-24T06:41:00.0
5.01,5.51,6.11,4.81,104.7804054245,6.75,3.125,2020-01-24T06:42:00.0
5.19,6.03,6.07,4.84,104.8319789845,6.812,3.125,2020-01-24T06:43:00.0
5.1,5.7,6.0,4.85,104.79329642125,6.781000000000001,3.1559999999999997,2020-01-24T06:44:00.0
5.01,5.37,5.93,4.86,104.75461385800001,6.75,3.187,2020-01-24T06:45:00.0
5.05,5.71,6.03,4.9,104.67722001250002,6.75,3.187,2020-01-24T06:46:00.0
5.07,5.55,6.35,4.92,104.7804054245,6.75,3.187,2020-01-24T06:47:00.0
5.27,5.45,5.89,4.93,104.7288191005,6.75,3.187,2020-01-24T06:48:00.0
4.97,5.15,6.17,5.02,104.8319789845,6.75,3.187,2020-01-24T06:49:00.0
5.15,5.63,6.07,5.08,104.62560816050001,6.687,3.125,2020-01-24T06:50:00.0
5.15,5.95,5.81,5.06,104.62560816050001,6.75,3.062,2020-01-24T06:51:00.0
5.15,5.27,5.41,5.08,104.57398354450001,6.75,3.0,2020-01-24T06:52:00.0
4.97,5.71,5.81,5.0,104.36735744050002,6.75,3.0,2020-01-24T06:53:00.0
5.29,5.77,6.13,4.98,104.10878762050001,6.75,3.0,2020-01-24T06:54:00.0
5.29,5.37,6.11,5.02,104.21225384050001,6.75,3.0,2020-01-24T06:55:00.0
5.11,5.41,6.29,4.96,104.21225384050001,6.812,3.0,2020-01-24T06:56:00.0
5.45,6.17,6.21,5.05,104.21225384050001,6.75,3.062,2020-01-24T06:57:00.0
5.55,6.11,6.47,5.12,104.36735744050002,6.812,3.125,2020-01-24T06:58:00.0
5.51,5.55,6.21,5.26,104.31566900450001,6.812,3.187,2020-01-24T06:59:00.0
5.73,6.39,6.61,5.31,104.28982000000002,6.875,3.187,2020-01-24T07:00:00.0
5.85,6.61,6.33,5.28,103.9534925605,6.812,3.25,2020-01-24T07:01:00.0
5.77,5.89,6.53,5.33,103.823992258,6.875,3.25,2020-01-24T07:02:00.0
5.89,5.99,6.69,5.42,104.1605271125,6.875,3.25,2020-01-24T07:03:00.0
6.07,6.33,6.57,5.43,104.238112418,6.875,3.312,2020-01-24T07:04:00.0
6.11,6.43,6.39,5.54,103.79808262450001,6.875,3.312,2020-01-24T07:05:00.0
6.17,5.95,6.39,5.54,104.34151481800001,6.937,3.375,2020-01-24T07:06:00.0
6.07,5.81,6.61,5.57,103.7462537845,6.875,3.375,2020-01-24T07:07:00.0
6.07,6.87,6.53,5.36,103.2792198445,6.937,3.375,2020-01-24T07:08:00.0
6.43,6.29,6.87,5.64,103.7462537845,6.937,3.375,2020-01-24T07:09:00.0
6.47,6.87,6.65,5.54,103.7462537845,7.0,3.437,2020-01-24T07:10:00.0
6.51,6.35,6.97,5.7,103.90170201250001,7.0,3.437,2020-01-24T07:11:00.0
6.57,6.57,6.65,5.98,103.097316322,7.062,3.5,2020-01-24T07:12:00.0
6.65,6.73,6.83,5.72,103.6425578125,7.062,3.562,2020-01-24T07:13:00.0
6.43,7.05,6.75,5.64,103.12331211250002,7.062,3.625,2020-01-24T07:14:00.0
6.79,7.09,6.83,5.8,103.33116356050002,7.125,3.625,2020-01-24T07:15:00.0
6.91,7.09,6.83,5.75,104.10878762050001,7.187,3.625,2020-01-24T07:16:00.0
6.65,7.33,7.27,5.88,104.0570353645,7.25,3.625,2020-01-24T07:17:00.0
7.11,6.93,7.11,6.1,103.305193298,7.25,3.625,2020-01-24T07:18:00.0
7.19,6.87,7.05,6.17,102.99330125,7.25,3.625,2020-01-24T07:19:00.0
7.17,7.01,7.35,6.0,103.11028230725,7.3125,3.625,2020-01-24T07:20:00.0
7.15,7.15,7.65,5.83,103.2272633645,7.375,3.625,2020-01-24T07:21:00.0
7.27,7.29,7.41,6.14,103.2272633645,7.375,3.562,2020-01-24T07:22:00.0
7.15,7.33,7.55,6.02,103.53881078450001,7.437,3.5,2020-01-24T07:23:00.0
7.29,7.19,7.27,6.08,103.53881078450001,7.437,3.5,2020-01-24T07:24:00.0
7.41,7.41,7.27,6.2,103.01930980450001,7.437,3.437,2020-01-24T07:25:00.0
7.33,7.41,7.59,6.29,103.6425578125,7.5,3.437,2020-01-24T07:26:00.0
7.47,7.29,7.61,6.38,103.01930980450001,7.562,3.5,2020-01-24T07:27:00.0
7.37,7.33,7.51,6.48,102.34205031250002,7.625,3.5,2020-01-24T07:28:00.0
7.37,7.55,7.37,6.28,102.62884643200002,7.625,3.5,2020-01-24T07:29:00.0
7.15,7.27,7.47,6.36,102.1332288005,7.687,3.5,2020-01-24T07:30:00.0
6.97,7.59,7.61,6.42,102.34205031250002,7.687,3.562,2020-01-24T07:31:00.0
7.77,7.77,7.65,6.44,102.1854533245,7.687,3.562,2020-01-24T07:32:00.0
7.69,7.45,7.37,6.29,101.47934528800002,7.75,3.5,2020-01-24T07:33:00.0
7.47,7.61,7.47,6.38,102.9152564405,7.75,3.5,2020-01-24T07:34:00.0
7.73,7.59,7.61,6.33,102.315958792,7.75,3.5,2020-01-24T07:35:00.0
7.73,7.59,7.61,6.42,102.28986408050001,7.75,3.5,2020-01-24T07:36:00.0
7.83,7.33,7.59,6.52,101.29590051250001,7.812,3.5,2020-01-24T07:37:00.0
7.73,7.65,7.61,6.52,102.1332288005,7.875,3.5,2020-01-24T07:38:00.0
8.13,7.77,7.83,6.64,101.87191472050002,7.875,3.5,2020-01-24T07:39:00.0
7.87,8.01,8.13,6.54,101.76729974050001,7.875,3.562,2020-01-24T07:40:00.0
8.05,8.01,8.45,6.46,102.3942237805,7.937,3.562,2020-01-24T07:41:00.0
8.01,7.47,8.61,7.36,101.61028154050001,7.937,3.562,2020-01-24T07:42:00.0
8.09,8.19,8.23,7.47,101.95034245000002,7.937,3.562,2020-01-24T07:43:00.0
8.09,8.45,8.79,7.29,101.11229937800002,7.937,3.562,2020-01-24T07:44:00.0
8.23,8.69,8.719999999999999,7.285,101.12541853125,7.968500000000001,3.6245,2020-01-24T07:45:00.0
8.37,8.93,8.65,7.28,101.13853768450001,8.0,3.687,2020-01-24T07:46:00.0
8.47,8.45,8.79,7.82,101.08605788050001,8.062,3.75,2020-01-24T07:47:00.0
8.61,8.59,8.87,7.75,100.7183418605,8.062,3.812,2020-01-24T07:48:00.0
8.69,8.15,8.89,7.72,100.428983368,8.125,3.875,2020-01-24T07:49:00.0
8.69,8.89,8.79,7.9,100.74462803200001,8.187,3.875,2020-01-24T07:50:00.0
8.89,8.65,9.11,8.05,99.2412234205,8.25,3.937,2020-01-24T07:51:00.0
8.97,9.03,9.11,7.78,100.53424931200001,8.312,3.937,2020-01-24T07:52:00.0
8.93,8.65,9.35,7.87,100.87601102450002,8.375,3.937,2020-01-24T07:53:00.0
8.97,9.49,8.93,8.02,100.24464511250001,8.437,4.062,2020-01-24T07:54:00.0
9.25,9.11,9.39,8.06,100.21829831200002,8.562,4.062,2020-01-24T07:55:00.0
9.33,9.07,9.81,8.28,100.00740903200001,8.562,4.062,2020-01-24T07:56:00.0
9.21,9.49,10.09,8.26,99.82271338450002,8.625,4.125,2020-01-24T07:57:00.0
9.21,9.19,9.49,8.34,99.3999647605,8.625,4.125,2020-01-24T07:58:00.0
9.29,8.93,9.71,8.28,99.0823672045,8.75,4.187,2020-01-24T07:59:00.0
9.53,9.07,9.39,8.04,100.19194832050002,8.75,4.187,2020-01-24T08:00:00.0
9.77,9.33,9.61,8.11,99.690692192,8.812,4.25,2020-01-24T08:01:00.0
9.63,9.07,9.75,8.02,99.61144118450001,8.875,4.187,2020-01-24T08:02:00.0
9.33,9.53,9.67,7.94,99.3999647605,8.937,4.312,2020-01-24T08:03:00.0
9.53,9.57,9.95,8.12,100.323666368,9.0,4.375,2020-01-24T08:04:00.0
9.29,9.89,9.75,8.16,99.66427838050001,9.062,4.375,2020-01-24T08:05:00.0
9.35,10.23,10.03,8.26,99.7699144805,9.125,4.312,2020-01-24T08:06:00.0
9.11,10.13,9.91,8.39,99.50572850050001,9.125,4.312,2020-01-24T08:07:00.0
8.93,10.09,10.03,8.36,99.2412234205,9.187,4.312,2020-01-24T08:08:00.0
9.01,10.31,9.81,8.32,99.02938960450001,9.25,4.312,2020-01-24T08:09:00.0
9.35,9.89,10.09,8.26,99.1353320405,9.25,4.437,2020-01-24T08:10:00.0
9.33,9.77,10.03,8.3,99.161809672,9.312,4.437,2020-01-24T08:11:00.0
9.61,9.77,9.67,8.27,99.3999647605,9.312,4.5,2020-01-24T08:12:00.0
9.67,10.13,9.53,8.08,99.5585912245,9.312,4.5,2020-01-24T08:13:00.0
9.39,9.77,9.47,7.83,98.63165075200001,9.312,4.5,2020-01-24T08:14:00.0
9.77,10.19,9.47,7.95,99.2412234205,9.312,4.5,2020-01-24T08:15:00.0
9.67,10.17,9.85,7.86,98.7643101445,9.375,4.5,2020-01-24T08:16:00.0
9.89,9.49,9.77,7.81,100.1392387645,9.375,4.437,2020-01-24T08:17:00.0
9.75,9.63,9.49,8.0,99.50572850050001,9.437,4.437,2020-01-24T08:18:00.0
9.99,9.77,10.03,8.18,99.9810335125,9.437,4.437,2020-01-24T08:19:00.0
9.77,9.39,9.81,8.56,99.0823672045,9.5,4.437,2020-01-24T08:20:00.0
9.99,9.61,9.47,8.49,99.3470637445,9.562,4.437,2020-01-24T08:21:00.0
10.13,9.35,9.67,8.14,99.5585912245,9.562,4.5,2020-01-24T08:22:00.0
10.03,9.47,8.75,8.1,98.44579358050001,9.562,4.5,2020-01-24T08:23:00.0
9.77,9.61,9.47,7.72,99.1882841125,9.562,4.375,2020-01-24T08:24:00.0
10.03,9.33,9.39,7.97,98.92339611250001,9.562,4.375,2020-01-24T08:25:00.0
10.31,9.63,9.33,7.94,99.5585912245,9.562,4.375,2020-01-24T08:26:00.0
10.13,9.75,9.81,8.06,99.50572850050001,9.562,4.375,2020-01-24T08:27:00.0
10.13,9.89,9.35,7.96,98.84386748800001,9.625,4.375,2020-01-24T08:28:00.0
9.89,9.61,10.03,8.14,100.0865164445,9.562,4.312,2020-01-24T08:29:00.0
10.19,9.67,10.03,7.94,100.56055782050001,9.625,4.312,2020-01-24T08:30:00.0
10.05,9.39,10.27,8.22,99.71710281250002,9.687,4.312,2020-01-24T08:31:00.0
9.95,9.49,9.95,7.88,98.49891158450001,9.687,4.437,2020-01-24T08:32:00.0
10.33,9.61,9.67,8.01,97.3273670125,9.75,4.437,2020-01-24T08:33:00.0
10.05,9.57,9.99,7.88,98.896889762,9.75,4.5,2020-01-24T08:34:00.0
10.17,10.19,10.17,8.04,98.896889762,9.812,4.562,2020-01-24T08:35:00.0
10.05,9.89,10.31,7.68,98.9763992405,9.812,4.687,2020-01-24T08:36:00.0
10.23,9.95,10.23,8.4,98.87038022050001,9.937,4.75,2020-01-24T08:37:00.0
10.23,10.37,10.33,8.5,99.02938960450001,9.937,4.812,2020-01-24T08:38:00.0
10.33,10.47,10.55,8.66,98.55201682450001,10.0,4.812,2020-01-24T08:39:00.0
10.37,10.33,10.51,8.58,97.78074156800001,10.062,4.875,2020-01-24T08:40:00.0
9.89,10.79,10.55,8.4,97.86065311250002,10.062,4.875,2020-01-24T08:41:00.0
9.85,10.37,10.69,8.74,98.896889762,10.125,4.875,2020-01-24T08:42:00.0
9.85,10.93,10.79,8.87,98.44579358050001,10.125,4.875,2020-01-24T08:43:00.0
9.89,10.89,10.89,9.05,97.96715716450001,10.125,4.875,2020-01-24T08:44:00.0
9.8,10.86,10.68,8.895,98.00707943125002,10.155999999999999,4.843500000000001,2020-01-24T08:45:00.0
9.71,10.83,10.47,8.74,98.04700169800002,10.187,4.812,2020-01-24T08:46:00.0
10.03,10.41,10.89,8.88,98.6581890125,10.187,4.812,2020-01-24T08:47:00.0
9.75,10.17,10.83,8.75,97.86065311250002,10.187,4.75,2020-01-24T08:48:00.0
10.31,9.95,10.57,8.69,98.12681751250001,10.125,4.687,2020-01-24T08:49:00.0
9.53,10.69,10.95,8.63,97.75409800450001,10.125,4.687,2020-01-24T08:50:00.0
9.719999999999999,10.86,10.899999999999999,8.64,97.95375720325,10.125,4.656000000000001,2020-01-24T08:51:00.0
9.91,11.03,10.85,8.65,98.153416402,10.125,4.625,2020-01-24T08:52:00.0
9.95,10.86,11.030000000000001,8.690000000000001,97.84712551125,10.125,4.6875,2020-01-24T08:53:00.0
9.99,10.69,11.21,8.73,97.54083462050001,10.125,4.75,2020-01-24T08:54:00.0
9.916666666666666,10.643333333333333,11.216666666666667,8.66,97.567500521,10.104,4.770666666666667,2020-01-24T08:55:00.0
9.843333333333332,10.596666666666666,11.223333333333333,8.59,97.59416642149999,10.082999999999998,4.791333333333334,2020-01-24T08:56:00.0
9.77,10.55,11.23,8.52,97.620832322,10.062,4.812,2020-01-24T08:57:00.0
9.43,10.61,11.31,8.64,97.06024531250002,10.062,4.812,2020-01-24T08:58:00.0
9.63,9.71,10.85,8.56,97.16713228450001,10.062,4.687,2020-01-24T08:59:00.0
9.19,10.75,10.71,8.51,96.84631820050001,10.062,4.562,2020-01-24T09:00:00.0
9.35,10.79,10.89,8.19,96.79280451250001,10.0,4.437,2020-01-24T09:01:00.0
9.47,10.55,11.03,8.14,96.79280451250001,9.937,4.375,2020-01-24T09:02:00.0
9.379999999999999,10.27,11.03,8.15,97.51299921850001,9.937,4.343500000000001,2020-01-24T09:03:00.0
9.29,9.99,11.03,8.16,98.23319392450001,9.937,4.312,2020-01-24T09:04:00.0
9.03,10.31,10.85,8.01,96.84631820050001,9.875,4.25,2020-01-24T09:05:00.0
9.25,10.75,10.61,8.06,97.35406163200001,9.875,4.187,2020-01-24T09:06:00.0
8.97,10.51,10.83,7.96,97.27396820050001,9.812,4.187,2020-01-24T09:07:00.0
8.51,10.47,10.75,7.98,97.4874868645,9.812,4.125,2020-01-24T09:08:00.0
8.79,10.27,10.79,7.89,97.38075306050001,9.75,4.062,2020-01-24T09:09:00.0
8.75,10.37,10.79,8.1,97.54083462050001,9.75,4.0,2020-01-24T09:10:00.0
8.93,10.55,10.75,8.06,97.567503712,9.75,4.0,2020-01-24T09:11:00.0
8.93,10.41,11.03,8.18,97.75409800450001,9.75,4.0,2020-01-24T09:12:00.0
9.39,10.05,10.79,7.95,96.14964466450002,9.75,4.125,2020-01-24T09:13:00.0
9.15,10.43,10.69,8.09,97.75409800450001,9.75,4.187,2020-01-24T09:14:00.0
8.79,9.77,10.09,7.86,97.38075306050001,9.75,4.187,2020-01-24T09:15:00.0
8.79,10.05,10.27,7.5,96.14964466450002,9.687,4.312,2020-01-24T09:16:00.0
8.75,10.19,10.09,7.38,97.59416961250001,9.625,4.312,2020-01-24T09:17:00.0
8.69,9.99,10.69,7.71,98.49891158450001,9.562,4.062,2020-01-24T09:18:00.0
8.93,10.43,10.23,7.64,97.43412634450002,9.5,4.0,2020-01-24T09:19:00.0
9.03,10.19,10.61,7.58,97.59416961250001,9.437,4.0,2020-01-24T09:20:00.0
9.29,9.77,10.57,7.52,97.43412634450002,9.375,3.937,2020-01-24T09:21:00.0
8.97,10.17,10.19,7.41,97.567503712,9.312,3.812,2020-01-24T09:22:00.0
9.01,9.91,10.17,7.48,97.1136951805,9.25,3.687,2020-01-24T09:23:00.0
8.94,9.9,10.36,7.53,97.6734445525,9.218499999999999,3.8434999999999997,2020-01-24T09:24:00.0
8.87,9.89,10.55,7.58,98.23319392450001,9.187,4.0,2020-01-24T09:25:00.0
8.83,10.37,10.23,7.68,98.12681751250001,9.187,4.187,2020-01-24T09:26:00.0
8.97,10.03,10.61,7.78,97.38075306050001,9.187,4.25,2020-01-24T09:27:00.0
8.79,9.89,10.37,7.82,97.16713228450001,9.125,4.312,2020-01-24T09:28:00.0
8.15,10.31,10.65,7.8,96.79280451250001,9.062,4.312,2020-01-24T09:29:00.0
8.47,10.31,10.79,7.83,96.8998191245,9.062,4.25,2020-01-24T09:30:00.0
9.07,10.23,10.47,7.4,96.9265648,9.062,4.187,2020-01-24T09:31:00.0
8.69,10.03,10.69,7.84,97.06024531250002,9.0,4.312,2020-01-24T09:32:00.0
8.27,10.13,10.23,8.0,96.9265648,9.0,4.25,2020-01-24T09:33:00.0
8.41,9.95,9.89,7.59,96.95330728450001,9.0,4.25,2020-01-24T09:34:00.0
8.15,10.05,10.09,7.5,97.35406163200001,8.937,4.187,2020-01-24T09:35:00.0
8.23,9.49,10.03,7.14,96.8998191245,8.875,4.187,2020-01-24T09:36:00.0
7.73,9.33,9.71,7.54,98.44579358050001,8.812,4.125,2020-01-24T09:37:00.0
7.79,9.43,9.67,7.14,97.54083462050001,8.75,4.0,2020-01-24T09:38:00.0
7.29,8.75,9.01,6.92,97.75409800450001,8.75,3.875,2020-01-24T09:39:00.0
7.05,8.59,8.75,6.99,98.206604608,8.625,3.75,2020-01-24T09:40:00.0
6.97,8.75,8.29,6.74,98.9763992405,8.625,3.75,2020-01-24T09:41:00.0
7.05,8.79,8.69,6.7,98.2863629845,8.5,3.75,2020-01-24T09:42:00.0
7.19,8.41,8.61,6.67,98.36609264200001,8.5,3.75,2020-01-24T09:43:00.0
7.23,8.45,8.71,7.0,99.42641048200001,8.437,3.75,2020-01-24T09:44:00.0
6.97,8.65,8.51,6.7,98.36609264200001,8.375,3.687,2020-01-24T09:45:00.0
6.61,8.55,8.19,6.67,98.9763992405,8.375,3.687,2020-01-24T09:46:00.0
6.75,8.59,8.69,6.82,98.92339611250001,8.375,3.75,2020-01-24T09:47:00.0
7.11,8.37,8.47,6.9,99.02938960450001,8.312,3.812,2020-01-24T09:48:00.0
6.75,8.37,8.83,6.78,98.81735156450002,8.312,3.812,2020-01-24T09:49:00.0
6.65,8.51,8.47,6.78,97.27396820050001,8.312,3.75,2020-01-24T09:50:00.0
6.87,8.69,9.07,6.77,97.54083462050001,8.312,3.687,2020-01-24T09:51:00.0
7.19,8.69,8.87,6.8,98.94989927200001,8.25,3.625,2020-01-24T09:52:00.0
7.11,8.59,8.97,6.88,98.7643101445,8.25,3.687,2020-01-24T09:53:00.0
7.11,8.75,8.47,6.93,98.25978005000002,8.312,3.687,2020-01-24T09:54:00.0
7.11,8.75,9.07,7.26,98.87038022050001,8.312,3.812,2020-01-24T09:55:00.0
7.27,8.87,9.19,7.07,99.1353320405,8.312,3.812,2020-01-24T09:56:00.0
7.33,8.93,9.33,6.99,96.8998191245,8.312,3.812,2020-01-24T09:57:00.0
7.41,9.39,9.39,7.58,98.04700169800002,8.312,3.812,2020-01-24T09:58:00.0
7.59,9.19,9.35,7.36,98.18001210050001,8.375,3.812,2020-01-24T09:59:00.0
7.77,9.19,9.91,7.36,98.23319392450001,8.375,3.875,2020-01-24T10:00:00.0
7.55,9.63,9.67,7.44,97.24726400800002,8.375,3.875,2020-01-24T10:01:00.0
7.65,9.67,9.81,7.44,97.7008013045,8.375,3.875,2020-01-24T10:02:00.0
7.95,9.53,9.89,7.86,96.76604288200001,8.375,3.875,2020-01-24T10:03:00.0
7.79,9.71,9.77,7.38,96.79280451250001,8.375,3.812,2020-01-24T10:04:00.0
7.65,10.05,9.85,7.35,97.30066920200001,8.375,3.937,2020-01-24T10:05:00.0
7.73,9.81,10.09,7.76,96.31060694050001,8.437,4.0,2020-01-24T10:06:00.0
7.65,9.95,10.51,7.84,97.24726400800002,8.437,4.062,2020-01-24T10:07:00.0
7.51,10.13,9.91,7.82,96.31060694050001,8.5,4.0,2020-01-24T10:08:00.0
7.91,10.31,10.27,7.86,96.20331152050001,8.562,3.937,2020-01-24T10:09:00.0
7.69,10.13,10.47,7.72,96.0959650445,8.562,3.875,2020-01-24T10:10:00.0
7.73,10.13,10.03,7.74,96.04227266050002,8.562,3.875,2020-01-24T10:11:00.0
7.79,9.71,9.81,7.5,96.36423550450002,8.562,3.937,2020-01-24T10:12:00.0
7.79,9.690000000000001,9.72,7.525,96.43124328825002,8.593499999999999,3.9059999999999997,2020-01-24T10:13:00.0
7.79,9.67,9.63,7.55,96.498251072,8.625,3.875,2020-01-24T10:14:00.0
7.73,9.53,9.81,7.14,97.75409800450001,8.562,3.875,2020-01-24T10:15:00.0
7.87,9.71,9.81,7.48,96.5250446125,8.625,3.875,2020-01-24T10:16:00.0
7.45,9.47,9.77,7.57,96.25696561250001,8.562,3.875,2020-01-24T10:17:00.0
7.55,9.15,9.53,7.72,95.28923906450001,8.562,3.875,2020-01-24T10:18:00.0
7.47,9.53,9.95,7.38,97.38075306050001,8.562,3.812,2020-01-24T10:19:00.0
7.33,9.57,9.71,7.48,97.00678268050001,8.562,3.812,2020-01-24T10:20:00.0
7.59,9.49,9.57,7.6,95.74673639200002,8.562,3.875,2020-01-24T10:21:00.0
7.61,9.47,9.89,7.4,96.36423550450002,8.562,3.875,2020-01-24T10:22:00.0
8.13,9.47,9.85,7.4,95.50464680050001,8.562,3.812,2020-01-24T10:23:00.0
7.41,9.67,9.67,7.88,96.6321868645,8.562,3.875,2020-01-24T10:24:00.0
7.79,9.49,9.63,7.46,96.55183496200002,8.562,3.875,2020-01-24T10:25:00.0
7.83,9.53,10.09,7.57,94.64179051250001,8.562,3.875,2020-01-24T10:26:00.0
7.97,9.47,9.95,7.6,95.55846682450002,8.562,3.875,2020-01-24T10:27:00.0
7.69,9.67,10.03,7.74,94.85781092050001,8.625,3.875,2020-01-24T10:28:00.0
7.91,9.53,9.67,7.8,95.423892832,8.625,3.875,2020-01-24T10:29:00.0
7.61,9.71,10.13,8.14,94.93876592200002,8.687,3.937,2020-01-24T10:30:00.0
7.83,9.43,10.33,8.12,95.45081401250002,8.687,4.0,2020-01-24T10:31:00.0
7.97,9.25,10.17,8.14,94.3714778125,8.687,4.125,2020-01-24T10:32:00.0
8.13,9.91,9.91,8.21,94.290321778,8.687,4.125,2020-01-24T10:33:00.0
7.79,9.89,10.17,8.28,94.127923552,8.687,4.062,2020-01-24T10:34:00.0
8.09,9.95,10.19,8.39,94.20913702450001,8.75,4.125,2020-01-24T10:35:00.0
8.19,9.99,10.41,8.24,92.3066731045,8.75,4.062,2020-01-24T10:36:00.0
8.23,9.57,10.19,8.4,93.55862511250001,8.812,3.937,2020-01-24T10:37:00.0
8.27,10.03,10.75,8.5,92.8518297245,8.875,3.937,2020-01-24T10:38:00.0
8.37,10.05,10.79,8.65,92.1974886125,8.937,4.0,2020-01-24T10:39:00.0
8.75,10.57,10.85,8.79,92.4158065405,9.0,4.062,2020-01-24T10:40:00.0
8.87,10.85,10.93,8.92,92.22478952200001,9.062,4.125,2020-01-24T10:41:00.0
8.83,10.71,11.37,8.92,92.27938176800001,9.062,4.25,2020-01-24T10:42:00.0
8.79,10.47,11.41,9.14,92.14287722050001,9.125,4.312,2020-01-24T10:43:00.0
9.01,11.03,11.67,9.26,91.81494082450001,9.25,4.375,2020-01-24T10:44:00.0
9.19,10.95,11.41,9.3,90.71850086450002,9.25,4.375,2020-01-24T10:45:00.0
9.01,10.93,11.21,9.2,90.74597408800001,9.375,4.312,2020-01-24T10:46:00.0
9.07,11.07,11.37,9.15,89.81009433800001,9.375,4.25,2020-01-24T10:47:00.0
9.15,10.71,11.37,9.1,91.10283561250002,9.5,4.25,2020-01-24T10:48:00.0
9.19,10.95,11.37,9.15,91.7055265805,9.5,4.25,2020-01-24T10:49:00.0
9.19,10.95,11.65,9.11,91.04796894050001,9.5,4.375,2020-01-24T10:50:00.0
9.25,11.13,11.45,9.16,90.80091096200002,9.562,4.437,2020-01-24T10:51:00.0
9.33,10.99,11.41,9.16,90.80091096200002,9.625,4.437,2020-01-24T10:52:00.0
9.33,11.07,11.27,9.12,90.44359312450001,9.625,4.375,2020-01-24T10:53:00.0
8.89,11.09,11.47,9.16,90.71850086450002,9.625,4.375,2020-01-24T10:54:00.0
9.03,11.13,11.41,9.14,90.7734441205,9.625,4.312,2020-01-24T10:55:00.0
9.03,10.85,11.33,9.13,90.19590332800001,9.687,4.375,2020-01-24T10:56:00.0
9.19,10.75,11.23,8.87,90.69102445000001,9.625,4.5,2020-01-24T10:57:00.0
8.93,10.31,10.69,8.54,90.41608480000001,9.625,4.5,2020-01-24T10:58:00.0
8.83,10.79,11.17,8.32,90.44359312450001,9.562,4.5,2020-01-24T10:59:00.0
8.87,10.89,11.13,8.51,91.1576895205,9.5,4.437,2020-01-24T11:00:00.0
8.87,10.85,10.85,8.25,92.03361614450002,9.5,4.437,2020-01-24T11:01:00.0
8.79,10.51,11.03,8.19,91.3769775125,9.5,4.375,2020-01-24T11:02:00.0
8.61,10.41,10.75,8.5,91.21253066450001,9.375,4.375,2020-01-24T11:03:00.0
8.69,10.27,10.79,8.22,91.02053081800001,9.375,4.375,2020-01-24T11:04:00.0
8.69,10.61,10.69,8.38,91.65080031250001,9.312,4.437,2020-01-24T11:05:00.0
8.79,10.43,10.83,8.07,91.92430401250002,9.312,4.5,2020-01-24T11:06:00.0
8.87,10.23,10.85,8.08,91.92430401250002,9.25,4.5,2020-01-24T11:07:00.0
8.79,10.05,10.47,7.96,90.44359312450001,9.187,4.5,2020-01-24T11:08:00.0
8.75,10.13,10.47,8.09,91.43176760050001,9.187,4.437,2020-01-24T11:09:00.0
8.83,10.43,10.71,8.04,92.3612462045,9.187,4.437,2020-01-24T11:10:00.0
8.51,10.33,10.33,7.98,92.3066731045,9.187,4.437,2020-01-24T11:11:00.0
8.33,9.49,9.47,7.68,92.4158065405,9.062,4.312,2020-01-24T11:12:00.0
8.45,9.11,9.81,7.54,92.7973715005,9.0,4.187,2020-01-24T11:13:00.0
8.33,9.39,9.19,7.38,93.5043328205,8.875,4.125,2020-01-24T11:14:00.0
8.13,8.93,9.25,7.24,93.66717140450001,8.75,4.062,2020-01-24T11:15:00.0
7.83,8.89,9.29,7.17,94.3714778125,8.625,4.062,2020-01-24T11:16:00.0
8.09,8.79,9.47,7.17,94.74982624450001,8.562,4.062,2020-01-24T11:17:00.0
7.73,8.93,9.03,7.1,94.23620180000002,8.437,4.062,2020-01-24T11:18:00.0
8.19,8.59,9.19,7.06,94.26326338450001,8.375,4.0,2020-01-24T11:19:00.0
8.16,8.55,9.36,7.095,94.45252694850001,8.343499999999999,4.031000000000001,2020-01-24T11:20:00.0
8.13,8.51,9.53,7.13,94.64179051250001,8.312,4.062,2020-01-24T11:21:00.0
8.19,9.11,9.53,7.3,94.1549979005,8.312,4.062,2020-01-24T11:22:00.0
8.13,9.39,9.61,7.38,93.93831376450001,8.25,4.062,2020-01-24T11:23:00.0
8.13,9.47,9.63,7.5,93.53148056200001,8.25,4.0,2020-01-24T11:24:00.0
8.23,9.89,10.41,7.56,93.53148056200001,8.312,4.0,2020-01-24T11:25:00.0
8.27,9.57,10.09,7.82,92.82460220800002,8.25,4.0,2020-01-24T11:26:00.0
8.37,9.95,9.91,7.52,91.76024008450001,8.25,4.062,2020-01-24T11:27:00.0
8.45,9.81,10.47,7.7,93.66717140450001,8.312,4.062,2020-01-24T11:28:00.0
8.05,9.99,10.31,7.71,93.31420928200001,8.312,4.125,2020-01-24T11:29:00.0
8.09,9.870000000000001,10.27,7.945,93.395695585,8.3745,4.125,2020-01-24T11:30:00.0
8.13,9.75,10.23,8.18,93.477181888,8.437,4.125,2020-01-24T11:31:00.0
8.05,9.67,10.51,8.4,91.32217466050001,8.5,4.187,2020-01-24T11:32:00.0
8.47,9.91,10.33,8.46,91.62343239200001,8.562,4.125,2020-01-24T11:33:00.0
8.51,9.75,10.27,8.3,91.7055265805,8.625,4.187,2020-01-24T11:34:00.0
7.97,9.99,10.65,8.3,91.92430401250002,8.75,4.125,2020-01-24T11:35:00.0
8.37,10.03,10.75,8.12,91.951636832,8.812,4.187,2020-01-24T11:36:00.0
8.45,10.09,10.37,8.44,91.32217466050001,8.812,4.187,2020-01-24T11:37:00.0
8.33,10.17,10.41,8.44,91.7055265805,8.812,4.187,2020-01-24T11:38:00.0
8.75,10.47,10.47,8.34,91.78759205,8.812,4.25,2020-01-24T11:39:00.0
8.55,10.33,10.89,8.52,92.1974886125,8.875,4.187,2020-01-24T11:40:00.0
8.27,10.03,10.69,8.52,90.0581862005,9.0,4.125,2020-01-24T11:41:00.0
8.51,10.09,10.57,8.23,90.71850086450002,9.0,4.125,2020-01-24T11:42:00.0
8.69,9.89,10.71,8.3,90.93819730450001,9.0,4.187,2020-01-24T11:43:00.0
8.65,10.61,10.57,8.35,92.08825306450001,9.062,4.25,2020-01-24T11:44:00.0
8.75,10.31,10.83,8.53,90.82837461250001,9.125,4.312,2020-01-24T11:45:00.0
8.83,10.37,10.89,8.78,90.22343718050001,9.125,4.25,2020-01-24T11:46:00.0
8.69,10.69,11.23,8.78,89.94795506050001,9.25,4.25,2020-01-24T11:47:00.0
8.41,10.57,10.79,8.8,89.64455616800001,9.312,4.25,2020-01-24T11:48:00.0
8.45,10.33,10.69,8.77,88.17731320450001,9.375,4.25,2020-01-24T11:49:00.0
8.45,10.55,10.89,8.82,88.48257245,9.375,4.25,2020-01-24T11:50:00.0
8.33,10.51,11.27,8.51,87.871667848,9.437,4.187,2020-01-24T11:51:00.0
8.51,10.51,11.23,8.7,88.427099488,9.5,4.187,2020-01-24T11:52:00.0
8.61,10.61,11.3,8.645,89.04962666425001,9.468499999999999,4.187,2020-01-24T11:53:00.0
8.71,10.71,11.37,8.59,89.67215384050002,9.437,4.187,2020-01-24T11:54:00.0
8.55,10.69,11.33,8.53,90.69102445000001,9.437,4.312,2020-01-24T11:55:00.0
8.69,10.61,11.17,9.02,89.2302081605,9.437,4.375,2020-01-24T11:56:00.0
8.71,10.85,11.33,8.67,89.67215384050002,9.437,4.375,2020-01-24T11:57:00.0
8.51,10.85,11.13,8.38,88.56575796050001,9.375,4.312,2020-01-24T11:58:00.0
8.65,10.61,10.89,8.2,89.81009433800001,9.312,4.187,2020-01-24T11:59:00.0
8.65,10.33,11.13,8.18,89.17490751250001,9.312,4.062,2020-01-24T12:00:00.0
8.600000000000001,10.32,10.98,8.2,89.53386392850001,9.218499999999999,3.9995000000000003,2020-01-24T12:01:00.0
8.55,10.31,10.83,8.22,89.89282034450001,9.125,3.937,2020-01-24T12:02:00.0
8.23,10.27,11.13,7.9,91.26735904450001,9.062,3.937,2020-01-24T12:03:00.0
8.23,9.91,10.75,8.02,90.0581862005,9.0,3.875,2020-01-24T12:04:00.0
8.37,10.05,10.93,7.74,90.2784953125,8.875,3.812,2020-01-24T12:05:00.0
8.15,9.77,10.71,7.68,90.30601959200001,8.812,3.875,2020-01-24T12:06:00.0
7.55,9.43,10.51,7.79,90.96564500000001,8.812,3.937,2020-01-24T12:07:00.0
7.83,9.91,10.61,7.76,90.66354484450001,8.75,3.812,2020-01-24T12:08:00.0
8.01,10.13,10.23,7.81,90.44359312450001,8.75,3.687,2020-01-24T12:09:00.0
8.27,10.03,10.17,7.34,90.0581862005,8.687,3.687,2020-01-24T12:10:00.0
7.69,9.81,10.43,7.56,90.71850086450002,8.562,3.687,2020-01-24T12:11:00.0
7.41,9.89,10.17,7.64,90.7734441205,8.562,3.75,2020-01-24T12:12:00.0
7.61,9.77,10.47,7.74,91.62343239200001,8.562,3.812,2020-01-24T12:13:00.0
7.45,9.57,9.89,7.88,91.10283561250002,8.562,3.75,2020-01-24T12:14:00.0
7.59,9.29,10.13,7.8,90.25096784200001,8.562,3.687,2020-01-24T12:15:00.0
7.65,9.57,9.89,7.78,90.38857328450001,8.5,3.625,2020-01-24T12:16:00.0
7.83,9.81,10.27,7.66,90.8832923405,8.5,3.812,2020-01-24T12:17:00.0
7.45,9.63,9.75,7.6,89.7273396125,8.5,3.812,2020-01-24T12:18:00.0
7.27,9.43,9.99,7.29,90.33354068050001,8.437,3.687,2020-01-24T12:19:00.0
7.37,9.11,9.71,7.02,90.41608480000001,8.312,3.562,2020-01-24T12:20:00.0
7.19,8.93,9.81,7.06,91.349577682,8.25,3.562,2020-01-24T12:21:00.0
7.45,9.19,9.71,7.04,91.1576895205,8.187,3.625,2020-01-24T12:22:00.0
7.41,9.35,9.95,7.0,90.38857328450001,8.125,3.5,2020-01-24T12:23:00.0
7.23,9.43,9.57,6.92,90.41608480000001,8.062,3.375,2020-01-24T12:24:00.0
7.09,9.43,9.99,7.0,91.04796894050001,8.0,3.375,2020-01-24T12:25:00.0
7.29,9.57,9.99,7.12,90.7734441205,7.937,3.312,2020-01-24T12:26:00.0
7.01,9.01,9.89,7.04,90.52609895200001,7.875,3.375,2020-01-24T12:27:00.0
7.23,9.19,9.57,7.11,91.04796894050001,7.875,3.375,2020-01-24T12:28:00.0
7.29,9.19,9.67,7.11,90.71850086450002,7.875,3.5,2020-01-24T12:29:00.0
6.93,8.97,9.61,7.04,90.38857328450001,7.812,3.437,2020-01-24T12:30:00.0
7.23,9.25,9.71,6.96,90.82837461250001,7.75,3.5,2020-01-24T12:31:00.0
7.61,9.47,9.85,7.06,92.006292898,7.75,3.5,2020-01-24T12:32:00.0
7.79,9.33,9.91,7.06,90.0581862005,7.75,3.5,2020-01-24T12:33:00.0
7.65,9.47,9.85,7.1,90.49860020050001,7.687,3.5,2020-01-24T12:34:00.0
7.79,9.91,10.19,7.08,91.26735904450001,7.75,3.562,2020-01-24T12:35:00.0
7.61,10.19,10.17,7.25,90.82837461250001,7.75,3.562,2020-01-24T12:36:00.0
8.09,10.03,10.61,7.45,89.8652482,7.812,3.687,2020-01-24T12:37:00.0
8.23,10.43,10.55,7.58,90.25096784200001,7.875,3.687,2020-01-24T12:38:00.0
8.71,9.85,10.19,7.82,91.21253066450001,7.937,3.75,2020-01-24T12:39:00.0
8.55,9.99,10.31,8.1,89.56174400450001,8.0,3.75,2020-01-24T12:40:00.0
8.65,9.99,9.91,7.5,88.45483756450001,8.0,3.687,2020-01-24T12:41:00.0
8.89,9.99,10.03,7.6,89.39603352050001,8.187,3.625,2020-01-24T12:42:00.0
9.07,9.91,10.19,7.9,90.25096784200001,8.187,3.687,2020-01-24T12:43:00.0
9.03,9.61,9.91,7.77,88.17731320450001,8.312,3.687,2020-01-24T12:44:00.0
9.33,10.13,9.85,7.64,88.3993582205,8.375,3.625,2020-01-24T12:45:00.0
9.19,10.55,10.09,7.78,90.33354068050001,8.437,3.687,2020-01-24T12:46:00.0
9.03,9.85,9.71,7.94,89.67215384050002,8.437,3.75,2020-01-24T12:47:00.0
9.15,10.37,10.17,7.57,90.0581862005,8.437,3.75,2020-01-24T12:48:00.0
8.83,10.51,9.99,7.9,89.28549604450001,8.437,3.75,2020-01-24T12:49:00.0
8.93,10.41,9.99,7.91,89.534133568,8.437,3.625,2020-01-24T12:50:00.0
9.15,10.41,10.27,7.74,88.95357728050001,8.5,3.625,2020-01-24T12:51:00.0
9.03,9.63,9.85,7.76,88.56575796050001,8.437,3.625,2020-01-24T12:52:00.0
9.19,9.67,10.31,7.84,88.5103041445,8.5,3.562,2020-01-24T12:53:00.0
9.47,9.91,10.31,7.94,86.2816850245,8.5,3.437,2020-01-24T12:54:00.0
9.15,10.23,10.09,7.83,87.3428255245,8.562,3.437,2020-01-24T12:55:00.0
9.03,9.35,9.89,7.84,87.56563638050001,8.562,3.5,2020-01-24T12:56:00.0
8.93,9.99,10.03,7.83,89.0089289845,8.562,3.562,2020-01-24T12:57:00.0
8.7,9.620000000000001,9.68,7.635,88.4541993645,8.4995,3.4995,2020-01-24T12:58:00.0
8.47,9.25,9.33,7.44,87.89946974450001,8.437,3.437,2020-01-24T12:59:00.0
8.37,9.39,9.57,7.25,88.45483756450001,8.312,3.375,2020-01-24T13:00:00.0
8.33,9.33,9.85,7.14,89.4512831125,8.25,3.375,2020-01-24T13:01:00.0
8.09,9.07,9.61,7.08,89.754927712,8.187,3.375,2020-01-24T13:02:00.0
8.23,9.07,9.71,7.0,89.64455616800001,8.062,3.312,2020-01-24T13:03:00.0
8.19,9.19,9.03,6.98,89.89282034450001,8.062,3.375,2020-01-24T13:04:00.0
8.27,9.11,9.33,6.99,89.754927712,8.0,3.375,2020-01-24T13:05:00.0
8.37,9.39,9.01,6.96,89.754927712,8.0,3.375,2020-01-24T13:06:00.0
8.29,9.03,9.21,6.95,89.89282034450001,7.937,3.312,2020-01-24T13:07:00.0
8.27,8.65,8.69,6.92,88.84283558050001,8.0,3.437,2020-01-24T13:08:00.0
8.59,9.67,8.97,6.94,90.14082605,7.937,3.437,2020-01-24T13:09:00.0
8.47,9.63,9.07,7.0,89.4512831125,7.937,3.375,2020-01-24T13:10:00.0
8.29,8.83,8.19,6.76,88.48257245,7.875,3.312,2020-01-24T13:11:00.0
8.59,9.67,8.69,6.54,89.56174400450001,7.812,3.25,2020-01-24T13:12:00.0
8.29,9.53,8.89,6.7,89.94795506050001,7.75,3.25,2020-01-24T13:13:00.0
8.19,8.97,9.11,6.81,90.1683662845,7.75,3.312,2020-01-24T13:14:00.0
8.51,9.43,9.19,7.0,90.471098258,7.75,3.375,2020-01-24T13:15:00.0
8.47,9.11,8.69,7.0,88.7320428245,7.75,3.437,2020-01-24T13:16:00.0
8.61,9.85,8.75,6.82,88.87052579200001,7.75,3.375,2020-01-24T13:17:00.0
8.79,9.49,8.87,6.76,89.06426792450002,7.75,3.25,2020-01-24T13:18:00.0
8.69,9.29,8.59,6.62,88.84283558050001,7.687,3.25,2020-01-24T13:19:00.0
8.47,9.85,8.33,6.5,89.0089289845,7.687,3.187,2020-01-24T13:20:00.0
8.71,9.35,8.15,6.49,89.3407711645,7.625,3.25,2020-01-24T13:21:00.0
8.71,9.89,8.51,6.44,89.61695530450001,7.625,3.25,2020-01-24T13:22:00.0
8.75,9.67,8.65,6.54,89.754927712,7.562,3.25,2020-01-24T13:23:00.0
8.7,9.780000000000001,8.51,6.65,89.74113366225001,7.562,3.3125,2020-01-24T13:24:00.0
8.65,9.89,8.37,6.76,89.7273396125,7.562,3.375,2020-01-24T13:25:00.0
9.01,9.67,8.93,6.84,89.06426792450002,7.625,3.437,2020-01-24T13:26:00.0
8.93,9.57,8.69,6.86,88.7874455845,7.625,3.5,2020-01-24T13:27:00.0
9.01,9.49,8.41,6.8,88.87052579200001,7.625,3.5,2020-01-24T13:28:00.0
8.93,9.39,8.29,6.73,89.0089289845,7.625,3.5,2020-01-24T13:29:00.0
8.79,9.49,8.13,6.64,88.6766273005,7.625,3.312,2020-01-24T13:30:00.0
8.97,9.39,8.45,6.68,89.39603352050001,7.562,3.437,2020-01-24T13:31:00.0
9.11,9.53,8.51,6.84,89.3407711645,7.562,3.437,2020-01-24T13:32:00.0
8.79,9.25,7.95,6.68,88.59348008200001,7.625,3.437,2020-01-24T13:33:00.0
8.97,9.15,8.65,6.6,89.2302081605,7.562,3.437,2020-01-24T13:34:00.0
8.89,9.25,8.23,6.7,88.7874455845,7.562,3.437,2020-01-24T13:35:00.0
8.8,9.09,7.92,6.63,88.85667111325,7.531000000000001,3.437,2020-01-24T13:36:00.0
8.71,8.93,7.61,6.56,88.925896642,7.5,3.437,2020-01-24T13:37:00.0
8.65,8.93,7.91,6.54,89.06426792450002,7.5,3.312,2020-01-24T13:38:00.0
8.87,8.93,7.91,6.62,89.39603352050001,7.437,3.312,2020-01-24T13:39:00.0
9.03,8.93,7.91,6.56,88.56575796050001,7.437,3.312,2020-01-24T13:40:00.0
8.93,9.15,7.77,6.42,88.75974580000002,7.375,3.312,2020-01-24T13:41:00.0
8.71,9.19,8.41,6.48,89.2302081605,7.375,3.25,2020-01-24T13:42:00.0
9.21,9.43,8.23,6.82,89.50651994050001,7.375,3.312,2020-01-24T13:43:00.0
8.75,9.19,8.51,6.82,87.92726845000001,7.375,3.312,2020-01-24T13:44:00.0
8.89,9.33,8.55,6.9,88.12177004050001,7.312,3.375,2020-01-24T13:45:00.0
9.49,9.53,8.93,7.14,88.6766273005,7.437,3.5,2020-01-24T13:46:00.0
9.53,9.95,9.07,7.15,87.0640247645,7.437,3.5,2020-01-24T13:47:00.0
9.39,9.67,8.89,7.09,86.6172798205,7.5,3.5,2020-01-24T13:48:00.0
9.39,9.35,8.37,6.98,87.1198104445,7.5,3.5,2020-01-24T13:49:00.0
9.19,9.67,8.69,6.96,87.4542564805,7.5,3.437,2020-01-24T13:50:00.0
9.15,9.29,8.19,6.82,87.67696522450001,7.562,3.437,2020-01-24T13:51:00.0
9.07,9.03,7.83,6.69,88.28836124050001,7.5,3.437,2020-01-24T13:52:00.0
9.19,8.79,7.97,6.64,88.427099488,7.562,3.437,2020-01-24T13:53:00.0
8.97,9.35,7.83,6.68,89.423659912,7.5,3.437,2020-01-24T13:54:00.0
8.83,8.45,7.91,6.64,88.95357728050001,7.437,3.375,2020-01-24T13:55:00.0
8.71,8.71,8.23,6.72,88.75974580000002,7.437,3.312,2020-01-24T13:56:00.0
8.75,8.51,7.87,6.58,88.3993582205,7.437,3.25,2020-01-24T13:57:00.0
8.61,8.83,7.97,6.66,89.2302081605,7.437,3.25,2020-01-24T13:58:00.0
8.61,8.41,7.77,6.72,89.09193260800001,7.437,3.312,2020-01-24T13:59:00.0
8.71,8.37,7.47,6.52,88.34386611250001,7.437,3.312,2020-01-24T14:00:00.0
8.87,8.41,7.87,6.45,89.3407711645,7.437,3.312,2020-01-24T14:01:00.0
8.65,8.69,7.61,6.58,89.20255943200002,7.375,3.375,2020-01-24T14:02:00.0
8.61,8.19,7.45,6.5,89.0089289845,7.375,3.375,2020-01-24T14:03:00.0
8.19,8.27,7.65,6.48,89.28549604450001,7.312,3.375,2020-01-24T14:04:00.0
8.59,8.61,7.05,6.49,88.95357728050001,7.312,3.312,2020-01-24T14:05:00.0
8.87,8.65,8.13,6.56,89.423659912,7.375,3.312,2020-01-24T14:06:00.0
8.93,9.01,8.09,6.78,89.147252402,7.375,3.187,2020-01-24T14:07:00.0
8.93,8.89,8.41,6.74,88.28836124050001,7.375,3.125,2020-01-24T14:08:00.0
9.03,9.19,8.45,6.72,88.12177004050001,7.437,3.125,2020-01-24T14:09:00.0
8.71,9.39,8.37,6.79,88.56575796050001,7.437,3.062,2020-01-24T14:10:00.0
8.61,9.85,9.11,6.92,88.12177004050001,7.5,3.062,2020-01-24T14:11:00.0
8.97,9.43,9.07,7.02,87.67696522450001,7.562,3.062,2020-01-24T14:12:00.0
8.87,9.15,8.59,6.97,87.67696522450001,7.687,3.125,2020-01-24T14:13:00.0
8.97,9.39,8.79,6.86,87.6491378,7.75,3.25,2020-01-24T14:14:00.0
8.37,9.33,8.79,6.78,88.6766273005,7.875,3.312,2020-01-24T14:15:00.0
8.19,9.35,9.29,6.99,89.06426792450002,7.937,3.312,2020-01-24T14:16:00.0
8.33,9.47,8.97,7.06,87.67696522450001,8.0,3.187,2020-01-24T14:17:00.0
8.27,9.43,9.29,7.16,88.45483756450001,8.0,3.187,2020-01-24T14:18:00.0
8.41,9.71,9.07,7.16,87.3428255245,8.062,3.187,2020-01-24T14:19:00.0
8.79,9.39,9.33,7.13,87.50995281250002,8.062,3.187,2020-01-24T14:20:00.0
8.79,9.81,9.03,7.26,87.92726845000001,8.125,3.187,2020-01-24T14:21:00.0
8.65,9.71,9.47,7.31,87.56563638050001,8.187,3.125,2020-01-24T14:22:00.0
8.45,9.91,9.07,7.41,87.81605448200001,8.187,3.187,2020-01-24T14:23:00.0
8.01,9.89,9.43,7.34,86.701106722,8.25,3.25,2020-01-24T14:24:00.0
8.23,10.19,9.53,7.36,87.2313435125,8.187,3.25,2020-01-24T14:25:00.0
8.89,9.57,9.35,7.42,86.5054659445,8.187,3.25,2020-01-24T14:26:00.0
8.65,9.35,9.53,7.38,85.74938684800001,8.25,3.375,2020-01-24T14:27:00.0
9.07,9.63,8.65,7.26,85.6652344645,8.312,3.375,2020-01-24T14:28:00.0
8.29,9.75,9.25,7.12,86.5054659445,8.312,3.375,2020-01-24T14:29:00.0
8.71,10.37,9.75,7.28,87.95506396450001,8.312,3.312,2020-01-24T14:30:00.0
8.47,10.23,9.77,7.34,87.1755833605,8.312,3.25,2020-01-24T14:31:00.0
8.51,10.17,10.09,7.5,86.8407544045,8.375,3.25,2020-01-24T14:32:00.0
8.33,10.47,10.05,7.53,86.4495398605,8.375,3.312,2020-01-24T14:33:00.0
8.65,10.13,9.49,7.53,86.08570919200001,8.375,3.25,2020-01-24T14:34:00.0
8.83,10.13,9.95,7.5,86.5613792645,8.437,3.312,2020-01-24T14:35:00.0
8.69,10.23,9.95,7.53,85.35643001800001,8.437,3.25,2020-01-24T14:36:00.0
8.83,10.37,10.33,7.68,86.701106722,8.437,3.25,2020-01-24T14:37:00.0
8.97,10.61,10.17,7.78,85.6091169205,8.5,3.25,2020-01-24T14:38:00.0
8.86,10.19,10.15,7.6899999999999995,84.7643861305,8.5625,3.2809999999999997,2020-01-24T14:39:00.0
8.75,9.77,10.13,7.6,83.9196553405,8.625,3.312,2020-01-24T14:40:00.0
9.25,10.03,9.85,8.2,84.93471080050001,8.687,3.375,2020-01-24T14:41:00.0
9.49,10.43,9.77,7.76,84.3713016605,8.687,3.437,2020-01-24T14:42:00.0
9.07,10.79,10.31,7.91,84.9909815125,8.75,3.437,2020-01-24T14:43:00.0
8.61,10.57,10.41,8.08,85.6652344645,8.812,3.437,2020-01-24T14:44:00.0
9.0,10.379999999999999,10.06,8.08,85.38435955450001,8.8745,3.4059999999999997,2020-01-24T14:45:00.0
9.39,10.19,9.71,8.08,85.1034846445,8.937,3.375,2020-01-24T14:46:00.0
9.29,10.31,10.09,8.18,84.1455806125,8.937,3.375,2020-01-24T14:47:00.0
9.21,10.69,10.23,7.97,83.75007736450002,9.0,3.312,2020-01-24T14:48:00.0
9.89,11.09,10.61,8.09,83.43888605000001,9.0,3.375,2020-01-24T14:49:00.0
9.35,11.23,10.65,8.23,83.89140032200001,9.0,3.437,2020-01-24T14:50:00.0
9.67,10.93,10.95,8.33,83.04226595200001,9.062,3.5,2020-01-24T14:51:00.0
10.09,12.09,10.31,8.48,83.29730781250001,9.062,3.5,2020-01-24T14:52:00.0
9.75,11.37,11.13,8.51,82.0479794245,9.062,3.5,2020-01-24T14:53:00.0
9.91,11.75,11.09,8.76,83.35394868050001,9.187,3.625,2020-01-24T14:54:00.0
9.67,11.79,11.51,8.78,81.73468205,9.25,3.625,2020-01-24T14:55:00.0
9.99,11.17,11.37,8.85,80.47763144200002,9.25,3.625,2020-01-24T14:56:00.0
10.57,11.03,10.37,8.57,80.10504786050001,9.312,3.687,2020-01-24T14:57:00.0
10.37,11.45,10.27,8.4,81.4209985645,9.25,3.687,2020-01-24T14:58:00.0
10.71,10.95,10.17,8.34,81.8201650805,9.25,3.75,2020-01-24T14:59:00.0
10.65,11.07,9.71,8.2,82.0479794245,9.187,3.75,2020-01-24T15:00:00.0
10.55,10.41,9.77,8.12,81.8201650805,9.187,3.75,2020-01-24T15:01:00.0
10.89,11.27,10.05,8.04,82.50299544050002,9.062,3.687,2020-01-24T15:02:00.0
11.03,11.21,10.17,8.13,83.01391201250001,9.0,3.625,2020-01-24T15:03:00.0
10.89,11.21,10.05,8.4,82.928831048,9.0,3.75,2020-01-24T15:04:00.0
10.93,11.09,10.19,8.48,81.76317958450001,8.937,3.812,2020-01-24T15:05:00.0
11.17,11.55,10.47,8.53,81.1926226045,9.0,3.812,2020-01-24T15:06:00.0
11.440000000000001,11.84,10.870000000000001,8.675,81.3068105845,9.030999999999999,3.812,2020-01-24T15:07:00.0
11.71,12.13,11.27,8.82,81.4209985645,9.062,3.812,2020-01-24T15:08:00.0
11.21,12.51,12.13,9.2,81.16406125,9.125,3.812,2020-01-24T15:09:00.0
11.21,12.05,11.79,9.46,79.4732932645,9.187,3.75,2020-01-24T15:10:00.0
11.17,12.33,11.71,9.4,78.55162046450002,9.312,3.687,2020-01-24T15:11:00.0
10.95,12.61,12.23,9.28,79.6457431405,9.312,3.75,2020-01-24T15:12:00.0
11.31,12.61,12.09,9.33,78.89763068450002,9.312,3.687,2020-01-24T15:13:00.0
11.47,12.27,11.45,9.5,78.753515602,9.375,3.875,2020-01-24T15:14:00.0
11.65,12.57,10.93,9.05,78.2051507405,9.437,3.875,2020-01-24T15:15:00.0
11.23,11.67,10.69,8.73,78.95525438050001,9.437,3.812,2020-01-24T15:16:00.0
11.57,11.61,10.43,8.6,79.84678947200001,9.437,3.75,2020-01-24T15:17:00.0
11.61,11.79,10.27,8.48,80.42034599200001,9.375,3.687,2020-01-24T15:18:00.0
11.09,12.09,10.61,8.35,80.8496757445,9.375,3.687,2020-01-24T15:19:00.0
11.61,11.81,10.75,8.48,81.59214651250001,9.375,3.812,2020-01-24T15:20:00.0
11.09,11.67,11.21,8.69,82.07644185800001,9.437,3.875,2020-01-24T15:21:00.0
11.17,12.05,11.27,9.0,80.1624035125,9.437,3.812,2020-01-24T15:22:00.0
11.37,12.17,11.75,9.2,79.6457431405,9.5,3.75,2020-01-24T15:23:00.0
11.13,12.51,12.37,9.34,79.387025248,9.5,3.687,2020-01-24T15:24:00.0
11.13,12.35,12.18,9.43,78.65155010425,9.5625,3.6559999999999997,2020-01-24T15:25:00.0
11.13,12.19,11.99,9.52,77.91607496050001,9.625,3.625,2020-01-24T15:26:00.0
11.23,12.63,11.95,9.26,77.71353205000001,9.687,3.687,2020-01-24T15:27:00.0
11.31,12.63,11.93,9.0,79.4732932645,9.75,3.687,2020-01-24T15:28:00.0
11.31,12.03,11.23,9.08,78.3206917045,9.812,3.687,2020-01-24T15:29:00.0
11.33,11.85,11.13,8.74,78.3206917045,9.875,3.625,2020-01-24T15:30:00.0
11.41,12.33,11.45,8.68,78.72468301250001,9.875,3.562,2020-01-24T15:31:00.0
11.85,12.81,12.03,8.98,79.502042888,9.875,3.562,2020-01-24T15:32:00.0
11.79,12.87,12.05,9.26,80.248413058,9.937,3.625,2020-01-24T15:33:00.0
11.67,12.05,11.47,9.31,77.91607496050001,10.062,3.812,2020-01-24T15:34:00.0
11.61,11.85,10.99,9.22,78.2629276045,10.062,3.812,2020-01-24T15:35:00.0
11.51,12.05,10.99,9.16,79.09925777800001,10.062,3.812,2020-01-24T15:36:00.0
11.51,11.55,10.75,8.86,77.7424763245,10.062,3.875,2020-01-24T15:37:00.0
11.57,11.09,10.41,8.72,79.70320090450001,10.0,3.75,2020-01-24T15:38:00.0
11.31,10.99,10.43,8.57,78.8399942245,9.937,3.75,2020-01-24T15:39:00.0
11.13,11.27,10.23,8.52,79.73192500000002,9.875,3.625,2020-01-24T15:40:00.0
11.33,10.95,10.57,8.42,79.5882726125,9.812,3.687,2020-01-24T15:41:00.0
11.27,11.31,10.83,8.38,79.99029826450001,9.75,3.687,2020-01-24T15:42:00.0
10.93,11.81,10.93,8.46,81.64917030050002,9.687,3.75,2020-01-24T15:43:00.0
10.99,12.05,11.31,8.69,80.8496757445,9.687,3.625,2020-01-24T15:44:00.0
11.45,12.19,10.85,8.85,79.99029826450001,9.687,3.625,2020-01-24T15:45:00.0
11.23,11.79,11.17,8.9,80.10504786050001,9.75,3.75,2020-01-24T15:46:00.0
11.61,11.45,10.89,8.72,78.95525438050001,9.75,3.687,2020-01-24T15:47:00.0
11.21,11.31,10.17,8.45,79.1280488845,9.75,3.687,2020-01-24T15:48:00.0
11.31,11.07,9.75,8.18,79.9329043205,9.687,3.75,2020-01-24T15:49:00.0
11.17,11.27,9.91,8.1,80.96404242050001,9.625,3.812,2020-01-24T15:50:00.0
10.75,10.93,9.89,8.11,80.73525801250001,9.5,3.875,2020-01-24T15:51:00.0
10.79,10.85,9.35,7.93,80.50626938050002,9.437,3.875,2020-01-24T15:52:00.0
10.61,10.27,9.33,7.8,81.24973574050001,9.375,3.687,2020-01-24T15:53:00.0
10.71,10.55,9.15,7.72,81.70618132450001,9.187,3.687,2020-01-24T15:54:00.0
10.57,9.89,9.01,7.64,81.73468205,9.125,3.687,2020-01-24T15:55:00.0
10.23,10.13,8.97,7.61,81.905619392,9.062,3.687,2020-01-24T15:56:00.0
10.33,10.16,9.08,7.515000000000001,82.09060446825,8.968499999999999,3.5934999999999997,2020-01-24T15:57:00.0
10.43,10.19,9.19,7.42,82.27558954450001,8.875,3.5,2020-01-24T15:58:00.0
10.09,10.13,8.97,7.28,82.30402645000001,8.75,3.375,2020-01-24T15:59:00.0
10.43,10.19,9.29,7.27,83.32562984200001,8.687,3.437,2020-01-24T16:00:00.0
10.51,9.89,9.21,7.31,83.1556498,8.625,3.375,2020-01-24T16:01:00.0
10.23,10.41,9.33,7.41,83.26898259200001,8.562,3.437,2020-01-24T16:02:00.0
10.280000000000001,10.74,9.5,7.535,83.08472346825,8.562,3.4684999999999997,2020-01-24T16:03:00.0
10.33,11.07,9.67,7.66,82.9004643445,8.562,3.5,2020-01-24T16:04:00.0
10.69,10.79,9.53,7.76,82.50299544050002,8.562,3.562,2020-01-24T16:05:00.0
10.65,10.57,9.61,7.79,82.30402645000001,8.562,3.562,2020-01-24T16:06:00.0
10.69,10.19,9.61,7.77,82.2187061605,8.625,3.5,2020-01-24T16:07:00.0
10.43,10.55,9.35,7.75,82.2187061605,8.625,3.625,2020-01-24T16:08:00.0
10.83,10.55,9.67,7.74,82.84372136450001,8.625,3.687,2020-01-24T16:09:00.0
10.43,10.37,9.33,7.64,82.4461631125,8.687,3.687,2020-01-24T16:10:00.0
10.43,10.37,9.33,7.5,82.4461631125,8.625,3.437,2020-01-24T16:11:00.0
10.33,10.13,9.11,7.46,82.87209445,8.625,3.375,2020-01-24T16:12:00.0
10.41,10.17,8.83,7.48,82.27558954450001,8.625,3.312,2020-01-24T16:13:00.0
10.19,10.51,9.53,7.6,83.32562984200001,8.625,3.437,2020-01-24T16:14:00.0
10.51,10.79,10.09,8.13,83.35394868050001,8.625,3.562,2020-01-24T16:15:00.0
10.51,10.51,10.09,8.08,83.01391201250001,8.687,3.625,2020-01-24T16:16:00.0
10.79,10.89,9.95,8.4,81.4780606445,8.687,3.562,2020-01-24T16:17:00.0
10.75,10.79,10.19,8.38,79.9329043205,8.75,3.5,2020-01-24T16:18:00.0
10.65,10.51,10.65,8.51,80.992626112,8.812,3.562,2020-01-24T16:19:00.0
11.37,10.75,11.33,8.72,81.9340977805,8.875,3.562,2020-01-24T16:20:00.0
10.57,10.65,11.17,8.96,80.8782722,9.0,3.625,2020-01-24T16:21:00.0
11.03,10.65,10.51,9.07,79.5307893205,9.125,3.687,2020-01-24T16:22:00.0
10.79,10.57,10.55,9.22,78.86881405000001,9.187,3.812,2020-01-24T16:23:00.0
10.71,10.27,10.23,9.23,79.44454045,9.25,3.812,2020-01-24T16:24:00.0
10.69,10.41,10.33,9.28,78.86881405000001,9.375,4.062,2020-01-24T16:25:00.0
10.43,10.33,10.43,9.34,78.43618161250001,9.375,4.25,2020-01-24T16:26:00.0
10.27,10.23,10.33,9.18,78.3784430405,9.375,4.312,2020-01-24T16:27:00.0
10.27,10.31,10.51,8.95,78.695847232,9.375,4.25,2020-01-24T16:28:00.0
10.13,9.99,10.69,9.08,78.811171208,9.375,4.187,2020-01-24T16:29:00.0
10.03,10.03,10.83,9.16,78.98406144200001,9.312,4.187,2020-01-24T16:30:00.0
9.91,9.89,10.79,9.02,78.8399942245,9.312,4.062,2020-01-24T16:31:00.0
10.37,10.13,11.45,9.22,78.638166098,9.25,4.062,2020-01-24T16:32:00.0
10.41,10.17,11.37,9.4,79.041665992,9.25,4.062,2020-01-24T16:33:00.0
10.61,10.23,11.07,9.51,77.655633928,9.25,4.062,2020-01-24T16:34:00.0
10.33,10.55,11.27,9.88,78.3206917045,9.25,4.125,2020-01-24T16:35:00.0
10.27,10.65,11.03,10.06,77.97391564450001,9.312,4.187,2020-01-24T16:36:00.0
9.75,10.37,11.09,9.33,77.59772304200001,9.312,4.125,2020-01-24T16:37:00.0
10.09,10.37,11.03,9.34,78.29181125000001,9.312,4.062,2020-01-24T16:38:00.0
10.17,10.19,11.31,9.34,78.753515602,9.312,4.062,2020-01-24T16:39:00.0
10.17,10.27,11.13,9.3,79.41578444450002,9.312,4.062,2020-01-24T16:40:00.0
9.95,9.95,11.03,9.36,78.2629276045,9.25,4.062,2020-01-24T16:41:00.0
10.03,10.09,11.61,9.6,78.46504611200001,9.25,4.0,2020-01-24T16:42:00.0
9.77,9.85,11.37,9.3,77.7424763245,9.187,4.062,2020-01-24T16:43:00.0
9.99,10.13,11.09,9.3,79.0704634805,9.187,4.0,2020-01-24T16:44:00.0
9.71,9.99,10.93,9.18,78.0317435645,9.187,3.937,2020-01-24T16:45:00.0
10.13,10.23,10.57,8.95,78.66700826050001,9.187,4.0,2020-01-24T16:46:00.0
9.99,9.99,10.79,8.96,77.94499689800001,9.25,3.875,2020-01-24T16:47:00.0
10.75,10.09,10.69,8.87,78.95525438050001,9.187,3.875,2020-01-24T16:48:00.0
9.85,10.05,10.23,8.58,79.3582628605,9.187,3.812,2020-01-24T16:49:00.0
10.05,10.09,9.53,8.28,80.27707652450002,9.25,3.75,2020-01-24T16:50:00.0
9.77,9.91,9.67,8.14,81.16406125,9.187,3.75,2020-01-24T16:51:00.0
9.81,9.49,9.71,8.09,81.049783922,9.125,3.75,2020-01-24T16:52:00.0
9.85,9.71,9.57,8.02,81.36392372050001,9.125,3.625,2020-01-24T16:53:00.0
9.81,9.63,9.57,7.91,81.76317958450001,9.062,3.5,2020-01-24T16:54:00.0
9.75,9.71,9.89,7.91,82.61662180450001,9.0,3.562,2020-01-24T16:55:00.0
9.77,10.03,9.67,7.96,81.9340977805,8.937,3.437,2020-01-24T16:56:00.0
10.13,9.95,9.85,8.0,81.8201650805,8.937,3.437,2020-01-24T16:57:00.0
10.17,9.77,9.53,7.9,81.79167392800001,8.937,3.437,2020-01-24T16:58:00.0
9.77,9.71,9.53,7.84,82.360890688,8.937,3.437,2020-01-24T16:59:00.0
9.57,9.47,9.35,7.69,82.2187061605,8.937,3.375,2020-01-24T17:00:00.0
9.49,9.47,9.15,7.62,82.38931802050001,9.0,3.375,2020-01-24T17:01:00.0
9.49,9.35,8.87,7.52,83.01391201250001,8.937,3.375,2020-01-24T17:02:00.0
9.75,8.87,9.19,7.45,83.9196553405,8.937,3.375,2020-01-24T17:03:00.0
9.01,8.89,8.97,7.42,83.5803845125,8.937,3.375,2020-01-24T17:04:00.0
9.33,8.61,9.03,7.4,83.4671921245,8.937,3.375,2020-01-24T17:05:00.0
8.71,8.79,8.89,7.34,83.5237947005,8.937,3.375,2020-01-24T17:06:00.0
8.65,8.33,9.15,7.32,84.5404584245,8.937,3.437,2020-01-24T17:07:00.0
8.51,8.55,8.71,7.32,83.9196553405,8.875,3.375,2020-01-24T17:08:00.0
8.51,8.33,9.03,7.23,84.2020300205,8.812,3.375,2020-01-24T17:09:00.0
8.47,8.47,9.21,7.22,84.08911844050002,8.812,3.375,2020-01-24T17:10:00.0
8.41,8.33,8.47,7.21,84.06088256800001,8.75,3.375,2020-01-24T17:11:00.0
8.45,8.19,8.55,7.17,84.42770001250001,8.75,3.375,2020-01-24T17:12:00.0
8.27,7.73,8.37,7.07,84.3148905445,8.687,3.437,2020-01-24T17:13:00.0
8.27,7.95,8.09,7.03,84.399502432,8.625,3.5,2020-01-24T17:14:00.0
8.13,8.41,8.33,7.06,85.1597170645,8.625,3.5,2020-01-24T17:15:00.0
8.09,7.87,8.51,7.14,84.7658220805,8.562,3.5,2020-01-24T17:16:00.0
8.55,8.51,8.65,7.22,84.56864005,8.5,3.625,2020-01-24T17:17:00.0
8.15,8.19,8.75,7.31,83.6935258445,8.437,3.625,2020-01-24T17:18:00.0
8.61,8.37,8.87,7.38,83.43888605000001,8.375,3.5,2020-01-24T17:19:00.0
8.65,8.93,9.19,7.42,82.645020418,8.375,3.437,2020-01-24T17:20:00.0
9.25,9.67,9.35,7.54,82.55981500450001,8.375,3.375,2020-01-24T17:21:00.0
9.33,9.19,9.63,7.79,83.834880712,8.375,3.437,2020-01-24T17:22:00.0
9.25,9.07,9.07,8.02,81.905619392,8.437,3.562,2020-01-24T17:23:00.0
9.19,9.15,9.77,8.11,82.07644185800001,8.5,3.5,2020-01-24T17:24:00.0
9.47,9.47,10.43,8.52,82.6734158405,8.5,3.5,2020-01-24T17:25:00.0
9.35,9.47,10.03,8.58,81.70618132450001,8.562,3.562,2020-01-24T17:26:00.0
9.25,9.07,9.81,8.64,80.19107655200001,8.562,3.625,2020-01-24T17:27:00.0
9.43,9.49,9.77,8.53,80.992626112,8.687,3.75,2020-01-24T17:28:00.0
8.93,9.07,9.49,8.42,81.049783922,8.625,3.812,2020-01-24T17:29:00.0
9.19,9.07,9.71,8.25,81.1926226045,8.625,3.812,2020-01-24T17:30:00.0
8.89,9.15,9.57,8.14,81.53510996050001,8.625,3.875,2020-01-24T17:31:00.0
8.97,8.97,9.33,8.0,81.64917030050002,8.625,3.875,2020-01-24T17:32:00.0
8.71,8.41,9.15,7.79,82.0479794245,8.562,3.75,2020-01-24T17:33:00.0
8.79,9.11,8.93,7.63,82.38931802050001,8.562,3.687,2020-01-24T17:34:00.0
8.93,8.75,9.03,7.49,83.35394868050001,8.562,3.625,2020-01-24T17:35:00.0
8.87,9.21,8.83,7.6,83.5237947005,8.562,3.625,2020-01-24T17:36:00.0
9.11,9.07,9.01,7.54,83.75007736450002,8.5,3.5,2020-01-24T17:37:00.0
9.19,9.03,9.01,7.4,82.9571945605,8.5,3.5,2020-01-24T17:38:00.0
8.97,8.89,8.45,7.28,83.212322578,8.5,3.437,2020-01-24T17:39:00.0
8.75,9.07,8.71,7.17,84.0326435045,8.5,3.437,2020-01-24T17:40:00.0
8.55,9.15,8.61,7.07,84.455894402,8.375,3.437,2020-01-24T17:41:00.0
8.71,8.75,8.59,7.07,84.9909815125,8.375,3.437,2020-01-24T17:42:00.0
9.07,9.03,8.23,6.98,85.04723946050001,8.312,3.5,2020-01-24T17:43:00.0
8.65,8.55,8.47,6.96,85.1597170645,8.312,3.5,2020-01-24T17:44:00.0
8.37,8.65,8.71,6.89,85.1597170645,8.25,3.437,2020-01-24T17:45:00.0
8.61,8.55,8.41,6.78,84.90657065800002,8.187,3.375,2020-01-24T17:46:00.0
8.51,8.55,8.47,6.78,85.77743126050001,8.187,3.312,2020-01-24T17:47:00.0
8.37,8.75,8.19,6.7,85.6091169205,8.125,3.187,2020-01-24T17:48:00.0
8.45,8.27,8.23,6.76,86.30966880800001,8.125,3.187,2020-01-24T17:49:00.0
8.29,8.45,8.19,6.68,86.39360101250001,8.125,3.125,2020-01-24T17:50:00.0
7.97,7.97,7.79,6.62,86.47750449800002,8.062,3.187,2020-01-24T17:51:00.0
8.23,8.15,7.87,6.5,86.1137153125,8.062,3.125,2020-01-24T17:52:00.0
8.05,7.87,7.97,6.4,86.8965911405,8.062,3.062,2020-01-24T17:53:00.0
7.95,8.13,7.95,6.28,86.980322312,8.0,3.0,2020-01-24T17:54:00.0
7.95,7.73,7.37,6.19,87.3428255245,8.0,3.0,2020-01-24T17:55:00.0
7.87,7.77,7.73,6.12,87.593473378,7.937,2.875,2020-01-24T17:56:00.0
7.85,7.84,7.53,6.0600000000000005,88.02415547125,7.8745,2.875,2020-01-24T17:57:00.0
7.83,7.91,7.33,6.0,88.45483756450001,7.812,2.875,2020-01-24T17:58:00.0
7.73,7.65,7.23,5.94,88.12177004050001,7.75,2.875,2020-01-24T17:59:00.0
7.91,7.77,6.97,5.86,88.6211990125,7.625,2.875,2020-01-24T18:00:00.0
7.37,7.55,7.15,5.88,88.5103041445,7.562,3.0,2020-01-24T18:01:00.0
7.55,7.33,7.29,5.8,88.95357728050001,7.437,3.062,2020-01-24T18:02:00.0
7.41,7.51,7.27,5.84,88.95357728050001,7.375,3.0,2020-01-24T18:03:00.0
7.41,7.47,7.15,5.8,88.75974580000002,7.312,2.937,2020-01-24T18:04:00.0
7.27,7.33,6.83,5.67,88.8982128125,7.25,2.875,2020-01-24T18:05:00.0
7.59,7.11,6.91,5.53,88.95357728050001,7.187,2.75,2020-01-24T18:06:00.0
6.83,7.11,6.79,5.5,89.699748322,7.125,2.75,2020-01-24T18:07:00.0
7.45,7.47,6.69,5.5,90.14082605,7.062,2.687,2020-01-24T18:08:00.0
7.01,7.61,7.09,5.51,90.33354068050001,7.062,2.687,2020-01-24T18:09:00.0
7.41,7.05,7.19,5.66,90.71850086450002,7.062,2.687,2020-01-24T18:10:00.0
7.55,7.45,7.11,5.8,90.11328262450002,7.062,2.687,2020-01-24T18:11:00.0
7.65,7.65,7.15,5.84,89.78251262050001,7.125,2.75,2020-01-24T18:12:00.0
7.15,7.29,6.87,5.8,89.423659912,7.062,2.812,2020-01-24T18:13:00.0
7.33,7.45,7.09,5.82,89.2302081605,7.062,2.812,2020-01-24T18:14:00.0
7.41,7.51,7.27,5.8,89.25785369800002,7.062,2.812,2020-01-24T18:15:00.0
7.59,7.59,7.47,5.85,89.2302081605,7.0,2.75,2020-01-24T18:16:00.0
7.55,7.65,7.29,5.84,89.478903122,7.0,2.75,2020-01-24T18:17:00.0
7.45,7.51,7.27,5.71,89.147252402,7.0,2.812,2020-01-24T18:18:00.0
7.41,7.65,7.15,5.74,89.699748322,7.062,2.75,2020-01-24T18:19:00.0
7.33,7.73,7.47,5.86,90.38857328450001,7.062,2.812,2020-01-24T18:20:00.0
7.73,7.51,7.19,5.88,90.0581862005,7.125,2.812,2020-01-24T18:21:00.0
7.65,7.19,7.33,5.84,89.7273396125,7.187,2.812,2020-01-24T18:22:00.0
7.27,7.65,7.23,5.88,89.2302081605,7.187,2.812,2020-01-24T18:23:00.0
6.83,7.41,6.91,5.82,89.83767286450001,7.187,2.875,2020-01-24T18:24:00.0
7.29,7.45,6.97,5.73,89.89282034450001,7.187,2.812,2020-01-24T18:25:00.0
6.83,7.19,7.05,5.7,89.83767286450001,7.25,2.812,2020-01-24T18:26:00.0
7.01,7.19,7.09,5.67,90.14082605,7.187,2.75,2020-01-24T18:27:00.0
6.57,6.73,6.79,5.56,90.33354068050001,7.187,2.75,2020-01-24T18:28:00.0
6.61,6.91,6.93,5.54,90.41608480000001,7.187,2.812,2020-01-24T18:29:00.0
6.73,6.57,6.61,5.42,90.66354484450001,7.187,2.812,2020-01-24T18:30:00.0
6.73,6.47,6.43,5.41,91.1576895205,7.187,2.812,2020-01-24T18:31:00.0
6.39,6.43,6.39,5.3,91.3769775125,7.125,2.75,2020-01-24T18:32:00.0
6.47,6.47,6.57,5.28,91.40437415200002,7.062,2.75,2020-01-24T18:33:00.0
6.39,6.35,6.33,5.18,91.5960612805,7.062,2.75,2020-01-24T18:34:00.0
6.25,6.29,6.51,5.2,91.89696800200001,7.0,2.75,2020-01-24T18:35:00.0
6.21,6.79,6.35,5.2,92.27938176800001,7.0,2.687,2020-01-24T18:36:00.0
6.07,6.53,6.53,5.28,92.7973715005,7.0,2.75,2020-01-24T18:37:00.0
5.99,6.11,6.73,5.28,92.6884167605,6.937,2.75,2020-01-24T18:38:00.0
6.29,6.75,6.65,5.3,92.987919442,6.875,2.75,2020-01-24T18:39:00.0
6.47,6.47,6.75,5.3,92.497623112,6.875,2.812,2020-01-24T18:40:00.0
5.95,6.97,6.75,5.38,92.96070788050001,6.812,2.812,2020-01-24T18:41:00.0
6.29,6.79,6.53,5.39,92.4703541125,6.812,2.812,2020-01-24T18:42:00.0
5.85,6.33,6.29,5.4,92.14287722050001,6.812,2.875,2020-01-24T18:43:00.0
6.21,7.11,6.79,5.43,92.4703541125,6.75,2.875,2020-01-24T18:44:00.0
6.47,6.91,6.65,5.49,92.3066731045,6.75,2.875,2020-01-24T18:45:00.0
6.13,7.09,6.73,5.54,91.842286408,6.687,2.875,2020-01-24T18:46:00.0
6.35,6.79,6.65,5.51,91.3769775125,6.687,2.812,2020-01-24T18:47:00.0
6.35,6.75,6.47,5.57,91.7055265805,6.687,2.812,2020-01-24T18:48:00.0
6.51,6.53,7.05,5.55,91.5413094845,6.687,2.75,2020-01-24T18:49:00.0
6.13,6.79,6.87,5.66,91.86962880050001,6.687,2.75,2020-01-24T18:50:00.0
6.33,7.11,6.73,5.72,91.5960612805,6.687,2.75,2020-01-24T18:51:00.0
6.53,6.79,7.01,5.84,91.48654492450001,6.75,2.812,2020-01-24T18:52:00.0
6.29,6.65,7.19,5.9,91.21253066450001,6.75,2.937,2020-01-24T18:53:00.0
6.47,7.23,7.41,5.94,91.1576895205,6.75,2.875,2020-01-24T18:54:00.0
6.33,7.09,7.27,5.96,90.55359451250001,6.812,2.875,2020-01-24T18:55:00.0
6.43,7.33,6.83,5.89,90.44359312450001,6.812,2.812,2020-01-24T18:56:00.0
6.29,6.93,7.29,5.84,90.93819730450001,6.812,2.812,2020-01-24T18:57:00.0
6.69,6.97,7.15,5.73,90.7734441205,6.812,2.875,2020-01-24T18:58:00.0
7.09,7.05,7.05,5.7,90.55359451250001,6.812,2.812,2020-01-24T18:59:00.0
6.51,6.93,6.79,5.62,90.93819730450001,6.875,2.812,2020-01-24T19:00:00.0
6.47,6.65,6.75,5.52,91.48654492450001,6.812,2.75,2020-01-24T19:01:00.0
6.51,6.93,6.43,5.46,91.81494082450001,6.812,2.687,2020-01-24T19:02:00.0
6.83,6.53,6.47,5.34,91.32217466050001,6.75,2.625,2020-01-24T19:03:00.0
6.73,6.79,6.33,5.26,91.678165042,6.75,2.562,2020-01-24T19:04:00.0
6.33,6.79,6.47,5.16,91.48654492450001,6.687,2.562,2020-01-24T19:05:00.0
6.39,6.97,6.39,5.18,92.08825306450001,6.687,2.562,2020-01-24T19:06:00.0
6.43,7.27,6.43,5.16,91.92430401250002,6.687,2.562,2020-01-24T19:07:00.0
6.39,6.65,6.33,5.14,92.14287722050001,6.625,2.562,2020-01-24T19:08:00.0
6.73,6.83,6.65,5.2,92.2520872405,6.625,2.562,2020-01-24T19:09:00.0
6.35,6.51,6.57,5.2,92.3066731045,6.625,2.562,2020-01-24T19:10:00.0
6.29,7.05,6.51,5.2,92.443081922,6.562,2.5,2020-01-24T19:11:00.0
6.29,7.19,6.35,5.23,92.08825306450001,6.562,2.5,2020-01-24T19:12:00.0
6.51,6.65,6.39,5.33,92.08825306450001,6.625,2.5,2020-01-24T19:13:00.0
6.69,6.87,6.39,5.44,92.4158065405,6.687,2.5,2020-01-24T19:14:00.0
6.51,6.97,6.79,5.48,91.5960612805,6.75,2.562,2020-01-24T19:15:00.0
6.53,6.97,6.73,5.48,91.568686978,6.75,2.562,2020-01-24T19:16:00.0
6.65,6.83,6.91,5.52,91.62343239200001,6.812,2.625,2020-01-24T19:17:00.0
6.75,6.65,6.97,5.57,91.65080031250001,6.875,2.625,2020-01-24T19:18:00.0
6.69,7.27,6.79,5.57,91.130264162,6.875,2.687,2020-01-24T19:19:00.0
6.43,7.33,6.53,5.4,90.71850086450002,6.937,2.75,2020-01-24T19:20:00.0
6.47,7.11,6.73,5.3,91.04796894050001,6.937,2.687,2020-01-24T19:21:00.0
6.61,6.97,6.47,5.22,91.43176760050001,6.937,2.625,2020-01-24T19:22:00.0
6.35,6.51,6.57,5.12,91.43176760050001,6.875,2.625,2020-01-24T19:23:00.0
6.35,6.69,6.79,5.21,91.7055265805,6.875,2.562,2020-01-24T19:24:00.0
6.47,6.83,6.87,5.26,91.5413094845,6.875,2.562,2020-01-24T19:25:00.0
6.29,6.73,7.37,5.46,92.388527968,6.875,2.562,2020-01-24T19:26:00.0
6.73,7.41,7.33,5.63,92.1974886125,6.875,2.562,2020-01-24T19:27:00.0
6.75,7.09,7.59,5.73,91.51392880000002,6.812,2.562,2020-01-24T19:28:00.0
6.53,6.91,7.09,5.79,91.10283561250002,6.75,2.562,2020-01-24T19:29:00.0
6.35,6.97,7.27,5.84,91.40437415200002,6.75,2.562,2020-01-24T19:30:00.0
6.51,7.37,7.51,5.9,90.80091096200002,6.75,2.562,2020-01-24T19:31:00.0
6.53,6.43,7.15,5.96,91.23994645,6.75,2.625,2020-01-24T19:32:00.0
6.53,7.19,7.19,5.98,90.855835072,6.687,2.625,2020-01-24T19:33:00.0
6.43,7.11,7.37,5.94,90.7734441205,6.687,2.75,2020-01-24T19:34:00.0
6.65,6.79,7.19,5.94,90.2784953125,6.687,2.812,2020-01-24T19:35:00.0
6.61,6.93,6.93,5.78,90.1683662845,6.75,2.812,2020-01-24T19:36:00.0
6.53,7.19,6.73,5.64,90.08573600800001,6.75,2.812,2020-01-24T19:37:00.0
6.35,6.65,6.53,5.56,91.04796894050001,6.812,2.75,2020-01-24T19:38:00.0
6.39,6.57,7.33,5.62,91.48654492450001,6.75,2.75,2020-01-24T19:39:00.0
6.39,6.61,6.83,5.62,91.3769775125,6.75,2.75,2020-01-24T19:40:00.0
6.21,7.05,6.69,5.66,91.32217466050001,6.75,2.687,2020-01-24T19:41:00.0
6.61,7.27,6.65,5.68,91.43176760050001,6.75,2.687,2020-01-24T19:42:00.0
6.35,6.73,6.79,5.66,90.55359451250001,6.75,2.687,2020-01-24T19:43:00.0
6.29,6.69,7.11,5.68,90.8832923405,6.812,2.687,2020-01-24T19:44:00.0
6.03,6.83,7.11,5.62,91.04796894050001,6.812,2.75,2020-01-24T19:45:00.0
6.25,6.93,6.91,5.56,90.60857606050001,6.875,2.75,2020-01-24T19:46:00.0
5.81,7.05,6.83,5.59,91.5413094845,6.937,2.75,2020-01-24T19:47:00.0
6.13,6.69,7.33,5.57,91.10283561250002,6.937,2.812,2020-01-24T19:48:00.0
5.95,6.73,7.23,5.58,91.07540387200001,7.0,2.75,2020-01-24T19:49:00.0
5.99,6.43,7.15,5.56,91.26735904450001,7.0,2.75,2020-01-24T19:50:00.0
5.81,6.91,6.97,5.56,91.23994645,7.0,2.75,2020-01-24T19:51:00.0
5.73,6.75,6.87,5.5,90.82837461250001,7.0,2.75,2020-01-24T19:52:00.0
5.73,6.93,6.79,5.46,90.82837461250001,7.062,2.687,2020-01-24T19:53:00.0
5.73,6.79,6.93,5.47,91.5413094845,7.062,2.75,2020-01-24T19:54:00.0
5.77,6.07,6.93,5.5,91.7055265805,7.062,2.687,2020-01-24T19:55:00.0
5.89,6.35,6.73,5.48,91.86962880050001,7.0,2.75,2020-01-24T19:56:00.0
6.029999999999999,6.08,6.36,5.43,91.66439332925,6.9375,2.7809999999999997,2020-01-24T19:57:00.0
6.17,5.81,5.99,5.38,91.45915785800001,6.875,2.812,2020-01-24T19:58:00.0
5.93,6.21,6.57,5.33,91.732884928,6.875,2.75,2020-01-24T19:59:00.0
5.95,6.25,6.61,5.34,91.7055265805,6.875,2.812,2020-01-24T20:00:00.0
6.07,6.61,6.33,5.38,91.7055265805,6.875,2.812,2020-01-24T20:01:00.0
6.17,6.61,6.35,5.41,91.89696800200001,6.875,2.812,2020-01-24T20:02:00.0
6.33,6.35,6.51,5.44,91.81494082450001,6.875,2.875,2020-01-24T20:03:00.0
6.07,6.5,6.4,5.41,91.6233542125,6.875,2.8434999999999997,2020-01-24T20:04:00.0
5.81,6.65,6.29,5.38,91.43176760050001,6.875,2.812,2020-01-24T20:05:00.0
5.93,5.99,6.25,5.35,91.5960612805,6.812,2.75,2020-01-24T20:06:00.0
5.99,5.93,6.21,5.32,91.81494082450001,6.812,2.812,2020-01-24T20:07:00.0
5.81,6.21,6.11,5.2,91.81494082450001,6.812,2.75,2020-01-24T20:08:00.0
5.49,5.93,6.03,5.09,92.3066731045,6.812,2.75,2020-01-24T20:09:00.0
5.6,6.05,5.9399999999999995,5.015000000000001,92.7968545585,6.781000000000001,2.75,2020-01-24T20:10:00.0
5.71,6.17,5.85,4.94,93.28703601250001,6.75,2.75,2020-01-24T20:11:00.0
5.49,5.99,5.85,4.9,93.1783110245,6.687,2.75,2020-01-24T20:12:00.0
5.63,5.73,5.81,4.78,93.1239293845,6.625,2.687,2020-01-24T20:13:00.0
5.45,5.63,5.59,4.74,93.88411082050001,6.625,2.625,2020-01-24T20:14:00.0
5.15,5.81,5.51,4.65,94.20913702450001,6.562,2.562,2020-01-24T20:15:00.0
5.41,5.93,5.93,4.62,94.1008460125,6.5,2.562,2020-01-24T20:16:00.0
5.49,5.93,5.67,4.62,94.1008460125,6.437,2.5,2020-01-24T20:17:00.0
5.37,5.71,5.59,4.56,94.290321778,6.437,2.5,2020-01-24T20:18:00.0
5.55,5.59,5.29,4.51,94.398523442,6.375,2.437,2020-01-24T20:19:00.0
5.23,5.67,5.37,4.42,94.3173769805,6.375,2.437,2020-01-24T20:20:00.0
5.01,5.73,5.33,4.42,94.74982624450001,6.312,2.437,2020-01-24T20:21:00.0
5.37,5.81,5.45,4.44,94.96574454050001,6.312,2.437,2020-01-24T20:22:00.0
5.19,5.81,5.63,4.45,94.96574454050001,6.25,2.375,2020-01-24T20:23:00.0
5.45,5.11,5.59,4.42,94.96574454050001,6.25,2.437,2020-01-24T20:24:00.0
5.37,5.41,5.63,4.38,95.18145861250001,6.187,2.437,2020-01-24T20:25:00.0
5.33,5.89,5.51,4.46,95.66606858050001,6.187,2.437,2020-01-24T20:26:00.0
5.37,5.49,5.59,4.46,95.45081401250002,6.187,2.437,2020-01-24T20:27:00.0
5.11,5.33,5.51,4.44,95.3969684605,6.25,2.5,2020-01-24T20:28:00.0
5.07,5.93,5.77,4.48,95.6122740845,6.187,2.437,2020-01-24T20:29:00.0
4.97,5.49,5.95,4.47,95.34311014450002,6.187,2.437,2020-01-24T20:30:00.0
5.27,5.67,5.63,4.47,95.55846682450002,6.187,2.375,2020-01-24T20:31:00.0
5.11,5.73,5.63,4.48,95.6122740845,6.187,2.437,2020-01-24T20:32:00.0
5.07,5.51,5.19,4.42,95.6122740845,6.25,2.437,2020-01-24T20:33:00.0
5.11,5.27,5.33,4.32,95.7198503125,6.187,2.5,2020-01-24T20:34:00.0
4.93,5.15,5.15,4.32,95.77361928050001,6.187,2.5,2020-01-24T20:35:00.0
5.15,4.93,5.07,4.26,96.01542168200001,6.125,2.5,2020-01-24T20:36:00.0
4.81,5.27,5.11,4.24,96.14964466450002,6.125,2.437,2020-01-24T20:37:00.0
5.07,5.41,4.85,4.22,96.36423550450002,6.125,2.437,2020-01-24T20:38:00.0
5.11,5.23,4.91,4.22,96.39104340450001,6.093500000000001,2.437,2020-01-24T20:39:00.0
5.15,5.05,4.97,4.22,96.4178513045,6.062,2.437,2020-01-24T20:40:00.0
5.07,5.27,5.19,4.16,96.68573884450001,6.062,2.437,2020-01-24T20:41:00.0
4.53,5.45,5.29,4.14,96.68573884450001,6.062,2.437,2020-01-24T20:42:00.0
5.01,4.57,5.01,4.14,96.87307025800001,6.062,2.437,2020-01-24T20:43:00.0
4.85,5.29,5.05,4.08,96.68573884450001,6.0,2.437,2020-01-24T20:44:00.0
4.49,4.93,4.71,4.04,96.57862212050001,6.0,2.375,2020-01-24T20:45:00.0
4.71,5.37,5.01,4.0,96.98004657800001,5.937,2.375,2020-01-24T20:46:00.0
4.75,5.27,4.97,3.96,97.27396820050001,5.937,2.375,2020-01-24T20:47:00.0
4.59,5.05,4.93,3.96,97.3273670125,5.937,2.375,2020-01-24T20:48:00.0
4.63,4.79,4.53,3.92,97.3273670125,5.875,2.312,2020-01-24T20:49:00.0
4.59,5.29,4.79,3.8,97.16713228450001,5.812,2.312,2020-01-24T20:50:00.0
4.07,5.11,4.85,3.75,97.19384605,5.687,2.25,2020-01-24T20:51:00.0
4.37,5.11,4.41,3.72,97.27396820050001,5.625,2.25,2020-01-24T20:52:00.0
4.37,4.67,4.71,3.68,97.38075306050001,5.562,2.187,2020-01-24T20:53:00.0
4.45,5.49,4.71,3.67,97.59416961250001,5.562,2.187,2020-01-24T20:54:00.0
