TempPlant2,TempPlant5,TempPlant6,Air_temp_loc,Humedity,air_temp,Ambient_1,time
6.69,7.01,6.87,10.2,73.5416462605,8.75,7.562,2020-02-09T06:05:00.0
5.89,7.47,6.73,10.38,72.15621920000001,8.875,7.687,2020-02-09T06:06:00.0
5.63,7.65,6.87,10.38,71.38678448200001,9,7.625,2020-02-09T06:07:00.0
6.29,7.29,6.93,10.36,71.2385689645,9.062,7.562,2020-02-09T06:08:00.0
6.91,7.61,7.05,10.27,71.83095238450001,9.125,7.437,2020-02-09T06:09:00.0
6.57,7.23,6.73,10.38,71.030933218,9.187,7.687,2020-02-09T06:10:00.0
6.91,7.19,6.51,10.44,70.6449091445,9.187,7.625,2020-02-09T06:11:00.0
6.35,7.55,6.91,10.56,70.94189860450001,9.25,7.562,2020-02-09T06:12:00.0
7.47,7.79,7.45,10.99,70.70433256449999,9.312,7.937,2020-02-09T06:13:00.0
7.29,7.83,7.69,11.23,69.39406884050001,9.375,8.312,2020-02-09T06:14:00.0
7.15,7.69,7.73,11.2,68.4971652005,9.5,8.25,2020-02-09T06:15:00.0
7.19,8.19,7.41,11.23,68.9160776245,9.562,8.187,2020-02-09T06:16:00.0
7.59,7.95,7.55,11.41,67.95764450450001,9.687,8.437,2020-02-09T06:17:00.0
7.33,8.01,8.27,11.78,67.77757452050001,9.75,8.812,2020-02-09T06:18:00.0
7.87,8.29,8.15,12.11,66.66460451200001,9.875,9.062,2020-02-09T06:19:00.0
7.95,8.69,8.19,12.36,66.06118023200001,10.062,9.312,2020-02-09T06:20:00.0
8.13,8.61,8.19,12.64,65.3051049445,10.25,9.625,2020-02-09T06:21:00.0
8.05,8.93,8.87,12.82,64.36480180000001,10.5,9.812,2020-02-09T06:22:00.0
8.41,9.33,9.03,13.06,63.32997552200001,10.687,10.062,2020-02-09T06:23:00.0
8.41,9.43,8.47,13.28,62.658416392000014,10.812,10.187,2020-02-09T06:24:00.0
8.423333333333334,9.45,8.856666666666667,13.386666666666667,62.117020022833344,10.999666666666666,10.270333333333333,2020-02-09T06:25:00.0
8.436666666666667,9.469999999999999,9.243333333333334,13.493333333333334,61.575623653666675,11.187333333333333,10.353666666666667,2020-02-09T06:26:00.0
8.45,9.49,9.63,13.6,61.0342272845,11.375,10.437,2020-02-09T06:27:00.0
8.93,9.85,9.63,13.6,61.1571203125,11.5,10.437,2020-02-09T06:28:00.0
8.51,9.15,9.57,13.65,60.141725938000015,11.687,10.437,2020-02-09T06:29:00.0
8.75,9.49,9.29,13.63,60.0800752,11.75,10.437,2020-02-09T06:30:00.0
8.37,8.93,9.21,13.12,59.895046402,11.75,9.75,2020-02-09T06:31:00.0
7.45,8.79,8.87,12.8,60.572923712000005,11.687,9.375,2020-02-09T06:32:00.0
7.77,8.45,9.03,12.55,61.64818186450001,11.562,8.937,2020-02-09T06:33:00.0
7.51,8.33,8.97,12.28,61.98531281800001,11.375,8.687,2020-02-09T06:34:00.0
7.29,8.75,8.71,12.28,62.10781016200001,11.25,8.437,2020-02-09T06:35:00.0
7.59,8.55,8.87,12.3,62.536148800000014,11.125,8.312,2020-02-09T06:36:00.0
7.529999999999999,8.5,8.85,12.41,62.30666970625001,11.030999999999999,8.4995,2020-02-09T06:37:00.0
7.47,8.45,8.83,12.52,62.07719061250001,10.937,8.687,2020-02-09T06:38:00.0
7.01,8.33,8.75,12.17,61.5868438445,10.937,8.5,2020-02-09T06:39:00.0
6.91,8.41,8.37,11.8,63.024912832000005,10.875,8.125,2020-02-09T06:40:00.0
6.83,7.91,8.33,11.6,63.512859968,10.687,7.875,2020-02-09T06:41:00.0
7.01,8.13,8.75,11.56,64.3344183845,10.625,7.687,2020-02-09T06:42:00.0
6.91,8.09,8.69,11.6,64.0912361845,10.437,7.687,2020-02-09T06:43:00.0
7.03,8.25,8.94,11.77,63.9086580745,10.3745,7.812,2020-02-09T06:44:00.0
7.15,8.41,9.19,11.94,63.7260799645,10.312,7.937,2020-02-09T06:45:00.0
7.09,8.23,8.97,12.02,62.750083580500004,10.312,7.937,2020-02-09T06:46:00.0
6.93,8.01,8.97,11.84,62.963862002,10.312,7.75,2020-02-09T06:47:00.0
6.93,8.19,8.65,11.66,63.6042591125,10.375,7.625,2020-02-09T06:48:00.0
6.97,8.05,9.07,11.58,64.06082405000001,10.312,7.562,2020-02-09T06:49:00.0
7.23,7.83,9.15,11.53,64.3344183845,10.25,7.5,2020-02-09T06:50:00.0
6.79,8.09,9.11,11.59,64.3344183845,10.125,7.437,2020-02-09T06:51:00.0
6.69,8.05,9.21,11.42,64.48630355200001,10.062,7.312,2020-02-09T06:52:00.0
6.75,7.95,9.35,11.5,64.66846045,10.062,7.25,2020-02-09T06:53:00.0
7.01,8.97,9.67,11.7,64.51667101250001,10,7.312,2020-02-09T06:54:00.0
6.75,8.65,9.71,11.92,63.4214321045,10,7.437,2020-02-09T06:55:00.0
6.91,8.55,9.25,11.98,63.36046424050001,10,7.562,2020-02-09T06:56:00.0
6.83,8.45,9.75,12.21,62.93333180050001,10,7.5,2020-02-09T06:57:00.0
7.11,8.59,10.03,12.2,62.963862002,10.062,7.562,2020-02-09T06:58:00.0
7.09,8.89,9.75,12.34,62.719531042,10.062,7.562,2020-02-09T06:59:00.0
7.15,9.21,10.05,12.59,61.770819612500006,10.125,7.812,2020-02-09T07:00:00.0
7.15,9.07,10.23,12.6,61.9546805045,10.125,8,2020-02-09T07:01:00.0
7.41,9.15,9.81,12.61,61.801471072000005,10.25,8.062,2020-02-09T07:02:00.0
7.73,9.25,10.17,12.74,61.92404500000001,10.375,8.187,2020-02-09T07:03:00.0
7.47,9.11,10.13,12.6,61.12640184200001,10.437,8.187,2020-02-09T07:04:00.0
7.55,9.63,10.27,12.65,61.341364124500004,10.5,8,2020-02-09T07:05:00.0
7.33,8.89,10.27,12.55,60.84979201250001,10.5,7.937,2020-02-09T07:06:00.0
7.47,9.25,10.23,12.56,60.88053920200001,10.5,7.875,2020-02-09T07:07:00.0
7.51,9.29,10.65,12.44,61.402753200500015,10.5,7.812,2020-02-09T07:08:00.0
7.45,9.07,10.33,12.32,61.74016496200001,10.437,7.687,2020-02-09T07:09:00.0
7.29,8.97,10.41,12.4,61.21854768050001,10.5,7.625,2020-02-09T07:10:00.0
8.23,9.49,10.69,12.41,61.341364124500004,10.5,7.437,2020-02-09T07:11:00.0
8.05,9.11,10.57,12.47,60.84979201250001,10.437,7.437,2020-02-09T07:12:00.0
7.15,8.89,10.65,12.38,60.88053920200001,10.437,7.5,2020-02-09T07:13:00.0
8.45,9.39,10.83,12.37,61.279962284500016,10.375,7.5,2020-02-09T07:14:00.0
7.61,9.43,11.27,12.64,60.63447233800001,10.375,7.625,2020-02-09T07:15:00.0
7.69,9.75,11.27,12.56,60.51136232200001,10.5,7.625,2020-02-09T07:16:00.0
7.83,9.29,11.21,12.59,60.60369962050001,10.5,7.625,2020-02-09T07:17:00.0
8.01,9.35,11.03,12.86,60.04924504450001,10.5,7.687,2020-02-09T07:18:00.0
7.91,9.63,11.13,13.08,59.246540960500006,10.562,7.875,2020-02-09T07:19:00.0
7.83,9.99,11.55,13.26,58.968179272,10.687,7.937,2020-02-09T07:20:00.0
8.05,10.03,11.85,13.61,58.2556362245,10.687,8.062,2020-02-09T07:21:00.0
8.15,10.19,12.13,13.77,57.665740498000005,10.812,8.25,2020-02-09T07:22:00.0
8.29,10.05,11.95,13.73,57.04355313800001,10.875,8.437,2020-02-09T07:23:00.0
8.05,10.19,12.09,13.83,57.012410264500005,11,8.562,2020-02-09T07:24:00.0
8.59,9.99,11.85,13.74,57.230343368,11.062,8.562,2020-02-09T07:25:00.0
8.33,10.31,11.93,13.75,57.75895851250001,11.125,8.5,2020-02-09T07:26:00.0
8.51,9.99,11.95,13.76,57.1369626125,11.125,8.562,2020-02-09T07:27:00.0
8.33,10.27,11.95,13.98,56.731980808,11.25,8.687,2020-02-09T07:28:00.0
8.33,10.13,12.39,13.95,56.60726252800001,11.312,8.687,2020-02-09T07:29:00.0
8.71,9.53,12.29,13.98,57.04355313800001,11.312,8.687,2020-02-09T07:30:00.0
8.29,10.19,12.71,14.11,56.295243458,11.312,8.687,2020-02-09T07:31:00.0
8.59,10.05,12.27,14.06,55.982905288000005,11.375,8.687,2020-02-09T07:32:00.0
8.59,10.19,12.37,14.11,56.076640244500005,11.375,8.687,2020-02-09T07:33:00.0
8.75,9.89,12.17,14.14,55.482500488,11.375,8.625,2020-02-09T07:34:00.0
8.59,9.89,12.67,13.99,55.95165392050001,11.437,8.625,2020-02-09T07:35:00.0
8.75,9.77,12.81,14.18,55.95165392050001,11.5,8.687,2020-02-09T07:36:00.0
9.49,9.75,13.49,14.5,55.482500488,11.562,8.687,2020-02-09T07:37:00.0
9.21,10.09,12.87,14.65,54.6362150125,11.562,8.75,2020-02-09T07:38:00.0
9.43,9.95,12.57,14.52,54.667600402000005,11.562,8.75,2020-02-09T07:39:00.0
9.57,9.95,13.11,14.14,55.26331651250001,11.687,8.75,2020-02-09T07:40:00.0
9.49,9.67,13.17,13.91,56.232801352,11.625,8.75,2020-02-09T07:41:00.0
9.95,9.57,13.05,13.58,56.66962805000001,11.75,8.75,2020-02-09T07:42:00.0
9.57,9.49,13.15,13.1,58.47267584800001,11.75,8.75,2020-02-09T07:43:00.0
9.91,9.77,13.49,12.78,59.80248892450001,11.75,8.75,2020-02-09T07:44:00.0
9.99,9.25,13.27,12.4,61.1571203125,11.875,8.812,2020-02-09T07:45:00.0
10.55,9.29,13.69,12.22,62.046567872000004,11.875,8.875,2020-02-09T07:46:00.0
10.43,9.53,13.31,11.97,62.872261824500015,11.937,8.812,2020-02-09T07:47:00.0
10.55,9.19,13.59,11.92,63.299483612500005,11.937,8.812,2020-02-09T07:48:00.0
10.23,9.57,13.51,11.9,63.48238720450001,12,8.812,2020-02-09T07:49:00.0
11.03,9.63,13.61,11.83,63.634719112,12.062,8.75,2020-02-09T07:50:00.0
10.83,9.57,14.09,11.85,63.847849760500004,12.062,8.75,2020-02-09T07:51:00.0
11.07,9.47,13.79,11.85,63.878284232,12,8.625,2020-02-09T07:52:00.0
10.65,9.89,14.25,11.64,64.547035282,12.062,8.625,2020-02-09T07:53:00.0
11.47,9.49,14.19,11.6,64.66846045,12.062,8.5,2020-02-09T07:54:00.0
10.85,9.33,14.21,11.52,64.57739636050002,12.062,8.437,2020-02-09T07:55:00.0
10.69,9.77,13.69,11.38,65.0021164045,12,8.375,2020-02-09T07:56:00.0
10.85,9.85,14.05,11.47,65.093046472,12,8.375,2020-02-09T07:57:00.0
11.13,10.05,14.49,11.62,64.94148040450001,12.062,8.375,2020-02-09T07:58:00.0
11.55,10.05,14.31,11.75,64.425559058,12.062,8.437,2020-02-09T07:59:00.0
11.37,10.19,14.41,11.72,64.6381089445,12.062,8.375,2020-02-09T08:00:00.0
11.55,10.33,14.55,11.76,64.3344183845,12.062,8.437,2020-02-09T08:01:00.0
11.31,9.95,14.39,11.74,64.243248992,12.187,8.375,2020-02-09T08:02:00.0
11.51,9.91,14.61,11.69,64.3344183845,12.25,8.312,2020-02-09T08:03:00.0
11.65,9.99,14.49,11.66,64.30403177800001,12.187,8.25,2020-02-09T08:04:00.0
11.47,10.09,14.65,11.67,64.51667101250001,12.25,8.312,2020-02-09T08:05:00.0
11.23,10.55,14.75,11.87,64.3344183845,12.187,8.312,2020-02-09T08:06:00.0
11.67,10.57,14.65,11.88,63.48238720450001,12.25,8.312,2020-02-09T08:07:00.0
11.37,10.31,14.79,12.06,63.26898851200001,12.187,8.25,2020-02-09T08:08:00.0
11.71,10.51,14.85,12.7,62.07719061250001,12.125,8.312,2020-02-09T08:09:00.0
12.03,10.83,15.25,13.48,59.37017430050001,12.125,8.375,2020-02-09T08:10:00.0
11.61,10.61,14.79,13.91,56.76315240050001,12.187,8.375,2020-02-09T08:11:00.0
11.93,10.61,15.37,14.24,56.076640244500005,12.375,8.5,2020-02-09T08:12:00.0
11.71,10.55,14.95,14.2,55.294638082000006,12.375,8.562,2020-02-09T08:13:00.0
11.85,10.61,15.31,14.54,54.94992531250001,12.375,8.562,2020-02-09T08:14:00.0
11.93,10.75,15.37,14.87,53.97638471200001,12.5,8.562,2020-02-09T08:15:00.0
11.85,11.03,15.29,14.76,53.72465063200001,12.5,8.625,2020-02-09T08:16:00.0
11.99,11.21,15.29,14.83,53.75612856050001,12.5,8.625,2020-02-09T08:17:00.0
12.05,11.13,15.57,14.89,52.87354036450001,12.5,8.687,2020-02-09T08:18:00.0
12.23,11.61,16.01,15.14,53.252098784500006,12.625,8.687,2020-02-09T08:19:00.0
12.23,11.61,15.45,15.23,52.68408884050001,12.562,8.875,2020-02-09T08:20:00.0
12.09,11.23,15.65,15.19,52.399696162000005,12.625,8.875,2020-02-09T08:21:00.0
12.33,11.67,15.75,15.21,52.52612481800001,12.75,8.937,2020-02-09T08:22:00.0
12.23,11.79,16.23,15.21,52.33646268800001,12.812,9,2020-02-09T08:23:00.0
12.43,12.37,16.11,15.34,52.17832316050001,12.875,9.125,2020-02-09T08:24:00.0
12.67,12.39,16.29,15.37,52.241588544500004,12.875,9.25,2020-02-09T08:25:00.0
12.05,12.37,16.29,15.43,51.608360324500005,13,9.312,2020-02-09T08:26:00.0
12.43,12.57,16.29,15.18,52.051754100500006,13.062,9.312,2020-02-09T08:27:00.0
12.19,12.67,16.29,15.17,52.52612481800001,13.187,9.312,2020-02-09T08:28:00.0
12.77,13.05,16.69,15.24,52.46291687200001,13.187,9.312,2020-02-09T08:29:00.0
12.53,12.87,16.43,15.09,52.36808102050001,13.375,9.187,2020-02-09T08:30:00.0
12.53,13.25,17.05,14.88,53.1890376245,13.312,9.187,2020-02-09T08:31:00.0
12.77,13.35,16.69,15.04,52.778828962000006,13.312,9.25,2020-02-09T08:32:00.0
12.61,13.11,16.69,14.7,53.28362457800001,13.625,9.187,2020-02-09T08:33:00.0
12.47,13.31,16.65,14.68,53.81907484450001,13.625,9.187,2020-02-09T08:34:00.0
12.43,13.25,16.65,14.6,53.598707008000005,13.5,9.125,2020-02-09T08:35:00.0
12.51,13.59,16.85,14.62,54.0707323405,13.562,9.125,2020-02-09T08:36:00.0
12.39,14.09,16.57,14.68,53.787603298,13.5,9.187,2020-02-09T08:37:00.0
12.61,13.89,16.99,14.43,54.196484504500006,13.5,9.125,2020-02-09T08:38:00.0
12.71,13.75,16.79,14.38,54.196484504500006,13.5,9.125,2020-02-09T08:39:00.0
12.09,13.95,16.59,14.4,54.290765122,13.5,9.125,2020-02-09T08:40:00.0
12.67,13.91,17.33,14.38,55.04397617800001,13.437,9.125,2020-02-09T08:41:00.0
12.47,14.21,17.01,14.36,54.73036160800001,13.562,9.062,2020-02-09T08:42:00.0
12.67,14.31,17.27,14.22,55.012629080500005,13.5,8.875,2020-02-09T08:43:00.0
12.71,14.51,17.51,14.34,55.419892450000006,13.5,8.875,2020-02-09T08:44:00.0
12.97,14.69,17.83,14.43,54.73036160800001,13.5,8.937,2020-02-09T08:45:00.0
12.33,14.39,17.37,14.44,54.2593414405,13.625,9,2020-02-09T08:46:00.0
12.33,14.31,17.57,14.15,55.294638082000006,13.625,8.875,2020-02-09T08:47:00.0
12.57,14.19,17.67,14.18,54.91856864200001,13.687,8.937,2020-02-09T08:48:00.0
12.27,14.59,17.27,14.11,54.91856864200001,13.687,8.937,2020-02-09T08:49:00.0
12.53,14.29,17.93,14.1,55.13799832450001,13.687,8.875,2020-02-09T08:50:00.0
12.43,14.29,17.75,14.2,54.604826432,13.812,9.062,2020-02-09T08:51:00.0
12.95,15.11,17.93,14.28,54.855845728000006,13.875,9.062,2020-02-09T08:52:00.0
12.87,15.71,18.37,14.58,54.10217516800001,13.875,9.312,2020-02-09T08:53:00.0
12.67,14.89,18.01,14.6,53.3781828125,13.937,9.375,2020-02-09T08:54:00.0
12.67,15.15,18.11,14.54,53.850543200000004,14.062,9.375,2020-02-09T08:55:00.0
12.91,15.75,18.75,14.72,54.35360291200001,14.062,9.375,2020-02-09T08:56:00.0
13.05,15.05,18.53,14.67,53.75612856050001,14.125,9.375,2020-02-09T08:57:00.0
13.71,16.13,18.91,14.66,54.542039698,14.125,9.312,2020-02-09T08:58:00.0
12.81,15.67,18.79,14.62,54.165051250000005,14.187,9.25,2020-02-09T08:59:00.0
13.35,15.29,18.75,14.47,53.787603298,14.187,9.187,2020-02-09T09:00:00.0
13.07,16.37,18.85,14.56,54.416427938000005,14.187,9.187,2020-02-09T09:01:00.0
13.91,15.93,19.07,14.42,54.416427938000005,14.187,9.25,2020-02-09T09:02:00.0
13.61,15.87,18.71,14.42,54.573434660500006,14.25,9.312,2020-02-09T09:03:00.0
13.85,16.03,19.09,14.44,55.0753200845,14.312,9.312,2020-02-09T09:04:00.0
14.05,16.43,19.61,14.52,54.94992531250001,14.312,9.25,2020-02-09T09:05:00.0
14.11,16.33,19.39,14.57,54.8872087805,14.375,9.312,2020-02-09T09:06:00.0
14.45,16.59,19.35,14.53,54.6989826005,14.375,9.375,2020-02-09T09:07:00.0
14.41,16.53,19.87,14.48,55.0753200845,14.437,9.437,2020-02-09T09:08:00.0
14.25,17.09,19.79,14.8,54.542039698,14.5,9.625,2020-02-09T09:09:00.0
14.29,16.43,19.63,14.74,54.0707323405,14.562,9.625,2020-02-09T09:10:00.0
14.59,17.11,20.23,14.82,54.38501702050001,14.687,9.562,2020-02-09T09:11:00.0
14.29,16.11,19.71,14.77,53.850543200000004,14.75,9.562,2020-02-09T09:12:00.0
14.29,16.17,19.63,14.76,53.56721312450001,14.812,9.562,2020-02-09T09:13:00.0
14.69,16.65,20.17,14.96,53.661685202,14.812,9.5,2020-02-09T09:14:00.0
14.75,17.37,20.45,15.47,53.15750225800001,14.812,9.625,2020-02-09T09:15:00.0
14.81,17.21,20.55,15.98,51.92513398450001,14.937,10,2020-02-09T09:16:00.0
14.85,17.05,20.55,16.26,50.497139602000004,15.125,10.187,2020-02-09T09:17:00.0
14.89,16.79,20.05,16.24,49.73290045000001,15.25,10.125,2020-02-09T09:18:00.0
15.01,16.63,19.93,16.28,50.306252128000004,15.312,10.062,2020-02-09T09:19:00.0
14.91,16.57,20.65,16.66,48.838965058,15.375,10.125,2020-02-09T09:20:00.0
15.11,16.75,19.89,16.87,48.262971232000005,15.375,10.062,2020-02-09T09:21:00.0
15.35,16.89,19.77,16.99,48.07074353800001,15.437,10.125,2020-02-09T09:22:00.0
15.41,16.33,19.51,17.32,47.33280651250001,15.5,10.062,2020-02-09T09:23:00.0
15.75,17.21,19.87,17.83,46.59318144800001,15.5,10.312,2020-02-09T09:24:00.0
15.51,17.17,20.33,18.38,45.62591625800001,15.625,10.312,2020-02-09T09:25:00.0
15.77,16.99,19.79,18.4,44.8176681205,15.75,10.437,2020-02-09T09:26:00.0
15.77,16.69,19.63,18.41,44.137198432000005,15.812,10.312,2020-02-09T09:27:00.0
16.03,16.57,19.39,18.68,44.396590912,15.875,10.25,2020-02-09T09:28:00.0
15.77,15.87,18.91,18.06,43.87760172800001,16,10.25,2020-02-09T09:29:00.0
15.81,16.73,18.97,18.18,44.91476320000001,15.937,9.75,2020-02-09T09:30:00.0
16.2,16.43,18.64,18.39,44.201293476000004,15.905999999999999,9.780999999999999,2020-02-09T09:31:00.0
16.59,16.13,18.31,18.6,43.487823752000004,15.875,9.812,2020-02-09T09:32:00.0
16.39,16.27,17.79,18.63,43.227716488000006,15.875,9.875,2020-02-09T09:33:00.0
15.93,16.17,17.69,18.53,43.292762450000005,15.875,9.812,2020-02-09T09:34:00.0
15.41,15.85,17.09,18.42,42.934851704500005,15.875,9.687,2020-02-09T09:35:00.0
16.65,15.85,16.89,18.4,43.585311324500005,15.875,9.687,2020-02-09T09:36:00.0
16.37,15.67,16.73,18.6,43.03250201800001,15.875,9.687,2020-02-09T09:37:00.0
15.91,15.57,16.47,18.67,43.16265776200001,15.875,9.687,2020-02-09T09:38:00.0
16.39,15.85,15.93,18.74,42.511368482,15.937,9.625,2020-02-09T09:39:00.0
16.59,15.65,16.27,19.01,42.772037362000006,15.937,9.625,2020-02-09T09:40:00.0
16.33,15.37,15.71,18.9,41.858802802,15.937,9.562,2020-02-09T09:41:00.0
16.47,15.09,15.25,18.71,42.67431046450001,16,9.375,2020-02-09T09:42:00.0
16.91,15.25,15.31,18.7,42.54396326050001,15.937,9.437,2020-02-09T09:43:00.0
17.05,15.35,15.19,18.41,42.380957458000005,15.937,9.375,2020-02-09T09:44:00.0
16.65,14.75,15.01,18.59,42.772037362000006,15.937,9.375,2020-02-09T09:45:00.0
16.64,14.879999999999999,14.98,18.525,42.47864127700001,15.937,9.375,2020-02-09T09:46:00.0
16.63,15.01,14.95,18.46,42.18524519200001,15.937,9.375,2020-02-09T09:47:00.0
17.25,15.05,15.37,18.87,42.64172845,15.875,9.437,2020-02-09T09:48:00.0
16.85,14.69,14.81,18.62,42.054706528000004,15.937,9.25,2020-02-09T09:49:00.0
17.53,14.99,15.19,18.63,42.054706528000004,15.875,9.25,2020-02-09T09:50:00.0
17.33,14.49,15.65,18.9,42.054706528000004,15.875,9.437,2020-02-09T09:51:00.0
16.85,14.61,15.15,18.69,41.662784200000004,15.937,9.437,2020-02-09T09:52:00.0
17.31,14.51,15.75,18.63,42.02206388450001,15.875,9.437,2020-02-09T09:53:00.0
17.93,15.15,16.27,19.04,42.152615312500004,15.812,9.5,2020-02-09T09:54:00.0
18.05,14.69,16.85,19.43,41.335831250000005,15.875,9.687,2020-02-09T09:55:00.0
17.63,15.51,16.85,19.53,40.81204280200001,16,9.812,2020-02-09T09:56:00.0
18.31,16.01,17.47,19.91,40.221804352,16.062,10.062,2020-02-09T09:57:00.0
18.65,15.11,17.51,19.78,39.334508144500006,16.187,10.062,2020-02-09T09:58:00.0
19.03,15.57,18.19,19.835,39.416752953250004,16.281,10.155999999999999,2020-02-09T09:59:00.0
19.41,16.03,18.87,19.89,39.498997762,16.375,10.25,2020-02-09T10:00:00.0
19.71,16.67,19.020000000000003,20.439999999999998,38.377050802,16.531,10.405999999999999,2020-02-09T10:01:00.0
20.01,17.31,19.17,20.99,37.255103842000004,16.687,10.562,2020-02-09T10:02:00.0
20.51,17.15,19.93,21.51,37.519857202000004,17,10.937,2020-02-09T10:03:00.0
20.09,16.89,20.21,21.25,37.0895292845,17.187,10.937,2020-02-09T10:04:00.0
20.61,17.85,21.05,21.11,37.784406338000004,17.312,10.875,2020-02-09T10:05:00.0
20.71,18.27,21.67,21.53,37.188883592,17.437,10.937,2020-02-09T10:06:00.0
20.93,17.73,21.49,21.68,36.06118645000001,17.562,10.937,2020-02-09T10:07:00.0
20.45,17.59,21.07,21.13,36.525979072000005,17.562,10.812,2020-02-09T10:08:00.0
19.35,17.69,20.93,20.82,37.023277124500005,17.437,10.687,2020-02-09T10:09:00.0
20.43,18.47,21.57,21,37.387506050000006,17.375,10.625,2020-02-09T10:10:00.0
20.11,17.57,21.89,21.08,37.48677420050001,17.312,10.687,2020-02-09T10:11:00.0
20.17,18.85,21.79,20.82,37.05640480000001,17.312,10.562,2020-02-09T10:12:00.0
20.99,19.19,22.89,21.45,37.48677420050001,17.25,10.562,2020-02-09T10:13:00.0
20.65,18.41,22.51,20.94,36.9570122005,17.25,10.562,2020-02-09T10:14:00.0
21.27,19.41,23.15,21.16,37.122650578000005,17.25,10.687,2020-02-09T10:15:00.0
21.05,18.55,22.87,20.92,37.32131132800001,17.25,10.625,2020-02-09T10:16:00.0
21.63,20.17,23.41,21.55,36.99014625800001,17.25,10.812,2020-02-09T10:17:00.0
21.71,20.87,23.17,21.73,35.69555348450001,17.312,10.875,2020-02-09T10:18:00.0
21.39,20.23,23.11,21.22,35.994736448,17.5,10.75,2020-02-09T10:19:00.0
21.37,20.11,23.27,21.45,35.861798152000006,17.5,10.75,2020-02-09T10:20:00.0
20.73,20.67,23.23,21.62,35.262944002000005,17.562,10.75,2020-02-09T10:21:00.0
21.67,22.17,23.97,21.84,35.662294978000006,17.5,11,2020-02-09T10:22:00.0
21.51,21.17,23.69,21.97,35.063096200000004,17.562,11.125,2020-02-09T10:23:00.0
21.77,20.99,23.79,21.93,34.929800512,17.5,11.125,2020-02-09T10:24:00.0
21.77,21.51,23.75,21.67,35.529229042000004,17.5,10.937,2020-02-09T10:25:00.0
21.17,20.95,23.87,21.78,35.32953440800001,17.5,10.937,2020-02-09T10:26:00.0
22.43,21.95,24.15,21.86,35.662294978000006,17.5,10.937,2020-02-09T10:27:00.0
22.23,21.55,23.97,21.64,35.262944002000005,17.5,11.062,2020-02-09T10:28:00.0
21.37,21.57,24.11,21.69,35.32953440800001,17.5,11.062,2020-02-09T10:29:00.0
21.15,22.51,23.29,21.11,35.7288088,17.5,11,2020-02-09T10:30:00.0
21.15,22.87,23.57,21.14,36.525979072000005,17.5,10.937,2020-02-09T10:31:00.0
22.23,22.87,24.23,21.45,35.994736448,17.312,11,2020-02-09T10:32:00.0
21.89,22.23,23.39,21.46,35.4293960845,17.312,11.062,2020-02-09T10:33:00.0
21.57,22.53,23.71,21.58,35.495954580500005,17.25,10.937,2020-02-09T10:34:00.0
21.33,22.29,23.99,21.53,36.027963044500005,17.125,10.875,2020-02-09T10:35:00.0
21.57,23.27,23.75,21.4,35.662294978000006,17.125,10.875,2020-02-09T10:36:00.0
22.17,24.41,24.53,21.64,36.293660940500004,17.062,10.812,2020-02-09T10:37:00.0
21.45,23.29,24.11,21.62,34.863133522000005,17.062,10.875,2020-02-09T10:38:00.0
21.71,23.85,23.85,21.48,36.12762368800001,17,10.875,2020-02-09T10:39:00.0
22.01,24.63,24.29,21.64,35.129724898,17,11,2020-02-09T10:40:00.0
21.43,24.45,23.71,21.49,35.196340832000004,17,11,2020-02-09T10:41:00.0
21.77,24.27,24.11,21.62,35.2962408005,17,11.125,2020-02-09T10:42:00.0
21.95,24.39,24.15,21.56,35.262944002000005,17.062,11.125,2020-02-09T10:43:00.0
22.35,25.05,24.57,21.93,35.3628248245,17.062,10.937,2020-02-09T10:44:00.0
22.43,24.87,24.23,21.98,34.262556232,17.062,11,2020-02-09T10:45:00.0
22.51,24.87,25.31,22.2,34.062134050000004,17.125,11,2020-02-09T10:46:00.0
22.47,24.21,24.83,21.9,33.79472577800001,17.25,11.062,2020-02-09T10:47:00.0
22.17,24.09,24.57,21.72,34.6296985405,17.25,11.062,2020-02-09T10:48:00.0
21.83,23.15,24.77,21.4,34.5629741125,17.187,10.937,2020-02-09T10:49:00.0
22.57,25.01,24.89,21.16,35.62903328050001,17.187,10.937,2020-02-09T10:50:00.0
22.41,24.83,24.89,21.7,34.863133522000005,17.25,11,2020-02-09T10:51:00.0
21.91,24.27,24.89,21.82,34.262556232,17.312,11.062,2020-02-09T10:52:00.0
21.83,22.77,24.03,21.43,34.262556232,17.25,11.062,2020-02-09T10:53:00.0
21.85,24.03,24.29,21.42,34.5629741125,17.25,11.062,2020-02-09T10:54:00.0
22.13,22.95,24.71,21.42,34.39610720000001,17.187,11.062,2020-02-09T10:55:00.0
22.19,23.47,24.63,21.25,34.863133522000005,17.187,10.875,2020-02-09T10:56:00.0
22.07,24.17,24.35,21.26,34.52960711200001,17.062,10.812,2020-02-09T10:57:00.0
21.71,23.85,24.41,21.8,33.393230450000004,17,10.812,2020-02-09T10:58:00.0
22.13,24.11,24.69,21.54,33.393230450000004,17,10.75,2020-02-09T10:59:00.0
21.71,23.75,24.41,21.23,33.79472577800001,16.937,10.687,2020-02-09T11:00:00.0
21.67,24.53,24.81,21.41,33.7612853845,16.812,10.687,2020-02-09T11:01:00.0
21.71,23.97,24.35,21.58,33.259296562,16.812,10.75,2020-02-09T11:02:00.0
22.51,24.57,25.55,21.75,33.359751764500004,16.75,10.75,2020-02-09T11:03:00.0
21.89,23.87,24.93,22,32.320329778,16.812,10.937,2020-02-09T11:04:00.0
22.31,24.21,25.43,22.09,32.622413360500005,16.812,11,2020-02-09T11:05:00.0
22.25,24.11,25.53,22.2,32.890715112500004,16.875,11,2020-02-09T11:06:00.0
21.97,22.71,25.11,22.18,31.984378208000006,17,11.062,2020-02-09T11:07:00.0
22.71,23.05,25.67,21.97,32.991275618,17,10.875,2020-02-09T11:08:00.0
22.99,23.51,25.61,22,32.890715112500004,17,10.812,2020-02-09T11:09:00.0
22.57,23.57,25.97,22.56,31.917149602000006,17.062,11,2020-02-09T11:10:00.0
21.79,22.47,25.31,21.8,32.28674898050001,17.125,10.937,2020-02-09T11:11:00.0
22.89,23.17,25.73,21.63,33.326269888,17.062,10.812,2020-02-09T11:12:00.0
22.31,23.05,25.31,21.57,33.192310472,17,10.687,2020-02-09T11:13:00.0
22.59,23.53,25.31,21.71,33.52711328200001,17,10.625,2020-02-09T11:14:00.0
22.99,23.79,25.63,22.06,32.857188562000005,17,10.875,2020-02-09T11:15:00.0
23.41,23.57,26.03,22.35,33.928455442,17.062,10.937,2020-02-09T11:16:00.0
23.05,23.15,26.05,22.47,33.125311618000005,17.125,10.937,2020-02-09T11:17:00.0
22.95,22.89,25.97,22.48,32.924238472000006,17.125,10.75,2020-02-09T11:18:00.0
23.11,22.63,26.27,22.47,32.8236588205,17.187,10.687,2020-02-09T11:19:00.0
22.95,21.43,25.63,21.78,33.493647360500006,17.187,10.625,2020-02-09T11:20:00.0
23.05,22.17,26.09,21.81,34.1623595005,17.187,10.562,2020-02-09T11:21:00.0
23.11,23.35,25.93,22.13,33.660945058,17.125,10.562,2020-02-09T11:22:00.0
22.71,22.11,25.73,21.74,33.627491900500004,17,10.5,2020-02-09T11:23:00.0
22.73,21.63,25.54,21.81,33.57730259125,16.9375,10.5,2020-02-09T11:24:00.0
22.75,21.15,25.35,21.88,33.52711328200001,16.875,10.5,2020-02-09T11:25:00.0
21.95,21.33,25.53,21.82,33.192310472,16.75,10.5,2020-02-09T11:26:00.0
21.97,20.37,25.29,21.23,33.660945058,16.687,10.25,2020-02-09T11:27:00.0
22.43,21.17,25.67,21.7,33.52711328200001,16.625,10.312,2020-02-09T11:28:00.0
22.23,20.83,25.11,21.54,33.59403555200001,16.562,10.312,2020-02-09T11:29:00.0
22.23,21.07,25.29,21.5,33.861596992,16.562,10.187,2020-02-09T11:30:00.0
21.77,21.27,25.11,21.17,34.028719184500005,16.437,10.25,2020-02-09T11:31:00.0
22.19,21.49,26.15,21.32,34.32933809800001,16.375,10.312,2020-02-09T11:32:00.0
22.83,20.55,25.87,21.52,33.59403555200001,16.437,10.437,2020-02-09T11:33:00.0
23.21,21.61,26.65,21.65,33.460178248000005,16.437,10.437,2020-02-09T11:34:00.0
22.13,19.41,25.79,21.47,33.192310472,16.5,10.687,2020-02-09T11:35:00.0
22.71,20.67,26.21,21.28,34.128954208,16.437,10.687,2020-02-09T11:36:00.0
22.43,20.31,25.61,21.62,32.790125888000006,16.5,11,2020-02-09T11:37:00.0
22.81,20.95,26.23,21.85,33.259296562,16.562,11.062,2020-02-09T11:38:00.0
22.51,19.47,25.93,21.55,33.0583,16.687,11.125,2020-02-09T11:39:00.0
22.65,20.37,26.03,21.62,32.924238472000006,16.625,11.062,2020-02-09T11:40:00.0
22.71,20.61,26.29,21.8,33.024789404500005,16.687,11.125,2020-02-09T11:41:00.0
23.09,20.21,26.37,22.07,32.6895079445,16.687,11.187,2020-02-09T11:42:00.0
22.89,20.73,25.93,22.12,32.185987442000005,16.75,11.25,2020-02-09T11:43:00.0
22.37,20.27,25.97,21.75,32.924238472000006,16.75,11.125,2020-02-09T11:44:00.0
22.31,19.23,25.81,21.69,32.28674898050001,16.75,11.125,2020-02-09T11:45:00.0
22.81,20.51,25.75,21.84,32.7565897645,16.687,11.187,2020-02-09T11:46:00.0
23.39,21.23,26.99,22.48,32.253164992,16.75,11.562,2020-02-09T11:47:00.0
23.23,21.11,26.49,22.9,31.378861250000003,16.812,11.812,2020-02-09T11:48:00.0
23.63,20.99,27.09,23.06,30.907188832000006,16.937,12,2020-02-09T11:49:00.0
22.99,21.07,27.47,23.26,30.029566450000008,17.062,12.187,2020-02-09T11:50:00.0
23.11,20.31,27.43,23.57,29.9957686645,17.062,12.5,2020-02-09T11:51:00.0
22.93,20.99,27.37,23.27,30.299833858000003,17.375,12.437,2020-02-09T11:52:00.0
23.03,21.29,27.35,23.18,30.70485205,17.5,12.312,2020-02-09T11:53:00.0
22.99,21.61,27.85,23.46,29.96196768800001,17.5,12.437,2020-02-09T11:54:00.0
22.59,20.55,27.63,23.6,29.691445,17.625,12.562,2020-02-09T11:55:00.0
22.63,20.83,27.75,23.6,29.691445,17.687,12.687,2020-02-09T11:56:00.0
22.53,20.93,28.07,23.24,30.434890978000002,17.75,12.625,2020-02-09T11:57:00.0
21.740000000000002,20.759999999999998,27.58,23.165,30.333588565000003,17.75,12.5,2020-02-09T11:58:00.0
20.95,20.59,27.09,23.09,30.232286152000004,17.75,12.375,2020-02-09T11:59:00.0
20.93,20.11,27.53,23.33,30.232286152000004,17.75,12.437,2020-02-09T12:00:00.0
20.43,20.51,27.31,23.25,30.401131484500006,17.687,12.312,2020-02-09T12:01:00.0
20.01,20.01,27.31,23,30.974608898000007,17.687,12.562,2020-02-09T12:02:00.0
19.67,20.59,27.41,23,30.637380928000002,17.687,12.437,2020-02-09T12:03:00.0
19.61,20.45,27.03,23.12,30.83975600200001,17.625,12.375,2020-02-09T12:04:00.0
18.87,20.65,27.37,23.24,30.333602924500006,17.625,12.375,2020-02-09T12:05:00.0
19.33,21.57,28.53,23.92,31.378861250000003,17.625,12.437,2020-02-09T12:06:00.0
18.41,20.67,28.23,23.82,30.029566450000008,17.75,12.625,2020-02-09T12:07:00.0
17.75,21.51,27.67,24.1,30.130940660500002,17.812,12.687,2020-02-09T12:08:00.0
17.47,20.45,27.49,23.8,29.9957686645,17.812,12.687,2020-02-09T12:09:00.0
17.75,20.55,28.19,23.5,30.70485205,17.812,12.312,2020-02-09T12:10:00.0
17.11,19.89,27.63,23.35,30.637380928000002,17.875,12.437,2020-02-09T12:11:00.0
16.91,20.95,28.31,23.4,30.907188832000006,17.875,12.5,2020-02-09T12:12:00.0
16.43,20.15,28.05,23.42,30.569897042,17.937,12.562,2020-02-09T12:13:00.0
15.93,19.89,27.99,22.85,31.479852540500005,17.937,12.437,2020-02-09T12:14:00.0
15.61,20.59,28.43,23.03,31.715387200000006,17.875,12.25,2020-02-09T12:15:00.0
16.03,20.99,28.77,23.8,31.176792512000006,17.875,12.437,2020-02-09T12:16:00.0
15.35,20.93,28.37,23.96,30.299833858000003,17.937,12.625,2020-02-09T12:17:00.0
16.07,20.89,29.03,23.9,30.502400392000002,18,12.687,2020-02-09T12:18:00.0
15.67,20.67,28.45,23.92,30.367368800000005,18.062,12.625,2020-02-09T12:19:00.0
15.15,20.61,28.59,23.58,30.772310408,18.062,12.437,2020-02-09T12:20:00.0
15.61,20.59,28.63,23.74,30.367368800000005,18.062,12.5,2020-02-09T12:21:00.0
15.29,20.59,27.93,23.76,30.637380928000002,18.062,12.5,2020-02-09T12:22:00.0
15.35,20.37,28.39,23.52,31.345191104500007,18.062,12.625,2020-02-09T12:23:00.0
15.15,20.27,28.51,23.82,31.042016200000006,18.062,12.687,2020-02-09T12:24:00.0
15.09,19.93,28.11,23.72,30.569897042,18.062,12.562,2020-02-09T12:25:00.0
15.47,20.09,27.93,23.46,31.109410738000005,18,12.375,2020-02-09T12:26:00.0
15.25,20.33,28.27,23.23,31.176792512000006,18,12.375,2020-02-09T12:27:00.0
15.31,20.09,27.49,22.91,31.917149602000006,17.875,12.187,2020-02-09T12:28:00.0
16.29,21.07,28.31,23.09,31.917149602000006,17.812,12.25,2020-02-09T12:29:00.0
15.75,19.89,27.87,22.99,31.648107538,17.812,12.312,2020-02-09T12:30:00.0
15.37,19.93,27.25,22.5,31.648107538,17.812,12.187,2020-02-09T12:31:00.0
15.829999999999998,20.13,27.58,23.005000000000003,31.378759138000003,17.7185,12.2495,2020-02-09T12:32:00.0
16.29,20.33,27.91,23.51,31.109410738000005,17.625,12.312,2020-02-09T12:33:00.0
17.51,20.65,28.19,23.27,31.715387200000006,17.625,12.187,2020-02-09T12:34:00.0
17.53,20.09,27.93,23.37,31.244161522000002,17.562,12.187,2020-02-09T12:35:00.0
16.85,20.73,28.37,22.97,32.051594050000006,17.5,12.125,2020-02-09T12:36:00.0
17.11,20.45,27.99,22.67,31.984378208000006,17.437,12,2020-02-09T12:37:00.0
17.09,20.59,28.19,22.76,32.3874818,17.312,12,2020-02-09T12:38:00.0
17.18,20.490000000000002,27.91,22.75,32.06825202225001,17.281,12.093499999999999,2020-02-09T12:39:00.0
17.27,20.39,27.63,22.74,31.749022244500004,17.25,12.187,2020-02-09T12:40:00.0
18.31,20.81,27.93,22.74,31.9507655005,17.187,12,2020-02-09T12:41:00.0
18.25,20.45,27.31,22.65,31.782654098000005,17.062,11.937,2020-02-09T12:42:00.0
18.55,20.31,28.13,22.48,32.58886128200001,17,11.812,2020-02-09T12:43:00.0
18.69,20.87,28.07,22.81,32.320329778,16.937,11.875,2020-02-09T12:44:00.0
18.79,20.81,27.87,22.7,32.3874818,16.875,11.812,2020-02-09T12:45:00.0
19.07,20.83,27.75,22.45,32.8236588205,16.812,11.812,2020-02-09T12:46:00.0
17.83,19.95,27.79,22.36,32.051594050000006,16.812,11.687,2020-02-09T12:47:00.0
18.17,20.33,27.49,22.07,32.72305045000001,16.687,11.562,2020-02-09T12:48:00.0
18.41,20.43,27.23,22.14,32.555306012500004,16.562,11.687,2020-02-09T12:49:00.0
18.79,21.11,27.55,22.32,32.320329778,16.5,11.812,2020-02-09T12:50:00.0
19.01,20.87,27.99,22.5,32.353907384500005,16.437,11.75,2020-02-09T12:51:00.0
18.63,20.45,27.81,22.58,32.320329778,16.437,11.812,2020-02-09T12:52:00.0
18.75,21.23,27.69,22.71,32.421053024500004,16.375,11.875,2020-02-09T12:53:00.0
19.51,21.27,27.99,22.51,32.185987442000005,16.375,11.875,2020-02-09T12:54:00.0
19.63,21.63,28.23,22.81,32.219577812500006,16.375,11.812,2020-02-09T12:55:00.0
20.43,22.17,28.51,23.32,31.681748964500002,16.375,12.062,2020-02-09T12:56:00.0
19.89,21.29,27.75,23.4,30.333602924500006,16.437,12.187,2020-02-09T12:57:00.0
20.23,22.07,28.51,22.98,31.917149602000006,16.5,12.125,2020-02-09T12:58:00.0
19.55,21.45,28.25,23.07,31.378861250000003,16.562,12.25,2020-02-09T12:59:00.0
19.89,21.55,27.73,23.26,31.176792512000006,16.625,12.25,2020-02-09T13:00:00.0
19.79,21.57,28.69,23.07,31.378861250000003,16.625,12.187,2020-02-09T13:01:00.0
19.99,21.83,28.07,23.08,31.412528204500006,16.625,12.375,2020-02-09T13:02:00.0
20.27,21.83,28.33,23.33,31.109410738000005,16.75,12.5,2020-02-09T13:03:00.0
19.99,21.61,27.59,23.08,30.299833858000003,16.812,12.562,2020-02-09T13:04:00.0
20.89,22.17,28.77,23.12,31.681748964500002,16.875,12.562,2020-02-09T13:05:00.0
21.17,22.57,28.69,23.03,31.681748964500002,16.875,12.5,2020-02-09T13:06:00.0
20.73,22.59,28.63,23.55,30.772310408,17,12.687,2020-02-09T13:07:00.0
21.27,22.35,28.59,23.28,30.637380928000002,17.062,12.812,2020-02-09T13:08:00.0
21.37,22.81,28.83,23.3,31.109410738000005,17.125,12.812,2020-02-09T13:09:00.0
21.44,23.009999999999998,28.86,23.865000000000002,30.535689213000005,17.25,13.062,2020-02-09T13:10:00.0
21.51,23.21,28.89,24.43,29.96196768800001,17.375,13.312,2020-02-09T13:11:00.0
21.73,23.05,28.85,24.23,29.014244800000007,17.625,13.5,2020-02-09T13:12:00.0
22.19,23.81,28.97,24.49,30.1985075125,17.812,13.562,2020-02-09T13:13:00.0
21.89,23.41,29.25,24.06,30.164725682000004,18,13.437,2020-02-09T13:14:00.0
22.51,23.87,29.45,24.17,29.96196768800001,18.062,13.5,2020-02-09T13:15:00.0
22.59,23.57,30.15,24.46,29.860545612500005,18.25,13.375,2020-02-09T13:16:00.0
21.95,22.87,28.79,24,29.149786952000007,18.312,13.437,2020-02-09T13:17:00.0
21.37,23.41,29.05,24.15,30.232286152000004,18.312,13.375,2020-02-09T13:18:00.0
21.27,23.17,29.03,23.79,29.488418962000004,18.437,13.437,2020-02-09T13:19:00.0
20.67,23.03,28.75,23.76,30.367368800000005,18.5,13.375,2020-02-09T13:20:00.0
21.05,23.17,29.19,23.55,30.502400392000002,18.437,13.25,2020-02-09T13:21:00.0
20.67,22.81,28.17,23.5,30.266061600500002,18.437,13.125,2020-02-09T13:22:00.0
20.49,23.17,28.63,23.47,30.367368800000005,18.437,13.125,2020-02-09T13:23:00.0
20.939999999999998,23.380000000000003,28.799999999999997,23.57,30.502374864000004,18.4685,13.218499999999999,2020-02-09T13:24:00.0
21.39,23.59,28.97,23.67,30.637380928000002,18.5,13.312,2020-02-09T13:25:00.0
20.99,23.29,28.37,24.15,29.488418962000004,18.562,13.687,2020-02-09T13:26:00.0
20.83,23.09,28.71,23.71,30.468647280500008,18.687,13.5,2020-02-09T13:27:00.0
20.61,23.47,28.33,23.78,30.367368800000005,18.687,13.5,2020-02-09T13:28:00.0
21.57,24.27,29.09,24.59,29.759094818,18.75,13.812,2020-02-09T13:29:00.0
21.57,23.87,28.97,24.14,30.1985075125,18.875,13.75,2020-02-09T13:30:00.0
21.05,23.59,28.85,24,30.164725682000004,18.937,13.562,2020-02-09T13:31:00.0
21.29,23.59,28.39,24.09,29.353004450000004,19,13.687,2020-02-09T13:32:00.0
21.29,23.75,28.47,24.2,29.826731872,19.125,13.875,2020-02-09T13:33:00.0
21.61,23.97,29.09,24.3,29.691445,19.187,13.875,2020-02-09T13:34:00.0
20.71,23.63,28.27,24.36,29.759094818,19.25,13.812,2020-02-09T13:35:00.0
20.93,23.59,28.89,24.22,29.89435616200001,19.25,13.75,2020-02-09T13:36:00.0
21.01,23.23,28.47,23.74,30.063361044500002,19.312,13.562,2020-02-09T13:37:00.0
20.87,22.59,28.27,23.76,30.266061600500002,19.25,13.687,2020-02-09T13:38:00.0
21.15,23.11,28.37,23.87,30.299833858000003,19.25,13.562,2020-02-09T13:39:00.0
20.77,23.03,28.33,23.66,30.83975600200001,19.187,13.562,2020-02-09T13:40:00.0
19.77,22.37,28.23,23.86,29.89435616200001,19.187,13.562,2020-02-09T13:41:00.0
20.39,22.25,27.69,23.22,31.109410738000005,19.187,13.437,2020-02-09T13:42:00.0
19.99,22.11,28.27,23.36,31.176792512000006,19.125,13.437,2020-02-09T13:43:00.0
19.45,22.41,28.33,23.66,30.468647280500008,19.125,13.75,2020-02-09T13:44:00.0
20.21,22.51,28.57,23.66,30.468647280500008,19.187,13.75,2020-02-09T13:45:00.0
20.05,22.53,28.59,23.58,30.806034800500004,19.25,13.812,2020-02-09T13:46:00.0
19.51,22.01,27.43,23.23,30.83975600200001,19.187,13.625,2020-02-09T13:47:00.0
19.19,21.89,27.29,22.82,31.075715064500002,19.125,13.312,2020-02-09T13:48:00.0
19.41,21.89,27.93,23.38,31.513509922,19,13.437,2020-02-09T13:49:00.0
18.81,21.67,27.41,23.09,31.176792512000006,19,13.312,2020-02-09T13:50:00.0
18.479999999999997,21.48,26.97,22.505000000000003,32.033753812250005,18.875,12.968499999999999,2020-02-09T13:51:00.0
18.15,21.29,26.53,21.92,32.890715112500004,18.75,12.625,2020-02-09T13:52:00.0
17.99,21.17,27.03,21.72,33.59403555200001,18.562,12.437,2020-02-09T13:53:00.0
17.53,20.45,26.55,21.66,33.192310472,18.375,12.312,2020-02-09T13:54:00.0
17.51,20.73,27.11,21.76,33.627491900500004,18.25,12.312,2020-02-09T13:55:00.0
17.75,20.99,27.21,22.06,33.59403555200001,18.125,12.25,2020-02-09T13:56:00.0
17.67,20.43,26.35,21.64,33.192310472,18.062,12.187,2020-02-09T13:57:00.0
17.67,20.89,27.29,21.96,33.995301128,18,12.125,2020-02-09T13:58:00.0
17.57,20.39,26.79,21.83,33.192310472,18.062,12.125,2020-02-09T13:59:00.0
17.17,20.27,26.83,21.8,33.861596992,17.937,12,2020-02-09T14:00:00.0
17.63,20.73,26.37,22.15,33.326269888,17.875,12.187,2020-02-09T14:01:00.0
16.89,20.39,25.59,21.88,32.320329778,17.875,12.25,2020-02-09T14:02:00.0
16.89,20.09,26.15,21.27,33.861596992,17.875,12.062,2020-02-09T14:03:00.0
17.37,20.89,26.31,21.48,34.3627242445,17.812,12.062,2020-02-09T14:04:00.0
17.43,20.93,26.65,21.78,33.694395024500004,17.812,12.312,2020-02-09T14:05:00.0
17.33,21.33,26.17,21.78,33.259296562,17.75,12.312,2020-02-09T14:06:00.0
17.27,21.17,26.05,21.89,33.2927848205,17.75,12.437,2020-02-09T14:07:00.0
17.09,21.23,25.61,21.71,33.192310472,17.75,12.375,2020-02-09T14:08:00.0
16.95,20.55,25.69,21.33,33.660945058,17.687,12.187,2020-02-09T14:09:00.0
17.27,21.49,25.97,21.56,33.0583,17.562,12.187,2020-02-09T14:10:00.0
17.31,21.43,25.11,21.47,33.660945058,17.562,12.312,2020-02-09T14:11:00.0
17.43,21.83,25.17,21.04,34.095545724500006,17.5,12.187,2020-02-09T14:12:00.0
17.16,21.729999999999997,25.05,21.03,33.94513575125001,17.406,12.187,2020-02-09T14:13:00.0
16.89,21.63,24.93,21.02,33.79472577800001,17.312,12.187,2020-02-09T14:14:00.0
17.25,22.59,25.81,21.11,34.929800512,17.312,12.187,2020-02-09T14:15:00.0
17.53,22.31,25.79,21.23,34.32933809800001,17.312,12.187,2020-02-09T14:16:00.0
17.59,22.57,26.05,21.56,33.59403555200001,17.312,12.375,2020-02-09T14:17:00.0
17.51,22.17,25.53,21.27,33.7612853845,17.312,12.312,2020-02-09T14:18:00.0
17.69,23.57,25.67,21.22,34.128954208,17.312,12.312,2020-02-09T14:19:00.0
18.01,23.65,25.59,21.48,33.660945058,17.25,12.5,2020-02-09T14:20:00.0
18.31,23.39,25.75,21.85,32.454621058,17.312,12.687,2020-02-09T14:21:00.0
18.05,24.05,25.67,21.48,33.326269888,17.437,12.625,2020-02-09T14:22:00.0
17.95,23.71,25.69,21.68,32.924238472000006,17.375,12.625,2020-02-09T14:23:00.0
18.15,24.39,25.19,21.61,32.8236588205,17.375,12.562,2020-02-09T14:24:00.0
18.09,24.47,25.43,21.68,32.454621058,17.437,12.687,2020-02-09T14:25:00.0
18.25,24.99,25.55,21.62,32.253164992,17.437,12.687,2020-02-09T14:26:00.0
18.31,24.95,25.23,21.54,32.320329778,17.375,12.687,2020-02-09T14:27:00.0
18.43,25.55,25.35,21.79,31.849908232000004,17.375,12.812,2020-02-09T14:28:00.0
18.49,25.63,25.37,21.68,31.849908232000004,17.375,12.937,2020-02-09T14:29:00.0
18.56,25.89,25.3,21.82,31.412258565000005,17.4375,13.062,2020-02-09T14:30:00.0
18.63,26.15,25.23,21.96,30.974608898000007,17.5,13.187,2020-02-09T14:31:00.0
19.33,26.53,25.85,22.06,31.109410738000005,17.562,13.25,2020-02-09T14:32:00.0
19.45,26.85,25.55,22.3,31.0083141445,17.625,13.312,2020-02-09T14:33:00.0
19.07,27.43,25.61,22.53,30.164725682000004,17.75,13.562,2020-02-09T14:34:00.0
19.45,27.61,25.47,22.42,30.299833858000003,17.812,13.625,2020-02-09T14:35:00.0
19.67,27.87,25.53,22.34,30.434890978000002,17.875,13.812,2020-02-09T14:36:00.0
19.55,27.23,25.29,22.22,30.1985075125,17.937,13.812,2020-02-09T14:37:00.0
19.71,27.29,25.59,22.2,29.96196768800001,18,13.812,2020-02-09T14:38:00.0
19.73,27.31,25.11,22.18,29.89435616200001,18.062,13.75,2020-02-09T14:39:00.0
19.87,27.55,25.41,22.36,29.826731872,18.062,13.812,2020-02-09T14:40:00.0
19.87,27.29,24.95,22.34,30.772310408,18.125,13.75,2020-02-09T14:41:00.0
20.23,27.61,25.35,22.34,30.434890978000002,18.125,13.75,2020-02-09T14:42:00.0
19.93,27.43,25.17,22.14,30.70485205,18.125,13.625,2020-02-09T14:43:00.0
19.95,27.53,24.75,22.2,30.434890978000002,18.125,13.5,2020-02-09T14:44:00.0
20.27,27.73,25.31,22.59,31.042016200000006,18.062,13.562,2020-02-09T14:45:00.0
19.77,27.59,24.89,22.76,29.89435616200001,18,13.437,2020-02-09T14:46:00.0
20.39,28.19,25.81,22.6,31.109410738000005,17.937,13.375,2020-02-09T14:47:00.0
20.33,28.47,25.55,22.68,31.648107538,17.937,13.5,2020-02-09T14:48:00.0
20.27,27.29,24.95,22.29,31.580815112,18,13.562,2020-02-09T14:49:00.0
20.21,27.39,24.79,21.805,32.16870243825,18,13.468499999999999,2020-02-09T14:50:00.0
20.15,27.49,24.63,21.32,32.7565897645,18,13.375,2020-02-09T14:51:00.0
19.89,27.67,24.33,20.9,33.125311618000005,17.875,13.312,2020-02-09T14:52:00.0
20.17,27.53,24.65,20.72,33.79472577800001,17.812,13.312,2020-02-09T14:53:00.0
19.79,27.05,24.45,20.98,33.660945058,17.812,13.312,2020-02-09T14:54:00.0
19.45,27.21,23.81,20.52,34.062134050000004,17.75,13.312,2020-02-09T14:55:00.0
19.89,26.87,24.21,20.46,34.72976125,17.625,13.25,2020-02-09T14:56:00.0
19.79,27.55,23.81,20.41,35.46267692800001,17.562,13.125,2020-02-09T14:57:00.0
19.81,27.4,23.490000000000002,20.335,35.52922266,17.4995,13.093499999999999,2020-02-09T14:58:00.0
19.83,27.25,23.17,20.26,35.595768392000004,17.437,13.062,2020-02-09T14:59:00.0
19.23,26.85,22.51,20.1,35.529229042000004,17.375,12.937,2020-02-09T15:00:00.0
19.25,26.65,22.89,20.02,35.7288088,17.25,12.812,2020-02-09T15:01:00.0
19.05,26.29,22.4,19.67,36.0610269,17.125,12.687,2020-02-09T15:02:00.0
18.85,25.93,21.91,19.32,36.39324500000001,17,12.562,2020-02-09T15:03:00.0
19.17,26.73,22.57,19.49,36.62549612050001,16.937,12.562,2020-02-09T15:04:00.0
19.13,26.23,21.85,19.54,36.592326962,16.812,12.625,2020-02-09T15:05:00.0
18.63,26.31,21.45,19.45,37.32131132800001,16.812,12.562,2020-02-09T15:06:00.0
18.85,26.35,21.21,19.23,36.99014625800001,16.687,12.5,2020-02-09T15:07:00.0
19.19,26.43,20.99,18.89,37.652157298,16.625,12.625,2020-02-09T15:08:00.0
18.95,26.71,20.71,18.71,38.11480556800001,16.625,12.625,2020-02-09T15:09:00.0
18.53,25.81,20.49,18.56,38.3788952,16.562,12.687,2020-02-09T15:10:00.0
18.85,26.05,20.45,18.33,38.576828402000004,16.562,12.687,2020-02-09T15:11:00.0
18.87,26.31,20.39,18.29,39.16993875200001,16.5,12.687,2020-02-09T15:12:00.0
18.65,26.35,19.47,18.35,39.7948780405,16.5,12.625,2020-02-09T15:13:00.0
18.43,25.75,19.79,18.38,39.69628000000001,16.5,12.687,2020-02-09T15:14:00.0
18.09,24.93,18.97,18.09,40.1889830125,16.437,12.562,2020-02-09T15:15:00.0
17.69,25.25,18.95,17.86,39.69628000000001,16.375,12.375,2020-02-09T15:16:00.0
17.83,25.93,18.71,17.78,40.91031536050001,16.312,12.375,2020-02-09T15:17:00.0
17.47,25.37,18.91,18.03,39.827737672000005,16.25,12.437,2020-02-09T15:18:00.0
17.05,25.13,18.63,18.04,39.268689960500005,16.187,12.312,2020-02-09T15:19:00.0
17.37,25.69,18.49,17.98,40.48426019200001,16.187,12.312,2020-02-09T15:20:00.0
17.27,25.87,18.01,18.2,39.531886112500004,16.125,12.25,2020-02-09T15:21:00.0
16.69,25.75,17.79,18.34,39.20285901250001,16.125,12.5,2020-02-09T15:22:00.0
16.99,25.85,17.59,18.38,39.038225800000006,16.187,12.625,2020-02-09T15:23:00.0
16.549999999999997,25.73,17.560000000000002,18.5,39.10408227600001,16.187,12.625,2020-02-09T15:24:00.0
16.11,25.61,17.53,18.62,39.16993875200001,16.187,12.625,2020-02-09T15:25:00.0
15.45,25.63,17.15,18.54,39.005289584500005,16.187,12.625,2020-02-09T15:26:00.0
15.55,25.81,17.01,18.25,38.90646179200001,16.187,12.437,2020-02-09T15:27:00.0
15.31,25.87,16.91,18.46,39.16993875200001,16.125,12.562,2020-02-09T15:28:00.0
15.09,25.35,16.69,18.58,38.180847122,16.125,12.687,2020-02-09T15:29:00.0
14.79,25.13,16.29,18.68,38.3788952,16.125,12.687,2020-02-09T15:30:00.0
14.59,24.63,16.59,18.52,38.31289193800001,16.125,12.562,2020-02-09T15:31:00.0
14.35,25.73,16.63,18.54,39.498997762,16.125,12.562,2020-02-09T15:32:00.0
14.41,25.41,16.79,18.6,38.90646179200001,16.125,12.5,2020-02-09T15:33:00.0
14.49,25.11,16.39,18.62,38.444885698,16.125,12.437,2020-02-09T15:34:00.0
14.21,25.11,15.81,18.53,38.1478279405,16.125,12.5,2020-02-09T15:35:00.0
14.21,25.81,16.29,18.88,38.807605280500006,16.125,12.5,2020-02-09T15:36:00.0
14.71,25.59,15.87,19.22,37.586013632000004,16.062,12.562,2020-02-09T15:37:00.0
14.39,25.31,15.85,19.27,36.791294048000005,16.125,12.687,2020-02-09T15:38:00.0
14.71,25.29,16.13,19.4,36.658662088,16.125,12.687,2020-02-09T15:39:00.0
15.15,25.11,15.71,19.5,36.12762368800001,16.187,12.75,2020-02-09T15:40:00.0
15.15,25.11,15.77,19.66,35.262944002000005,16.25,12.875,2020-02-09T15:41:00.0
15.61,25.87,16.17,20.04,34.863133522000005,16.25,12.937,2020-02-09T15:42:00.0
15.55,25.19,16.01,19.98,34.663055968,16.25,12.937,2020-02-09T15:43:00.0
15.47,25.53,15.97,20.18,34.929800512,16.187,12.875,2020-02-09T15:44:00.0
16.23,25.67,16.13,20.55,33.96187988050001,16.187,12.937,2020-02-09T15:45:00.0
16.49,25.61,16.47,20.88,33.460178248000005,16.25,13,2020-02-09T15:46:00.0
16.59,25.41,16.39,20.74,33.460178248000005,16.312,13.125,2020-02-09T15:47:00.0
16.95,25.25,16.65,20.89,32.353907384500005,16.312,13.25,2020-02-09T15:48:00.0
17.27,25.61,16.63,20.94,33.125311618000005,16.375,13.312,2020-02-09T15:49:00.0
17.53,24.89,16.69,20.87,32.924238472000006,16.375,13.25,2020-02-09T15:50:00.0
17.33,24.47,16.69,20.34,33.52711328200001,16.375,13.062,2020-02-09T15:51:00.0
17.47,24.45,16.53,20.18,34.52960711200001,16.375,13.062,2020-02-09T15:52:00.0
17.47,24.05,16.65,19.99,34.062134050000004,16.375,13.125,2020-02-09T15:53:00.0
17.37,23.99,16.57,19.72,34.46286353800001,16.312,13.125,2020-02-09T15:54:00.0
17.43,23.23,16.39,19.45,35.595768392000004,16.312,13.062,2020-02-09T15:55:00.0
17.69,24.05,16.85,19.61,36.12762368800001,16.187,13,2020-02-09T15:56:00.0
17.73,23.87,16.73,19.76,36.260459872000006,16.187,13,2020-02-09T15:57:00.0
17.37,23.71,16.79,19.82,36.19404816200001,16.187,13,2020-02-09T15:58:00.0
17.73,23.85,17.27,19.96,36.525979072000005,16.125,13,2020-02-09T15:59:00.0
17.83,23.69,17.17,20,36.06118645000001,16.125,12.937,2020-02-09T16:00:00.0
18.05,24.29,17.51,20.1,36.525979072000005,16.125,12.937,2020-02-09T16:01:00.0
18.65,24.99,18.17,20.66,36.06118645000001,16.187,13,2020-02-09T16:02:00.0
18.37,24.27,17.43,20.46,36.459618418000005,16.187,13,2020-02-09T16:03:00.0
17.69,23.97,17.53,20.37,36.857590882000004,16.187,13,2020-02-09T16:04:00.0
17.41,22.65,16.89,19.64,38.34589516450001,16.125,12.875,2020-02-09T16:05:00.0
17.05,21.55,16.75,18.9,39.76201521800001,16,12.625,2020-02-09T16:06:00.0
16.85,22.23,16.57,18.61,41.466650722000004,15.875,12.625,2020-02-09T16:07:00.0
16.83,21.79,16.75,18.8,41.303118404500005,15.812,12.687,2020-02-09T16:08:00.0
16.95,21.21,16.63,18.64,42.054706528000004,15.75,12.875,2020-02-09T16:09:00.0
17.15,21.33,16.65,18.27,43.09758627200001,15.687,12.812,2020-02-09T16:10:00.0
17.21,21.79,16.53,18.54,43.487823752000004,15.625,12.75,2020-02-09T16:11:00.0
16.23,21.15,16.53,18.44,43.227716488000006,15.562,12.687,2020-02-09T16:12:00.0
16.85,21.01,16.47,18.26,43.8451377805,15.562,12.625,2020-02-09T16:13:00.0
16.73,20.77,16.57,18.44,43.8451377805,15.437,12.625,2020-02-09T16:14:00.0
16.65,21.27,16.37,18.46,44.137198432000005,15.437,12.687,2020-02-09T16:15:00.0
16.29,21.07,16.57,18.42,44.461407122000004,15.375,12.625,2020-02-09T16:16:00.0
16.29,20.81,16.21,18.17,45.044178632000005,15.312,12.625,2020-02-09T16:17:00.0
16.75,21.23,16.75,18.46,44.5586075045,15.312,12.562,2020-02-09T16:18:00.0
16.43,20.87,16.23,18.21,45.367493842,15.25,12.5,2020-02-09T16:19:00.0
16.39,21.29,16.53,18.4,45.755050882000006,15.187,12.562,2020-02-09T16:20:00.0
16.01,21.07,16.47,18.46,46.39995816200001,15.187,12.625,2020-02-09T16:21:00.0
16.69,21.63,16.95,18.94,45.948657088000004,15.187,12.75,2020-02-09T16:22:00.0
16.85,20.93,16.17,18.79,46.01316696200001,15.25,12.875,2020-02-09T16:23:00.0
17.33,21.63,16.91,19.01,45.6582047005,15.25,13,2020-02-09T16:24:00.0
17.11,21.83,16.75,19.02,45.367493842,15.312,12.875,2020-02-09T16:25:00.0
17.1,21.47,16.77,19.015,45.96423969325001,15.312,12.905999999999999,2020-02-09T16:26:00.0
17.09,21.11,16.79,19.01,46.56098554450001,15.312,12.937,2020-02-09T16:27:00.0
17.57,22.01,16.83,19.25,46.39995816200001,15.312,12.937,2020-02-09T16:28:00.0
16.73,21.85,16.73,19.36,45.496730578000005,15.375,12.875,2020-02-09T16:29:00.0
17.47,21.97,17.05,19.57,45.270532784500006,15.375,12.875,2020-02-09T16:30:00.0
17.09,21.89,17.41,19.72,45.011829560500004,15.312,13,2020-02-09T16:31:00.0
16.95,22.01,17.15,19.74,44.655779168,15.375,13,2020-02-09T16:32:00.0
17.09,21.83,17.01,19.74,45.044178632000005,15.375,13.062,2020-02-09T16:33:00.0
17.01,22.17,17.09,19.86,44.396590912,15.437,13,2020-02-09T16:34:00.0
16.79,21.77,17.09,19.75,44.33176193800001,15.437,13,2020-02-09T16:35:00.0
17.27,21.97,17.41,19.92,44.6233918045,15.437,12.812,2020-02-09T16:36:00.0
17.21,22.37,17.51,20.12,44.72054432200001,15.437,12.875,2020-02-09T16:37:00.0
17.43,22.07,17.41,19.88,44.655779168,15.375,12.875,2020-02-09T16:38:00.0
16.93,22.09,17.33,19.729999999999997,45.09240547625001,15.405999999999999,12.905999999999999,2020-02-09T16:39:00.0
16.43,22.11,17.25,19.58,45.529031784500006,15.437,12.937,2020-02-09T16:40:00.0
17.21,21.63,16.89,19.54,45.884134450000005,15.437,13,2020-02-09T16:41:00.0
17.89,22.29,17.09,19.84,45.755050882000006,15.437,13,2020-02-09T16:42:00.0
17.33,21.85,17.17,20.06,44.493810440500006,15.437,13,2020-02-09T16:43:00.0
17.17,22.05,17.09,20.1,44.1047600125,15.437,13,2020-02-09T16:44:00.0
16.99,21.63,17.01,19.71,45.432118592,15.437,13,2020-02-09T16:45:00.0
17.25,21.45,17.15,19.78,45.011829560500004,15.375,12.937,2020-02-09T16:46:00.0
17.25,21.85,17.17,20.11,44.364178020500006,15.375,12.937,2020-02-09T16:47:00.0
17.47,22.47,17.67,20.5,43.292762450000005,15.437,13,2020-02-09T16:48:00.0
17.15,22.01,17.27,20.53,43.1951887205,15.437,13.125,2020-02-09T16:49:00.0
17.47,22.05,17.27,20.38,43.520322800500004,15.5,13.125,2020-02-09T16:50:00.0
17.31,21.83,17.41,20.22,43.81267064200001,15.5,13,2020-02-09T16:51:00.0
17.05,21.79,17.31,20.09,43.87760172800001,15.5,12.937,2020-02-09T16:52:00.0
17.05,21.61,17.41,19.94,43.942520050000006,15.437,12.875,2020-02-09T16:53:00.0
16.91,21.39,17.15,19.95,44.2669202,15.437,12.937,2020-02-09T16:54:00.0
16.99,21.91,17.53,20.17,43.87760172800001,15.437,12.875,2020-02-09T16:55:00.0
16.63,21.39,16.83,19.77,44.29934266450001,15.437,12.937,2020-02-09T16:56:00.0
16.49,20.37,16.43,19.24,44.979477298000006,15.375,12.812,2020-02-09T16:57:00.0
16.21,20.34,16.43,19.095,45.431805874000005,15.280999999999999,12.718499999999999,2020-02-09T16:58:00.0
15.93,20.31,16.43,18.95,45.884134450000005,15.187,12.625,2020-02-09T16:59:00.0
16.03,20.39,16.47,18.85,46.6897500125,15.125,12.625,2020-02-09T17:00:00.0
16.03,20.11,16.27,18.43,47.42915489800001,15.125,12.625,2020-02-09T17:01:00.0
15.77,19.77,16.03,18.21,48.39105920800001,15.062,12.687,2020-02-09T17:02:00.0
15.93,19.17,15.93,17.96,48.743037884500005,15,12.625,2020-02-09T17:03:00.0
15.61,19.13,16.01,17.94,48.806992524500004,14.937,12.562,2020-02-09T17:04:00.0
15.45,18.87,15.77,17.9,49.541553472000004,14.937,12.5,2020-02-09T17:05:00.0
15.71,19.61,16.07,17.81,49.477745618,14.875,12.562,2020-02-09T17:06:00.0
15.45,18.87,15.81,17.86,49.222386562000004,14.812,12.562,2020-02-09T17:07:00.0
15.71,19.29,15.67,17.72,49.8285308605,14.75,12.562,2020-02-09T17:08:00.0
15.51,19.23,15.75,17.71,49.987851058000004,14.75,12.562,2020-02-09T17:09:00.0
15.21,18.43,15.57,17.62,49.92413255200001,14.687,12.562,2020-02-09T17:10:00.0
15.51,18.97,15.81,17.77,49.669130888000005,14.625,12.625,2020-02-09T17:11:00.0
15.29,18.87,15.85,17.95,48.647081992000004,14.625,12.625,2020-02-09T17:12:00.0
15.55,18.97,15.87,18.24,47.81426125,14.625,12.687,2020-02-09T17:13:00.0
15.51,19.33,16.13,18.58,46.528786450000005,14.625,12.937,2020-02-09T17:14:00.0
15.45,19.29,16.01,18.54,46.238851004500006,14.687,13,2020-02-09T17:15:00.0
15.65,18.95,16.29,18.4,46.3033034405,14.687,13,2020-02-09T17:16:00.0
15.65,18.85,16.33,18.45,46.528786450000005,14.687,12.875,2020-02-09T17:17:00.0
15.61,19.03,15.11,18.21,47.364925832000004,14.687,12.937,2020-02-09T17:18:00.0
15.31,18.63,15.81,18.07,47.55757473800001,14.75,12.875,2020-02-09T17:19:00.0
15.31,18.75,15.87,17.9,48.03869442050001,14.687,12.812,2020-02-09T17:20:00.0
15.37,18.81,15.81,18.08,47.621765512,14.687,12.812,2020-02-09T17:21:00.0
15.37,18.49,15.61,18,47.974586612500005,14.625,12.687,2020-02-09T17:22:00.0
15.11,18.63,15.77,17.9,48.2309412605,14.625,12.687,2020-02-09T17:23:00.0
15.05,18.11,15.41,17.69,48.99877986050001,14.562,12.562,2020-02-09T17:24:00.0
15.09,18.33,15.61,17.58,49.477745618,14.5,12.562,2020-02-09T17:25:00.0
15.05,18.43,15.97,17.81,50.05155680000001,14.5,12.625,2020-02-09T17:26:00.0
15.41,18.95,16.27,18.36,49.222386562000004,14.437,12.625,2020-02-09T17:27:00.0
14.95,18.47,15.29,18.11,49.764780444500005,14.5,12.687,2020-02-09T17:28:00.0
15.71,18.87,15.31,18.39,49.477745618,14.437,12.625,2020-02-09T17:29:00.0
15.31,19.01,16.49,18.79,48.55109738050001,14.375,12.625,2020-02-09T17:30:00.0
15.93,19.77,16.07,19.36,47.5896717205,14.437,12.687,2020-02-09T17:31:00.0
15.91,20.17,16.43,19.37,47.172162050000004,14.437,12.75,2020-02-09T17:32:00.0
16.11,19.55,16.29,19.48,47.14002358450001,14.437,12.812,2020-02-09T17:33:00.0
15.71,19.51,16.39,19.57,46.657563682,14.5,12.937,2020-02-09T17:34:00.0
16.23,19.89,16.11,19.84,45.884134450000005,14.562,12.937,2020-02-09T17:35:00.0
16.1,19.54,16.2,19.67,46.013141434000005,14.6245,12.968499999999999,2020-02-09T17:36:00.0
15.97,19.19,16.29,19.5,46.142148418000005,14.687,13,2020-02-09T17:37:00.0
16.43,19.23,16.23,19.47,46.36774311250001,14.687,13,2020-02-09T17:38:00.0
15.45,18.53,16.21,19.08,46.786289858,14.687,12.937,2020-02-09T17:39:00.0
15.85,19.29,16.37,18.92,47.65385611250001,14.687,12.937,2020-02-09T17:40:00.0
15.8,19.04,16.09,18.840000000000003,47.734058681250005,14.718499999999999,12.968499999999999,2020-02-09T17:41:00.0
15.75,18.79,15.81,18.76,47.81426125,14.75,13,2020-02-09T17:42:00.0
15.97,18.85,16.01,18.79,48.2309412605,14.75,13,2020-02-09T17:43:00.0
15.61,18.25,15.51,18.52,48.32702160200001,14.75,13,2020-02-09T17:44:00.0
15.55,19.07,15.85,18.72,48.647081992000004,14.75,13,2020-02-09T17:45:00.0
15.55,18.75,15.93,18.94,48.07074353800001,14.75,13,2020-02-09T17:46:00.0
15.35,18.53,15.77,18.6,48.870934400500005,14.75,13,2020-02-09T17:47:00.0
15.45,18.01,15.11,18.3,49.38200990450001,14.812,13,2020-02-09T17:48:00.0
15.87,18.05,15.41,18.12,50.433523208000004,14.812,13,2020-02-09T17:49:00.0
15.71,18.33,15.51,18.27,49.955993400500006,14.75,12.937,2020-02-09T17:50:00.0
15.65,18.41,15.55,18.4,49.860401282000005,14.75,13,2020-02-09T17:51:00.0
15.41,18.21,15.35,18.64,48.838965058,14.687,13.062,2020-02-09T17:52:00.0
15.35,17.89,15.29,18.64,47.33280651250001,14.75,13.125,2020-02-09T17:53:00.0
15.31,18.49,15.65,18.76,47.364925832000004,14.75,13.25,2020-02-09T17:54:00.0
15.55,18.05,15.93,18.74,46.721933152000005,14.75,13.25,2020-02-09T17:55:00.0
15.71,18.37,16.03,18.76,46.4321700205,14.812,13.312,2020-02-09T17:56:00.0
15.21,18.33,15.37,18.58,46.142148418000005,14.875,13.375,2020-02-09T17:57:00.0
15.21,17.93,15.51,18.31,46.528786450000005,14.937,13.437,2020-02-09T17:58:00.0
15.81,18.47,15.55,18.68,46.10990784050001,15,13.562,2020-02-09T17:59:00.0
15.65,18.43,15.37,18.7,45.7227720125,15,13.625,2020-02-09T18:00:00.0
15.35,18.33,15.93,18.56,46.20662,15.062,13.687,2020-02-09T18:01:00.0
15.35,18.55,15.75,18.67,46.238851004500006,15.125,13.687,2020-02-09T18:02:00.0
15.09,18.85,15.87,18.92,45.270532784500006,15.187,13.75,2020-02-09T18:03:00.0
15.47,19.13,15.87,18.76,45.302856328000004,15.25,13.875,2020-02-09T18:04:00.0
15.77,18.71,15.75,18.56,45.787326560500006,15.375,13.937,2020-02-09T18:05:00.0
15.21,19.19,16.01,18.54,46.3033034405,15.375,13.937,2020-02-09T18:06:00.0
16.29,19.25,16.13,18.33,46.657563682,15.437,13.875,2020-02-09T18:07:00.0
15.85,18.81,15.77,18.15,47.30068400200001,15.5,13.812,2020-02-09T18:08:00.0
16.07,18.87,15.93,18.02,47.782186604500005,15.5,13.875,2020-02-09T18:09:00.0
15.11,18.59,16.01,18.08,47.718027740500006,15.562,13.875,2020-02-09T18:10:00.0
15.81,18.71,16.01,17.84,48.39105920800001,15.562,14,2020-02-09T18:11:00.0
15.65,18.63,15.45,17.59,48.870934400500005,15.562,13.875,2020-02-09T18:12:00.0
15.71,18.87,15.67,17.6,49.35009161800001,15.562,13.812,2020-02-09T18:13:00.0
15.51,18.31,15.35,17.44,49.413925000000006,15.562,13.812,2020-02-09T18:14:00.0
15.31,18.41,15.87,17.42,49.222386562000004,15.562,13.812,2020-02-09T18:15:00.0
15.67,18.41,15.75,17.24,49.38200990450001,15.5,13.812,2020-02-09T18:16:00.0
15.19,17.67,15.21,17.04,49.669130888000005,15.437,13.687,2020-02-09T18:17:00.0
14.99,17.93,15.45,16.88,49.92413255200001,15.375,13.5,2020-02-09T18:18:00.0
14.89,18.11,15.55,16.85,49.79665724800001,15.375,13.5,2020-02-09T18:19:00.0
14.69,17.63,15.37,16.76,49.6372413205,15.312,13.312,2020-02-09T18:20:00.0
14.89,17.59,14.89,16.54,49.955993400500006,15.25,13.187,2020-02-09T18:21:00.0
14.45,16.95,14.35,16.41,49.987851058000004,15.125,13.062,2020-02-09T18:22:00.0
14.59,16.99,15.11,16.13,50.719696464500004,15,12.875,2020-02-09T18:23:00.0
14.51,16.95,14.75,16,51.57666540800001,14.937,12.75,2020-02-09T18:24:00.0
14.25,16.43,14.39,15.8,51.98845042450001,14.875,12.625,2020-02-09T18:25:00.0
14.19,16.39,14.25,15.66,52.33646268800001,14.75,12.562,2020-02-09T18:26:00.0
13.81,16.73,14.01,15.47,52.68408884050001,14.625,12.437,2020-02-09T18:27:00.0
14.31,16.07,14.21,15.46,52.6209128045,14.562,12.375,2020-02-09T18:28:00.0
13.95,16.29,14.21,15.41,52.399696162000005,14.5,12.437,2020-02-09T18:29:00.0
13.99,16.23,13.69,15.39,52.841973088,14.375,12.437,2020-02-09T18:30:00.0
14.41,16.39,14.35,15.29,53.1890376245,14.312,12.375,2020-02-09T18:31:00.0
14.41,16.03,13.99,15.22,53.252098784500006,14.312,12.375,2020-02-09T18:32:00.0
14.25,16.17,14.15,15.11,53.630197700500005,14.312,12.312,2020-02-09T18:33:00.0
13.91,15.91,13.89,15.07,53.72465063200001,14.25,12.25,2020-02-09T18:34:00.0
13.85,16.11,13.75,15.16,53.535716050000005,14.25,12.375,2020-02-09T18:35:00.0
14.31,15.93,14.21,15.2,53.850543200000004,14.187,12.312,2020-02-09T18:36:00.0
14.19,15.41,13.79,15.2,53.3781828125,14.187,12.312,2020-02-09T18:37:00.0
14.096666666666666,15.423333333333334,13.696666666666665,15.139999999999999,53.262564835666666,14.166333333333332,12.353666666666665,2020-02-09T18:38:00.0
14.003333333333332,15.436666666666667,13.603333333333332,15.079999999999998,53.14694685883333,14.145666666666665,12.395333333333332,2020-02-09T18:39:00.0
13.91,15.45,13.51,15.02,53.031328882000004,14.125,12.437,2020-02-09T18:40:00.0
13.99,15.37,13.71,15.08,52.58932000000001,14.125,12.562,2020-02-09T18:41:00.0
13.85,15.31,13.07,15.06,52.6209128045,14.125,12.625,2020-02-09T18:42:00.0
13.85,15.11,13.07,15,52.36808102050001,14.125,12.625,2020-02-09T18:43:00.0
13.75,15.09,13.61,15.05,52.115045012500005,14.125,12.75,2020-02-09T18:44:00.0
13.82,14.99,13.5,15.04,52.099223082250006,14.155999999999999,12.8125,2020-02-09T18:45:00.0
13.89,14.89,13.39,15.03,52.083401152,14.187,12.875,2020-02-09T18:46:00.0
12.39,15.15,13.49,15.13,51.893470978,14.187,12.875,2020-02-09T18:47:00.0
13.35,14.81,13.39,15.12,51.735108080500005,14.187,12.937,2020-02-09T18:48:00.0
13.45,15.05,13.21,15.05,51.70342592800001,14.187,12.937,2020-02-09T18:49:00.0
13.31,14.35,13.27,14.94,51.98845042450001,14.25,12.875,2020-02-09T18:50:00.0
13.17,14.45,13.35,14.9,52.27321645000001,14.187,12.812,2020-02-09T18:51:00.0
13.17,14.59,13.21,14.92,52.33646268800001,14.187,12.812,2020-02-09T18:52:00.0
12.87,14.59,13.27,15.04,51.92513398450001,14.187,12.875,2020-02-09T18:53:00.0
13.05,14.19,13.39,15,51.830135392,14.25,12.812,2020-02-09T18:54:00.0
13.45,14.51,13.17,14.96,51.70342592800001,14.25,12.812,2020-02-09T18:55:00.0
13.11,14.31,12.73,14.98,51.830135392,14.25,12.812,2020-02-09T18:56:00.0
12.57,14.35,13.01,15.08,52.146685682000005,14.187,12.75,2020-02-09T18:57:00.0
12.42,14.18,12.809999999999999,15.245000000000001,51.33781434725,14.187,12.843499999999999,2020-02-09T18:58:00.0
12.27,14.01,12.61,15.41,50.52894301250001,14.187,12.937,2020-02-09T18:59:00.0
12.29,14.21,12.57,15.6,49.987851058000004,14.187,12.937,2020-02-09T19:00:00.0
12.51,14.19,12.81,15.88,49.2543176125,14.25,12.875,2020-02-09T19:01:00.0
13.17,13.85,12.83,16.34,48.198908098000004,14.187,12.875,2020-02-09T19:02:00.0
12.37,14.19,12.87,16.82,46.6253741605,14.25,12.937,2020-02-09T19:03:00.0
13.05,13.85,12.67,17.22,45.787326560500006,14.25,13,2020-02-09T19:04:00.0
13.27,14.41,12.95,17.5,45.0765245125,14.312,13,2020-02-09T19:05:00.0
13.39,14.45,12.47,17.78,44.591001250000005,14.375,13.062,2020-02-09T19:06:00.0
12.71,13.91,12.83,17.97,43.87760172800001,14.312,13.125,2020-02-09T19:07:00.0
13.11,13.99,12.27,18.06,43.585311324500005,14.375,13.187,2020-02-09T19:08:00.0
12.73,14.49,12.53,18.29,43.45532151250001,14.437,13.25,2020-02-09T19:09:00.0
12.77,13.81,12.51,18.16,42.80460661250001,14.437,13.25,2020-02-09T19:10:00.0
12.67,13.81,12.71,17.74,43.747726792,14.437,13.062,2020-02-09T19:11:00.0
12.87,13.69,12.51,17.84,43.8451377805,14.437,13,2020-02-09T19:12:00.0
12.57,13.49,12.13,17.52,44.137198432000005,14.437,13,2020-02-09T19:13:00.0
12.33,13.59,12.61,17.4,44.396590912,14.437,12.937,2020-02-09T19:14:00.0
12.81,13.75,12.29,17.41,44.655779168,14.375,13,2020-02-09T19:15:00.0
12.53,13.79,12.17,17.34,44.785296712000005,14.375,13,2020-02-09T19:16:00.0
12.53,13.81,11.79,17.34,44.882401364500005,14.375,13,2020-02-09T19:17:00.0
12.33,13.39,12.13,17.58,44.72054432200001,14.312,12.937,2020-02-09T19:18:00.0
12.23,13.55,11.81,17.58,44.0398736005,14.312,12.937,2020-02-09T19:19:00.0
12.39,13.17,11.81,17.4,43.87760172800001,14.312,13,2020-02-09T19:20:00.0
12.37,13.55,11.81,17.3,44.07231840200001,14.25,12.937,2020-02-09T19:21:00.0
12.51,13.25,11.89,17.28,43.81267064200001,14.25,12.937,2020-02-09T19:22:00.0
12.19,13.11,11.71,17.26,43.747726792,14.25,13.062,2020-02-09T19:23:00.0
12.16,13.19,11.83,17.19,43.715248485000004,14.218499999999999,13.093499999999999,2020-02-09T19:24:00.0
12.13,13.27,11.95,17.12,43.682770178000006,14.187,13.125,2020-02-09T19:25:00.0
12.09,13.21,11.71,16.84,43.81267064200001,14.187,13.125,2020-02-09T19:26:00.0
12.17,12.77,11.65,16.46,44.33176193800001,14.187,13.125,2020-02-09T19:27:00.0
11.99,12.83,11.55,16.24,44.202065698000006,14.187,13.125,2020-02-09T19:28:00.0
12.39,12.87,11.57,16.23,43.87760172800001,14.187,13.125,2020-02-09T19:29:00.0
12.13,13.01,11.55,16.22,41.793476032,14.187,13.125,2020-02-09T19:30:00.0
11.89,12.43,11.31,16.11,42.64172845,14.125,13.125,2020-02-09T19:31:00.0
12.53,12.71,11.27,15.89,42.902295218,14.125,13,2020-02-09T19:32:00.0
12.29,12.63,11.61,15.68,42.02206388450001,14.125,12.937,2020-02-09T19:33:00.0
12.19,12.51,11.61,15.53,42.576554848,14.062,13,2020-02-09T19:34:00.0
12.03,12.19,11.61,15.54,43.617800800000005,14.062,13.062,2020-02-09T19:35:00.0
12.37,12.71,11.81,15.48,43.487823752000004,14.062,13.062,2020-02-09T19:36:00.0
12.19,12.23,11.75,15.48,42.902295218,14.062,13.187,2020-02-09T19:37:00.0
12.73,12.27,11.71,15.68,42.380957458000005,14.062,13.25,2020-02-09T19:38:00.0
12.33,12.67,11.61,15.9,42.706889288000006,14.062,13.375,2020-02-09T19:39:00.0
12.37,12.73,11.61,15.94,41.40124736800001,14.062,13.437,2020-02-09T19:40:00.0
12.05,12.73,11.47,15.94,41.858802802,14.125,13.437,2020-02-09T19:41:00.0
12.27,12.39,11.61,15.9,42.119982242000006,14.125,13.375,2020-02-09T19:42:00.0
13.11,12.61,11.55,15.75,41.989418050000005,14.125,13.437,2020-02-09T19:43:00.0
11.81,12.67,11.37,15.58,41.5647318205,14.125,13.437,2020-02-09T19:44:00.0
12.13,12.61,11.45,15.46,41.956769024500005,14.125,13.5,2020-02-09T19:45:00.0
12.27,12.43,11.37,15.34,42.152615312500004,14.125,13.5,2020-02-09T19:46:00.0
12.05,12.51,11.57,15.22,42.4135650005,14.125,13.5,2020-02-09T19:47:00.0
11.65,12.33,11.71,15.06,43.422816082000004,14.125,13.375,2020-02-09T19:48:00.0
11.89,12.190000000000001,11.66,14.99,43.064852685000005,14.125,13.375,2020-02-09T19:49:00.0
12.13,12.05,11.61,14.92,42.706889288000006,14.125,13.375,2020-02-09T19:50:00.0
11.93,12.05,11.37,14.7,42.511368482,14.062,13.375,2020-02-09T19:51:00.0
11.71,12.17,11.51,14.62,42.64172845,14.062,13.375,2020-02-09T19:52:00.0
11.75,12.13,11.75,14.6,41.40124736800001,14.062,13.437,2020-02-09T19:53:00.0
11.67,12.29,11.37,14.48,42.446169352000005,14.062,13.375,2020-02-09T19:54:00.0
11.81,11.93,11.27,14.36,42.772037362000006,14.062,13.375,2020-02-09T19:55:00.0
11.09,11.71,11.51,14.29,42.18524519200001,14,13.187,2020-02-09T19:56:00.0
11.55,12.29,11.57,14.34,41.858802802,14,13.187,2020-02-09T19:57:00.0
11.95,12.03,11.31,14.38,40.3530578,14,13.312,2020-02-09T19:58:00.0
11.47,12.05,11.41,14.52,39.827737672000005,14,13.375,2020-02-09T19:59:00.0
12.39,12.05,11.31,14.72,39.268689960500005,14,13.437,2020-02-09T20:00:00.0
11.85,12.13,11.41,14.85,39.433211488000005,14,13.437,2020-02-09T20:01:00.0
11.37,11.93,11.31,14.96,38.642780608,14,13.5,2020-02-09T20:02:00.0
11.81,12.23,11.57,15.06,38.642780608,14,13.5,2020-02-09T20:03:00.0
11.33,11.75,11.23,15.02,38.444885698,14,13.5,2020-02-09T20:04:00.0
11.65,12.17,11.37,14.68,39.69628000000001,14,13.5,2020-02-09T20:05:00.0
11.31,11.81,11.13,14.31,40.517052812500005,14,13.25,2020-02-09T20:06:00.0
11.21,11.65,10.79,13.95,42.18524519200001,13.937,13.125,2020-02-09T20:07:00.0
11.41,11.55,11.21,13.8,41.335831250000005,13.875,13,2020-02-09T20:08:00.0
11.33,11.65,11.17,13.77,42.315732800000006,13.812,13,2020-02-09T20:09:00.0
11.51,11.57,10.89,13.5,43.487823752000004,13.75,12.812,2020-02-09T20:10:00.0
11.61,11.45,11.13,13.46,43.292762450000005,13.75,12.812,2020-02-09T20:11:00.0
11.07,11.61,10.93,13.37,44.202065698000006,13.625,12.687,2020-02-09T20:12:00.0
11.23,11.33,11.07,13.22,43.325280644500005,13.562,12.562,2020-02-09T20:13:00.0
11.41,11.41,11.13,13.29,43.09758627200001,13.562,12.562,2020-02-09T20:14:00.0
11.17,11.31,11.100000000000001,13.215,43.260201177000006,13.530999999999999,12.562,2020-02-09T20:15:00.0
10.93,11.21,11.07,13.14,43.422816082000004,13.5,12.562,2020-02-09T20:16:00.0
11.03,11.65,11.07,13.06,43.87760172800001,13.375,12.5,2020-02-09T20:17:00.0
11.09,11.09,10.79,13.02,42.64172845,13.375,12.5,2020-02-09T20:18:00.0
11.13,11.17,10.55,13,42.96740500000001,13.312,12.562,2020-02-09T20:19:00.0
11.31,11.79,11.07,13.13,41.10677432050001,13.312,12.562,2020-02-09T20:20:00.0
10.93,11.33,10.79,13.12,42.348346724500004,13.25,12.687,2020-02-09T20:21:00.0
11.03,11.67,11.17,13.07,41.69546194450001,13.312,12.625,2020-02-09T20:22:00.0
11.07,10.89,10.61,12.96,42.96740500000001,13.312,12.625,2020-02-09T20:23:00.0
11.23,11.17,10.57,12.84,43.487823752000004,13.25,12.5,2020-02-09T20:24:00.0
10.69,11.07,10.37,12.82,43.065045740500004,13.25,12.437,2020-02-09T20:25:00.0
10.65,11.21,10.71,12.84,42.25049537800001,13.187,12.437,2020-02-09T20:26:00.0
10.99,10.51,10.37,12.81,42.18524519200001,13.187,12.5,2020-02-09T20:27:00.0
10.93,11.17,10.33,12.72,42.706889288000006,13.125,12.5,2020-02-09T20:28:00.0
10.83,11.03,10.43,12.68,42.706889288000006,13.125,12.437,2020-02-09T20:29:00.0
10.61,10.85,10.41,12.58,43.292762450000005,13.062,12.312,2020-02-09T20:30:00.0
10.43,10.85,10.41,12.56,43.1951887205,13.062,12.312,2020-02-09T20:31:00.0
10.69,10.95,10.37,12.55,42.60914324450001,13,12.312,2020-02-09T20:32:00.0
10.65,10.83,10.71,12.55,42.706889288000006,13,12.375,2020-02-09T20:33:00.0
10.51,10.57,10.05,12.48,43.1951887205,13,12.375,2020-02-09T20:34:00.0
10.17,10.71,10.33,12.42,43.325280644500005,13,12.312,2020-02-09T20:35:00.0
10.41,10.71,10.43,12.45,42.706889288000006,12.937,12.312,2020-02-09T20:36:00.0
10.43,10.83,10.41,12.42,42.348346724500004,12.937,12.437,2020-02-09T20:37:00.0
10.65,10.83,10.37,12.46,42.25049537800001,12.937,12.437,2020-02-09T20:38:00.0
10.27,10.57,10.13,12.47,41.924116808,12.937,12.437,2020-02-09T20:39:00.0
10.3,10.64,10.18,12.435,42.152537133,12.937,12.4995,2020-02-09T20:40:00.0
10.33,10.71,10.23,12.4,42.380957458000005,12.937,12.562,2020-02-09T20:41:00.0
10.27,10.23,10.57,12.28,43.09758627200001,12.937,12.5,2020-02-09T20:42:00.0
10.55,10.37,9.89,12.18,42.934851704500005,12.937,12.5,2020-02-09T20:43:00.0
10.09,9.85,10.03,12.16,42.96740500000001,12.937,12.437,2020-02-09T20:44:00.0
10.47,10.61,9.91,12.29,41.335831250000005,12.875,12.5,2020-02-09T20:45:00.0
10.33,10.13,10.23,12.28,41.924116808,12.937,12.5,2020-02-09T20:46:00.0
10.17,10.33,9.89,12.14,42.60914324450001,12.875,12.437,2020-02-09T20:47:00.0
10.17,9.75,9.85,12,43.227716488000006,12.875,12.312,2020-02-09T20:48:00.0
9.99,9.85,9.89,11.92,43.065045740500004,12.812,12.187,2020-02-09T20:49:00.0
10.09,10.03,9.99,12.03,41.793476032,12.812,12.25,2020-02-09T20:50:00.0
9.89,9.63,9.75,12.04,41.728136498000005,12.75,12.312,2020-02-09T20:51:00.0
9.95,10.03,9.85,11.96,42.4135650005,12.75,12.312,2020-02-09T20:52:00.0
10.19,9.75,9.77,11.86,42.380957458000005,12.75,12.25,2020-02-09T20:53:00.0
9.85,9.91,9.53,11.92,41.662784200000004,12.687,12.25,2020-02-09T20:54:00.0
