TempPlant2,TempPlant3,TempPlant4,Air_temp_loc,Humedity,air_temp,Ambient_1,time
8.13,8.15,7.87,5.27,102.86321061250001,6.562,3.062,2020-01-24T06:05:00.0
8.19,8.01,8.23,5.3,102.86321061250001,6.562,3.062,2020-01-24T06:06:00.0
8.33,8.23,7.61,5.3,102.86321061250001,6.5,3.062,2020-01-24T06:07:00.0
8.01,7.83,7.91,5.32,102.86321061250001,6.562,3.062,2020-01-24T06:08:00.0
8.15,7.61,7.59,5.38,102.889235122,6.5,3.062,2020-01-24T06:09:00.0
7.97,7.69,7.51,5.35,102.889235122,6.5,3.062,2020-01-24T06:10:00.0
7.79,7.41,7.51,5.38,102.9152564405,6.5,3.187,2020-01-24T06:11:00.0
7.51,7.69,7.33,5.4,102.9152564405,6.562,3.25,2020-01-24T06:12:00.0
7.37,7.69,7.55,5.41,102.9672895045,6.562,3.25,2020-01-24T06:13:00.0
7.58,7.42,7.5,5.5,102.9672895045,6.625,3.25,2020-01-24T06:14:00.0
7.79,7.15,7.45,5.48,102.9672895045,6.625,3.25,2020-01-24T06:15:00.0
7.37,7.33,6.87,5.5,102.9672895045,6.625,3.187,2020-01-24T06:16:00.0
7.41,7.05,7.19,5.44,103.01930980450001,6.625,3.125,2020-01-24T06:17:00.0
7.59,7.19,6.93,5.4,103.01930980450001,6.625,3.062,2020-01-24T06:18:00.0
7.23,7.15,7.19,5.38,103.01930980450001,6.625,3.0,2020-01-24T06:19:00.0
7.37,7.15,6.87,5.33,103.01930980450001,6.625,3.0,2020-01-24T06:20:00.0
7.09,6.79,7.05,5.32,103.0713173405,6.625,3.0,2020-01-24T06:21:00.0
7.33,6.93,7.05,5.28,103.0713173405,6.625,3.0,2020-01-24T06:22:00.0
7.23,7.05,6.97,5.26,103.0713173405,6.625,2.937,2020-01-24T06:23:00.0
7.37,7.01,6.87,5.23,103.0713173405,6.625,2.937,2020-01-24T06:24:00.0
7.11,6.75,7.27,5.29,103.097316322,-0.062,2.937,2020-01-24T06:25:00.0
6.91,7.01,6.79,5.23,103.12331211250002,6.625,2.937,2020-01-24T06:26:00.0
6.75,6.17,6.51,5.16,103.12331211250002,6.625,2.937,2020-01-24T06:27:00.0
7.23,6.33,6.83,5.09,103.17529412050001,6.625,2.937,2020-01-24T06:28:00.0
6.75,6.43,6.65,5.03,103.17529412050001,6.625,2.937,2020-01-24T06:29:00.0
6.91,6.53,6.75,5.01,103.17529412050001,6.687,2.937,2020-01-24T06:30:00.0
6.97,6.61,6.29,4.95,103.17529412050001,6.687,3.0,2020-01-24T06:31:00.0
6.87,6.29,6.65,5.01,103.201280338,6.687,3.062,2020-01-24T06:32:00.0
6.87,6.79,6.79,5.06,103.2272633645,6.687,3.062,2020-01-24T06:33:00.0
6.79,6.21,6.69,5.15,103.2272633645,6.687,3.062,2020-01-24T06:34:00.0
6.97,6.73,6.57,5.18,103.2272633645,6.687,3.062,2020-01-24T06:35:00.0
6.61,6.61,6.65,5.22,103.17529412050001,6.75,3.125,2020-01-24T06:36:00.0
6.720000000000001,6.390000000000001,6.67,5.234999999999999,103.17529412050001,6.75,3.0934999999999997,2020-01-24T06:37:00.0
6.83,6.17,6.69,5.25,103.17529412050001,6.75,3.062,2020-01-24T06:38:00.0
6.79,6.43,6.47,5.27,103.17529412050001,6.75,3.125,2020-01-24T06:39:00.0
6.83,6.11,6.91,5.23,103.149304712,6.75,3.125,2020-01-24T06:40:00.0
6.39,6.03,6.65,5.22,103.17529412050001,6.812,3.062,2020-01-24T06:41:00.0
6.75,6.35,6.53,5.24,103.17529412050001,6.75,3.125,2020-01-24T06:42:00.0
6.53,6.21,6.51,5.22,103.17529412050001,6.812,3.125,2020-01-24T06:43:00.0
6.53,6.17,6.75,5.26,103.17529412050001,6.75,3.125,2020-01-24T06:44:00.0
6.51,6.33,6.73,5.3,103.17529412050001,6.75,3.187,2020-01-24T06:45:00.0
6.73,6.21,6.87,5.33,103.17529412050001,6.75,3.187,2020-01-24T06:46:00.0
6.53,6.25,6.53,5.34,103.17529412050001,6.75,3.187,2020-01-24T06:47:00.0
6.83,6.29,6.53,5.32,103.149304712,6.75,3.187,2020-01-24T06:48:00.0
6.43,6.39,6.69,5.35,103.149304712,6.75,3.187,2020-01-24T06:49:00.0
6.48,6.21,6.74,5.295,103.16229941625001,6.75,3.1245,2020-01-24T06:50:00.0
6.53,6.03,6.79,5.24,103.17529412050001,6.75,3.062,2020-01-24T06:51:00.0
6.47,6.39,6.69,5.24,103.17529412050001,6.75,3.0,2020-01-24T06:52:00.0
6.53,6.51,6.43,5.26,103.17529412050001,6.75,3.0,2020-01-24T06:53:00.0
6.53,6.11,6.69,5.26,103.149304712,6.75,3.0,2020-01-24T06:54:00.0
6.57,6.29,6.61,5.28,103.12331211250002,6.75,3.0,2020-01-24T06:55:00.0
6.57,6.25,6.79,5.35,103.12331211250002,6.812,3.0,2020-01-24T06:56:00.0
6.57,6.51,6.93,5.48,103.12331211250002,6.75,3.062,2020-01-24T06:57:00.0
6.61,6.61,6.93,5.53,103.0713173405,6.812,3.125,2020-01-24T06:58:00.0
6.91,6.29,6.87,5.53,103.01930980450001,6.812,3.187,2020-01-24T06:59:00.0
6.91,6.57,6.75,5.62,103.01930980450001,6.875,3.187,2020-01-24T07:00:00.0
6.57,6.43,6.93,5.62,102.9152564405,6.812,3.25,2020-01-24T07:01:00.0
6.97,6.73,7.11,5.66,102.9152564405,6.875,3.25,2020-01-24T07:02:00.0
6.75,6.73,7.09,5.62,102.9152564405,6.875,3.25,2020-01-24T07:03:00.0
6.97,6.43,6.83,5.55,102.9152564405,6.875,3.312,2020-01-24T07:04:00.0
6.75,6.53,6.93,5.54,102.9152564405,6.875,3.312,2020-01-24T07:05:00.0
6.57,6.33,7.05,5.52,102.94127456800001,6.937,3.375,2020-01-24T07:06:00.0
6.97,6.57,7.33,5.55,102.9152564405,6.875,3.375,2020-01-24T07:07:00.0
6.949999999999999,6.630000000000001,7.220000000000001,5.6850000000000005,102.90224578125,6.906000000000001,3.375,2020-01-24T07:08:00.0
6.93,6.69,7.11,5.82,102.889235122,6.937,3.375,2020-01-24T07:09:00.0
7.01,7.01,7.45,5.97,102.86321061250001,7.0,3.437,2020-01-24T07:10:00.0
6.97,6.93,7.27,6.06,102.8111520205,7.0,3.437,2020-01-24T07:11:00.0
7.01,7.29,7.41,6.16,102.7590806645,7.062,3.5,2020-01-24T07:12:00.0
7.27,7.05,7.27,6.14,102.6548996605,7.062,3.562,2020-01-24T07:13:00.0
7.29,7.47,7.65,6.22,102.6548996605,7.062,3.625,2020-01-24T07:14:00.0
7.69,7.41,7.51,6.27,102.60279001250001,7.125,3.625,2020-01-24T07:15:00.0
7.15,7.19,7.73,6.36,102.55066760050002,7.187,3.625,2020-01-24T07:16:00.0
7.45,7.79,7.69,6.42,102.55066760050002,7.25,3.625,2020-01-24T07:17:00.0
7.51,7.41,7.59,6.46,102.44638448450002,7.25,3.625,2020-01-24T07:18:00.0
7.29,7.59,8.05,6.41,102.44638448450002,7.25,3.625,2020-01-24T07:19:00.0
7.33,7.83,7.73,6.43,102.44638448450002,7.312,3.625,2020-01-24T07:20:00.0
7.61,7.45,7.59,6.36,102.44638448450002,7.375,3.625,2020-01-24T07:21:00.0
7.33,7.65,7.65,6.33,102.44638448450002,7.375,3.562,2020-01-24T07:22:00.0
7.69,7.79,8.05,6.39,102.44638448450002,7.437,3.5,2020-01-24T07:23:00.0
7.41,7.87,7.83,6.43,102.420305728,7.437,3.5,2020-01-24T07:24:00.0
7.33,8.09,8.09,6.56,102.34205031250002,7.437,3.437,2020-01-24T07:25:00.0
7.97,8.01,8.13,6.59,102.28986408050001,7.5,3.437,2020-01-24T07:26:00.0
7.65,8.01,8.19,6.63,102.28986408050001,7.562,3.5,2020-01-24T07:27:00.0
7.73,8.05,7.87,6.6,102.1854533245,7.625,3.5,2020-01-24T07:28:00.0
7.77,8.01,8.19,6.64,102.1854533245,7.625,3.5,2020-01-24T07:29:00.0
7.41,7.61,8.13,6.66,102.15934265800001,7.687,3.5,2020-01-24T07:30:00.0
7.55,8.09,7.95,6.57,102.1332288005,7.687,3.562,2020-01-24T07:31:00.0
8.13,8.29,8.01,6.58,102.1332288005,7.687,3.562,2020-01-24T07:32:00.0
7.65,8.19,8.05,6.64,102.15934265800001,7.75,3.5,2020-01-24T07:33:00.0
7.79,8.37,8.13,6.76,102.1332288005,7.75,3.5,2020-01-24T07:34:00.0
8.05,8.51,8.09,6.72,102.0809915125,7.75,3.5,2020-01-24T07:35:00.0
8.13,7.91,8.13,6.74,102.0287414605,7.75,3.5,2020-01-24T07:36:00.0
7.95,8.47,8.13,6.73,101.9764786445,7.812,3.5,2020-01-24T07:37:00.0
7.91,8.59,8.09,6.73,101.9242030645,7.875,3.5,2020-01-24T07:38:00.0
8.27,8.89,8.47,6.86,101.9242030645,7.875,3.5,2020-01-24T07:39:00.0
8.13,8.45,8.47,6.9,101.8196136125,7.875,3.562,2020-01-24T07:40:00.0
7.83,8.27,8.27,6.96,101.7149731045,7.937,3.562,2020-01-24T07:41:00.0
8.45,8.59,8.13,6.96,101.61028154050001,7.937,3.562,2020-01-24T07:42:00.0
8.13,8.79,8.59,7.03,101.55791661250001,7.937,3.562,2020-01-24T07:43:00.0
8.09,8.83,8.33,7.2,101.55791661250001,7.937,3.562,2020-01-24T07:44:00.0
8.59,8.89,8.61,7.28,101.42694845,7.937,3.562,2020-01-24T07:45:00.0
8.69,9.19,8.79,7.44,101.34832926050001,8.0,3.687,2020-01-24T07:46:00.0
8.71,9.25,9.07,7.55,101.1910047245,8.062,3.75,2020-01-24T07:47:00.0
9.01,9.15,8.87,7.63,101.13853768450001,8.062,3.812,2020-01-24T07:48:00.0
8.55,9.35,8.75,7.76,101.0335653125,8.125,3.875,2020-01-24T07:49:00.0
8.89,9.53,8.97,7.76,100.9285418845,8.187,3.875,2020-01-24T07:50:00.0
8.65,9.35,9.25,7.83,100.9285418845,8.25,3.937,2020-01-24T07:51:00.0
9.29,9.75,9.03,7.8,100.87601102450002,8.312,3.937,2020-01-24T07:52:00.0
9.11,9.85,9.43,7.89,100.79719080200002,8.375,3.937,2020-01-24T07:53:00.0
8.97,9.61,9.07,7.98,100.69205249800001,8.437,4.062,2020-01-24T07:54:00.0
9.01,9.91,9.21,8.08,100.61316526450001,8.562,4.062,2020-01-24T07:55:00.0
9.21,9.77,9.19,8.14,100.50793761250002,8.562,4.062,2020-01-24T07:56:00.0
9.39,9.81,9.47,8.23,100.40265890450002,8.625,4.125,2020-01-24T07:57:00.0
9.53,9.95,9.11,8.26,100.29732914050001,8.625,4.125,2020-01-24T07:58:00.0
9.39,10.03,9.63,8.31,100.323666368,8.75,4.187,2020-01-24T07:59:00.0
9.81,10.23,10.05,8.36,100.29732914050001,8.75,4.187,2020-01-24T08:00:00.0
9.47,10.19,9.81,8.45,100.24464511250001,8.812,4.25,2020-01-24T08:01:00.0
9.67,10.51,9.89,8.58,100.1392387645,8.875,4.187,2020-01-24T08:02:00.0
9.57,10.51,9.71,8.68,99.95465480200001,8.937,4.312,2020-01-24T08:03:00.0
9.77,10.05,9.71,8.7,99.74351024200001,9.0,4.375,2020-01-24T08:04:00.0
9.61,9.91,9.67,8.74,99.71710281250002,9.062,4.375,2020-01-24T08:05:00.0
9.53,10.13,9.89,8.73,99.5585912245,9.125,4.312,2020-01-24T08:06:00.0
9.43,10.17,9.67,8.77,99.53216145800002,9.125,4.312,2020-01-24T08:07:00.0
9.75,10.17,9.77,8.76,99.3999647605,9.187,4.312,2020-01-24T08:08:00.0
9.85,10.17,9.71,8.78,99.3470637445,9.25,4.312,2020-01-24T08:09:00.0
9.91,10.27,9.57,8.7,99.2412234205,9.25,4.437,2020-01-24T08:10:00.0
9.71,9.63,9.67,8.6,99.1353320405,9.312,4.437,2020-01-24T08:11:00.0
9.85,10.41,9.85,8.7,99.29414996450001,9.312,4.5,2020-01-24T08:12:00.0
9.91,10.33,10.05,8.78,99.29414996450001,9.312,4.5,2020-01-24T08:13:00.0
9.95,10.51,9.91,8.84,99.29414996450001,9.312,4.5,2020-01-24T08:14:00.0
10.05,10.51,9.99,8.96,99.2412234205,9.312,4.5,2020-01-24T08:15:00.0
9.75,10.69,10.17,9.04,99.1353320405,9.375,4.5,2020-01-24T08:16:00.0
9.81,10.75,9.99,8.93,99.02938960450001,9.375,4.437,2020-01-24T08:17:00.0
10.13,10.71,10.09,8.93,99.02938960450001,9.437,4.437,2020-01-24T08:18:00.0
9.75,10.57,10.09,8.93,98.87038022050001,9.437,4.437,2020-01-24T08:19:00.0
9.63,10.61,10.31,8.85,98.87038022050001,9.5,4.437,2020-01-24T08:20:00.0
10.03,10.71,9.77,8.86,98.87038022050001,9.562,4.437,2020-01-24T08:21:00.0
9.89,10.85,10.13,8.84,98.87038022050001,9.562,4.5,2020-01-24T08:22:00.0
10.31,10.79,10.09,8.91,98.79083245000001,9.562,4.5,2020-01-24T08:23:00.0
10.13,10.61,10.31,9.0,98.7112559605,9.562,4.375,2020-01-24T08:24:00.0
10.05,10.57,9.99,8.94,98.6581890125,9.562,4.375,2020-01-24T08:25:00.0
10.03,10.65,10.17,8.9,98.578564658,9.562,4.375,2020-01-24T08:26:00.0
10.13,10.57,10.19,8.88,98.49891158450001,9.562,4.375,2020-01-24T08:27:00.0
10.2,10.56,10.02,8.9,98.4457871985,9.562,4.343500000000001,2020-01-24T08:28:00.0
10.27,10.55,9.85,8.92,98.3926628125,9.562,4.312,2020-01-24T08:29:00.0
10.09,10.55,10.43,8.87,98.36609264200001,9.625,4.312,2020-01-24T08:30:00.0
10.23,10.61,10.31,8.9,98.33951928050001,9.687,4.312,2020-01-24T08:31:00.0
9.71,10.55,9.85,8.91,98.12681751250001,9.687,4.437,2020-01-24T08:32:00.0
10.19,10.47,10.17,9.04,98.12681751250001,9.75,4.437,2020-01-24T08:33:00.0
10.09,10.65,10.31,9.15,98.100215432,9.75,4.5,2020-01-24T08:34:00.0
10.47,10.79,9.89,9.2,97.86065311250002,9.812,4.562,2020-01-24T08:35:00.0
10.41,10.93,10.41,9.27,97.72745125,9.812,4.687,2020-01-24T08:36:00.0
10.41,10.79,10.13,9.22,97.46080820000002,9.937,4.75,2020-01-24T08:37:00.0
10.47,11.17,10.79,9.3,97.54083462050001,9.937,4.812,2020-01-24T08:38:00.0
10.65,11.17,10.65,9.5,97.514162338,10.0,4.812,2020-01-24T08:39:00.0
10.57,10.89,10.33,9.56,97.3273670125,10.062,4.875,2020-01-24T08:40:00.0
10.55,11.21,10.41,9.56,97.35406163200001,10.062,4.875,2020-01-24T08:41:00.0
10.75,10.61,10.51,9.54,97.14041532800002,10.125,4.875,2020-01-24T08:42:00.0
10.55,10.61,10.79,9.52,97.1136951805,10.125,4.875,2020-01-24T08:43:00.0
10.55,10.79,10.61,9.5,97.1136951805,10.125,4.875,2020-01-24T08:44:00.0
10.31,11.03,10.65,9.48,97.19384605,10.187,4.875,2020-01-24T08:45:00.0
10.85,10.85,10.47,9.52,97.2205566245,10.187,4.812,2020-01-24T08:46:00.0
10.85,10.85,10.61,9.55,97.19384605,10.187,4.812,2020-01-24T08:47:00.0
10.23,10.85,10.43,9.54,97.08697184200001,10.187,4.75,2020-01-24T08:48:00.0
10.79,11.41,10.43,9.53,97.1136951805,10.125,4.687,2020-01-24T08:49:00.0
10.739999999999998,11.24,10.66,9.504999999999999,96.9800066905,10.125,4.687,2020-01-24T08:50:00.0
10.69,11.07,10.89,9.48,96.84631820050001,10.125,4.687,2020-01-24T08:51:00.0
11.21,12.13,11.47,9.56,96.8998191245,10.125,4.625,2020-01-24T08:52:00.0
11.27,12.23,11.71,9.77,96.819562952,10.125,4.625,2020-01-24T08:53:00.0
12.27,13.27,12.37,9.78,96.5250446125,10.125,4.75,2020-01-24T08:54:00.0
11.99,13.51,12.33,9.92,96.4714543405,10.062,4.812,2020-01-24T08:55:00.0
12.43,14.05,12.97,9.94,96.25696561250001,10.062,4.875,2020-01-24T08:56:00.0
13.25,15.05,13.65,10.08,96.17647968800001,10.062,4.812,2020-01-24T08:57:00.0
13.17,14.55,13.45,10.23,95.88111892450002,10.062,4.812,2020-01-24T08:58:00.0
12.81,14.11,12.87,10.22,95.531558408,10.062,4.687,2020-01-24T08:59:00.0
12.83,13.75,12.53,10.16,95.3969684605,10.062,4.562,2020-01-24T09:00:00.0
12.87,14.09,12.87,10.08,95.1275492405,10.0,4.437,2020-01-24T09:01:00.0
12.83,13.99,12.81,10.08,95.15450552200001,9.937,4.375,2020-01-24T09:02:00.0
12.19,13.75,12.37,9.99,95.18145861250001,9.937,4.375,2020-01-24T09:03:00.0
12.73,14.59,12.91,9.87,95.1275492405,9.937,4.312,2020-01-24T09:04:00.0
12.81,14.65,13.17,9.86,95.1275492405,9.875,4.25,2020-01-24T09:05:00.0
13.35,15.11,13.07,9.83,94.992719968,9.875,4.187,2020-01-24T09:06:00.0
12.87,15.01,13.07,9.84,95.0736271045,9.812,4.187,2020-01-24T09:07:00.0
12.87,14.65,12.61,9.84,94.9117841125,9.812,4.125,2020-01-24T09:08:00.0
12.57,14.29,12.13,9.86,95.0196922045,9.75,4.062,2020-01-24T09:09:00.0
12.27,13.79,12.17,9.77,94.85781092050001,9.75,4.0,2020-01-24T09:10:00.0
12.47,13.17,12.51,9.77,94.9117841125,9.75,4.0,2020-01-24T09:11:00.0
12.39,12.67,12.27,9.72,94.80382496450001,9.75,4.0,2020-01-24T09:12:00.0
12.13,12.51,11.89,9.64,94.88479911200001,9.75,4.125,2020-01-24T09:13:00.0
12.03,12.09,11.33,9.56,94.74982624450001,9.75,4.187,2020-01-24T09:14:00.0
11.75,11.89,11.47,9.38,94.74982624450001,9.75,4.187,2020-01-24T09:15:00.0
11.31,11.45,11.41,9.12,94.722822098,9.687,4.312,2020-01-24T09:16:00.0
11.27,11.17,11.24,9.004999999999999,94.70931842925,9.6245,4.187,2020-01-24T09:17:00.0
11.23,10.89,11.07,8.89,94.69581476050001,9.562,4.062,2020-01-24T09:18:00.0
10.89,10.79,10.85,8.8,94.69581476050001,9.5,4.0,2020-01-24T09:19:00.0
10.75,10.69,10.93,8.76,94.85781092050001,9.437,4.0,2020-01-24T09:20:00.0
10.99,11.13,11.07,8.72,94.992719968,9.375,3.937,2020-01-24T09:21:00.0
10.51,10.47,10.75,8.66,94.80382496450001,9.312,3.812,2020-01-24T09:22:00.0
10.75,10.69,10.93,8.7,95.1275492405,9.25,3.687,2020-01-24T09:23:00.0
10.85,11.13,10.85,8.64,95.208408512,9.187,3.75,2020-01-24T09:24:00.0
10.85,10.95,10.83,8.7,95.28923906450001,9.187,4.0,2020-01-24T09:25:00.0
10.69,10.71,10.83,8.715,95.1275492405,9.187,4.187,2020-01-24T09:26:00.0
10.69,10.57,10.71,8.73,94.85781092050001,9.187,4.25,2020-01-24T09:27:00.0
10.69,10.79,10.95,8.71,95.04666125000001,9.125,4.312,2020-01-24T09:28:00.0
10.71,10.43,11.17,8.78,95.26229873800001,9.062,4.312,2020-01-24T09:29:00.0
10.47,10.85,11.13,8.73,95.1275492405,9.062,4.25,2020-01-24T09:30:00.0
10.37,10.71,10.83,8.7,95.28923906450001,9.062,4.187,2020-01-24T09:31:00.0
10.55,10.75,10.65,8.719999999999999,95.37004089800001,9.0,4.312,2020-01-24T09:32:00.0
10.61,10.79,10.65,8.74,95.37004089800001,9.0,4.25,2020-01-24T09:33:00.0
10.09,10.57,10.71,8.65,95.28923906450001,9.0,4.25,2020-01-24T09:34:00.0
10.09,10.27,10.69,8.485,95.18145861250001,8.937,4.187,2020-01-24T09:35:00.0
9.75,9.95,9.77,8.32,95.208408512,8.875,4.187,2020-01-24T09:36:00.0
9.63,9.61,10.23,8.0,95.28923906450001,8.812,4.125,2020-01-24T09:37:00.0
9.71,9.33,10.17,7.91,95.45081401250002,8.75,4.0,2020-01-24T09:38:00.0
9.33,9.33,9.47,7.55,95.34311014450002,8.75,3.875,2020-01-24T09:39:00.0
8.93,8.97,9.35,7.28,95.47773200200001,8.625,3.75,2020-01-24T09:40:00.0
9.19,8.59,9.21,7.12,95.9348496005,8.625,3.75,2020-01-24T09:41:00.0
9.01,9.01,9.11,7.16,96.20331152050001,8.5,3.75,2020-01-24T09:42:00.0
8.87,8.93,9.21,7.08,96.36423550450002,8.5,3.75,2020-01-24T09:43:00.0
9.01,8.47,8.97,7.11,96.60540608800001,8.437,3.75,2020-01-24T09:44:00.0
8.79,8.61,8.97,7.16,96.68573884450001,8.375,3.687,2020-01-24T09:45:00.0
9.21,8.55,9.11,7.18,96.84631820050001,8.375,3.687,2020-01-24T09:46:00.0
8.75,8.61,8.97,7.11,96.79280451250001,8.375,3.75,2020-01-24T09:47:00.0
9.35,8.51,9.01,7.08,96.84631820050001,8.312,3.812,2020-01-24T09:48:00.0
9.15,8.61,8.65,7.08,96.8998191245,8.312,3.812,2020-01-24T09:49:00.0
8.33,8.37,8.69,7.1,96.65896445000001,8.312,3.75,2020-01-24T09:50:00.0
8.69,8.33,8.89,7.12,96.8998191245,8.312,3.687,2020-01-24T09:51:00.0
9.15,8.93,9.35,7.21,96.95330728450001,8.25,3.625,2020-01-24T09:52:00.0
8.83,8.69,9.35,7.34,96.87307025800001,8.25,3.687,2020-01-24T09:53:00.0
8.71,8.93,9.11,7.44,96.79280451250001,8.312,3.687,2020-01-24T09:54:00.0
9.11,8.75,9.29,7.47,96.57862212050001,8.312,3.812,2020-01-24T09:55:00.0
9.21,9.11,9.53,7.62,96.5250446125,8.312,3.812,2020-01-24T09:56:00.0
9.03,9.21,9.63,7.76,96.60540608800001,8.312,3.812,2020-01-24T09:57:00.0
8.97,9.03,9.47,7.85,96.14964466450002,8.312,3.812,2020-01-24T09:58:00.0
9.19,9.21,9.63,7.94,96.14964466450002,8.375,3.812,2020-01-24T09:59:00.0
9.33,9.67,10.31,8.08,96.230140162,8.375,3.875,2020-01-24T10:00:00.0
9.39,9.47,9.71,8.23,118.77044002450002,8.375,3.875,2020-01-24T10:01:00.0
9.29,9.15,9.77,8.25,95.66606858050001,8.375,3.875,2020-01-24T10:02:00.0
9.71,9.21,10.17,8.38,95.6122740845,8.375,3.875,2020-01-24T10:03:00.0
9.53,9.49,10.37,8.42,95.6122740845,8.375,3.812,2020-01-24T10:04:00.0
9.85,9.53,10.13,8.52,95.45081401250002,8.375,3.937,2020-01-24T10:05:00.0
9.99,9.85,10.57,8.61,95.26229873800001,8.437,4.0,2020-01-24T10:06:00.0
9.75,9.61,10.85,8.64,95.0196922045,8.437,4.062,2020-01-24T10:07:00.0
9.99,9.81,10.41,8.68,95.0196922045,8.5,4.0,2020-01-24T10:08:00.0
9.85,10.09,10.27,8.74,94.88479911200001,8.562,3.937,2020-01-24T10:09:00.0
9.77,9.77,10.69,8.76,94.64179051250001,8.562,3.875,2020-01-24T10:10:00.0
10.09,9.85,10.47,8.72,94.74982624450001,8.562,3.875,2020-01-24T10:11:00.0
9.81,9.71,10.41,8.62,94.77682720000001,8.562,3.937,2020-01-24T10:12:00.0
9.89,9.71,10.05,8.52,94.77682720000001,8.625,3.937,2020-01-24T10:13:00.0
9.57,9.57,10.13,8.44,94.77682720000001,8.625,3.875,2020-01-24T10:14:00.0
9.67,9.25,10.23,8.42,94.74982624450001,8.562,3.875,2020-01-24T10:15:00.0
10.09,9.11,10.09,8.36,94.74982624450001,8.625,3.875,2020-01-24T10:16:00.0
9.67,9.57,9.85,8.35,94.93876592200002,8.562,3.875,2020-01-24T10:17:00.0
9.67,9.49,10.13,8.26,94.85781092050001,8.562,3.875,2020-01-24T10:18:00.0
9.63,9.57,10.37,8.26,94.992719968,8.562,3.812,2020-01-24T10:19:00.0
9.61,9.35,10.09,8.23,94.722822098,8.562,3.812,2020-01-24T10:20:00.0
10.09,9.33,9.63,8.21,94.74982624450001,8.562,3.875,2020-01-24T10:21:00.0
9.39,9.15,10.27,8.17,94.9117841125,8.562,3.875,2020-01-24T10:22:00.0
9.75,9.53,9.81,8.18,94.992719968,8.562,3.812,2020-01-24T10:23:00.0
9.35,9.61,9.99,8.15,94.9117841125,8.562,3.875,2020-01-24T10:24:00.0
9.63,9.53,10.03,8.23,95.100589768,8.562,3.875,2020-01-24T10:25:00.0
9.47,9.33,9.81,8.26,95.0196922045,8.562,3.875,2020-01-24T10:26:00.0
9.75,9.57,10.09,8.32,94.96574454050001,8.562,3.875,2020-01-24T10:27:00.0
9.67,9.77,10.09,8.47,95.0736271045,8.625,3.875,2020-01-24T10:28:00.0
9.49,9.89,10.31,8.44,94.992719968,8.625,3.875,2020-01-24T10:29:00.0
9.75,9.81,10.43,8.52,94.9117841125,8.687,3.937,2020-01-24T10:30:00.0
9.92,9.9,10.26,8.6,94.9657381585,8.687,4.031,2020-01-24T10:31:00.0
10.09,9.99,10.09,8.68,95.0196922045,8.687,4.125,2020-01-24T10:32:00.0
9.67,9.57,10.09,8.6,94.722822098,8.687,4.125,2020-01-24T10:33:00.0
9.91,9.89,10.19,8.64,94.722822098,8.687,4.062,2020-01-24T10:34:00.0
9.75,10.19,10.41,8.64,94.398523442,8.75,4.125,2020-01-24T10:35:00.0
9.91,10.05,10.17,8.75,94.23620180000002,8.75,4.062,2020-01-24T10:36:00.0
9.85,10.37,10.71,8.91,94.20913702450001,8.812,3.937,2020-01-24T10:37:00.0
10.13,10.69,10.43,9.06,94.3714778125,8.875,3.937,2020-01-24T10:38:00.0
10.17,10.57,10.75,9.26,94.1549979005,8.937,4.0,2020-01-24T10:39:00.0
10.41,10.95,11.07,9.41,94.04668136050002,9.0,4.062,2020-01-24T10:40:00.0
10.17,10.47,10.95,9.51,93.7214254045,9.062,4.125,2020-01-24T10:41:00.0
10.65,10.83,11.37,9.65,93.55862511250001,9.062,4.25,2020-01-24T10:42:00.0
10.51,11.03,11.21,9.64,93.23267990050002,9.125,4.312,2020-01-24T10:43:00.0
10.95,11.45,11.31,9.66,93.28703601250001,9.25,4.375,2020-01-24T10:44:00.0
10.71,11.17,11.45,9.73,93.15112180000001,9.25,4.375,2020-01-24T10:45:00.0
10.37,11.13,11.55,9.66,92.96070788050001,9.375,4.312,2020-01-24T10:46:00.0
10.57,11.13,11.33,10.91,92.63392024450002,9.375,4.25,2020-01-24T10:47:00.0
10.79,11.45,11.41,9.58,92.7973715005,9.5,4.25,2020-01-24T10:48:00.0
11.09,10.95,11.31,9.63,92.6884167605,9.5,4.25,2020-01-24T10:49:00.0
10.85,10.71,11.47,9.68,92.74290051250001,9.5,4.375,2020-01-24T10:50:00.0
10.69,11.51,11.09,9.76,92.770137602,9.562,4.437,2020-01-24T10:51:00.0
10.93,11.03,11.47,9.79,92.63392024450002,9.625,4.437,2020-01-24T10:52:00.0
11.07,11.45,11.37,9.68,92.6884167605,9.625,4.375,2020-01-24T10:53:00.0
10.83,10.95,11.33,9.64,92.52488892050002,9.625,4.375,2020-01-24T10:54:00.0
10.93,11.07,11.27,9.55,92.52488892050002,9.625,4.312,2020-01-24T10:55:00.0
10.61,11.09,11.45,9.46,92.66117009800001,9.687,4.375,2020-01-24T10:56:00.0
10.51,11.03,11.09,9.47,92.74290051250001,9.625,4.5,2020-01-24T10:57:00.0
10.41,10.69,10.83,9.36,92.14287722050001,9.625,4.5,2020-01-24T10:58:00.0
10.61,10.65,11.17,9.16,92.552151538,9.562,4.5,2020-01-24T10:59:00.0
10.31,10.51,10.51,9.12,92.4158065405,9.5,4.437,2020-01-24T11:00:00.0
10.31,10.43,10.95,9.08,92.63392024450002,9.5,4.437,2020-01-24T11:01:00.0
10.19,10.79,10.79,8.96,92.93349312800001,9.5,4.375,2020-01-24T11:02:00.0
10.19,10.27,10.61,8.86,92.96070788050001,9.375,4.375,2020-01-24T11:03:00.0
10.31,10.69,10.55,8.76,93.25985955200001,9.375,4.375,2020-01-24T11:04:00.0
10.31,10.33,11.03,8.66,93.42287045,9.312,4.437,2020-01-24T11:05:00.0
10.31,10.43,10.09,8.76,93.64003961800002,9.312,4.5,2020-01-24T11:06:00.0
10.19,10.43,10.57,8.85,93.3957099445,9.25,4.5,2020-01-24T11:07:00.0
10.28,10.33,10.59,8.865,93.3957099445,9.218499999999999,4.468500000000001,2020-01-24T11:08:00.0
10.37,10.23,10.61,8.88,93.3957099445,9.187,4.437,2020-01-24T11:09:00.0
10.47,10.09,10.27,8.82,93.34137936050001,9.187,4.437,2020-01-24T11:10:00.0
9.77,9.89,10.19,8.66,93.0151278125,9.187,4.437,2020-01-24T11:11:00.0
9.35,9.53,9.61,8.36,92.7973715005,9.062,4.312,2020-01-24T11:12:00.0
9.75,10.03,10.37,8.36,93.802782472,9.0,4.187,2020-01-24T11:13:00.0
9.49,9.67,10.03,8.32,94.18206905800001,8.875,4.125,2020-01-24T11:14:00.0
9.39,9.57,9.39,8.12,94.019594248,8.75,4.062,2020-01-24T11:15:00.0
9.03,9.19,9.49,7.86,94.127923552,8.625,4.062,2020-01-24T11:16:00.0
9.25,9.43,9.71,7.72,94.26326338450001,8.562,4.062,2020-01-24T11:17:00.0
9.43,9.21,9.11,7.78,94.3714778125,8.437,4.062,2020-01-24T11:18:00.0
9.33,9.49,9.15,7.76,94.50667405,8.375,4.0,2020-01-24T11:19:00.0
9.29,9.35,9.35,7.82,94.66880423200001,8.312,4.0,2020-01-24T11:20:00.0
9.47,9.07,9.47,7.85,94.5337037245,8.312,4.062,2020-01-24T11:21:00.0
9.39,9.63,9.67,7.88,94.69581476050001,8.312,4.062,2020-01-24T11:22:00.0
9.53,9.47,9.75,7.96,94.74982624450001,8.25,4.062,2020-01-24T11:23:00.0
9.63,9.67,9.81,8.02,94.64179051250001,8.25,4.0,2020-01-24T11:24:00.0
9.47,9.81,10.03,8.08,94.47964118450001,8.312,4.0,2020-01-24T11:25:00.0
9.35,9.71,9.99,8.14,94.3714778125,8.25,4.0,2020-01-24T11:26:00.0
9.63,9.39,10.19,8.22,94.20913702450001,8.25,4.062,2020-01-24T11:27:00.0
9.33,9.85,10.57,8.27,94.64179051250001,8.312,4.062,2020-01-24T11:28:00.0
9.71,10.03,10.37,8.38,94.830819538,8.312,4.125,2020-01-24T11:29:00.0
9.25,9.85,10.17,8.49,94.58775350050001,8.312,4.125,2020-01-24T11:30:00.0
9.85,9.91,10.31,8.5,94.3714778125,8.437,4.125,2020-01-24T11:31:00.0
9.77,9.81,10.31,8.57,94.26326338450001,8.5,4.187,2020-01-24T11:32:00.0
9.85,9.91,10.61,8.59,94.4255658805,8.562,4.125,2020-01-24T11:33:00.0
9.33,9.81,10.23,8.64,94.1549979005,8.625,4.187,2020-01-24T11:34:00.0
10.03,10.09,9.99,8.68,94.18206905800001,8.75,4.125,2020-01-24T11:35:00.0
9.71,9.77,10.41,8.64,93.9925039445,8.812,4.187,2020-01-24T11:36:00.0
9.99,10.37,10.41,8.6,94.20913702450001,8.812,4.187,2020-01-24T11:37:00.0
9.95,10.37,10.95,8.68,94.1549979005,8.812,4.187,2020-01-24T11:38:00.0
9.99,10.55,10.85,8.84,94.23620180000002,8.812,4.25,2020-01-24T11:39:00.0
10.19,10.55,10.47,9.0,93.9925039445,8.875,4.187,2020-01-24T11:40:00.0
10.09,10.23,10.71,9.02,93.585766472,9.0,4.125,2020-01-24T11:41:00.0
9.99,10.31,10.47,8.88,93.42287045,9.0,4.125,2020-01-24T11:42:00.0
9.91,10.51,10.41,8.9,93.5043328205,9.0,4.187,2020-01-24T11:43:00.0
10.05,10.41,10.75,8.89,93.4500277645,9.062,4.25,2020-01-24T11:44:00.0
9.89,10.47,10.55,8.98,93.31420928200001,9.125,4.312,2020-01-24T11:45:00.0
10.27,10.17,10.89,9.18,93.3957099445,9.125,4.25,2020-01-24T11:46:00.0
10.19,10.55,10.37,9.35,93.4500277645,9.25,4.25,2020-01-24T11:47:00.0
10.03,10.43,10.69,9.48,92.6884167605,9.312,4.25,2020-01-24T11:48:00.0
10.23,10.41,10.89,9.32,92.1974886125,9.375,4.25,2020-01-24T11:49:00.0
10.41,10.05,10.85,9.42,92.14287722050001,9.375,4.25,2020-01-24T11:50:00.0
10.27,10.69,11.07,9.44,92.33396125000002,9.437,4.187,2020-01-24T11:51:00.0
10.27,10.57,10.79,9.57,91.9789664605,9.5,4.187,2020-01-24T11:52:00.0
10.09,10.55,11.03,9.53,91.51392880000002,9.5,4.25,2020-01-24T11:53:00.0
10.61,10.33,11.23,9.46,91.43176760050001,9.437,4.187,2020-01-24T11:54:00.0
10.31,10.75,10.65,9.42,91.26735904450001,9.437,4.312,2020-01-24T11:55:00.0
10.27,10.99,11.07,9.33,91.43176760050001,9.437,4.375,2020-01-24T11:56:00.0
10.43,10.79,11.09,9.26,91.5960612805,9.437,4.375,2020-01-24T11:57:00.0
10.19,10.69,11.21,9.16,91.81494082450001,9.375,4.312,2020-01-24T11:58:00.0
10.27,10.61,10.79,9.14,92.06093620000001,9.312,4.187,2020-01-24T11:59:00.0
10.41,10.51,11.33,9.1,91.51392880000002,9.312,4.062,2020-01-24T12:00:00.0
10.17,10.57,10.99,8.96,91.48654492450001,9.187,3.937,2020-01-24T12:01:00.0
9.99,10.61,10.65,8.91,91.65080031250001,9.125,3.937,2020-01-24T12:02:00.0
10.17,10.17,10.75,8.780000000000001,91.76024008450001,9.062,3.937,2020-01-24T12:03:00.0
9.85,9.89,10.93,8.65,91.76024008450001,9.0,3.875,2020-01-24T12:04:00.0
10.13,10.13,10.69,8.5,91.9789664605,8.875,3.812,2020-01-24T12:05:00.0
9.95,9.85,10.61,8.51,92.388527968,8.812,3.875,2020-01-24T12:06:00.0
9.77,9.49,10.33,8.38,92.1974886125,8.812,3.937,2020-01-24T12:07:00.0
9.53,9.89,10.17,8.18,92.14287722050001,8.75,3.812,2020-01-24T12:08:00.0
9.81,9.75,10.33,8.1,92.5794109645,8.75,3.687,2020-01-24T12:09:00.0
9.57,9.99,10.23,8.08,92.7973715005,8.687,3.687,2020-01-24T12:10:00.0
9.61,9.85,9.99,8.08,92.7973715005,8.562,3.687,2020-01-24T12:11:00.0
9.67,10.03,10.33,8.16,93.1239293845,8.562,3.75,2020-01-24T12:12:00.0
9.75,10.05,10.13,8.14,93.1783110245,8.562,3.812,2020-01-24T12:13:00.0
9.49,9.63,10.31,8.08,92.8518297245,8.562,3.75,2020-01-24T12:14:00.0
9.75,9.49,10.27,8.065000000000001,93.04233299200001,8.562,3.687,2020-01-24T12:15:00.0
9.33,9.49,9.81,8.05,93.0151278125,8.5,3.625,2020-01-24T12:16:00.0
9.53,9.75,10.23,8.04,93.3957099445,8.5,3.812,2020-01-24T12:17:00.0
9.3,9.620000000000001,10.02,7.924999999999999,93.11015607625001,8.468499999999999,3.7495,2020-01-24T12:18:00.0
9.07,9.49,9.81,7.81,92.82460220800002,8.437,3.687,2020-01-24T12:19:00.0
9.19,9.47,9.95,7.74,92.9062751845,8.312,3.562,2020-01-24T12:20:00.0
9.03,9.21,9.75,7.63,92.63392024450002,8.25,3.562,2020-01-24T12:21:00.0
9.03,9.29,9.85,7.52,92.6884167605,8.187,3.625,2020-01-24T12:22:00.0
8.79,9.35,9.63,7.58,92.9062751845,8.125,3.5,2020-01-24T12:23:00.0
8.87,9.43,9.75,7.51,92.6884167605,8.062,3.375,2020-01-24T12:24:00.0
9.33,9.35,10.13,7.56,92.7973715005,8.0,3.375,2020-01-24T12:25:00.0
9.03,9.33,10.03,7.61,92.66117009800001,7.937,3.312,2020-01-24T12:26:00.0
8.71,9.19,10.03,7.55,92.497623112,7.875,3.375,2020-01-24T12:27:00.0
8.83,9.63,9.85,7.62,92.96070788050001,7.875,3.375,2020-01-24T12:28:00.0
8.83,9.49,9.99,7.61,93.096733778,7.875,3.5,2020-01-24T12:29:00.0
8.83,9.25,9.85,7.6,92.9062751845,7.812,3.437,2020-01-24T12:30:00.0
8.83,9.21,10.03,7.48,92.52488892050002,7.75,3.5,2020-01-24T12:31:00.0
8.87,9.71,10.19,7.51,93.0151278125,7.75,3.5,2020-01-24T12:32:00.0
9.03,9.25,9.67,7.58,92.96070788050001,7.75,3.5,2020-01-24T12:33:00.0
9.07,9.63,9.63,7.7,92.497623112,7.687,3.5,2020-01-24T12:34:00.0
9.33,9.57,10.33,7.96,92.74290051250001,7.75,3.562,2020-01-24T12:35:00.0
9.21,9.57,9.91,8.14,92.4158065405,7.75,3.562,2020-01-24T12:36:00.0
9.39,9.77,10.03,8.26,92.3066731045,7.812,3.687,2020-01-24T12:37:00.0
9.49,10.13,10.23,8.43,92.33396125000002,7.875,3.687,2020-01-24T12:38:00.0
9.53,10.09,10.37,8.59,92.3066731045,7.937,3.75,2020-01-24T12:39:00.0
9.71,10.41,10.17,8.65,92.03361614450002,8.0,3.75,2020-01-24T12:40:00.0
9.43,10.85,9.49,8.59,91.76024008450001,8.0,3.687,2020-01-24T12:41:00.0
9.49,10.65,10.19,8.6,92.006292898,8.187,3.625,2020-01-24T12:42:00.0
9.77,10.71,9.99,8.7,92.14287722050001,8.187,3.687,2020-01-24T12:43:00.0
9.95,10.57,10.51,8.67,91.89696800200001,8.312,3.687,2020-01-24T12:44:00.0
9.95,10.65,9.81,8.52,91.5413094845,8.375,3.625,2020-01-24T12:45:00.0
10.03,10.69,10.23,8.64,91.89696800200001,8.437,3.687,2020-01-24T12:46:00.0
10.03,10.79,10.03,8.72,91.732884928,8.437,3.75,2020-01-24T12:47:00.0
9.75,10.31,10.37,8.68,91.21253066450001,8.437,3.75,2020-01-24T12:48:00.0
9.43,10.27,9.75,8.68,91.23994645,8.437,3.75,2020-01-24T12:49:00.0
10.09,10.37,10.47,9.22,91.3769775125,8.437,3.625,2020-01-24T12:50:00.0
9.53,10.03,10.09,8.61,91.04796894050001,8.5,3.625,2020-01-24T12:51:00.0
9.53,10.37,10.13,8.45,90.7734441205,8.437,3.625,2020-01-24T12:52:00.0
9.95,10.55,10.51,8.56,91.1576895205,8.5,3.562,2020-01-24T12:53:00.0
9.99,11.07,10.33,8.66,90.8832923405,8.5,3.437,2020-01-24T12:54:00.0
9.77,10.55,10.51,8.88,90.71850086450002,8.562,3.437,2020-01-24T12:55:00.0
9.81,10.17,10.27,8.86,90.19590332800001,8.562,3.5,2020-01-24T12:56:00.0
9.75,9.63,10.17,8.76,89.7273396125,8.562,3.562,2020-01-24T12:57:00.0
9.53,9.71,9.99,8.48,89.2302081605,8.5,3.5,2020-01-24T12:58:00.0
9.71,9.47,9.39,8.35,89.17490751250001,8.437,3.437,2020-01-24T12:59:00.0
9.35,9.53,9.81,8.07,89.06426792450002,8.312,3.375,2020-01-24T13:00:00.0
9.21,9.67,9.57,7.98,89.39603352050001,8.25,3.375,2020-01-24T13:01:00.0
9.25,9.49,9.53,7.76,89.4512831125,8.187,3.375,2020-01-24T13:02:00.0
8.93,9.89,9.47,7.69,90.0581862005,8.062,3.312,2020-01-24T13:03:00.0
9.29,9.53,9.43,7.79,90.82837461250001,8.062,3.375,2020-01-24T13:04:00.0
9.39,10.09,9.67,7.82,90.91074641800002,8.0,3.375,2020-01-24T13:05:00.0
8.93,9.95,9.53,7.89,90.91074641800002,8.0,3.375,2020-01-24T13:06:00.0
9.15,9.99,9.61,7.86,91.10283561250002,7.937,3.312,2020-01-24T13:07:00.0
9.53,9.89,9.43,7.9,91.32217466050001,8.0,3.437,2020-01-24T13:08:00.0
9.19,10.09,9.19,7.94,91.21253066450001,7.937,3.437,2020-01-24T13:09:00.0
9.19,10.19,9.53,7.94,90.74597408800001,7.937,3.375,2020-01-24T13:10:00.0
8.75,10.19,8.97,7.75,90.25096784200001,7.875,3.312,2020-01-24T13:11:00.0
8.65,9.91,9.03,7.54,90.55359451250001,7.812,3.25,2020-01-24T13:12:00.0
9.35,9.61,9.35,7.62,90.581086882,7.75,3.25,2020-01-24T13:13:00.0
8.97,9.89,9.43,7.73,90.69102445000001,7.75,3.312,2020-01-24T13:14:00.0
8.71,10.19,9.63,7.88,91.04796894050001,7.75,3.375,2020-01-24T13:15:00.0
9.57,9.99,9.47,8.07,91.568686978,7.75,3.437,2020-01-24T13:16:00.0
9.14,9.940000000000001,9.29,7.885,91.03364358925,7.75,3.3434999999999997,2020-01-24T13:17:00.0
8.71,9.89,9.11,7.7,90.49860020050001,7.75,3.25,2020-01-24T13:18:00.0
8.89,10.05,9.33,7.62,95.6122740845,7.687,3.25,2020-01-24T13:19:00.0
9.07,10.27,8.65,7.62,90.74597408800001,7.687,3.187,2020-01-24T13:20:00.0
8.93,10.03,8.79,7.62,90.91074641800002,7.625,3.25,2020-01-24T13:21:00.0
8.75,10.13,9.07,7.54,90.66354484450001,7.625,3.25,2020-01-24T13:22:00.0
8.97,10.05,8.97,7.66,90.96564500000001,7.562,3.25,2020-01-24T13:23:00.0
9.29,10.17,9.11,7.79,91.3769775125,7.562,3.312,2020-01-24T13:24:00.0
8.93,10.17,9.01,9.22,91.185111688,7.562,3.375,2020-01-24T13:25:00.0
8.71,10.27,9.21,7.85,90.9930895045,7.625,3.437,2020-01-24T13:26:00.0
8.79,10.31,9.33,7.96,90.9930895045,7.625,3.5,2020-01-24T13:27:00.0
9.07,10.19,9.11,7.96,90.38857328450001,7.625,3.5,2020-01-24T13:28:00.0
8.71,10.17,8.23,7.83,89.83767286450001,7.625,3.5,2020-01-24T13:29:00.0
8.75,10.05,8.79,7.67,89.58935125,7.625,3.312,2020-01-24T13:30:00.0
9.01,10.23,8.59,7.72,90.66354484450001,7.562,3.437,2020-01-24T13:31:00.0
9.21,9.99,8.83,7.73,95.6122740845,7.562,3.437,2020-01-24T13:32:00.0
8.71,10.19,8.83,7.74,89.94795506050001,7.625,3.437,2020-01-24T13:33:00.0
8.83,9.77,9.07,7.61,90.2784953125,7.562,3.437,2020-01-24T13:34:00.0
8.55,9.81,8.89,7.62,90.49860020050001,7.562,3.437,2020-01-24T13:35:00.0
8.71,9.85,8.93,7.48,90.2784953125,7.562,3.437,2020-01-24T13:36:00.0
8.69,9.89,9.11,7.35,90.030633202,7.5,3.437,2020-01-24T13:37:00.0
8.33,9.71,8.71,7.28,89.94795506050001,7.5,3.312,2020-01-24T13:38:00.0
8.69,9.85,8.75,7.34,90.22343718050001,7.437,3.312,2020-01-24T13:39:00.0
8.47,9.85,8.55,7.38,90.11328262450002,7.437,3.312,2020-01-24T13:40:00.0
8.13,9.81,8.69,7.3,89.83767286450001,7.375,3.312,2020-01-24T13:41:00.0
8.75,9.85,8.89,7.33,90.19590332800001,7.375,3.25,2020-01-24T13:42:00.0
8.89,10.31,9.07,7.64,93.7756666405,7.375,3.312,2020-01-24T13:43:00.0
8.51,10.47,9.01,7.74,89.478903122,7.375,3.312,2020-01-24T13:44:00.0
8.93,10.71,9.47,7.84,89.147252402,7.312,3.375,2020-01-24T13:45:00.0
9.21,10.83,9.67,8.16,89.2302081605,7.437,3.5,2020-01-24T13:46:00.0
9.11,10.95,9.61,8.185,88.28836124050001,7.437,3.5,2020-01-24T13:47:00.0
9.03,10.51,9.49,8.21,87.37068805,7.5,3.5,2020-01-24T13:48:00.0
8.87,10.37,9.33,8.14,87.1755833605,7.5,3.5,2020-01-24T13:49:00.0
8.55,10.43,8.89,8.03,87.42640352800001,7.5,3.437,2020-01-24T13:50:00.0
9.07,10.19,9.21,7.85,87.62130718450001,7.562,3.437,2020-01-24T13:51:00.0
8.65,9.99,9.19,7.59,87.7882430125,7.5,3.437,2020-01-24T13:52:00.0
8.59,9.89,8.93,7.4,88.28836124050001,7.562,3.437,2020-01-24T13:53:00.0
8.71,9.57,8.87,7.3,89.3407711645,7.5,3.437,2020-01-24T13:54:00.0
8.59,9.89,8.87,7.21,89.3407711645,7.437,3.375,2020-01-24T13:55:00.0
8.6,9.9,8.809999999999999,7.275,89.4236455525,7.437,3.3125,2020-01-24T13:56:00.0
8.61,9.91,8.75,7.34,89.50651994050001,7.437,3.25,2020-01-24T13:57:00.0
8.41,9.67,8.89,7.34,89.61695530450001,7.437,3.25,2020-01-24T13:58:00.0
8.55,9.67,9.15,7.39,89.8652482,7.437,3.312,2020-01-24T13:59:00.0
8.33,9.43,8.71,7.16,89.39603352050001,7.437,3.312,2020-01-24T14:00:00.0
8.15,8.97,8.61,6.97,89.67215384050002,7.437,3.312,2020-01-24T14:01:00.0
8.47,9.35,8.47,7.17,90.38857328450001,7.375,3.375,2020-01-24T14:02:00.0
8.55,9.43,8.69,7.24,90.030633202,7.375,3.375,2020-01-24T14:03:00.0
8.37,9.25,8.71,7.19,89.89282034450001,7.312,3.375,2020-01-24T14:04:00.0
8.41,9.35,9.01,7.2,93.5043328205,7.312,3.312,2020-01-24T14:05:00.0
8.33,9.85,8.97,7.25,90.22343718050001,7.375,3.312,2020-01-24T14:06:00.0
8.75,9.57,9.15,7.48,90.1683662845,7.375,3.187,2020-01-24T14:07:00.0
8.7,9.9,9.02,7.495,89.6992872225,7.406000000000001,3.1559999999999997,2020-01-24T14:08:00.0
8.65,10.23,8.89,7.51,89.2302081605,7.437,3.125,2020-01-24T14:09:00.0
8.87,10.17,9.47,7.57,89.06426792450002,7.437,3.062,2020-01-24T14:10:00.0
9.07,10.37,9.15,7.69,89.3407711645,7.5,3.062,2020-01-24T14:11:00.0
8.87,9.81,9.33,7.79,89.03660005,7.562,3.062,2020-01-24T14:12:00.0
8.89,10.17,9.33,7.91,89.147252402,7.687,3.125,2020-01-24T14:13:00.0
8.97,10.17,9.39,7.99,89.2302081605,7.75,3.25,2020-01-24T14:14:00.0
8.65,9.75,9.25,7.94,89.11959410050001,7.875,3.312,2020-01-24T14:15:00.0
9.01,9.77,9.57,7.9,88.84283558050001,7.937,3.312,2020-01-24T14:16:00.0
9.07,10.17,9.71,7.9,88.8982128125,8.0,3.187,2020-01-24T14:17:00.0
9.21,9.95,9.15,7.94,88.98125472800001,8.0,3.187,2020-01-24T14:18:00.0
9.01,9.95,9.03,8.01,88.84283558050001,8.062,3.187,2020-01-24T14:19:00.0
9.15,9.99,9.15,8.1,88.8982128125,8.062,3.187,2020-01-24T14:20:00.0
9.15,10.23,9.35,8.19,88.7320428245,8.125,3.187,2020-01-24T14:21:00.0
9.21,10.33,9.35,8.215,93.9925039445,8.187,3.125,2020-01-24T14:22:00.0
9.39,10.19,9.15,8.24,-63.71501218750018,8.187,3.187,2020-01-24T14:23:00.0
8.93,9.91,9.57,8.19,87.760428352,8.25,3.25,2020-01-24T14:24:00.0
9.25,9.99,9.57,8.18,87.95506396450001,8.187,3.25,2020-01-24T14:25:00.0
9.29,10.05,9.85,8.22,88.0106454205,8.187,3.25,2020-01-24T14:26:00.0
9.21,10.61,9.85,8.4,88.23284360450002,8.25,3.375,2020-01-24T14:27:00.0
9.07,10.51,9.75,8.36,87.593473378,8.312,3.375,2020-01-24T14:28:00.0
9.19,9.95,9.67,8.26,87.62130718450001,8.312,3.375,2020-01-24T14:29:00.0
9.67,10.03,9.81,8.19,87.537796192,8.312,3.312,2020-01-24T14:30:00.0
9.67,10.03,9.85,8.2,87.2870909005,8.312,3.25,2020-01-24T14:31:00.0
9.35,10.37,9.95,8.27,87.4542564805,8.375,3.25,2020-01-24T14:32:00.0
9.39,10.19,10.33,8.28,87.3428255245,8.375,3.312,2020-01-24T14:33:00.0
9.07,10.41,9.67,8.34,87.2870909005,8.375,3.25,2020-01-24T14:34:00.0
9.63,10.27,10.13,8.41,87.0640247645,8.437,3.312,2020-01-24T14:35:00.0
10.03,10.69,10.17,8.48,-2.0462,8.437,3.25,2020-01-24T14:36:00.0
9.85,10.37,10.17,8.55,86.8407544045,8.437,3.25,2020-01-24T14:37:00.0
9.67,10.31,10.09,8.620000000000001,-2.0462,8.5,3.25,2020-01-24T14:38:00.0
9.77,10.19,10.13,8.690000000000001,208.01347626049994,8.562,3.312,2020-01-24T14:39:00.0
9.85,10.65,10.17,8.76,153.34837802049987,8.625,3.312,2020-01-24T14:40:00.0
9.47,10.89,10.51,8.8,86.3376494005,8.687,3.375,2020-01-24T14:41:00.0
9.53,10.31,9.99,8.82,86.421572032,8.687,3.437,2020-01-24T14:42:00.0
9.67,10.83,10.23,8.8,85.805472482,8.75,3.437,2020-01-24T14:43:00.0
9.63,10.79,10.55,8.78,85.9456307245,8.812,3.437,2020-01-24T14:44:00.0
9.77,10.55,10.19,8.8,86.1137153125,8.875,3.437,2020-01-24T14:45:00.0
9.89,10.57,9.99,8.89,85.97365280000001,8.937,3.375,2020-01-24T14:46:00.0
9.81,11.13,10.55,9.0,86.00167168450001,8.937,3.375,2020-01-24T14:47:00.0
10.19,10.89,10.47,9.08,85.24404176200001,9.0,3.312,2020-01-24T14:48:00.0
10.03,11.45,10.47,9.28,85.21593672050001,9.0,3.375,2020-01-24T14:49:00.0
10.37,11.71,10.85,9.352727272727272,-2.0462,9.0,3.437,2020-01-24T14:50:00.0
10.31,11.67,10.71,9.425454545454544,-2.0462,9.062,3.5,2020-01-24T14:51:00.0
10.37,12.09,10.99,9.498181818181816,-2.0462,9.062,3.5,2020-01-24T14:52:00.0
10.75,12.27,11.17,9.570909090909089,-2.0462,9.062,3.5,2020-01-24T14:53:00.0
10.37,12.03,11.65,9.643636363636361,-2.0462,9.187,3.625,2020-01-24T14:54:00.0
10.57,11.95,11.41,9.716363636363633,-2.0462,9.25,3.625,2020-01-24T14:55:00.0
10.85,12.43,11.79,9.789090909090906,-2.0462,9.25,3.625,2020-01-24T14:56:00.0
10.47,12.33,10.99,9.861818181818178,-2.0462,9.312,3.687,2020-01-24T14:57:00.0
10.41,12.37,11.27,9.93454545454545,-2.0462,9.25,3.687,2020-01-24T14:58:00.0
10.23,12.53,10.85,10.007272727272722,-2.0462,9.25,3.75,2020-01-24T14:59:00.0
10.27,12.27,10.57,10.079999999999995,-2.0462,9.187,3.75,2020-01-24T15:00:00.0
10.55,12.05,10.95,10.152727272727267,-2.0462,9.187,3.75,2020-01-24T15:01:00.0
10.61,12.05,10.83,10.22545454545454,-2.0462,9.062,3.687,2020-01-24T15:02:00.0
10.37,12.17,11.17,10.298181818181812,-2.0462,9.0,3.625,2020-01-24T15:03:00.0
10.55,12.33,11.13,10.370909090909084,-2.0462,9.0,3.75,2020-01-24T15:04:00.0
10.69,12.53,11.37,10.443636363636356,-2.0462,8.937,3.812,2020-01-24T15:05:00.0
10.61,12.53,11.13,10.516363636363629,-2.0462,9.0,3.812,2020-01-24T15:06:00.0
10.75,13.31,11.61,10.589090909090901,-2.0462,9.0,3.687,2020-01-24T15:07:00.0
11.27,13.11,11.75,10.661818181818173,-2.0462,9.062,3.812,2020-01-24T15:08:00.0
11.33,13.01,12.27,10.734545454545446,-2.0462,9.125,3.812,2020-01-24T15:09:00.0
11.17,13.15,11.65,10.807272727272718,-2.0462,9.187,3.75,2020-01-24T15:10:00.0
11.37,13.41,11.81,10.88,78.3784430405,9.312,3.687,2020-01-24T15:11:00.0
11.57,12.71,12.09,10.92,78.72468301250001,9.312,3.75,2020-01-24T15:12:00.0
11.65,13.17,11.95,11.02,77.655633928,9.312,3.687,2020-01-24T15:13:00.0
11.41,13.41,12.19,11.14,77.85822151250001,9.375,3.875,2020-01-24T15:14:00.0
10.75,12.95,11.67,10.73,76.29135362450002,9.437,3.875,2020-01-24T15:15:00.0
11.27,13.15,11.17,10.31,77.0469330205,9.437,3.812,2020-01-24T15:16:00.0
11.09,12.95,11.45,10.31,78.2051507405,9.437,3.75,2020-01-24T15:17:00.0
11.09,13.01,11.47,10.31,-2.0462,9.375,3.687,2020-01-24T15:18:00.0
10.71,13.17,11.09,10.31,-2.0462,9.375,3.687,2020-01-24T15:19:00.0
11.51,13.59,11.79,10.31,-2.0462,9.375,3.812,2020-01-24T15:20:00.0
11.45,12.53,11.67,10.31,-2.0462,9.437,3.875,2020-01-24T15:21:00.0
11.21,12.63,11.75,10.31,-2.0462,9.437,3.812,2020-01-24T15:22:00.0
11.45,13.35,12.27,10.31,-2.0462,9.5,3.75,2020-01-24T15:23:00.0
11.45,12.91,11.95,10.31,-2.0462,9.5,3.687,2020-01-24T15:24:00.0
11.81,13.81,12.37,10.31,-2.0462,9.562,3.625,2020-01-24T15:25:00.0
11.57,13.21,11.99,10.31,-2.0462,9.625,3.625,2020-01-24T15:26:00.0
11.33,13.27,11.85,10.31,-2.0462,9.687,3.687,2020-01-24T15:27:00.0
11.47,12.71,11.93,10.31,-2.0462,9.75,3.687,2020-01-24T15:28:00.0
11.31,13.39,11.71,10.31,-2.0462,9.812,3.687,2020-01-24T15:29:00.0
11.17,12.91,11.31,10.31,-2.0462,9.875,3.625,2020-01-24T15:30:00.0
11.41,13.17,11.57,10.31,-2.0462,9.875,3.562,2020-01-24T15:31:00.0
11.51,13.39,12.03,10.31,-2.0462,9.875,3.562,2020-01-24T15:32:00.0
11.67,13.45,11.93,10.31,-2.0462,9.937,3.625,2020-01-24T15:33:00.0
11.79,13.31,12.05,10.31,-2.0462,10.062,3.812,2020-01-24T15:34:00.0
11.55,13.35,12.29,10.31,-2.0462,10.062,3.812,2020-01-24T15:35:00.0
11.09,13.21,11.57,10.31,-2.0462,10.062,3.812,2020-01-24T15:36:00.0
10.79,12.77,11.89,10.31,-2.0462,10.062,3.875,2020-01-24T15:37:00.0
10.83,13.17,11.41,10.31,-2.0462,10.0,3.75,2020-01-24T15:38:00.0
11.31,12.67,11.37,10.31,-2.0462,9.937,3.75,2020-01-24T15:39:00.0
11.13,12.95,11.57,10.31,-2.0462,9.875,3.625,2020-01-24T15:40:00.0
10.85,12.71,11.33,10.31,-2.0462,9.812,3.687,2020-01-24T15:41:00.0
11.07,12.77,11.27,10.31,-2.0462,9.75,3.687,2020-01-24T15:42:00.0
10.83,12.37,11.09,10.31,-2.0462,9.687,3.75,2020-01-24T15:43:00.0
11.07,12.61,11.41,10.31,-2.0462,9.687,3.625,2020-01-24T15:44:00.0
11.51,13.27,11.89,10.31,-2.0462,9.687,3.625,2020-01-24T15:45:00.0
11.33,12.61,11.67,10.31,-2.0462,9.75,3.75,2020-01-24T15:46:00.0
11.03,13.11,11.13,10.31,-2.0462,9.75,3.687,2020-01-24T15:47:00.0
10.83,12.95,11.07,10.31,-2.0462,9.75,3.687,2020-01-24T15:48:00.0
10.51,12.37,11.13,10.31,-2.0462,9.687,3.75,2020-01-24T15:49:00.0
10.75,12.81,10.79,10.31,-2.0462,9.625,3.812,2020-01-24T15:50:00.0
10.19,12.57,10.79,10.31,-2.0462,9.5,3.875,2020-01-24T15:51:00.0
10.55,11.85,10.69,10.31,-2.0462,9.437,3.875,2020-01-24T15:52:00.0
10.13,12.05,10.69,10.31,-2.0462,9.375,3.687,2020-01-24T15:53:00.0
10.23,12.05,10.27,10.31,-2.0462,9.187,3.687,2020-01-24T15:54:00.0
10.05,11.89,10.61,10.31,-2.0462,9.125,3.687,2020-01-24T15:55:00.0
10.19,11.45,10.41,10.31,-2.0462,9.062,3.687,2020-01-24T15:56:00.0
9.99,11.61,10.47,10.31,-2.0462,8.937,3.5,2020-01-24T15:57:00.0
9.63,11.67,10.13,10.31,-2.0462,8.875,3.5,2020-01-24T15:58:00.0
9.53,11.17,10.09,10.31,-2.0462,8.75,3.375,2020-01-24T15:59:00.0
9.49,11.55,9.95,10.31,-2.0462,8.687,3.437,2020-01-24T16:00:00.0
9.33,11.51,10.31,10.31,-2.0462,8.625,3.375,2020-01-24T16:01:00.0
10.03,11.65,10.27,10.31,-2.0462,8.562,3.437,2020-01-24T16:02:00.0
10.03,12.19,9.99,10.31,-2.0462,8.562,3.437,2020-01-24T16:03:00.0
9.89,11.61,10.83,10.31,-2.0462,8.562,3.5,2020-01-24T16:04:00.0
10.23,12.37,10.79,10.31,-2.0462,8.562,3.562,2020-01-24T16:05:00.0
10.23,12.13,10.55,10.31,-2.0462,8.562,3.562,2020-01-24T16:06:00.0
10.03,12.19,10.37,10.31,-2.0462,8.625,3.5,2020-01-24T16:07:00.0
9.95,11.85,10.27,10.31,-2.0462,8.625,3.625,2020-01-24T16:08:00.0
10.13,11.89,10.23,10.31,-2.0462,8.625,3.687,2020-01-24T16:09:00.0
9.71,12.13,9.85,10.31,-2.0462,8.687,3.687,2020-01-24T16:10:00.0
9.63,11.23,9.89,10.31,-2.0462,8.625,3.437,2020-01-24T16:11:00.0
9.71,11.17,9.99,10.31,-2.0462,8.625,3.375,2020-01-24T16:12:00.0
9.75,11.51,10.19,10.31,-2.0462,8.625,3.312,2020-01-24T16:13:00.0
9.95,11.67,10.47,10.31,-2.0462,8.625,3.437,2020-01-24T16:14:00.0
10.19,12.05,10.65,10.31,-2.0462,8.625,3.562,2020-01-24T16:15:00.0
10.17,12.57,10.61,10.31,-2.0462,8.687,3.625,2020-01-24T16:16:00.0
10.23,12.05,10.65,10.31,-2.0462,8.687,3.562,2020-01-24T16:17:00.0
10.71,12.23,11.03,10.31,-2.0462,8.75,3.5,2020-01-24T16:18:00.0
10.51,11.85,10.65,10.31,-2.0462,8.812,3.562,2020-01-24T16:19:00.0
10.57,11.47,10.41,10.31,-2.0462,8.875,3.562,2020-01-24T16:20:00.0
10.51,12.37,10.89,10.31,-2.0462,9.0,3.625,2020-01-24T16:21:00.0
10.51,12.43,10.61,10.31,-2.0462,9.125,3.687,2020-01-24T16:22:00.0
10.47,11.79,10.89,10.31,-2.0462,9.187,3.812,2020-01-24T16:23:00.0
10.19,11.79,10.55,10.31,-2.0462,9.25,3.812,2020-01-24T16:24:00.0
10.37,12.33,10.65,10.31,-2.0462,9.375,4.062,2020-01-24T16:25:00.0
10.23,12.05,10.55,10.31,-2.0462,9.375,4.25,2020-01-24T16:26:00.0
9.99,12.23,10.05,10.31,-2.0462,9.375,4.312,2020-01-24T16:27:00.0
10.02,12.25,10.04,10.31,-2.0462,9.375,4.2495,2020-01-24T16:28:00.0
10.05,12.27,10.03,10.31,-2.0462,9.375,4.187,2020-01-24T16:29:00.0
9.77,12.37,9.91,10.31,-2.0462,9.312,4.187,2020-01-24T16:30:00.0
10.03,11.93,10.19,10.31,-2.0462,9.312,4.062,2020-01-24T16:31:00.0
10.33,12.47,10.17,10.31,-2.0462,9.25,4.062,2020-01-24T16:32:00.0
9.95,12.03,10.65,10.31,-2.0462,9.25,4.062,2020-01-24T16:33:00.0
10.27,12.29,10.33,10.31,-2.0462,9.25,4.062,2020-01-24T16:34:00.0
10.41,11.93,10.69,10.31,-2.0462,9.25,4.125,2020-01-24T16:35:00.0
9.81,12.19,10.47,10.31,-2.0462,9.312,4.187,2020-01-24T16:36:00.0
10.19,11.99,10.61,10.31,-2.0462,9.312,4.125,2020-01-24T16:37:00.0
10.19,11.75,10.19,10.31,-2.0462,9.312,4.062,2020-01-24T16:38:00.0
10.17,12.13,10.27,10.31,-2.0462,9.312,4.062,2020-01-24T16:39:00.0
10.05,11.45,10.19,10.31,-2.0462,9.312,4.062,2020-01-24T16:40:00.0
10.23,11.85,10.03,10.31,-2.0462,9.25,4.062,2020-01-24T16:41:00.0
10.27,11.55,10.41,10.31,-2.0462,9.25,4.0,2020-01-24T16:42:00.0
9.99,11.21,10.37,10.31,-2.0462,9.187,4.062,2020-01-24T16:43:00.0
9.89,11.27,10.37,10.31,-2.0462,9.187,4.0,2020-01-24T16:44:00.0
10.23,11.17,10.33,10.31,-2.0462,9.187,3.937,2020-01-24T16:45:00.0
9.77,11.45,10.27,10.31,-2.0462,9.187,4.0,2020-01-24T16:46:00.0
9.91,11.41,10.51,10.31,-2.0462,9.25,3.875,2020-01-24T16:47:00.0
9.95,11.45,9.89,10.31,-2.0462,9.187,3.875,2020-01-24T16:48:00.0
9.99,11.51,10.31,10.31,-2.0462,9.187,3.812,2020-01-24T16:49:00.0
9.63,11.31,10.23,10.31,-2.0462,9.25,3.75,2020-01-24T16:50:00.0
9.99,10.89,10.23,10.31,-2.0462,9.187,3.75,2020-01-24T16:51:00.0
9.85,10.89,9.91,10.31,-2.0462,9.125,3.75,2020-01-24T16:52:00.0
9.53,10.75,9.77,10.31,-2.0462,9.125,3.625,2020-01-24T16:53:00.0
9.63,10.55,10.17,10.31,-2.0462,9.062,3.5,2020-01-24T16:54:00.0
9.89,10.79,10.13,10.31,-2.0462,9.0,3.562,2020-01-24T16:55:00.0
10.05,11.23,10.23,10.31,-2.0462,8.937,3.437,2020-01-24T16:56:00.0
9.81,10.79,10.43,10.31,-2.0462,8.937,3.437,2020-01-24T16:57:00.0
9.77,10.89,10.03,10.31,-2.0462,8.937,3.437,2020-01-24T16:58:00.0
9.61,10.57,9.81,10.31,-2.0462,8.937,3.437,2020-01-24T16:59:00.0
9.39,10.83,10.05,10.31,-2.0462,8.937,3.375,2020-01-24T17:00:00.0
9.75,10.57,9.81,10.31,-2.0462,9.0,3.375,2020-01-24T17:01:00.0
9.47,10.61,9.63,10.31,-2.0462,8.937,3.375,2020-01-24T17:02:00.0
9.25,10.65,9.43,10.31,-2.0462,8.937,3.375,2020-01-24T17:03:00.0
9.07,10.03,9.35,10.31,-2.0462,8.937,3.375,2020-01-24T17:04:00.0
9.11,9.57,8.93,10.31,-2.0462,8.937,3.375,2020-01-24T17:05:00.0
8.89,9.81,9.03,10.31,-2.0462,8.937,3.375,2020-01-24T17:06:00.0
8.71,9.53,8.93,10.31,-2.0462,8.937,3.437,2020-01-24T17:07:00.0
8.79,9.61,9.03,10.31,-2.0462,8.875,3.375,2020-01-24T17:08:00.0
8.33,9.35,8.61,10.31,-2.0462,8.812,3.375,2020-01-24T17:09:00.0
8.41,9.25,8.75,10.31,-2.0462,8.812,3.375,2020-01-24T17:10:00.0
8.51,9.71,8.71,10.31,-2.0462,8.75,3.375,2020-01-24T17:11:00.0
8.55,9.39,8.41,10.31,-2.0462,8.75,3.375,2020-01-24T17:12:00.0
9.01,9.25,8.75,10.31,-2.0462,8.687,3.437,2020-01-24T17:13:00.0
8.33,9.19,8.33,10.31,-2.0462,8.625,3.5,2020-01-24T17:14:00.0
8.45,9.29,8.29,10.31,-2.0462,8.625,3.5,2020-01-24T17:15:00.0
8.19,9.21,8.09,10.31,-2.0462,8.562,3.5,2020-01-24T17:16:00.0
8.15,9.77,8.33,10.31,-2.0462,8.5,3.625,2020-01-24T17:17:00.0
8.33,9.01,8.71,10.31,-2.0462,8.437,3.625,2020-01-24T17:18:00.0
8.37,9.15,8.45,10.31,-2.0462,8.375,3.5,2020-01-24T17:19:00.0
8.71,10.19,9.07,10.31,-2.0462,8.375,3.437,2020-01-24T17:20:00.0
9.07,10.47,9.71,10.31,-2.0462,8.375,3.375,2020-01-24T17:21:00.0
9.25,10.99,10.13,10.31,-2.0462,8.375,3.437,2020-01-24T17:22:00.0
9.21,10.75,9.99,10.31,-2.0462,8.437,3.562,2020-01-24T17:23:00.0
9.11,10.93,9.53,10.31,-2.0462,8.5,3.5,2020-01-24T17:24:00.0
9.71,11.17,9.89,10.31,-2.0462,8.5,3.5,2020-01-24T17:25:00.0
9.81,11.17,10.05,10.31,-2.0462,8.562,3.562,2020-01-24T17:26:00.0
9.25,11.09,9.85,10.31,-2.0462,8.562,3.625,2020-01-24T17:27:00.0
9.19,11.27,9.57,10.31,-2.0462,8.687,3.75,2020-01-24T17:28:00.0
9.19,10.99,9.33,10.31,-2.0462,8.625,3.812,2020-01-24T17:29:00.0
9.19,10.99,9.11,10.31,-2.0462,8.625,3.812,2020-01-24T17:30:00.0
8.93,10.83,9.35,10.31,-2.0462,8.625,3.875,2020-01-24T17:31:00.0
9.03,10.37,8.75,10.31,-2.0462,8.625,3.875,2020-01-24T17:32:00.0
8.83,10.47,8.89,10.31,-2.0462,8.562,3.75,2020-01-24T17:33:00.0
8.71,9.89,9.03,10.31,-2.0462,8.562,3.687,2020-01-24T17:34:00.0
9.15,10.03,9.21,10.31,-2.0462,8.562,3.625,2020-01-24T17:35:00.0
9.01,10.47,9.35,10.31,-2.0462,8.562,3.625,2020-01-24T17:36:00.0
9.03,10.51,9.33,10.31,-2.0462,8.5,3.5,2020-01-24T17:37:00.0
8.89,10.31,9.15,10.31,-2.0462,8.5,3.5,2020-01-24T17:38:00.0
8.89,10.19,9.47,10.31,-2.0462,8.5,3.437,2020-01-24T17:39:00.0
9.01,9.81,9.19,10.31,-2.0462,8.5,3.437,2020-01-24T17:40:00.0
8.79,9.85,8.15,10.31,-2.0462,8.375,3.437,2020-01-24T17:41:00.0
8.55,9.77,8.79,10.31,-2.0462,8.375,3.437,2020-01-24T17:42:00.0
8.59,9.81,9.25,10.31,-2.0462,8.312,3.5,2020-01-24T17:43:00.0
8.69,9.49,8.69,10.31,-2.0462,8.312,3.5,2020-01-24T17:44:00.0
8.69,9.43,8.89,10.31,-2.0462,8.25,3.437,2020-01-24T17:45:00.0
8.45,9.49,8.65,10.31,-2.0462,8.187,3.375,2020-01-24T17:46:00.0
8.75,9.21,8.79,10.31,-2.0462,8.187,3.312,2020-01-24T17:47:00.0
8.29,9.29,8.97,10.31,-2.0462,8.125,3.187,2020-01-24T17:48:00.0
8.19,9.29,8.71,10.31,-2.0462,8.125,3.187,2020-01-24T17:49:00.0
8.33,9.21,8.59,10.31,-2.0462,8.125,3.125,2020-01-24T17:50:00.0
7.97,8.75,8.47,10.31,-2.0462,8.062,3.187,2020-01-24T17:51:00.0
8.27,9.03,8.41,10.31,-2.0462,8.062,3.125,2020-01-24T17:52:00.0
8.05,8.75,7.87,10.31,-2.0462,8.062,3.062,2020-01-24T17:53:00.0
7.95,8.93,8.27,10.31,-2.0462,8.0,3.0,2020-01-24T17:54:00.0
7.97,8.83,8.27,10.31,-2.0462,8.0,3.0,2020-01-24T17:55:00.0
7.69,8.51,8.15,10.31,-2.0462,7.937,2.875,2020-01-24T17:56:00.0
7.91,8.51,7.97,10.31,-2.0462,7.875,2.875,2020-01-24T17:57:00.0
7.87,8.61,8.29,10.31,-2.0462,7.812,2.875,2020-01-24T17:58:00.0
7.79,8.41,7.87,10.31,-2.0462,7.75,2.875,2020-01-24T17:59:00.0
7.61,8.37,8.05,10.31,-2.0462,7.625,2.875,2020-01-24T18:00:00.0
7.73,8.19,7.79,10.31,-2.0462,7.562,3.0,2020-01-24T18:01:00.0
7.73,8.37,7.69,10.31,-2.0462,7.437,3.062,2020-01-24T18:02:00.0
7.37,8.41,7.59,10.31,-2.0462,7.375,3.0,2020-01-24T18:03:00.0
7.19,8.19,7.73,10.31,-2.0462,7.312,2.937,2020-01-24T18:04:00.0
7.61,7.65,7.47,10.31,-2.0462,7.25,2.875,2020-01-24T18:05:00.0
7.69,7.97,7.69,10.31,-2.0462,7.187,2.75,2020-01-24T18:06:00.0
7.23,7.95,7.87,10.31,-2.0462,7.125,2.75,2020-01-24T18:07:00.0
7.69,8.15,7.95,10.31,-2.0462,7.062,2.687,2020-01-24T18:08:00.0
7.45,7.87,7.47,10.31,-2.0462,7.062,2.687,2020-01-24T18:09:00.0
7.45,7.87,7.45,10.31,-2.0462,7.062,2.687,2020-01-24T18:10:00.0
7.73,8.41,7.97,10.31,-2.0462,7.062,2.687,2020-01-24T18:11:00.0
7.41,8.01,7.87,10.31,-2.0462,7.125,2.75,2020-01-24T18:12:00.0
7.33,7.97,7.65,10.31,-2.0462,7.062,2.812,2020-01-24T18:13:00.0
7.23,8.19,7.55,10.31,-2.0462,7.062,2.812,2020-01-24T18:14:00.0
7.29,8.05,7.65,10.31,-2.0462,7.062,2.812,2020-01-24T18:15:00.0
7.41,8.29,7.77,10.31,-2.0462,7.0,2.75,2020-01-24T18:16:00.0
7.41,8.23,7.77,10.31,-2.0462,7.0,2.75,2020-01-24T18:17:00.0
7.41,8.15,7.87,10.31,-2.0462,7.0,2.812,2020-01-24T18:18:00.0
7.19,8.23,7.51,10.31,-2.0462,7.062,2.75,2020-01-24T18:19:00.0
7.59,7.87,7.87,10.31,-2.0462,7.062,2.812,2020-01-24T18:20:00.0
7.01,8.01,7.65,10.31,-2.0462,7.125,2.812,2020-01-24T18:21:00.0
6.97,7.79,7.23,10.31,-2.0462,7.187,2.812,2020-01-24T18:22:00.0
7.33,8.01,6.87,10.31,-2.0462,7.187,2.812,2020-01-24T18:23:00.0
7.41,8.05,7.27,10.31,-2.0462,7.187,2.875,2020-01-24T18:24:00.0
7.05,7.69,7.41,10.31,-2.0462,7.187,2.812,2020-01-24T18:25:00.0
6.97,7.05,7.05,10.31,-2.0462,7.25,2.812,2020-01-24T18:26:00.0
7.37,8.01,7.23,10.31,-2.0462,7.187,2.75,2020-01-24T18:27:00.0
7.08,7.5600000000000005,7.050000000000001,10.31,-2.0462,7.187,2.7809999999999997,2020-01-24T18:28:00.0
6.79,7.11,6.87,10.31,-2.0462,7.187,2.812,2020-01-24T18:29:00.0
6.75,6.87,6.79,10.31,-2.0462,7.187,2.812,2020-01-24T18:30:00.0
6.51,6.91,6.97,10.31,-2.0462,7.187,2.812,2020-01-24T18:31:00.0
6.75,7.01,6.75,10.31,-2.0462,7.125,2.75,2020-01-24T18:32:00.0
6.65,6.93,6.87,10.31,-2.0462,7.062,2.75,2020-01-24T18:33:00.0
6.53,7.01,6.43,10.31,-2.0462,7.062,2.75,2020-01-24T18:34:00.0
6.43,6.61,6.33,10.31,-2.0462,7.0,2.75,2020-01-24T18:35:00.0
6.53,7.01,6.53,10.31,-2.0462,7.0,2.687,2020-01-24T18:36:00.0
6.21,6.97,6.69,10.31,-2.0462,7.0,2.75,2020-01-24T18:37:00.0
6.48,7.08,6.83,10.31,-2.0462,6.9375,2.75,2020-01-24T18:38:00.0
6.75,7.19,6.97,10.31,-2.0462,6.875,2.75,2020-01-24T18:39:00.0
6.25,7.01,6.61,10.31,-2.0462,6.875,2.812,2020-01-24T18:40:00.0
6.17,7.01,6.47,10.31,-2.0462,6.812,2.812,2020-01-24T18:41:00.0
6.47,7.19,6.33,10.31,-2.0462,6.812,2.812,2020-01-24T18:42:00.0
6.35,7.01,6.75,10.31,-2.0462,6.812,2.875,2020-01-24T18:43:00.0
6.53,7.23,6.43,10.31,-2.0462,6.75,2.875,2020-01-24T18:44:00.0
6.25,7.45,6.39,10.31,-2.0462,6.75,2.875,2020-01-24T18:45:00.0
6.47,7.47,6.53,10.31,-2.0462,6.687,2.875,2020-01-24T18:46:00.0
6.39,7.37,6.53,10.31,-2.0462,6.687,2.812,2020-01-24T18:47:00.0
6.39,7.51,6.87,10.31,-2.0462,6.687,2.812,2020-01-24T18:48:00.0
6.53,7.23,6.65,10.31,-2.0462,6.687,2.75,2020-01-24T18:49:00.0
6.61,7.55,7.29,10.31,-2.0462,6.687,2.75,2020-01-24T18:50:00.0
7.05,7.55,6.93,10.31,-2.0462,6.687,2.75,2020-01-24T18:51:00.0
7.09,7.91,7.11,10.31,-2.0462,6.75,2.812,2020-01-24T18:52:00.0
6.75,7.41,6.91,10.31,-2.0462,6.75,2.937,2020-01-24T18:53:00.0
6.75,7.79,7.33,10.31,-2.0462,6.75,2.875,2020-01-24T18:54:00.0
6.69,7.45,6.75,10.31,-2.0462,6.812,2.875,2020-01-24T18:55:00.0
6.73,7.69,7.05,10.31,-2.0462,6.812,2.812,2020-01-24T18:56:00.0
6.47,7.55,7.01,10.31,-2.0462,6.812,2.812,2020-01-24T18:57:00.0
6.39,7.59,7.09,10.31,-2.0462,6.812,2.875,2020-01-24T18:58:00.0
7.23,7.47,7.19,10.31,-2.0462,6.812,2.812,2020-01-24T18:59:00.0
6.57,7.41,6.79,10.31,-2.0462,6.875,2.812,2020-01-24T19:00:00.0
6.61,7.51,6.75,10.31,-2.0462,6.812,2.75,2020-01-24T19:01:00.0
6.83,7.33,6.87,10.31,-2.0462,6.812,2.687,2020-01-24T19:02:00.0
6.53,7.41,6.75,10.31,-2.0462,6.75,2.625,2020-01-24T19:03:00.0
6.53,6.87,6.57,10.31,-2.0462,6.75,2.562,2020-01-24T19:04:00.0
6.29,7.15,6.65,10.31,-2.0462,6.687,2.562,2020-01-24T19:05:00.0
6.61,7.01,6.73,10.31,-2.0462,6.687,2.562,2020-01-24T19:06:00.0
6.47,7.29,6.79,10.31,-2.0462,6.687,2.562,2020-01-24T19:07:00.0
6.97,6.93,6.69,10.31,-2.0462,6.625,2.562,2020-01-24T19:08:00.0
6.61,7.23,6.79,10.31,-2.0462,6.625,2.562,2020-01-24T19:09:00.0
6.35,6.93,6.93,10.31,-2.0462,6.625,2.562,2020-01-24T19:10:00.0
6.97,7.23,7.05,10.31,-2.0462,6.562,2.5,2020-01-24T19:11:00.0
7.01,7.01,7.05,10.31,-2.0462,6.562,2.5,2020-01-24T19:12:00.0
6.47,6.91,7.19,10.31,-2.0462,6.625,2.5,2020-01-24T19:13:00.0
6.57,6.97,6.87,10.31,-2.0462,6.687,2.5,2020-01-24T19:14:00.0
6.69,6.93,7.09,10.31,-2.0462,6.75,2.562,2020-01-24T19:15:00.0
6.87,7.11,7.01,10.31,-2.0462,6.75,2.562,2020-01-24T19:16:00.0
6.91,7.47,6.83,10.31,-2.0462,6.812,2.625,2020-01-24T19:17:00.0
6.73,7.29,6.91,10.31,-2.0462,6.875,2.625,2020-01-24T19:18:00.0
6.75,7.15,6.83,10.31,-2.0462,6.875,2.687,2020-01-24T19:19:00.0
6.75,7.05,7.09,10.31,-2.0462,6.937,2.75,2020-01-24T19:20:00.0
6.93,7.45,6.83,10.31,-2.0462,6.937,2.687,2020-01-24T19:21:00.0
6.47,7.29,6.91,10.31,-2.0462,6.937,2.625,2020-01-24T19:22:00.0
6.65,7.29,6.75,10.31,-2.0462,6.875,2.625,2020-01-24T19:23:00.0
7.05,7.15,6.53,10.31,-2.0462,6.875,2.562,2020-01-24T19:24:00.0
6.65,7.11,6.65,10.31,-2.0462,6.875,2.562,2020-01-24T19:25:00.0
6.57,6.93,6.65,10.31,-2.0462,6.875,2.562,2020-01-24T19:26:00.0
6.87,7.09,6.75,10.31,-2.0462,6.875,2.562,2020-01-24T19:27:00.0
6.69,7.27,6.79,10.31,-2.0462,6.812,2.562,2020-01-24T19:28:00.0
6.39,7.19,6.75,10.31,-2.0462,6.75,2.562,2020-01-24T19:29:00.0
6.51,7.11,6.83,10.31,-2.0462,6.75,2.562,2020-01-24T19:30:00.0
6.35,7.01,6.69,10.31,-2.0462,6.75,2.562,2020-01-24T19:31:00.0
6.47,6.97,6.87,10.31,-2.0462,6.75,2.625,2020-01-24T19:32:00.0
6.69,7.19,7.23,10.31,-2.0462,6.687,2.625,2020-01-24T19:33:00.0
6.93,7.19,6.73,10.31,-2.0462,6.687,2.75,2020-01-24T19:34:00.0
6.47,7.19,6.91,10.31,-2.0462,6.687,2.812,2020-01-24T19:35:00.0
6.69,7.37,7.09,10.31,-2.0462,6.75,2.812,2020-01-24T19:36:00.0
6.53,7.09,6.73,10.31,-2.0462,6.75,2.812,2020-01-24T19:37:00.0
6.79,6.65,6.73,10.31,-2.0462,6.812,2.75,2020-01-24T19:38:00.0
6.35,6.79,6.87,10.31,-2.0462,6.75,2.75,2020-01-24T19:39:00.0
6.75,6.61,6.73,10.31,-2.0462,6.75,2.75,2020-01-24T19:40:00.0
6.53,6.61,6.65,10.31,-2.0462,6.75,2.687,2020-01-24T19:41:00.0
6.39,6.57,6.53,10.31,-2.0462,6.75,2.687,2020-01-24T19:42:00.0
6.57,6.51,6.91,10.31,-2.0462,6.75,2.687,2020-01-24T19:43:00.0
6.61,6.91,6.79,10.31,-2.0462,6.812,2.687,2020-01-24T19:44:00.0
6.39,6.73,6.83,10.31,-2.0462,6.812,2.75,2020-01-24T19:45:00.0
6.73,6.61,6.83,10.31,-2.0462,6.875,2.75,2020-01-24T19:46:00.0
6.35,6.53,6.79,10.31,-2.0462,6.937,2.75,2020-01-24T19:47:00.0
6.35,6.61,6.61,10.31,-2.0462,6.937,2.812,2020-01-24T19:48:00.0
6.47,6.53,6.83,10.31,-2.0462,7.0,2.75,2020-01-24T19:49:00.0
6.61,6.39,6.47,10.31,-2.0462,7.0,2.75,2020-01-24T19:50:00.0
6.5,6.41,6.72,10.31,-2.0462,7.0,2.75,2020-01-24T19:51:00.0
6.39,6.43,6.97,10.31,-2.0462,7.0,2.75,2020-01-24T19:52:00.0
6.69,6.35,6.65,10.31,-2.0462,7.062,2.687,2020-01-24T19:53:00.0
6.21,6.53,6.79,10.31,-2.0462,7.062,2.75,2020-01-24T19:54:00.0
6.25,6.11,6.53,10.31,-2.0462,7.062,2.687,2020-01-24T19:55:00.0
6.47,6.13,6.65,10.31,-2.0462,7.0,2.75,2020-01-24T19:56:00.0
6.35,6.47,6.43,10.31,-2.0462,7.0,2.75,2020-01-24T19:57:00.0
6.29,6.21,6.51,10.31,-2.0462,6.875,2.812,2020-01-24T19:58:00.0
6.25,6.73,6.53,10.31,-2.0462,6.875,2.75,2020-01-24T19:59:00.0
6.25,6.13,6.33,10.31,-2.0462,6.875,2.812,2020-01-24T20:00:00.0
6.21,6.69,6.43,10.31,-2.0462,6.875,2.812,2020-01-24T20:01:00.0
5.73,6.75,6.35,10.31,-2.0462,6.875,2.812,2020-01-24T20:02:00.0
6.25,6.39,6.43,10.31,-2.0462,6.875,2.875,2020-01-24T20:03:00.0
6.07,6.53,6.51,10.31,-2.0462,6.812,2.875,2020-01-24T20:04:00.0
6.17,7.01,6.57,10.31,-2.0462,6.875,2.812,2020-01-24T20:05:00.0
6.11,6.51,6.61,10.31,-2.0462,6.812,2.75,2020-01-24T20:06:00.0
6.07,6.43,6.39,10.31,-2.0462,6.812,2.812,2020-01-24T20:07:00.0
6.21,6.17,6.29,10.31,-2.0462,6.812,2.75,2020-01-24T20:08:00.0
6.25,6.51,6.13,10.31,-2.0462,6.812,2.75,2020-01-24T20:09:00.0
6.03,6.43,6.17,10.31,-2.0462,6.75,2.75,2020-01-24T20:10:00.0
6.11,6.51,6.21,10.31,-2.0462,6.75,2.75,2020-01-24T20:11:00.0
5.63,6.25,6.17,10.31,-2.0462,6.687,2.75,2020-01-24T20:12:00.0
5.95,5.95,6.25,10.31,-2.0462,6.625,2.687,2020-01-24T20:13:00.0
5.95,5.37,5.19,10.31,-2.0462,6.625,2.625,2020-01-24T20:14:00.0
5.71,5.77,5.89,10.31,-2.0462,6.562,2.562,2020-01-24T20:15:00.0
5.81,5.55,5.95,10.31,-2.0462,6.5,2.562,2020-01-24T20:16:00.0
5.67,5.85,5.77,10.31,-2.0462,6.437,2.5,2020-01-24T20:17:00.0
5.89,5.71,5.89,10.31,-2.0462,6.437,2.5,2020-01-24T20:18:00.0
5.73,5.63,5.71,10.31,-2.0462,6.375,2.437,2020-01-24T20:19:00.0
5.59,5.67,5.73,10.31,-2.0462,6.375,2.437,2020-01-24T20:20:00.0
5.93,5.63,5.73,10.31,-2.0462,6.312,2.437,2020-01-24T20:21:00.0
5.77,5.45,5.71,10.31,-2.0462,6.312,2.437,2020-01-24T20:22:00.0
5.59,5.59,5.89,10.31,-2.0462,6.25,2.375,2020-01-24T20:23:00.0
5.63,5.45,5.81,10.31,-2.0462,6.25,2.437,2020-01-24T20:24:00.0
5.27,5.55,5.51,10.31,-2.0462,6.187,2.437,2020-01-24T20:25:00.0
5.23,5.11,5.29,10.31,-2.0462,6.187,2.437,2020-01-24T20:26:00.0
5.49,5.67,5.77,10.31,-2.0462,6.187,2.437,2020-01-24T20:27:00.0
5.45,5.7,5.77,10.31,-2.0462,6.187,2.437,2020-01-24T20:28:00.0
5.41,5.73,5.77,10.31,-2.0462,6.187,2.437,2020-01-24T20:29:00.0
5.49,5.85,5.67,10.31,-2.0462,6.187,2.437,2020-01-24T20:30:00.0
5.55,6.07,5.63,10.31,-2.0462,6.187,2.375,2020-01-24T20:31:00.0
5.29,5.29,5.67,10.31,-2.0462,6.187,2.437,2020-01-24T20:32:00.0
4.93,5.45,5.67,10.31,-2.0462,6.25,2.437,2020-01-24T20:33:00.0
5.59,5.55,5.63,10.31,-2.0462,6.187,2.5,2020-01-24T20:34:00.0
5.27,5.33,5.55,10.31,-2.0462,6.187,2.5,2020-01-24T20:35:00.0
5.15,5.23,5.29,10.31,-2.0462,6.125,2.5,2020-01-24T20:36:00.0
4.85,4.85,5.49,10.31,-2.0462,6.125,2.437,2020-01-24T20:37:00.0
5.45,5.07,5.33,10.31,-2.0462,6.125,2.437,2020-01-24T20:38:00.0
4.89,5.33,5.37,10.31,-2.0462,6.125,2.437,2020-01-24T20:39:00.0
5.29,5.19,5.27,10.31,-2.0462,6.062,2.437,2020-01-24T20:40:00.0
5.41,5.05,5.37,10.31,-2.0462,6.062,2.437,2020-01-24T20:41:00.0
5.27,5.15,5.11,10.31,-2.0462,6.062,2.437,2020-01-24T20:42:00.0
5.11,5.07,5.19,10.31,-2.0462,6.062,2.437,2020-01-24T20:43:00.0
5.01,5.07,5.19,10.31,-2.0462,6.0,2.437,2020-01-24T20:44:00.0
5.11,5.15,5.19,10.31,-2.0462,6.0,2.375,2020-01-24T20:45:00.0
5.01,5.19,5.11,10.31,-2.0462,5.937,2.375,2020-01-24T20:46:00.0
5.01,5.33,5.33,10.31,-2.0462,5.937,2.375,2020-01-24T20:47:00.0
5.27,4.89,5.19,10.31,-2.0462,5.937,2.375,2020-01-24T20:48:00.0
5.19,4.85,5.45,10.31,-2.0462,5.875,2.312,2020-01-24T20:49:00.0
4.79,4.71,4.97,10.31,-2.0462,5.812,2.312,2020-01-24T20:50:00.0
5.07,4.57,5.11,10.31,-2.0462,5.687,2.25,2020-01-24T20:51:00.0
4.59,4.93,5.19,10.31,-2.0462,5.625,2.25,2020-01-24T20:52:00.0
4.97,5.07,5.29,10.31,-2.0462,5.562,2.187,2020-01-24T20:53:00.0
4.79,4.75,4.89,10.31,-2.0462,5.562,2.187,2020-01-24T20:54:00.0
