Date,NodeID,FrameID,MeasurementCounter,PlantTemp1,PlantTemp2,PlantTemp3,PlantTemp4,PlantTemp5,PlantTemp6,AirTempLoc,Humidity,AirTemp,AirTemp_1
2020-02-27 15-00-18,18,16,0,0,0,0,0,0,0,0,-2.0462,0.25,-1.562
2020-02-27 15-01-19,18,16,0,0,0,0,0,0,0,0,-2.0462,0.25,-1.625
2020-02-27 15-02-18,18,16,0,0,0,0,0,0,0,0,-2.0462,0.25,-1.625
2020-02-27 15-03-18,18,16,0,0,0,0,0,0,0,0,-2.0462,0.187,-1.687
2020-02-27 15-04-18,18,16,0,0,0,0,0,0,0,0,-2.0462,0.187,-1.75
2020-02-27 15-05-19,18,16,0,0,0,0,0,0,0,0,-2.0462,0.187,-1.75
2020-02-27 15-06-19,18,16,0,0,0,0,0,0,0,0,-2.0462,0.187,-1.687
2020-02-27 15-07-18,18,16,0,0,0,0,0,0,0,0,-2.0462,0.125,-1.75
2020-02-27 15-08-18,18,16,0,0,0,0,0,0,0,0,-2.0462,0.125,-1.75
2020-02-27 15-09-18,18,16,0,0,0,0,0,0,0,0,-2.0462,0.125,-1.75
2020-02-27 15-10-18,18,16,0,0,0,0,0,0,0,0,-2.0462,0.125,-1.687
2020-02-27 15-11-18,18,16,0,0,0,0,0,0,0,0,-2.0462,0.187,-1.625
2020-02-27 15-12-19,18,16,0,0,0,0,0,0,0,0,-2.0462,0.187,-1.687
2020-02-27 15-13-19,18,16,0,0,0,0,0,0,0,0,-2.0462,0.187,-1.687
2020-02-27 15-15-18,18,16,0,0,0,0,0,0,0,0,-2.0462,0.187,-1.625
2020-02-27 15-16-18,18,16,0,0,0,0,0,0,0,0,-2.0462,0.187,-1.687
2020-02-27 15-18-19,18,16,0,0,0,0,0,0,0,0,-2.0462,0.187,-1.562
2020-02-27 15-19-19,18,16,0,0,0,0,0,0,0,0,-2.0462,0.187,-1.562
2020-02-27 15-20-19,18,16,0,0,0,0,0,0,0,0,-2.0462,0.187,-1.562
2020-02-27 15-21-18,18,16,0,0,0,0,0,0,0,0,-2.0462,0.187,-1.562
2020-02-27 15-22-18,18,16,0,0,0,0,0,0,0,0,-2.0462,0.187,-1.562
2020-02-27 15-23-18,18,16,0,0,0,0,0,0,0,0,-2.0462,0.187,-1.5
2020-02-27 15-24-18,18,16,0,0,0,0,0,0,0,0,-2.0462,0.25,-1.562
2020-02-27 15-25-19,18,16,0,0,0,0,0,0,0,0,-2.0462,0.25,-1.562
2020-02-27 15-26-19,18,16,0,0,0,0,0,0,0,0,-2.0462,0.25,-1.562
2020-02-27 15-27-18,18,16,0,0,0,0,0,0,0,0,-2.0462,0.187,-1.687
2020-02-27 15-28-18,18,16,0,0,0,0,0,0,0,0,-2.0462,0.187,-1.687
2020-02-27 15-29-18,18,16,0,0,0,0,0,0,0,0,-2.0462,0.25,-1.75
2020-02-27 15-30-18,18,16,0,0,0,0,0,0,0,0,-2.0462,0.25,-1.75
2020-02-27 15-31-19,18,16,0,0,0,0,0,0,0,0,-2.0462,0.25,-1.75
2020-02-27 15-32-19,18,16,0,0,0,0,0,0,0,0,-2.0462,0.187,-1.75
2020-02-27 15-33-18,18,16,0,0,0,0,0,0,0,0,-2.0462,0.187,-1.75
2020-02-27 15-35-18,18,16,0,0,0,0,0,0,0,0,-2.0462,0.187,-1.687
2020-02-27 15-36-18,18,16,0,0,0,0,0,0,0,0,-2.0462,0.187,-1.75
2020-02-27 15-37-19,18,16,0,0,0,0,0,0,0,0,-2.0462,0.187,-1.687
2020-02-27 15-38-19,18,16,0,0,0,0,0,0,0,0,-2.0462,0.187,-1.687
2020-02-27 15-39-19,18,16,0,0,0,0,0,0,0,0,-2.0462,0.187,-1.687
2020-02-27 15-40-18,18,16,0,0,0,0,0,0,0,0,-2.0462,0.125,-1.75
2020-02-27 15-41-18,18,16,0,0,0,0,0,0,0,0,-2.0462,0.187,-1.687
2020-02-27 15-42-18,18,16,0,0,0,0,0,0,0,0,-2.0462,0.187,-1.687
2020-02-27 15-43-18,18,16,0,0,0,0,0,0,0,0,-2.0462,0.125,-1.687
2020-02-27 15-44-19,18,16,0,0,0,0,0,0,0,0,-2.0462,0.187,-1.687
2020-02-27 15-45-19,18,16,0,0,0,0,0,0,0,0,-2.0462,0.125,-1.687
2020-02-27 15-46-18,18,16,0,0,0,0,0,0,0,0,-2.0462,0.187,-1.687
2020-02-27 15-47-18,18,16,0,0,0,0,0,0,0,0,-2.0462,0.187,-1.687
2020-02-27 15-48-18,18,16,0,0,0,0,0,0,0,0,-2.0462,0.187,-1.687
2020-02-27 15-49-18,18,16,0,0,0,0,0,0,0,0,-2.0462,0.187,-1.687
2020-02-27 15-50-19,18,16,0,0,0,0,0,0,0,0,-2.0462,0.125,-1.687
2020-02-27 15-51-19,18,16,0,0,0,0,0,0,0,0,-2.0462,0.187,-1.75
2020-02-27 15-52-18,18,16,0,0,0,0,0,0,0,0,-2.0462,0.125,-1.812
2020-02-27 15-53-18,18,16,0,0,0,0,0,0,0,0,-2.0462,0.125,-1.812
2020-02-27 15-54-18,18,16,0,0,0,0,0,0,0,0,-2.0462,0.125,-1.812
2020-02-27 15-55-18,18,16,0,0,0,0,0,0,0,0,-2.0462,0.125,-1.75
2020-02-27 15-57-19,18,16,0,0,0,0,0,0,0,0,-2.0462,0.125,-1.687
2020-02-27 15-58-19,18,16,0,0,0,0,0,0,0,0,-2.0462,0.125,-1.75
2020-02-27 15-59-18,18,16,0,0,0,0,0,0,0,0,-2.0462,0.187,-1.687
2020-02-27 16-00-18,18,16,0,0,0,0,0,0,0,0,-2.0462,0.125,-1.687
2020-02-27 16-01-18,18,16,0,0,0,0,0,0,0,0,-2.0462,0.125,-1.625
2020-02-27 16-02-18,18,16,0,0,0,0,0,0,0,0,-2.0462,0.187,-1.562
2020-02-27 16-03-19,18,16,0,0,0,0,0,0,0,0,-2.0462,0.125,-1.562
2020-02-27 16-04-19,18,16,0,0,0,0,0,0,0,0,-2.0462,0.187,-1.562
2020-02-27 16-06-18,18,16,0,0,0,0,0,0,0,0,-2.0462,0.187,-1.687
2020-02-27 16-07-18,18,16,0,0,0,0,0,0,0,0,-2.0462,0.125,-1.75
2020-02-27 16-08-19,18,16,0,0,0,0,0,0,0,0,-2.0462,0.125,-1.812
2020-02-27 16-09-19,18,16,0,0,0,0,0,0,0,0,-2.0462,0.125,-1.75
2020-02-27 16-10-18,18,16,0,0,0,0,0,0,0,0,-2.0462,0.125,-1.75
2020-02-27 16-11-18,18,16,0,0,0,0,0,0,0,0,-2.0462,0.062,-1.687
2020-02-27 16-12-18,18,16,0,0,0,0,0,0,0,0,-2.0462,0.125,-1.687
2020-02-27 16-13-18,18,16,0,0,0,0,0,0,0,0,-2.0462,0.125,-1.687
2020-02-27 16-14-18,18,16,0,0,0,0,0,0,0,0,-2.0462,0.062,-1.625
2020-02-27 16-15-19,18,16,0,0,0,0,0,0,0,0,-2.0462,0.062,-1.625
2020-02-27 16-16-18,18,16,0,0,0,0,0,0,0,0,-2.0462,0.062,-1.687
2020-02-27 16-17-18,18,16,0,0,0,0,0,0,0,0,-2.0462,0.062,-1.687
2020-02-27 16-18-18,18,16,0,0,0,0,0,0,0,0,-2.0462,0.062,-1.687
2020-02-27 16-19-18,18,16,0,0,0,0,0,0,0,0,-2.0462,0.062,-1.812
2020-02-27 16-20-19,18,16,0,0,0,0,0,0,0,0,-2.0462,0.062,-1.812
2020-02-27 16-21-19,18,16,0,0,0,0,0,0,0,0,-2.0462,0,-1.875
2020-02-27 16-22-19,18,16,0,0,0,0,0,0,0,0,-2.0462,0,-1.812
2020-02-27 16-23-18,18,16,0,0,0,0,0,0,0,0,-2.0462,0,-1.812
2020-02-27 16-24-18,18,16,0,0,0,0,0,0,0,0,-2.0462,0,-1.812
2020-02-27 16-26-18,18,16,0,0,0,0,0,0,0,0,-2.0462,0,-1.937
2020-02-27 16-27-19,18,16,0,0,0,0,0,0,0,0,-2.0462,0,-2
2020-02-27 16-28-19,18,16,0,0,0,0,0,0,0,0,-2.0462,0,-1.937
2020-02-27 16-29-19,18,16,0,0,0,0,0,0,0,0,-2.0462,0,-1.875
2020-02-27 16-30-18,18,16,0,0,0,0,0,0,0,0,-2.0462,0,-1.875
2020-02-27 16-31-18,18,16,0,0,0,0,0,0,0,0,-2.0462,0,-1.812
2020-02-27 16-32-18,18,16,0,0,0,0,0,0,0,0,-2.0462,0,-1.75
2020-02-27 16-33-19,18,16,0,0,0,0,0,0,0,0,-2.0462,0,-1.75
2020-02-27 16-34-19,18,16,0,0,0,0,0,0,0,0,-2.0462,0,-1.75
2020-02-27 16-35-19,18,16,0,0,0,0,0,0,0,0,-2.0462,0.062,-1.625
2020-02-27 16-36-18,18,16,0,0,0,0,0,0,0,0,-2.0462,0.062,-1.625
2020-02-27 16-37-18,18,16,0,0,0,0,0,0,0,0,-2.0462,0.062,-1.625
2020-02-27 16-38-18,18,16,0,0,0,0,0,0,0,0,-2.0462,0.062,-1.625
2020-02-27 16-39-18,18,16,0,0,0,0,0,0,0,0,-2.0462,0.062,-1.562
2020-02-27 16-40-19,18,16,0,0,0,0,0,0,0,0,-2.0462,0.062,-1.625
2020-02-27 16-41-19,18,16,0,0,0,0,0,0,0,0,-2.0462,0.062,-1.687
2020-02-27 16-42-18,18,16,0,0,0,0,0,0,0,0,-2.0462,0.062,-1.812
2020-02-27 16-43-18,18,16,0,0,0,0,0,0,0,0,-2.0462,0.062,-1.812
2020-02-27 16-44-18,18,16,0,0,0,0,0,0,0,0,-2.0462,0.062,-1.812
2020-02-27 16-45-18,18,16,0,0,0,0,0,0,0,0,-2.0462,0.062,-1.75
2020-02-27 16-46-19,18,16,0,0,0,0,0,0,0,0,-2.0462,0.125,-1.75
2020-02-27 16-47-19,18,16,0,0,0,0,0,0,0,0,-2.0462,0.125,-1.75
2020-02-27 16-48-18,18,16,0,0,0,0,0,0,0,0,-2.0462,0.125,-1.75
2020-02-27 16-49-18,18,16,0,0,0,0,0,0,0,0,-2.0462,0.125,-1.812
2020-02-27 16-50-18,18,16,0,0,0,0,0,0,0,0,-2.0462,0.125,-1.75
2020-02-27 16-51-18,18,16,0,0,0,0,0,0,0,0,-2.0462,0.125,-1.812
2020-02-27 16-53-19,18,16,0,0,0,0,0,0,0,0,-2.0462,0.125,-1.812
2020-02-27 16-54-19,18,16,0,0,0,0,0,0,0,0,-2.0462,0.125,-1.75
2020-02-27 16-55-18,18,16,0,0,0,0,0,0,0,0,-2.0462,0.187,-1.75
2020-02-27 16-56-18,18,16,0,0,0,0,0,0,0,0,-2.0462,0.187,-1.625
2020-02-27 16-57-18,18,16,0,0,0,0,0,0,0,0,-2.0462,0.187,-1.625
2020-02-27 16-58-18,18,16,0,0,0,0,0,0,0,0,-2.0462,0.187,-1.75
2020-02-27 17-00-18,18,16,0,0,0,0,0,0,0,0,-2.0462,0.187,-1.75
2020-02-27 17-01-19,18,16,0,0,0,0,0,0,0,0,-2.0462,0.187,-1.75
2020-02-27 17-02-18,18,16,0,0,0,0,0,0,0,0,-2.0462,0.187,-1.687
2020-02-27 17-03-18,18,16,0,0,0,0,0,0,0,0,-2.0462,0.187,-1.687
2020-02-27 17-04-18,18,16,0,0,0,0,0,0,0,0,-2.0462,0.187,-1.75
2020-02-27 17-05-19,18,16,0,0,0,0,0,0,0,0,-2.0462,0.187,-1.75
2020-02-27 17-06-19,18,16,0,0,0,0,0,0,0,0,-2.0462,0.187,-1.812
2020-02-27 17-07-18,18,16,0,0,0,0,0,0,0,0,-2.0462,0.187,-1.812
2020-02-27 17-08-18,18,16,0,0,0,0,0,0,0,0,-2.0462,0.125,-1.812
2020-02-27 17-09-18,18,16,0,0,0,0,0,0,0,0,-2.0462,0.187,-1.75
2020-02-27 17-10-18,18,16,0,0,0,0,0,0,0,0,-2.0462,0.125,-1.75
2020-02-27 17-11-18,18,16,0,0,0,0,0,0,0,0,-2.0462,0.125,-1.75
2020-02-27 17-12-19,18,16,0,0,0,0,0,0,0,0,-2.0462,0.062,-1.687
2020-02-27 17-13-19,18,16,0,0,0,0,0,0,0,0,-2.0462,0.062,-1.812
2020-02-27 17-14-18,18,16,0,0,0,0,0,0,0,0,-2.0462,0.062,-1.875
2020-02-27 17-15-18,18,16,0,0,0,0,0,0,0,0,-2.0462,0.062,-1.812
2020-02-27 17-18-18,18,16,0,0,0,0,0,0,0,0,-2.0462,0,-1.75
2020-02-27 17-19-18,18,16,0,0,0,0,0,0,0,0,-2.0462,0,-1.687
2020-02-27 17-20-18,18,16,0,0,0,0,0,0,0,0,-2.0462,0.062,-1.687
2020-02-27 17-21-19,18,16,0,0,0,0,0,0,0,0,-2.0462,0,-1.75
2020-02-27 17-22-19,18,16,0,0,0,0,0,0,0,0,-2.0462,0,-1.687
2020-02-27 17-23-19,18,16,0,0,0,0,0,0,0,0,-2.0462,0,-1.687
2020-02-27 17-25-19,18,16,0,0,0,0,0,0,0,0,-2.0462,0,-1.687
2020-02-27 17-26-19,18,16,0,0,0,0,0,0,0,0,-2.0462,0,-1.75
2020-02-27 17-27-18,18,16,0,0,0,0,0,0,0,0,-2.0462,0,-1.75
2020-02-27 17-28-18,18,16,0,0,0,0,0,0,0,0,-2.0462,0,-1.75
2020-02-27 17-29-18,18,16,0,0,0,0,0,0,0,0,-2.0462,0,-1.687
2020-02-27 17-31-19,18,16,0,0,0,0,0,0,0,0,-2.0462,-0.062,-1.812
2020-02-27 17-32-19,18,16,0,0,0,0,0,0,0,0,-2.0462,-0.062,-1.812
2020-02-27 17-33-18,18,16,0,0,0,0,0,0,0,0,-2.0462,-0.062,-1.812
2020-02-27 17-34-18,18,16,0,0,0,0,0,0,0,0,-2.0462,-0.062,-1.812
2020-02-27 17-35-18,18,16,0,0,0,0,0,0,0,0,-2.0462,-0.062,-1.812
2020-02-27 17-36-18,18,16,0,0,0,0,0,0,0,0,-2.0462,-0.062,-1.75
2020-02-27 17-37-19,18,16,0,0,0,0,0,0,0,0,-2.0462,-0.062,-1.687
2020-02-27 17-38-19,18,16,0,0,0,0,0,0,0,0,-2.0462,-0.062,-1.687
2020-02-27 17-39-19,18,16,0,0,0,0,0,0,0,0,-2.0462,0,-1.687
2020-02-27 17-40-18,18,16,0,0,0,0,0,0,0,0,-2.0462,-0.062,-1.687
2020-02-27 17-41-18,18,16,0,0,0,0,0,0,0,0,-2.0462,-0.062,-1.687
2020-02-27 17-42-18,18,16,0,0,0,0,0,0,0,0,-2.0462,-0.062,-1.687
2020-02-27 17-43-18,18,16,0,0,0,0,0,0,0,0,-2.0462,-0.062,-1.75
2020-02-27 17-44-19,18,16,0,0,0,0,0,0,0,0,-2.0462,-0.062,-1.687
2020-02-27 17-45-19,18,16,0,0,0,0,0,0,0,0,-2.0462,-0.062,-1.687
2020-02-27 17-46-18,18,16,0,0,0,0,0,0,0,0,-2.0462,-0.062,-1.687
2020-02-27 17-47-18,18,16,0,0,0,0,0,0,0,0,-2.0462,-0.062,-1.687
2020-02-27 17-48-18,18,16,0,0,0,0,0,0,0,0,-2.0462,-0.062,-1.687
2020-02-27 17-49-18,18,16,0,0,0,0,0,0,0,0,-2.0462,-0.062,-1.625
2020-02-27 17-50-19,18,16,0,0,0,0,0,0,0,0,-2.0462,-0.062,-1.625
2020-02-27 17-51-19,18,16,0,0,0,0,0,0,0,0,-2.0462,-0.062,-1.687
2020-02-27 17-52-18,18,16,0,0,0,0,0,0,0,0,-2.0462,-0.062,-1.687
2020-02-27 17-53-18,18,16,0,0,0,0,0,0,0,0,-2.0462,-0.062,-1.687
2020-02-27 17-54-18,18,16,0,0,0,0,0,0,0,0,-2.0462,-0.062,-1.687
2020-02-27 17-55-18,18,16,0,0,0,0,0,0,0,0,-2.0462,-0.062,-1.625
2020-02-27 17-56-18,18,16,0,0,0,0,0,0,0,0,-2.0462,-0.062,-1.687
2020-02-27 17-57-19,18,16,0,0,0,0,0,0,0,0,-2.0462,-0.125,-1.75
2020-02-27 17-58-19,18,16,0,0,0,0,0,0,0,0,-2.0462,-0.125,-1.75
2020-02-27 17-59-18,18,16,0,0,0,0,0,0,0,0,-2.0462,-0.125,-1.75
2020-02-27 18-00-18,18,16,0,0,0,0,0,0,0,0,-2.0462,-0.125,-1.687
2020-02-27 18-01-18,18,16,0,0,0,0,0,0,0,0,-2.0462,-0.125,-1.625
2020-02-27 18-02-18,18,16,0,0,0,0,0,0,0,0,-2.0462,-0.125,-1.625
2020-02-27 18-03-19,18,16,0,0,0,0,0,0,0,0,-2.0462,-0.125,-1.625
2020-02-27 18-04-19,18,16,0,0,0,0,0,0,0,0,-2.0462,-0.125,-1.625
2020-02-27 18-05-19,18,16,0,0,0,0,0,0,0,0,-2.0462,-0.125,-1.687
2020-02-27 18-06-18,18,16,0,0,0,0,0,0,0,0,-2.0462,-0.125,-1.625
2020-02-27 18-07-18,18,16,0,0,0,0,0,0,0,0,-2.0462,-0.125,-1.625
2020-02-27 18-08-18,18,16,0,0,0,0,0,0,0,0,-2.0462,-0.125,-1.687
2020-02-27 18-09-18,18,16,0,0,0,0,0,0,0,0,-2.0462,-0.125,-1.625
2020-02-27 18-10-19,18,16,0,0,0,0,0,0,0,0,-2.0462,-0.125,-1.687
2020-02-27 18-11-18,18,16,0,0,0,0,0,0,0,0,-2.0462,-0.125,-1.625
2020-02-27 18-12-18,18,16,0,0,0,0,0,0,0,0,-2.0462,-0.125,-1.625
2020-02-27 18-13-18,18,16,0,0,0,0,0,0,0,0,-2.0462,-0.125,-1.625
2020-02-27 18-14-18,18,16,0,0,0,0,0,0,0,0,-2.0462,-0.125,-1.687
2020-02-27 18-15-18,18,16,0,0,0,0,0,0,0,0,-2.0462,-0.125,-1.625
2020-02-27 18-16-19,18,16,0,0,0,0,0,0,0,0,-2.0462,-0.125,-1.625
2020-02-27 18-17-19,18,16,0,0,0,0,0,0,0,0,-2.0462,-0.125,-1.625
2020-02-27 18-18-18,18,16,0,0,0,0,0,0,0,0,-2.0462,-0.125,-1.625
2020-02-27 18-19-18,18,16,0,0,0,0,0,0,0,0,-2.0462,-0.125,-1.687
2020-02-27 18-20-18,18,16,0,0,0,0,0,0,0,0,-2.0462,-0.125,-1.687
2020-02-27 18-21-18,18,16,0,0,0,0,0,0,0,0,-2.0462,-0.125,-1.687
2020-02-27 18-22-19,18,16,0,0,0,0,0,0,0,0,-2.0462,-0.125,-1.687
2020-02-27 18-23-19,18,16,0,0,0,0,0,0,0,0,-2.0462,-0.125,-1.687
2020-02-27 18-24-19,18,16,0,0,0,0,0,0,0,0,-2.0462,-0.125,-1.687
2020-02-27 18-25-18,18,16,0,0,0,0,0,0,0,0,-2.0462,-0.125,-1.625
2020-02-27 18-26-18,18,16,0,0,0,0,0,0,0,0,-2.0462,-0.125,-1.562
2020-02-27 18-27-18,18,16,0,0,0,0,0,0,0,0,-2.0462,-0.125,-1.562
2020-02-27 18-28-18,18,16,0,0,0,0,0,0,0,0,-2.0462,-0.125,-1.625
2020-02-27 18-29-19,18,16,0,0,0,0,0,0,0,0,-2.0462,-0.125,-1.687
2020-02-27 18-30-19,18,16,0,0,0,0,0,0,0,0,-2.0462,-0.125,-1.562
2020-02-27 18-31-18,18,16,0,0,0,0,0,0,0,0,-2.0462,-0.125,-1.625
2020-02-27 18-32-18,18,16,0,0,0,0,0,0,0,0,-2.0462,-0.125,-1.625
2020-02-27 18-33-18,18,16,0,0,0,0,0,0,0,0,-2.0462,-0.125,-1.625
2020-02-27 18-34-18,18,16,0,0,0,0,0,0,0,0,-2.0462,-0.125,-1.625
2020-02-27 18-35-19,18,16,0,0,0,0,0,0,0,0,-2.0462,-0.125,-1.625
2020-02-27 18-36-19,18,16,0,0,0,0,0,0,0,0,-2.0462,-0.125,-1.625
2020-02-27 18-37-18,18,16,0,0,0,0,0,0,0,0,-2.0462,-0.125,-1.625
2020-02-27 18-38-18,18,16,0,0,0,0,0,0,0,0,-2.0462,-0.125,-1.687
2020-02-27 18-39-18,18,16,0,0,0,0,0,0,0,0,-2.0462,-0.125,-1.625
2020-02-27 18-40-18,18,16,0,0,0,0,0,0,0,0,-2.0462,-0.125,-1.625
2020-02-27 18-41-19,18,16,0,0,0,0,0,0,0,0,-2.0462,-0.125,-1.625
2020-02-27 18-42-19,18,16,0,0,0,0,0,0,0,0,-2.0462,-0.125,-1.625
2020-02-27 18-43-19,18,16,0,0,0,0,0,0,0,0,-2.0462,-0.125,-1.687
2020-02-27 18-44-18,18,16,0,0,0,0,0,0,0,0,-2.0462,-0.125,-1.687
2020-02-27 18-45-18,18,16,0,0,0,0,0,0,0,0,-2.0462,-0.125,-1.687
2020-02-27 18-46-18,18,16,0,0,0,0,0,0,0,0,-2.0462,-0.125,-1.687
2020-02-27 18-47-18,18,16,0,0,0,0,0,0,0,0,-2.0462,-0.125,-1.687
2020-02-27 18-48-19,18,16,0,0,0,0,0,0,0,0,-2.0462,-0.125,-1.625
2020-02-27 18-49-19,18,16,0,0,0,0,0,0,0,0,-2.0462,-0.125,-1.687
2020-02-27 18-50-19,18,16,0,0,0,0,0,0,0,0,-2.0462,-0.125,-1.687
2020-02-27 18-51-18,18,16,0,0,0,0,0,0,0,0,-2.0462,-0.125,-1.75
2020-02-27 18-52-18,18,16,0,0,0,0,0,0,0,0,-2.0462,-0.125,-1.75
2020-02-27 18-53-18,18,16,0,0,0,0,0,0,0,0,-2.0462,-0.125,-1.75
2020-02-27 18-54-18,18,16,0,0,0,0,0,0,0,0,-2.0462,-0.125,-1.687
2020-02-27 18-55-19,18,16,0,0,0,0,0,0,0,0,-2.0462,-0.125,-1.687
2020-02-27 18-56-18,18,16,0,0,0,0,0,0,0,0,-2.0462,-0.125,-1.687
2020-02-27 18-57-18,18,16,0,0,0,0,0,0,0,0,-2.0462,-0.187,-1.625
2020-02-27 18-58-18,18,16,0,0,0,0,0,0,0,0,-2.0462,-0.187,-1.687
2020-02-27 18-59-18,18,16,0,0,0,0,0,0,0,0,-2.0462,-0.125,-1.625
2020-02-27 19-00-18,18,16,0,0,0,0,0,0,0,0,-2.0462,-0.187,-1.625
2020-02-27 19-01-18,18,16,0,0,0,0,0,0,0,0,-2.0462,-0.187,-1.687
2020-02-27 19-02-18,18,16,0,0,0,0,0,0,0,0,-2.0462,-0.187,-1.687
2020-02-27 19-03-18,18,16,0,0,0,0,0,0,0,0,-2.0462,-0.187,-1.687
2020-02-27 19-04-18,18,16,0,0,0,0,0,0,0,0,-2.0462,-0.187,-1.75
2020-02-27 19-05-19,18,16,0,0,0,0,0,0,0,0,-2.0462,-0.187,-1.687
2020-02-27 19-06-18,18,16,0,0,0,0,0,0,0,0,-2.0462,-0.187,-1.687
2020-02-27 19-07-18,18,16,0,0,0,0,0,0,0,0,-2.0462,-0.187,-1.625
2020-02-27 19-08-18,18,16,0,0,0,0,0,0,0,0,-2.0462,-0.187,-1.625
2020-02-27 19-09-18,18,16,0,0,0,0,0,0,0,0,-2.0462,-0.187,-1.687
2020-02-27 19-10-19,18,16,0,0,0,0,0,0,0,0,-2.0462,-0.187,-1.687
2020-02-27 19-11-19,18,16,0,0,0,0,0,0,0,0,-2.0462,-0.125,-1.687
2020-02-27 19-12-18,18,16,0,0,0,0,0,0,0,0,-2.0462,-0.187,-1.687
2020-02-27 19-13-18,18,16,0,0,0,0,0,0,0,0,-2.0462,-0.125,-1.687
2020-02-27 19-14-18,18,16,0,0,0,0,0,0,0,0,-2.0462,-0.125,-1.625
2020-02-27 19-15-18,18,16,0,0,0,0,0,0,0,0,-2.0462,-0.125,-1.687
2020-02-27 19-16-18,18,16,0,0,0,0,0,0,0,0,-2.0462,-0.125,-1.687
2020-02-27 19-17-19,18,16,0,0,0,0,0,0,0,0,-2.0462,-0.125,-1.687
2020-02-27 19-18-18,18,16,0,0,0,0,0,0,0,0,-2.0462,-0.062,-1.687
2020-02-27 19-19-18,18,16,0,0,0,0,0,0,0,0,-2.0462,-0.062,-1.687
2020-02-27 19-20-18,18,16,0,0,0,0,0,0,0,0,-2.0462,-0.062,-1.687
2020-02-27 19-21-19,18,16,0,0,0,0,0,0,0,0,-2.0462,-0.062,-1.625
2020-02-27 19-22-18,18,16,0,0,0,0,0,0,0,0,-2.0462,-0.062,-1.625
2020-02-27 19-23-18,18,16,0,0,0,0,0,0,0,0,-2.0462,-0.062,-1.625
2020-02-27 19-24-18,18,16,0,0,0,0,0,0,0,0,-2.0462,0,-1.687
2020-02-27 19-25-18,18,16,0,0,0,0,0,0,0,0,-2.0462,0,-1.687
2020-02-27 19-26-19,18,16,0,0,0,0,0,0,0,0,-2.0462,0,-1.687
2020-02-27 19-27-19,18,16,0,0,0,0,0,0,0,0,-2.0462,0,-1.687
2020-02-27 19-28-18,18,16,0,0,0,0,0,0,0,0,-2.0462,0,-1.687
2020-02-27 19-29-18,18,16,0,0,0,0,0,0,0,0,-2.0462,0.062,-1.625
2020-02-27 19-30-18,18,16,0,0,0,0,0,0,0,0,-2.0462,0,-1.625
2020-02-27 19-31-18,18,16,0,0,0,0,0,0,0,0,-2.0462,0.062,-1.625
2020-02-27 19-32-19,18,16,0,0,0,0,0,0,0,0,-2.0462,0.062,-1.625
2020-02-27 19-33-19,18,16,0,0,0,0,0,0,0,0,-2.0462,0.062,-1.687
2020-02-27 19-34-19,18,16,0,0,0,0,0,0,0,0,-2.0462,0.062,-1.687
2020-02-27 19-35-18,18,16,0,0,0,0,0,0,0,0,-2.0462,0.062,-1.812
2020-02-27 19-36-18,18,16,0,0,0,0,0,0,0,0,-2.0462,0.062,-1.812
2020-02-27 19-37-18,18,16,0,0,0,0,0,0,0,0,-2.0462,0.062,-1.75
2020-02-27 19-38-18,18,16,0,0,0,0,0,0,0,0,-2.0462,0.062,-1.75
2020-02-27 19-40-19,18,16,0,0,0,0,0,0,0,0,-2.0462,0.062,-1.75
2020-02-27 19-41-18,18,16,0,0,0,0,0,0,0,0,-2.0462,0.062,-1.75
2020-02-27 19-42-18,18,16,0,0,0,0,0,0,0,0,-2.0462,0.062,-1.812
2020-02-27 19-43-18,18,16,0,0,0,0,0,0,0,0,-2.0462,0.125,-1.812
2020-02-27 19-44-18,18,16,0,0,0,0,0,0,0,0,-2.0462,0.125,-1.75
2020-02-27 19-45-19,18,16,0,0,0,0,0,0,0,0,-2.0462,0.125,-1.75
2020-02-27 19-46-19,18,16,0,0,0,0,0,0,0,0,-2.0462,0.187,-1.75
2020-02-27 19-47-18,18,16,0,0,0,0,0,0,0,0,-2.0462,0.125,-1.812
2020-02-27 19-48-18,18,16,0,0,0,0,0,0,0,0,-2.0462,0.125,-1.812
2020-02-27 19-49-18,18,16,0,0,0,0,0,0,0,0,-2.0462,0.125,-1.812
2020-02-27 19-50-18,18,16,0,0,0,0,0,0,0,0,-2.0462,0.125,-1.812
2020-02-27 19-51-18,18,16,0,0,0,0,0,0,0,0,-2.0462,0.125,-1.812
2020-02-27 19-52-19,18,16,0,0,0,0,0,0,0,0,-2.0462,0.125,-1.812
2020-02-27 19-53-19,18,16,0,0,0,0,0,0,0,0,-2.0462,0.125,-1.75
2020-02-27 19-54-18,18,16,0,0,0,0,0,0,0,0,-2.0462,0.187,-1.687
2020-02-27 19-55-18,18,16,0,0,0,0,0,0,0,0,-2.0462,0.187,-1.687
2020-02-27 19-56-18,18,16,0,0,0,0,0,0,0,0,-2.0462,0.125,-1.625
2020-02-27 19-57-18,18,16,0,0,0,0,0,0,0,0,-2.0462,0.187,-1.625
2020-02-27 19-58-19,18,16,0,0,0,0,0,0,0,0,-2.0462,0.125,-1.625
2020-02-27 19-59-19,18,16,0,0,0,0,0,0,0,0,-2.0462,0.125,-1.625
2020-02-27 20-00-19,18,16,0,0,0,0,0,0,0,0,-2.0462,0.125,-1.625
2020-02-27 20-01-19,18,16,0,0,0,0,0,0,0,0,-2.0462,0.125,-1.75
2020-02-27 20-02-18,18,16,0,0,0,0,0,0,0,0,-2.0462,0.125,-1.75
2020-02-27 20-03-19,18,16,0,0,0,0,0,0,0,0,-2.0462,0.125,-1.75
2020-02-27 20-04-19,18,16,0,0,0,0,0,0,0,0,-2.0462,0.125,-1.75
2020-02-27 20-05-19,18,16,0,0,0,0,0,0,0,0,-2.0462,0.125,-1.75
2020-02-27 20-07-18,18,16,0,0,0,0,0,0,0,0,-2.0462,0.062,-1.75
2020-02-27 20-08-18,18,16,0,0,0,0,0,0,0,0,-2.0462,0.062,-1.75
2020-02-27 20-09-18,18,16,0,0,0,0,0,0,0,0,-2.0462,0.062,-1.75
2020-02-27 20-10-18,18,16,0,0,0,0,0,0,0,0,-2.0462,0.062,-1.75
2020-02-27 20-11-18,18,16,0,0,0,0,0,0,0,0,-2.0462,0.062,-1.75
2020-02-27 20-12-18,18,16,0,0,0,0,0,0,0,0,-2.0462,0,-1.687
2020-02-27 20-13-18,18,16,0,0,0,0,0,0,0,0,-2.0462,0.062,-1.75
2020-02-27 20-14-18,18,16,0,0,0,0,0,0,0,0,-2.0462,0.062,-1.75
2020-02-27 20-15-18,18,16,0,0,0,0,0,0,0,0,-2.0462,0.062,-1.75
2020-02-27 20-16-19,18,16,0,0,0,0,0,0,0,0,-2.0462,0.062,-1.687
2020-02-27 20-17-19,18,16,0,0,0,0,0,0,0,0,-2.0462,0.062,-1.625
2020-02-27 20-18-18,18,16,0,0,0,0,0,0,0,0,-2.0462,0.062,-1.625
2020-02-27 20-19-18,18,16,0,0,0,0,0,0,0,0,-2.0462,0.062,-1.625
2020-02-27 20-20-18,18,16,0,0,0,0,0,0,0,0,-2.0462,0.062,-1.687
2020-02-27 20-21-18,18,16,0,0,0,0,0,0,0,0,-2.0462,0.062,-1.625
2020-02-27 20-22-19,18,16,0,0,0,0,0,0,0,0,-2.0462,0.062,-1.687
2020-02-27 20-23-19,18,16,0,0,0,0,0,0,0,0,-2.0462,0.062,-1.687
2020-02-27 20-24-19,18,16,0,0,0,0,0,0,0,0,-2.0462,0.062,-1.625
2020-02-27 20-25-18,18,16,0,0,0,0,0,0,0,0,-2.0462,0.062,-1.625
2020-02-27 20-26-18,18,16,0,0,0,0,0,0,0,0,-2.0462,0.062,-1.687
2020-02-27 20-27-18,18,16,0,0,0,0,0,0,0,0,-2.0462,0.062,-1.687
2020-02-27 20-28-18,18,16,0,0,0,0,0,0,0,0,-2.0462,0.062,-1.687
2020-02-27 20-30-19,18,16,0,0,0,0,0,0,0,0,-2.0462,0.062,-1.687
2020-02-27 20-31-18,18,16,0,0,0,0,0,0,0,0,-2.0462,0.062,-1.687
2020-02-27 20-32-18,18,16,0,0,0,0,0,0,0,0,-2.0462,0.062,-1.687
2020-02-27 20-33-18,18,16,0,0,0,0,0,0,0,0,-2.0462,0.062,-1.687
2020-02-27 20-34-18,18,16,0,0,0,0,0,0,0,0,-2.0462,0.062,-1.687
2020-02-27 20-35-19,18,16,0,0,0,0,0,0,0,0,-2.0462,0.062,-1.687
2020-02-27 20-36-19,18,16,0,0,0,0,0,0,0,0,-2.0462,0.125,-1.625
2020-02-27 20-37-18,18,16,0,0,0,0,0,0,0,0,-2.0462,0.062,-1.625
2020-02-27 20-38-18,18,16,0,0,0,0,0,0,0,0,-2.0462,0.125,-1.562
2020-02-27 20-39-18,18,16,0,0,0,0,0,0,0,0,-2.0462,0.125,-1.562
2020-02-27 20-40-18,18,16,0,0,0,0,0,0,0,0,-2.0462,0.125,-1.562
2020-02-27 20-41-19,18,16,0,0,0,0,0,0,0,0,-2.0462,0.125,-1.625
2020-02-27 20-42-19,18,16,0,0,0,0,0,0,0,0,-2.0462,0.125,-1.625
2020-02-27 20-43-19,18,16,0,0,0,0,0,0,0,0,-2.0462,0.125,-1.625
2020-02-27 20-44-18,18,16,0,0,0,0,0,0,0,0,-2.0462,0.125,-1.625
2020-02-27 20-45-17,18,16,0,0,0,0,0,0,0,0,-2.0462,0.125,-1.625
2020-02-27 20-46-18,18,16,0,0,0,0,0,0,0,0,-2.0462,0.125,-1.625
2020-02-27 20-47-18,18,16,0,0,0,0,0,0,0,0,-2.0462,0.062,-1.625
2020-02-27 20-48-19,18,16,0,0,0,0,0,0,0,0,-2.0462,0.125,-1.625
2020-02-27 20-49-19,18,16,0,0,0,0,0,0,0,0,-2.0462,0.125,-1.687
2020-02-27 20-50-19,18,16,0,0,0,0,0,0,0,0,-2.0462,0.125,-1.687
2020-02-27 20-51-18,18,16,0,0,0,0,0,0,0,0,-2.0462,0.125,-1.687
2020-02-27 20-52-18,18,16,0,0,0,0,0,0,0,0,-2.0462,0.125,-1.687
2020-02-27 20-53-18,18,16,0,0,0,0,0,0,0,0,-2.0462,0.125,-1.625
2020-02-27 20-54-19,18,16,0,0,0,0,0,0,0,0,-2.0462,0.187,-1.625
2020-02-27 20-55-19,18,16,0,0,0,0,0,0,0,0,-2.0462,0.187,-1.687
2020-02-27 20-57-18,18,16,0,0,0,0,0,0,0,0,-2.0462,0.187,-1.625
2020-02-27 20-58-18,18,16,0,0,0,0,0,0,0,0,-2.0462,0.187,-1.625
2020-02-27 20-59-18,18,16,0,0,0,0,0,0,0,0,-2.0462,0.187,-1.625
2020-02-27 21-00-18,18,16,0,0,0,0,0,0,0,0,-2.0462,0.187,-1.625
2020-02-27 21-01-18,18,16,0,0,0,0,0,0,0,0,-2.0462,0.25,-1.562
2020-02-27 21-02-19,18,16,0,0,0,0,0,0,0,0,-2.0462,0.25,-1.562
2020-02-27 21-03-18,18,16,0,0,0,0,0,0,0,0,-2.0462,0.25,-1.562
2020-02-27 21-04-18,18,16,0,0,0,0,0,0,0,0,-2.0462,0.25,-1.562
2020-02-27 21-05-18,18,16,0,0,0,0,0,0,0,0,-2.0462,0.187,-1.625
2020-02-27 21-06-18,18,16,0,0,0,0,0,0,0,0,-2.0462,0.25,-1.625
2020-02-27 21-07-19,18,16,0,0,0,0,0,0,0,0,-2.0462,0.25,-1.562
2020-02-27 21-08-19,18,16,0,0,0,0,0,0,0,0,-2.0462,0.25,-1.562
2020-02-27 21-09-19,18,16,0,0,0,0,0,0,0,0,-2.0462,0.25,-1.562
2020-02-27 21-10-18,18,16,0,0,0,0,0,0,0,0,-2.0462,0.25,-1.562
2020-02-27 21-11-18,18,16,0,0,0,0,0,0,0,0,-2.0462,0.187,-1.562
2020-02-27 21-12-18,18,16,0,0,0,0,0,0,0,0,-2.0462,0.187,-1.562
2020-02-27 21-13-18,18,16,0,0,0,0,0,0,0,0,-2.0462,0.187,-1.562
2020-02-27 21-14-19,18,16,0,0,0,0,0,0,0,0,-2.0462,0.25,-1.562
2020-02-27 21-15-19,18,16,0,0,0,0,0,0,0,0,-2.0462,0.25,-1.5
2020-02-27 21-16-18,18,16,0,0,0,0,0,0,0,0,-2.0462,0.25,-1.5
2020-02-27 21-17-18,18,16,0,0,0,0,0,0,0,0,-2.0462,0.25,-1.562
2020-02-27 21-18-18,18,16,0,0,0,0,0,0,0,0,-2.0462,0.25,-1.562
2020-02-27 21-19-18,18,16,0,0,0,0,0,0,0,0,-2.0462,0.25,-1.625
2020-02-27 21-20-18,18,16,0,0,0,0,0,0,0,0,-2.0462,0.25,-1.625
2020-02-27 21-21-18,18,16,0,0,0,0,0,0,0,0,-2.0462,0.25,-1.687
2020-02-27 21-22-18,18,16,0,0,0,0,0,0,0,0,-2.0462,0.25,-1.625
2020-02-27 21-23-18,18,16,0,0,0,0,0,0,0,0,-2.0462,0.25,-1.625
2020-02-27 21-24-18,18,16,0,0,0,0,0,0,0,0,-2.0462,0.25,-1.625
2020-02-27 21-25-18,18,16,0,0,0,0,0,0,0,0,-2.0462,0.25,-1.625
2020-02-27 21-26-19,18,16,0,0,0,0,0,0,0,0,-2.0462,0.25,-1.625
2020-02-27 21-27-19,18,16,0,0,0,0,0,0,0,0,-2.0462,0.25,-1.687
2020-02-27 21-28-18,18,16,0,0,0,0,0,0,0,0,-2.0462,0.25,-1.687
2020-02-27 21-29-18,18,16,0,0,0,0,0,0,0,0,-2.0462,0.25,-1.625
2020-02-27 21-30-18,18,16,0,0,0,0,0,0,0,0,-2.0462,0.187,-1.687
2020-02-27 21-31-18,18,16,0,0,0,0,0,0,0,0,-2.0462,0.187,-1.625
2020-02-27 21-32-18,18,16,0,0,0,0,0,0,0,0,-2.0462,0.187,-1.687
2020-02-27 21-33-19,18,16,0,0,0,0,0,0,0,0,-2.0462,0.187,-1.687
2020-02-27 21-34-19,18,16,0,0,0,0,0,0,0,0,-2.0462,0.187,-1.687
2020-02-27 21-35-18,18,16,0,0,0,0,0,0,0,0,-2.0462,0.187,-1.687
2020-02-27 21-36-18,18,16,0,0,0,0,0,0,0,0,-2.0462,0.187,-1.687
2020-02-27 21-37-18,18,16,0,0,0,0,0,0,0,0,-2.0462,0.25,-1.687
2020-02-27 21-38-18,18,16,0,0,0,0,0,0,0,0,-2.0462,0.187,-1.75
2020-02-27 21-39-19,18,16,0,0,0,0,0,0,0,0,-2.0462,0.187,-1.687
2020-02-27 21-40-19,18,16,0,0,0,0,0,0,0,0,-2.0462,0.187,-1.625
2020-02-27 21-41-18,18,16,0,0,0,0,0,0,0,0,-2.0462,0.187,-1.625
2020-02-27 21-42-18,18,16,0,0,0,0,0,0,0,0,-2.0462,0.187,-1.625
2020-02-27 21-43-18,18,16,0,0,0,0,0,0,0,0,-2.0462,0.25,-1.625
2020-02-27 21-44-18,18,16,0,0,0,0,0,0,0,0,-2.0462,0.25,-1.625
2020-02-27 21-45-19,18,16,0,0,0,0,0,0,0,0,-2.0462,0.25,-1.625
2020-02-27 21-46-19,18,16,0,0,0,0,0,0,0,0,-2.0462,0.25,-1.625
2020-02-27 21-47-18,18,16,0,0,0,0,0,0,0,0,-2.0462,0.25,-1.625
2020-02-27 21-48-18,18,16,0,0,0,0,0,0,0,0,-2.0462,0.25,-1.625
2020-02-27 21-49-18,18,16,0,0,0,0,0,0,0,0,-2.0462,0.312,-1.625
2020-02-27 21-50-18,18,16,0,0,0,0,0,0,0,0,-2.0462,0.312,-1.625
2020-02-27 21-51-18,18,16,0,0,0,0,0,0,0,0,-2.0462,0.312,-1.625
2020-02-27 21-52-19,18,16,0,0,0,0,0,0,0,0,-2.0462,0.312,-1.625
2020-02-27 21-53-19,18,16,0,0,0,0,0,0,0,0,-2.0462,0.312,-1.687
2020-02-27 21-55-18,18,16,0,0,0,0,0,0,0,0,-2.0462,0.312,-1.625
2020-02-27 21-56-19,18,16,0,0,0,0,0,0,0,0,-2.0462,0.312,-1.625
2020-02-27 21-57-19,18,16,0,0,0,0,0,0,0,0,-2.0462,0.312,-1.625
2020-02-27 21-58-19,18,16,0,0,0,0,0,0,0,0,-2.0462,0.312,-1.625
2020-02-27 21-59-18,18,16,0,0,0,0,0,0,0,0,-2.0462,0.312,-1.625
2020-02-27 22-00-18,18,16,0,0,0,0,0,0,0,0,-2.0462,0.312,-1.562
2020-02-27 22-01-18,18,16,0,0,0,0,0,0,0,0,-2.0462,0.312,-1.625
2020-02-27 22-02-18,18,16,0,0,0,0,0,0,0,0,-2.0462,0.25,-1.562
2020-02-27 22-03-19,18,16,0,0,0,0,0,0,0,0,-2.0462,0.25,-1.562
2020-02-27 22-04-19,18,16,0,0,0,0,0,0,0,0,-2.0462,0.25,-1.625
2020-02-27 22-05-19,18,16,0,0,0,0,0,0,0,0,-2.0462,0.25,-1.625
2020-02-27 22-06-18,18,16,0,0,0,0,0,0,0,0,-2.0462,0.312,-1.562
2020-02-27 22-07-18,18,16,0,0,0,0,0,0,0,0,-2.0462,0.25,-1.625
2020-02-27 22-08-18,18,16,0,0,0,0,0,0,0,0,-2.0462,0.312,-1.625
2020-02-27 22-09-18,18,16,0,0,0,0,0,0,0,0,-2.0462,0.312,-1.625
2020-02-27 22-10-18,18,16,0,0,0,0,0,0,0,0,-2.0462,0.312,-1.625
2020-02-27 22-11-18,18,16,0,0,0,0,0,0,0,0,-2.0462,0.375,-1.625
2020-02-27 22-12-18,18,16,0,0,0,0,0,0,0,0,-2.0462,0.375,-1.625
2020-02-27 22-13-18,18,16,0,0,0,0,0,0,0,0,-2.0462,0.375,-1.625
2020-02-27 22-14-18,18,16,0,0,0,0,0,0,0,0,-2.0462,0.375,-1.625
2020-02-27 22-15-18,18,16,0,0,0,0,0,0,0,0,-2.0462,0.375,-1.625
2020-02-27 22-16-19,18,16,0,0,0,0,0,0,0,0,-2.0462,0.375,-1.625
2020-02-27 22-17-19,18,16,0,0,0,0,0,0,0,0,-2.0462,0.437,-1.562
2020-02-27 22-18-18,18,16,0,0,0,0,0,0,0,0,-2.0462,0.375,-1.625
2020-02-27 22-19-18,18,16,0,0,0,0,0,0,0,0,-2.0462,0.437,-1.625
2020-02-27 22-20-18,18,16,0,0,0,0,0,0,0,0,-2.0462,0.375,-1.625
2020-02-27 22-21-18,18,16,0,0,0,0,0,0,0,0,-2.0462,0.437,-1.625
2020-02-27 22-22-19,18,16,0,0,0,0,0,0,0,0,-2.0462,0.437,-1.625
2020-02-27 22-23-19,18,16,0,0,0,0,0,0,0,0,-2.0462,0.437,-1.562
2020-02-27 22-24-19,18,16,0,0,0,0,0,0,0,0,-2.0462,0.437,-1.625
2020-02-27 22-25-18,18,16,0,0,0,0,0,0,0,0,-2.0462,0.437,-1.625
2020-02-27 22-26-18,18,16,0,0,0,0,0,0,0,0,-2.0462,0.375,-1.625
2020-02-27 22-27-18,18,16,0,0,0,0,0,0,0,0,-2.0462,0.437,-1.625
2020-02-27 22-28-18,18,16,0,0,0,0,0,0,0,0,-2.0462,0.437,-1.625
2020-02-27 22-29-19,18,16,0,0,0,0,0,0,0,0,-2.0462,0.437,-1.625
2020-02-27 22-30-19,18,16,0,0,0,0,0,0,0,0,-2.0462,0.437,-1.562
2020-02-27 22-31-18,18,16,0,0,0,0,0,0,0,0,-2.0462,0.437,-1.562
2020-02-27 22-32-18,18,16,0,0,0,0,0,0,0,0,-2.0462,0.437,-1.562
2020-02-27 22-33-18,18,16,0,0,0,0,0,0,0,0,-2.0462,0.437,-1.562
2020-02-27 22-34-18,18,16,0,0,0,0,0,0,0,0,-2.0462,0.437,-1.562
2020-02-27 22-35-18,18,16,0,0,0,0,0,0,0,0,-2.0462,0.437,-1.562
2020-02-27 22-36-19,18,16,0,0,0,0,0,0,0,0,-2.0462,0.437,-1.562
2020-02-27 22-37-18,18,16,0,0,0,0,0,0,0,0,-2.0462,0.437,-1.5
2020-02-27 22-38-18,18,16,0,0,0,0,0,0,0,0,-2.0462,0.437,-1.562
2020-02-27 22-39-18,18,16,0,0,0,0,0,0,0,0,-2.0462,0.437,-1.562
2020-02-27 22-40-18,18,16,0,0,0,0,0,0,0,0,-2.0462,0.437,-1.562
2020-02-27 22-42-19,18,16,0,0,0,0,0,0,0,0,-2.0462,0.437,-1.562
2020-02-27 22-43-19,18,16,0,0,0,0,0,0,0,0,-2.0462,0.5,-1.562
2020-02-27 22-44-18,18,16,0,0,0,0,0,0,0,0,-2.0462,0.5,-1.562
2020-02-27 22-45-18,18,16,0,0,0,0,0,0,0,0,-2.0462,0.5,-1.562
2020-02-27 22-46-18,18,16,0,0,0,0,0,0,0,0,-2.0462,0.5,-1.562
2020-02-27 22-47-18,18,16,0,0,0,0,0,0,0,0,-2.0462,0.5,-1.562
2020-02-27 22-48-19,18,16,0,0,0,0,0,0,0,0,-2.0462,0.5,-1.5
2020-02-27 22-49-19,18,16,0,0,0,0,0,0,0,0,-2.0462,0.5,-1.5
2020-02-27 22-50-19,18,16,0,0,0,0,0,0,0,0,-2.0462,0.5,-1.5
2020-02-27 22-51-18,18,16,0,0,0,0,0,0,0,0,-2.0462,0.5,-1.5
2020-02-27 22-52-18,18,16,0,0,0,0,0,0,0,0,-2.0462,0.5,-1.5
2020-02-27 22-53-18,18,16,0,0,0,0,0,0,0,0,-2.0462,0.5,-1.5
2020-02-27 22-54-19,18,16,0,0,0,0,0,0,0,0,-2.0462,0.5,-1.5
2020-02-27 22-55-19,18,16,0,0,0,0,0,0,0,0,-2.0462,0.5,-1.437
2020-02-27 22-56-18,18,16,0,0,0,0,0,0,0,0,-2.0462,0.5,-1.5
2020-02-27 22-57-18,18,16,0,0,0,0,0,0,0,0,-2.0462,0.562,-1.437
2020-02-27 22-58-18,18,16,0,0,0,0,0,0,0,0,-2.0462,0.5,-1.5
2020-02-27 22-59-18,18,16,0,0,0,0,0,0,0,0,-2.0462,0.562,-1.5
2020-02-27 23-00-18,18,16,0,0,0,0,0,0,0,0,-2.0462,0.5,-1.5
2020-02-27 23-01-18,18,16,0,0,0,0,0,0,0,0,-2.0462,0.562,-1.5
2020-02-27 23-02-19,18,16,0,0,0,0,0,0,0,0,-2.0462,0.562,-1.562
2020-02-27 23-03-18,18,16,0,0,0,0,0,0,0,0,-2.0462,0.5,-1.562
2020-02-27 23-04-18,18,16,0,0,0,0,0,0,0,0,-2.0462,0.5,-1.562
2020-02-27 23-05-18,18,16,0,0,0,0,0,0,0,0,-2.0462,0.5,-1.625
2020-02-27 23-06-18,18,16,0,0,0,0,0,0,0,0,-2.0462,0.5,-1.625
2020-02-27 23-07-19,18,16,0,0,0,0,0,0,0,0,-2.0462,0.5,-1.625
2020-02-27 23-08-19,18,16,0,0,0,0,0,0,0,0,-2.0462,0.5,-1.625
2020-02-27 23-09-19,18,16,0,0,0,0,0,0,0,0,-2.0462,0.5,-1.625
2020-02-27 23-10-18,18,16,0,0,0,0,0,0,0,0,-2.0462,0.437,-1.562
2020-02-27 23-11-18,18,16,0,0,0,0,0,0,0,0,-2.0462,0.5,-1.625
2020-02-27 23-12-18,18,16,0,0,0,0,0,0,0,0,-2.0462,0.5,-1.562
2020-02-27 23-13-18,18,16,0,0,0,0,0,0,0,0,-2.0462,0.5,-1.625
2020-02-27 23-14-19,18,16,0,0,0,0,0,0,0,0,-2.0462,0.437,-1.562
2020-02-27 23-15-19,18,16,0,0,0,0,0,0,0,0,-2.0462,0.437,-1.562
2020-02-27 23-16-18,18,16,0,0,0,0,0,0,0,0,-2.0462,0.437,-1.562
2020-02-27 23-17-18,18,16,0,0,0,0,0,0,0,0,-2.0462,0.437,-1.5
2020-02-27 23-18-18,18,16,0,0,0,0,0,0,0,0,-2.0462,0.437,-1.562
2020-02-27 23-19-18,18,16,0,0,0,0,0,0,0,0,-2.0462,0.5,-1.5
2020-02-27 23-20-19,18,16,0,0,0,0,0,0,0,0,-2.0462,0.437,-1.5
2020-02-27 23-21-19,18,16,0,0,0,0,0,0,0,0,-2.0462,0.5,-1.562
2020-02-27 23-22-18,18,16,0,0,0,0,0,0,0,0,-2.0462,0.5,-1.562
2020-02-27 23-23-18,18,16,0,0,0,0,0,0,0,0,-2.0462,0.5,-1.562
2020-02-27 23-24-18,18,16,0,0,0,0,0,0,0,0,-2.0462,0.5,-1.562
2020-02-27 23-25-17,18,16,0,0,0,0,0,0,0,0,-2.0462,0.5,-1.625
2020-02-27 23-26-19,18,16,0,0,0,0,0,0,0,0,-2.0462,0.5,-1.562
2020-02-27 23-27-19,18,16,0,0,0,0,0,0,0,0,-2.0462,0.5,-1.562
2020-02-27 23-28-18,18,16,0,0,0,0,0,0,0,0,-2.0462,0.5,-1.562
2020-02-27 23-29-18,18,16,0,0,0,0,0,0,0,0,-2.0462,0.562,-1.562
2020-02-27 23-30-18,18,16,0,0,0,0,0,0,0,0,-2.0462,0.562,-1.562
2020-02-27 23-31-18,18,16,0,0,0,0,0,0,0,0,-2.0462,0.562,-1.562
2020-02-27 23-33-19,18,16,0,0,0,0,0,0,0,0,-2.0462,0.562,-1.5
2020-02-27 23-34-19,18,16,0,0,0,0,0,0,0,0,-2.0462,0.562,-1.5
2020-02-27 23-35-18,18,16,0,0,0,0,0,0,0,0,-2.0462,0.562,-1.562
2020-02-27 23-36-18,18,16,0,0,0,0,0,0,0,0,-2.0462,0.562,-1.5
2020-02-27 23-37-19,18,16,0,0,0,0,0,0,0,0,-2.0462,0.562,-1.562
2020-02-27 23-38-19,18,16,0,0,0,0,0,0,0,0,-2.0462,0.562,-1.562
2020-02-27 23-39-19,18,16,0,0,0,0,0,0,0,0,-2.0462,0.562,-1.562
2020-02-27 23-40-18,18,16,0,0,0,0,0,0,0,0,-2.0462,0.625,-1.562
2020-02-27 23-41-18,18,16,0,0,0,0,0,0,0,0,-2.0462,0.562,-1.562
2020-02-27 23-42-18,18,16,0,0,0,0,0,0,0,0,-2.0462,0.562,-1.562
2020-02-27 23-43-18,18,16,0,0,0,0,0,0,0,0,-2.0462,0.562,-1.562
2020-02-27 23-44-19,18,16,0,0,0,0,0,0,0,0,-2.0462,0.562,-1.5
2020-02-27 23-45-19,18,16,0,0,0,0,0,0,0,0,-2.0462,0.562,-1.562
2020-02-27 23-46-18,18,16,0,0,0,0,0,0,0,0,-2.0462,0.625,-1.562
2020-02-27 23-47-18,18,16,0,0,0,0,0,0,0,0,-2.0462,0.625,-1.562
2020-02-27 23-48-18,18,16,0,0,0,0,0,0,0,0,-2.0462,0.625,-1.562
2020-02-27 23-49-18,18,16,0,0,0,0,0,0,0,0,-2.0462,0.625,-1.562
2020-02-27 23-50-19,18,16,0,0,0,0,0,0,0,0,-2.0462,0.625,-1.562
2020-02-27 23-51-19,18,16,0,0,0,0,0,0,0,0,-2.0462,0.625,-1.625
2020-02-27 23-52-18,18,16,0,0,0,0,0,0,0,0,-2.0462,0.625,-1.625
2020-02-27 23-53-18,18,16,0,0,0,0,0,0,0,0,-2.0462,0.625,-1.562
2020-02-27 23-54-18,18,16,0,0,0,0,0,0,0,0,-2.0462,0.625,-1.562
2020-02-27 23-55-18,18,16,0,0,0,0,0,0,0,0,-2.0462,0.687,-1.562
2020-02-27 23-56-18,18,16,0,0,0,0,0,0,0,0,-2.0462,0.625,-1.562
2020-02-27 23-57-19,18,16,0,0,0,0,0,0,0,0,-2.0462,0.625,-1.625
2020-02-27 23-58-19,18,16,0,0,0,0,0,0,0,0,-2.0462,0.625,-1.625
2020-02-27 23-59-18,18,16,0,0,0,0,0,0,0,0,-2.0462,0.625,-1.562
2020-02-28 00-00-18,18,16,0,0,0,0,0,0,0,0,-2.0462,0.625,-1.562
2020-02-28 00-01-18,18,16,0,0,0,0,0,0,0,0,-2.0462,0.625,-1.562
2020-02-28 00-02-18,18,16,0,0,0,0,0,0,0,0,-2.0462,0.625,-1.562
2020-02-28 00-03-19,18,16,0,0,0,0,0,0,0,0,-2.0462,0.625,-1.562
2020-02-28 00-04-19,18,16,0,0,0,0,0,0,0,0,-2.0462,0.625,-1.562
2020-02-28 00-05-19,18,16,0,0,0,0,0,0,0,0,-2.0462,0.625,-1.562
2020-02-28 00-06-18,18,16,0,0,0,0,0,0,0,0,-2.0462,0.625,-1.562
2020-02-28 00-07-18,18,16,0,0,0,0,0,0,0,0,-2.0462,0.625,-1.562
2020-02-28 00-08-18,18,16,0,0,0,0,0,0,0,0,-2.0462,0.625,-1.625
2020-02-28 00-09-18,18,16,0,0,0,0,0,0,0,0,-2.0462,0.625,-1.625
2020-02-28 00-10-19,18,16,0,0,0,0,0,0,0,0,-2.0462,0.625,-1.625
2020-02-28 00-11-18,18,16,0,0,0,0,0,0,0,0,-2.0462,0.625,-1.625
2020-02-28 00-12-18,18,16,0,0,0,0,0,0,0,0,-2.0462,0.562,-1.625
2020-02-28 00-13-18,18,16,0,0,0,0,0,0,0,0,-2.0462,0.625,-1.562
2020-02-28 00-14-18,18,16,0,0,0,0,0,0,0,0,-2.0462,0.625,-1.562
2020-02-28 00-15-18,18,16,0,0,0,0,0,0,0,0,-2.0462,0.625,-1.625
2020-02-28 00-16-19,18,16,0,0,0,0,0,0,0,0,-2.0462,0.625,-1.625
2020-02-28 00-17-19,18,16,0,0,0,0,0,0,0,0,-2.0462,0.687,-1.562
2020-02-28 00-18-18,18,16,0,0,0,0,0,0,0,0,-2.0462,0.625,-1.625
2020-02-28 00-19-18,18,16,0,0,0,0,0,0,0,0,-2.0462,0.625,-1.625
2020-02-28 00-20-18,18,16,0,0,0,0,0,0,0,0,-2.0462,0.687,-1.562
2020-02-28 00-21-18,18,16,0,0,0,0,0,0,0,0,-2.0462,0.687,-1.562
2020-02-28 00-22-19,18,16,0,0,0,0,0,0,0,0,-2.0462,0.687,-1.562
2020-02-28 00-23-19,18,16,0,0,0,0,0,0,0,0,-2.0462,0.687,-1.625
2020-02-28 00-24-19,18,16,0,0,0,0,0,0,0,0,-2.0462,0.687,-1.625
2020-02-28 00-25-18,18,16,0,0,0,0,0,0,0,0,-2.0462,0.687,-1.625
2020-02-28 00-26-18,18,16,0,0,0,0,0,0,0,0,-2.0462,0.687,-1.625
2020-02-28 00-27-18,18,16,0,0,0,0,0,0,0,0,-2.0462,0.687,-1.625
2020-02-28 00-28-18,18,16,0,0,0,0,0,0,0,0,-2.0462,0.687,-1.625
2020-02-28 00-29-19,18,16,0,0,0,0,0,0,0,0,-2.0462,0.687,-1.687
2020-02-28 00-30-19,18,16,0,0,0,0,0,0,0,0,-2.0462,0.687,-1.687
2020-02-28 00-31-18,18,16,0,0,0,0,0,0,0,0,-2.0462,0.75,-1.687
2020-02-28 00-32-18,18,16,0,0,0,0,0,0,0,0,-2.0462,0.75,-1.75
2020-02-28 00-33-18,18,16,0,0,0,0,0,0,0,0,-2.0462,0.75,-1.687
2020-02-28 00-34-18,18,16,0,0,0,0,0,0,0,0,-2.0462,0.75,-1.75
2020-02-28 00-35-19,18,16,0,0,0,0,0,0,0,0,-2.0462,0.75,-1.75
2020-02-28 00-36-19,18,16,0,0,0,0,0,0,0,0,-2.0462,0.75,-1.687
2020-02-28 00-37-18,18,16,0,0,0,0,0,0,0,0,-2.0462,0.75,-1.687
2020-02-28 00-38-18,18,16,0,0,0,0,0,0,0,0,-2.0462,0.75,-1.687
2020-02-28 00-39-18,18,16,0,0,0,0,0,0,0,0,-2.0462,0.75,-1.75
2020-02-28 00-40-18,18,16,0,0,0,0,0,0,0,0,-2.0462,0.75,-1.75
2020-02-28 00-42-19,18,16,0,0,0,0,0,0,0,0,-2.0462,0.75,-1.812
2020-02-28 00-43-19,18,16,0,0,0,0,0,0,0,0,-2.0462,0.75,-1.875
2020-02-28 00-44-18,18,16,0,0,0,0,0,0,0,0,-2.0462,0.812,-1.875
2020-02-28 00-45-18,18,16,0,0,0,0,0,0,0,0,-2.0462,0.812,-1.937
2020-02-28 00-46-18,18,16,0,0,0,0,0,0,0,0,-2.0462,0.812,-1.937
2020-02-28 00-47-18,18,16,0,0,0,0,0,0,0,0,-2.0462,0.875,-1.937
2020-02-28 00-48-19,18,16,0,0,0,0,0,0,0,0,-2.0462,0.812,-2
2020-02-28 00-50-19,18,16,0,0,0,0,0,0,0,0,-2.0462,0.875,-2
2020-02-28 00-52-18,18,16,0,0,0,0,0,0,0,0,-2.0462,0.875,-2
2020-02-28 00-53-18,18,16,0,0,0,0,0,0,0,0,-2.0462,0.875,-1.937
2020-02-28 00-55-19,18,16,0,0,0,0,0,0,0,0,-2.0462,0.875,-1.937
2020-02-28 00-56-18,18,16,0,0,0,0,0,0,0,0,-2.0462,0.875,-1.875
2020-02-28 00-57-18,18,16,0,0,0,0,0,0,0,0,-2.0462,0.875,-1.937
2020-02-28 00-58-18,18,16,0,0,0,0,0,0,0,0,-2.0462,0.875,-1.812
2020-02-28 00-59-18,18,16,0,0,0,0,0,0,0,0,-2.0462,0.812,-1.812
2020-02-28 01-00-18,18,16,0,0,0,0,0,0,0,0,-2.0462,0.812,-1.812
2020-02-28 01-01-18,18,16,0,0,0,0,0,0,0,0,-2.0462,0.812,-1.875
2020-02-28 01-02-19,18,16,0,0,0,0,0,0,0,0,-2.0462,0.812,-1.812
2020-02-28 01-03-18,18,16,0,0,0,0,0,0,0,0,-2.0462,0.812,-1.812
2020-02-28 01-04-18,18,16,0,0,0,0,0,0,0,0,-2.0462,0.812,-1.812
2020-02-28 01-05-18,18,16,0,0,0,0,0,0,0,0,-2.0462,0.812,-1.812
2020-02-28 01-06-18,18,16,0,0,0,0,0,0,0,0,-2.0462,0.812,-1.812
2020-02-28 01-07-19,18,16,0,0,0,0,0,0,0,0,-2.0462,0.812,-1.812
2020-02-28 01-08-19,18,16,0,0,0,0,0,0,0,0,-2.0462,0.812,-1.812
2020-02-28 01-09-19,18,16,0,0,0,0,0,0,0,0,-2.0462,0.75,-1.75
2020-02-28 01-10-18,18,16,0,0,0,0,0,0,0,0,-2.0462,0.75,-1.812
2020-02-28 01-11-18,18,16,0,0,0,0,0,0,0,0,-2.0462,0.75,-1.812
2020-02-28 01-12-18,18,16,0,0,0,0,0,0,0,0,-2.0462,0.75,-1.75
2020-02-28 01-13-18,18,16,0,0,0,0,0,0,0,0,-2.0462,0.75,-1.687
2020-02-28 01-14-19,18,16,0,0,0,0,0,0,0,0,-2.0462,0.75,-1.687
2020-02-28 01-15-19,18,16,0,0,0,0,0,0,0,0,-2.0462,0.75,-1.687
2020-02-28 01-16-18,18,16,0,0,0,0,0,0,0,0,-2.0462,0.812,-1.687
2020-02-28 01-18-18,18,16,0,0,0,0,0,0,0,0,-2.0462,0.812,-1.687
2020-02-28 01-19-18,18,16,0,0,0,0,0,0,0,0,-2.0462,0.812,-1.687
2020-02-28 01-20-19,18,16,0,0,0,0,0,0,0,0,-2.0462,0.812,-1.687
2020-02-28 01-21-19,18,16,0,0,0,0,0,0,0,0,-2.0462,0.812,-1.625
2020-02-28 01-22-18,18,16,0,0,0,0,0,0,0,0,-2.0462,0.812,-1.625
2020-02-28 01-23-18,18,16,0,0,0,0,0,0,0,0,-2.0462,0.812,-1.625
2020-02-28 01-24-18,18,16,0,0,0,0,0,0,0,0,-2.0462,0.812,-1.625
2020-02-28 01-25-18,18,16,0,0,0,0,0,0,0,0,-2.0462,0.812,-1.687
2020-02-28 01-26-19,18,16,0,0,0,0,0,0,0,0,-2.0462,0.812,-1.687
2020-02-28 01-27-19,18,16,0,0,0,0,0,0,0,0,-2.0462,0.812,-1.687
2020-02-28 01-28-18,18,16,0,0,0,0,0,0,0,0,-2.0462,0.75,-1.687
2020-02-28 01-29-18,18,16,0,0,0,0,0,0,0,0,-2.0462,0.812,-1.687
2020-02-28 01-30-18,18,16,0,0,0,0,0,0,0,0,-2.0462,0.812,-1.687
2020-02-28 01-31-18,18,16,0,0,0,0,0,0,0,0,-2.0462,0.812,-1.687
2020-02-28 01-33-19,18,16,0,0,0,0,0,0,0,0,-2.0462,0.812,-1.625
2020-02-28 01-34-19,18,16,0,0,0,0,0,0,0,0,-2.0462,0.812,-1.687
2020-02-28 01-35-18,18,16,0,0,0,0,0,0,0,0,-2.0462,0.812,-1.687
2020-02-28 01-36-18,18,16,0,0,0,0,0,0,0,0,-2.0462,0.812,-1.687
2020-02-28 01-37-18,18,16,0,0,0,0,0,0,0,0,-2.0462,0.812,-1.75
2020-02-28 01-38-18,18,16,0,0,0,0,0,0,0,0,-2.0462,0.75,-1.75
2020-02-28 01-39-18,18,16,0,0,0,0,0,0,0,0,-2.0462,0.75,-1.75
2020-02-28 01-40-19,18,16,0,0,0,0,0,0,0,0,-2.0462,0.75,-1.75
2020-02-28 01-41-18,18,16,0,0,0,0,0,0,0,0,-2.0462,0.75,-1.75
2020-02-28 01-42-18,18,16,0,0,0,0,0,0,0,0,-2.0462,0.75,-1.75
2020-02-28 01-43-18,18,16,0,0,0,0,0,0,0,0,-2.0462,0.75,-1.75
2020-02-28 01-44-18,18,16,0,0,0,0,0,0,0,0,-2.0462,0.812,-1.75
2020-02-28 01-45-19,18,16,0,0,0,0,0,0,0,0,-2.0462,0.812,-1.75
2020-02-28 01-46-19,18,16,0,0,0,0,0,0,0,0,-2.0462,0.812,-1.687
2020-02-28 01-47-18,18,16,0,0,0,0,0,0,0,0,-2.0462,0.875,-1.75
2020-02-28 01-48-18,18,16,0,0,0,0,0,0,0,0,-2.0462,0.875,-1.687
2020-02-28 01-49-18,18,16,0,0,0,0,0,0,0,0,-2.0462,0.875,-1.75
2020-02-28 01-50-18,18,16,0,0,0,0,0,0,0,0,-2.0462,0.875,-1.75
2020-02-28 01-51-18,18,16,0,0,0,0,0,0,0,0,-2.0462,0.937,-1.75
2020-02-28 01-52-19,18,16,0,0,0,0,0,0,0,0,-2.0462,0.937,-1.687
2020-02-28 01-53-19,18,16,0,0,0,0,0,0,0,0,-2.0462,0.937,-1.687
2020-02-28 01-54-18,18,16,0,0,0,0,0,0,0,0,-2.0462,0.937,-1.687
2020-02-28 01-55-17,18,16,0,0,0,0,0,0,0,0,-2.0462,0.937,-1.687
2020-02-28 01-56-18,18,16,0,0,0,0,0,0,0,0,-2.0462,0.937,-1.687
2020-02-28 01-57-18,18,16,0,0,0,0,0,0,0,0,-2.0462,0.937,-1.687
2020-02-28 01-58-19,18,16,0,0,0,0,0,0,0,0,-2.0462,0.937,-1.75
2020-02-28 01-59-19,18,16,0,0,0,0,0,0,0,0,-2.0462,0.937,-1.75
2020-02-28 02-00-19,18,16,0,0,0,0,0,0,0,0,-2.0462,1,-1.687
2020-02-28 02-01-19,18,16,0,0,0,0,0,0,0,0,-2.0462,0.937,-1.687
2020-02-28 02-02-18,18,16,0,0,0,0,0,0,0,0,-2.0462,0.937,-1.687
2020-02-28 02-03-18,18,16,0,0,0,0,0,0,0,0,-2.0462,0.937,-1.687
2020-02-28 02-04-18,18,16,0,0,0,0,0,0,0,0,-2.0462,0.937,-1.625
2020-02-28 02-05-19,18,16,0,0,0,0,0,0,0,0,-2.0462,0.875,-1.687
2020-02-28 02-06-19,18,16,0,0,0,0,0,0,0,0,-2.0462,0.875,-1.625
2020-02-28 02-07-18,18,16,0,0,0,0,0,0,0,0,-2.0462,0.875,-1.625
2020-02-28 02-08-18,18,16,0,0,0,0,0,0,0,0,-2.0462,0.875,-1.687
2020-02-28 02-09-18,18,16,0,0,0,0,0,0,0,0,-2.0462,0.875,-1.687
2020-02-28 02-10-18,18,16,0,0,0,0,0,0,0,0,-2.0462,0.875,-1.687
2020-02-28 02-11-19,18,16,0,0,0,0,0,0,0,0,-2.0462,0.875,-1.687
2020-02-28 02-12-19,18,16,0,0,0,0,0,0,0,0,-2.0462,0.937,-1.75
2020-02-28 02-13-18,18,16,0,0,0,0,0,0,0,0,-2.0462,0.937,-1.75
2020-02-28 02-14-18,18,16,0,0,0,0,0,0,0,0,-2.0462,0.937,-1.75
2020-02-28 02-15-18,18,16,0,0,0,0,0,0,0,0,-2.0462,1,-1.75
2020-02-28 02-16-18,18,16,0,0,0,0,0,0,0,0,-2.0462,1,-1.812
2020-02-28 02-17-19,18,16,0,0,0,0,0,0,0,0,-2.0462,0.937,-1.812
2020-02-28 02-18-19,18,16,0,0,0,0,0,0,0,0,-2.0462,1,-1.812
2020-02-28 02-19-19,18,16,0,0,0,0,0,0,0,0,-2.0462,1,-1.812
2020-02-28 02-20-18,18,16,0,0,0,0,0,0,0,0,-2.0462,1,-1.812
2020-02-28 02-21-18,18,16,0,0,0,0,0,0,0,0,-2.0462,1,-1.875
2020-02-28 02-22-19,18,16,0,0,0,0,0,0,0,0,-2.0462,1,-1.812
2020-02-28 02-23-19,18,16,0,0,0,0,0,0,0,0,-2.0462,1.062,-1.875
2020-02-28 02-24-19,18,16,0,0,0,0,0,0,0,0,-2.0462,1.062,-1.875
2020-02-28 02-25-18,18,16,0,0,0,0,0,0,0,0,-2.0462,1.062,-1.875
2020-02-28 02-26-18,18,16,0,0,0,0,0,0,0,0,-2.0462,1.062,-1.875
2020-02-28 02-27-18,18,16,0,0,0,0,0,0,0,0,-2.0462,1.125,-1.875
2020-02-28 02-28-18,18,16,0,0,0,0,0,0,0,0,-2.0462,1.125,-1.875
2020-02-28 02-29-19,18,16,0,0,0,0,0,0,0,0,-2.0462,1.125,-1.875
2020-02-28 02-30-19,18,16,0,0,0,0,0,0,0,0,-2.0462,1.187,-1.875
2020-02-28 02-31-17,18,16,0,0,0,0,0,0,0,0,-2.0462,1.187,-1.875
2020-02-28 02-32-18,18,16,0,0,0,0,0,0,0,0,-2.0462,1.187,-1.875
2020-02-28 02-33-18,18,16,0,0,0,0,0,0,0,0,-2.0462,1.187,-1.937
2020-02-28 02-34-18,18,16,0,0,0,0,0,0,0,0,-2.0462,1.187,-1.937
2020-02-28 02-35-19,18,16,0,0,0,0,0,0,0,0,-2.0462,1.25,-1.937
2020-02-28 02-36-19,18,16,0,0,0,0,0,0,0,0,-2.0462,1.25,-1.937
2020-02-28 02-37-18,18,16,0,0,0,0,0,0,0,0,-2.0462,1.312,-1.937
2020-02-28 02-38-18,18,16,0,0,0,0,0,0,0,0,-2.0462,1.312,-1.937
2020-02-28 02-39-18,18,16,0,0,0,0,0,0,0,0,-2.0462,1.312,-1.937
2020-02-28 02-40-18,18,16,0,0,0,0,0,0,0,0,-2.0462,1.312,-1.875
2020-02-28 02-42-19,18,16,0,0,0,0,0,0,0,0,-2.0462,1.375,-1.875
2020-02-28 02-43-19,18,16,0,0,0,0,0,0,0,0,-2.0462,1.375,-1.875
2020-02-28 02-44-18,18,16,0,0,0,0,0,0,0,0,-2.0462,1.375,-1.875
2020-02-28 02-45-18,18,16,0,0,0,0,0,0,0,0,-2.0462,1.375,-1.875
2020-02-28 02-46-18,18,16,0,0,0,0,0,0,0,0,-2.0462,1.375,-1.875
2020-02-28 02-47-18,18,16,0,0,0,0,0,0,0,0,-2.0462,1.375,-1.875
2020-02-28 02-48-19,18,16,0,0,0,0,0,0,0,0,-2.0462,1.375,-1.875
2020-02-28 02-49-19,18,16,0,0,0,0,0,0,0,0,-2.0462,1.375,-1.875
2020-02-28 02-50-19,18,16,0,0,0,0,0,0,0,0,-2.0462,1.375,-1.875
2020-02-28 02-51-18,18,16,0,0,0,0,0,0,0,0,-2.0462,1.375,-1.875
2020-02-28 02-52-18,18,16,0,0,0,0,0,0,0,0,-2.0462,1.375,-1.875
2020-02-28 02-53-18,18,16,0,0,0,0,0,0,0,0,-2.0462,1.375,-1.875
2020-02-28 02-55-19,18,16,0,0,0,0,0,0,0,0,-2.0462,1.437,-1.875
2020-02-28 02-56-18,18,16,0,0,0,0,0,0,0,0,-2.0462,1.437,-1.875
2020-02-28 02-58-18,18,16,0,0,0,0,0,0,0,0,-2.0462,1.437,-1.875
2020-02-28 02-59-18,18,16,0,0,0,0,0,0,0,0,-2.0462,1.437,-1.875
2020-02-28 03-00-18,18,16,0,0,0,0,0,0,0,0,-2.0462,1.437,-1.875
2020-02-28 03-01-18,18,16,0,0,0,0,0,0,0,0,-2.0462,1.5,-1.812
2020-02-28 03-02-18,18,16,0,0,0,0,0,0,0,0,-2.0462,1.5,-1.875
2020-02-28 03-03-18,18,16,0,0,0,0,0,0,0,0,-2.0462,1.5,-1.875
2020-02-28 03-04-18,18,16,0,0,0,0,0,0,0,0,-2.0462,1.5,-1.812
2020-02-28 03-05-19,18,16,0,0,0,0,0,0,0,0,-2.0462,1.5,-1.875
2020-02-28 03-06-19,18,16,0,0,0,0,0,0,0,0,-2.0462,1.5,-1.875
2020-02-28 03-07-18,18,16,0,0,0,0,0,0,0,0,-2.0462,1.562,-1.875
2020-02-28 03-08-18,18,16,0,0,0,0,0,0,0,0,-2.0462,1.562,-1.875
2020-02-28 03-09-18,18,16,0,0,0,0,0,0,0,0,-2.0462,1.5,-1.875
2020-02-28 03-10-18,18,16,0,0,0,0,0,0,0,0,-2.0462,1.562,-1.812
2020-02-28 03-11-18,18,16,0,0,0,0,0,0,0,0,-2.0462,1.5,-1.812
2020-02-28 03-12-19,18,16,0,0,0,0,0,0,0,0,-2.0462,1.5,-1.875
2020-02-28 03-13-19,18,16,0,0,0,0,0,0,0,0,-2.0462,1.5,-1.875
2020-02-28 03-14-18,18,16,0,0,0,0,0,0,0,0,-2.0462,1.437,-1.875
2020-02-28 03-15-18,18,16,0,0,0,0,0,0,0,0,-2.0462,1.437,-1.875
2020-02-28 03-16-18,18,16,0,0,0,0,0,0,0,0,-2.0462,1.437,-1.875
2020-02-28 03-17-18,18,16,0,0,0,0,0,0,0,0,-2.0462,1.437,-1.875
2020-02-28 03-18-19,18,16,0,0,0,0,0,0,0,0,-2.0462,1.437,-1.875
2020-02-28 03-19-19,18,16,0,0,0,0,0,0,0,0,-2.0462,1.437,-1.875
2020-02-28 03-20-19,18,16,0,0,0,0,0,0,0,0,-2.0462,1.437,-1.875
2020-02-28 03-21-18,18,16,0,0,0,0,0,0,0,0,-2.0462,1.437,-1.875
2020-02-28 03-22-18,18,16,0,0,0,0,0,0,0,0,-2.0462,1.375,-1.875
2020-02-28 03-23-18,18,16,0,0,0,0,0,0,0,0,-2.0462,1.375,-1.875
2020-02-28 03-24-18,18,16,0,0,0,0,0,0,0,0,-2.0462,1.375,-1.875
2020-02-28 03-25-19,18,16,0,0,0,0,0,0,0,0,-2.0462,1.375,-1.875
2020-02-28 03-26-18,18,16,0,0,0,0,0,0,0,0,-2.0462,1.375,-1.875
2020-02-28 03-27-18,18,16,0,0,0,0,0,0,0,0,-2.0462,1.375,-1.812
2020-02-28 03-28-18,18,16,0,0,0,0,0,0,0,0,-2.0462,1.375,-1.875
2020-02-28 03-29-18,18,16,0,0,0,0,0,0,0,0,-2.0462,1.437,-1.875
2020-02-28 03-30-18,18,16,0,0,0,0,0,0,0,0,-2.0462,1.375,-1.875
2020-02-28 03-31-19,18,16,0,0,0,0,0,0,0,0,-2.0462,1.437,-1.875
2020-02-28 03-32-19,18,16,0,0,0,0,0,0,0,0,-2.0462,1.375,-1.875
2020-02-28 03-33-18,18,16,0,0,0,0,0,0,0,0,-2.0462,1.437,-1.875
2020-02-28 03-34-18,18,16,0,0,0,0,0,0,0,0,-2.0462,1.375,-1.937
2020-02-28 03-35-18,18,16,0,0,0,0,0,0,0,0,-2.0462,1.375,-1.875
2020-02-28 03-36-18,18,16,0,0,0,0,0,0,0,0,-2.0462,1.312,-1.875
2020-02-28 03-37-19,18,16,0,0,0,0,0,0,0,0,-2.0462,1.312,-1.875
2020-02-28 03-38-19,18,16,0,0,0,0,0,0,0,0,-2.0462,1.312,-1.875
2020-02-28 03-39-19,18,16,0,0,0,0,0,0,0,0,-2.0462,1.312,-1.875
2020-02-28 03-40-18,18,16,0,0,0,0,0,0,0,0,-2.0462,1.312,-1.875
2020-02-28 03-41-18,18,16,0,0,0,0,0,0,0,0,-2.0462,1.312,-1.875
2020-02-28 03-42-18,18,16,0,0,0,0,0,0,0,0,-2.0462,1.312,-1.875
2020-02-28 03-43-18,18,16,0,0,0,0,0,0,0,0,-2.0462,1.312,-1.875
2020-02-28 03-44-19,18,16,0,0,0,0,0,0,0,0,-2.0462,1.312,-1.875
2020-02-28 03-45-19,18,16,0,0,0,0,0,0,0,0,-2.0462,1.312,-1.875
2020-02-28 03-46-18,18,16,0,0,0,0,0,0,0,0,-2.0462,1.312,-1.812
2020-02-28 03-47-18,18,16,0,0,0,0,0,0,0,0,-2.0462,1.312,-1.812
2020-02-28 03-48-18,18,16,0,0,0,0,0,0,0,0,-2.0462,1.312,-1.812
2020-02-28 03-49-18,18,16,0,0,0,0,0,0,0,0,-2.0462,1.312,-1.875
2020-02-28 03-50-19,18,16,0,0,0,0,0,0,0,0,-2.0462,1.312,-1.812
2020-02-28 03-51-19,18,16,0,0,0,0,0,0,0,0,-2.0462,1.312,-1.875
2020-02-28 03-52-18,18,16,0,0,0,0,0,0,0,0,-2.0462,1.312,-1.875
2020-02-28 03-53-18,18,16,0,0,0,0,0,0,0,0,-2.0462,1.312,-1.875
2020-02-28 03-54-18,18,16,0,0,0,0,0,0,0,0,-2.0462,1.312,-1.875
2020-02-28 03-55-18,18,16,0,0,0,0,0,0,0,0,-2.0462,1.25,-1.937
2020-02-28 03-56-18,18,16,0,0,0,0,0,0,0,0,-2.0462,1.25,-1.937
2020-02-28 03-57-19,18,16,0,0,0,0,0,0,0,0,-2.0462,1.25,-1.875
2020-02-28 03-58-19,18,16,0,0,0,0,0,0,0,0,-2.0462,1.187,-1.875
2020-02-28 03-59-18,18,16,0,0,0,0,0,0,0,0,-2.0462,1.187,-1.937
2020-02-28 04-00-18,18,16,0,0,0,0,0,0,0,0,-2.0462,1.187,-1.937
2020-02-28 04-01-18,18,16,0,0,0,0,0,0,0,0,-2.0462,1.187,-1.937
2020-02-28 04-02-18,18,16,0,0,0,0,0,0,0,0,-2.0462,1.187,-1.937
2020-02-28 04-03-19,18,16,0,0,0,0,0,0,0,0,-2.0462,1.187,-1.937
2020-02-28 04-04-19,18,16,0,0,0,0,0,0,0,0,-2.0462,1.187,-1.937
2020-02-28 04-05-19,18,16,0,0,0,0,0,0,0,0,-2.0462,1.187,-2
2020-02-28 04-06-18,18,16,0,0,0,0,0,0,0,0,-2.0462,1.187,-2
2020-02-28 04-07-18,18,16,0,0,0,0,0,0,0,0,-2.0462,1.187,-2
2020-02-28 04-08-18,18,16,0,0,0,0,0,0,0,0,-2.0462,1.187,-1.937
2020-02-28 04-09-18,18,16,0,0,0,0,0,0,0,0,-2.0462,1.187,-2
2020-02-28 04-10-19,18,16,0,0,0,0,0,0,0,0,-2.0462,1.187,-2
2020-02-28 04-11-19,18,16,0,0,0,0,0,0,0,0,-2.0462,1.187,-2
2020-02-28 04-12-18,18,16,0,0,0,0,0,0,0,0,-2.0462,1.187,-2
2020-02-28 04-13-18,18,16,0,0,0,0,0,0,0,0,-2.0462,1.187,-2
2020-02-28 04-14-18,18,16,0,0,0,0,0,0,0,0,-2.0462,1.187,-2
2020-02-28 04-15-18,18,16,0,0,0,0,0,0,0,0,-2.0462,1.25,-2
2020-02-28 04-16-19,18,16,0,0,0,0,0,0,0,0,-2.0462,1.25,-2
2020-02-28 04-17-19,18,16,0,0,0,0,0,0,0,0,-2.0462,1.25,-2.062
2020-02-28 04-18-18,18,16,0,0,0,0,0,0,0,0,-2.0462,1.187,-2.062
2020-02-28 04-19-18,18,16,0,0,0,0,0,0,0,0,-2.0462,1.187,-2.062
2020-02-28 04-20-18,18,16,0,0,0,0,0,0,0,0,-2.0462,1.187,-2.062
2020-02-28 04-21-18,18,16,0,0,0,0,0,0,0,0,-2.0462,1.187,-2.062
2020-02-28 04-22-19,18,16,0,0,0,0,0,0,0,0,-2.0462,1.187,-2.062
2020-02-28 04-23-19,18,16,0,0,0,0,0,0,0,0,-2.0462,1.125,-2.062
2020-02-28 04-24-19,18,16,0,0,0,0,0,0,0,0,-2.0462,1.125,-2.062
2020-02-28 04-25-18,18,16,0,0,0,0,0,0,0,0,-2.0462,1.125,-2.062
2020-02-28 04-26-18,18,16,0,0,0,0,0,0,0,0,-2.0462,1.062,-2.062
2020-02-28 04-27-18,18,16,0,0,0,0,0,0,0,0,-2.0462,1.062,-2.062
2020-02-28 04-28-18,18,16,0,0,0,0,0,0,0,0,-2.0462,1.062,-2.062
2020-02-28 04-29-19,18,16,0,0,0,0,0,0,0,0,-2.0462,1.062,-2.062
2020-02-28 04-30-19,18,16,0,0,0,0,0,0,0,0,-2.0462,1.062,-2.062
2020-02-28 04-32-18,18,16,0,0,0,0,0,0,0,0,-2.0462,1,-2.062
2020-02-28 04-33-17,18,16,0,0,0,0,0,0,0,0,-2.0462,1,-2.125
2020-02-28 04-34-18,18,16,0,0,0,0,0,0,0,0,-2.0462,1,-2.125
2020-02-28 04-35-19,18,16,0,0,0,0,0,0,0,0,-2.0462,1,-2.062
2020-02-28 04-36-19,18,16,0,0,0,0,0,0,0,0,-2.0462,1,-2.125
2020-02-28 04-37-18,18,16,0,0,0,0,0,0,0,0,-2.0462,1,-2.125
2020-02-28 04-38-18,18,16,0,0,0,0,0,0,0,0,-2.0462,1,-2.125
2020-02-28 04-39-18,18,16,0,0,0,0,0,0,0,0,-2.0462,1,-2.125
2020-02-28 04-40-18,18,16,0,0,0,0,0,0,0,0,-2.0462,1,-2.125
2020-02-28 04-42-19,18,16,0,0,0,0,0,0,0,0,-2.0462,1.062,-2.125
2020-02-28 04-43-19,18,16,0,0,0,0,0,0,0,0,-2.0462,1.062,-2.125
2020-02-28 04-44-18,18,16,0,0,0,0,0,0,0,0,-2.0462,1.062,-2.125
2020-02-28 04-45-18,18,16,0,0,0,0,0,0,0,0,-2.0462,1.062,-2.125
2020-02-28 04-46-18,18,16,0,0,0,0,0,0,0,0,-2.0462,1.062,-2.125
2020-02-28 04-47-18,18,16,0,0,0,0,0,0,0,0,-2.0462,1.062,-2.125
2020-02-28 04-48-19,18,16,0,0,0,0,0,0,0,0,-2.0462,1,-2.125
2020-02-28 04-49-19,18,16,0,0,0,0,0,0,0,0,-2.0462,1.062,-2.125
2020-02-28 04-50-19,18,16,0,0,0,0,0,0,0,0,-2.0462,1,-2.125
2020-02-28 04-51-18,18,16,0,0,0,0,0,0,0,0,-2.0462,1.062,-2.125
2020-02-28 04-52-18,18,16,0,0,0,0,0,0,0,0,-2.0462,1,-2.187
2020-02-28 04-53-18,18,16,0,0,0,0,0,0,0,0,-2.0462,1.062,-2.125
2020-02-28 04-55-19,18,16,0,0,0,0,0,0,0,0,-2.0462,1.125,-2.187
2020-02-28 04-56-18,18,16,0,0,0,0,0,0,0,0,-2.0462,1.062,-2.187
2020-02-28 04-57-18,18,16,0,0,0,0,0,0,0,0,-2.0462,1.125,-2.187
2020-02-28 04-58-18,18,16,0,0,0,0,0,0,0,0,-2.0462,1.125,-2.187
2020-02-28 04-59-18,18,16,0,0,0,0,0,0,0,0,-2.0462,1.125,-2.187
2020-02-28 05-00-18,18,16,0,0,0,0,0,0,0,0,-2.0462,1.125,-2.187
2020-02-28 05-01-18,18,16,0,0,0,0,0,0,0,0,-2.0462,1.125,-2.187
2020-02-28 05-02-19,18,16,0,0,0,0,0,0,0,0,-2.0462,1.062,-2.125
2020-02-28 05-03-18,18,16,0,0,0,0,0,0,0,0,-2.0462,1.062,-2.125
2020-02-28 05-04-18,18,16,0,0,0,0,0,0,0,0,-2.0462,1.062,-2.125
2020-02-28 05-05-18,18,16,0,0,0,0,0,0,0,0,-2.0462,1.062,-2.125
2020-02-28 05-06-18,18,16,0,0,0,0,0,0,0,0,-2.0462,1.062,-2.125
2020-02-28 05-07-19,18,16,0,0,0,0,0,0,0,0,-2.0462,1.062,-2.187
2020-02-28 05-08-19,18,16,0,0,0,0,0,0,0,0,-2.0462,1.125,-2.187
2020-02-28 05-09-19,18,16,0,0,0,0,0,0,0,0,-2.0462,1.125,-2.187
2020-02-28 05-10-18,18,16,0,0,0,0,0,0,0,0,-2.0462,1.125,-2.187
2020-02-28 05-11-18,18,16,0,0,0,0,0,0,0,0,-2.0462,1.125,-2.187
2020-02-28 05-12-18,18,16,0,0,0,0,0,0,0,0,-2.0462,1.125,-2.25
2020-02-28 05-13-18,18,16,0,0,0,0,0,0,0,0,-2.0462,1.187,-2.25
2020-02-28 05-14-19,18,16,0,0,0,0,0,0,0,0,-2.0462,1.125,-2.25
2020-02-28 05-15-19,18,16,0,0,0,0,0,0,0,0,-2.0462,1.125,-2.25
2020-02-28 05-16-18,18,16,0,0,0,0,0,0,0,0,-2.0462,1.062,-2.25
2020-02-28 05-17-18,18,16,0,0,0,0,0,0,0,0,-2.0462,1.062,-2.25
2020-02-28 05-18-18,18,16,0,0,0,0,0,0,0,0,-2.0462,1,-2.25
2020-02-28 05-19-18,18,16,0,0,0,0,0,0,0,0,-2.0462,1,-2.187
2020-02-28 05-20-19,18,16,0,0,0,0,0,0,0,0,-2.0462,0.937,-2.25
2020-02-28 05-21-18,18,16,0,0,0,0,0,0,0,0,-2.0462,0.937,-2.187
2020-02-28 05-22-18,18,16,0,0,0,0,0,0,0,0,-2.0462,0.937,-2.187
2020-02-28 05-23-18,18,16,0,0,0,0,0,0,0,0,-2.0462,0.937,-2.125
2020-02-28 05-24-18,18,16,0,0,0,0,0,0,0,0,-2.0462,0.875,-2.125
2020-02-28 05-25-18,18,16,0,0,0,0,0,0,0,0,-2.0462,0.875,-2.062
2020-02-28 05-26-19,18,16,0,0,0,0,0,0,0,0,-2.0462,0.875,-2.125
2020-02-28 05-27-19,18,16,0,0,0,0,0,0,0,0,-2.0462,0.875,-2.062
2020-02-28 05-28-18,18,16,0,0,0,0,0,0,0,0,-2.0462,0.812,-2.062
2020-02-28 05-29-18,18,16,0,0,0,0,0,0,0,0,-2.0462,0.812,-2.062
2020-02-28 05-30-18,18,16,0,0,0,0,0,0,0,0,-2.0462,0.75,-2.062
2020-02-28 05-31-18,18,16,0,0,0,0,0,0,0,0,-2.0462,0.75,-2.062
2020-02-28 05-33-19,18,16,0,0,0,0,0,0,0,0,-2.0462,0.687,-2.125
2020-02-28 05-34-19,18,16,0,0,0,0,0,0,0,0,-2.0462,0.687,-2.125
2020-02-28 05-35-18,18,16,0,0,0,0,0,0,0,0,-2.0462,0.687,-2.125
2020-02-28 05-36-18,18,16,0,0,0,0,0,0,0,0,-2.0462,0.625,-2.062
2020-02-28 05-37-18,18,16,0,0,0,0,0,0,0,0,-2.0462,0.687,-2.062
2020-02-28 05-38-18,18,16,0,0,0,0,0,0,0,0,-2.0462,0.625,-2.062
2020-02-28 05-40-19,18,16,0,0,0,0,0,0,0,0,-2.0462,0.562,-2.062
2020-02-28 05-41-18,18,16,0,0,0,0,0,0,0,0,-2.0462,0.562,-2.062
2020-02-28 05-42-18,18,16,0,0,0,0,0,0,0,0,-2.0462,0.562,-2
2020-02-28 05-43-18,18,16,0,0,0,0,0,0,0,0,-2.0462,0.562,-2
2020-02-28 05-44-18,18,16,0,0,0,0,0,0,0,0,-2.0462,0.562,-2.062
2020-02-28 05-45-19,18,16,0,0,0,0,0,0,0,0,-2.0462,0.562,-2.062
2020-02-28 05-46-19,18,16,0,0,0,0,0,0,0,0,-2.0462,0.5,-2.062
2020-02-28 05-47-18,18,16,0,0,0,0,0,0,0,0,-2.0462,0.5,-2.062
2020-02-28 05-48-18,18,16,0,0,0,0,0,0,0,0,-2.0462,0.5,-2.062
2020-02-28 05-49-18,18,16,0,0,0,0,0,0,0,0,-2.0462,0.5,-2.062
2020-02-28 05-50-18,18,16,0,0,0,0,0,0,0,0,-2.0462,0.5,-2
2020-02-28 05-51-18,18,16,0,0,0,0,0,0,0,0,-2.0462,0.5,-2
2020-02-28 05-52-19,18,16,0,0,0,0,0,0,0,0,-2.0462,0.5,-2
2020-02-28 05-53-19,18,16,0,0,0,0,0,0,0,0,-2.0462,0.5,-1.937
2020-02-28 05-54-18,18,16,0,0,0,0,0,0,0,0,-2.0462,0.5,-1.937
2020-02-28 05-55-18,18,16,0,0,0,0,0,0,0,0,-2.0462,0.5,-1.937
2020-02-28 05-56-18,18,16,0,0,0,0,0,0,0,0,-2.0462,0.5,-1.937
2020-02-28 05-57-18,18,16,0,0,0,0,0,0,0,0,-2.0462,0.5,-1.937
2020-02-28 05-58-19,18,16,0,0,0,0,0,0,0,0,-2.0462,0.5,-1.937
2020-02-28 05-59-19,18,16,0,0,0,0,0,0,0,0,-2.0462,0.5,-2
2020-02-28 06-00-19,18,16,0,0,0,0,0,0,0,0,-2.0462,0.5,-2
2020-02-28 06-01-19,18,16,0,0,0,0,0,0,0,0,-2.0462,0.562,-2
2020-02-28 06-02-18,18,16,0,0,0,0,0,0,0,0,-2.0462,0.562,-2
2020-02-28 06-03-18,18,16,0,0,0,0,0,0,0,0,-2.0462,0.562,-2
2020-02-28 06-04-18,18,16,0,0,0,0,0,0,0,0,-2.0462,0.562,-2.062
2020-02-28 06-05-19,18,16,0,0,0,0,0,0,0,0,-2.0462,0.562,-2
2020-02-28 06-06-19,18,16,0,0,0,0,0,0,0,0,-2.0462,0.562,-2
2020-02-28 06-07-18,18,16,0,0,0,0,0,0,0,0,-2.0462,0.562,-2
2020-02-28 06-08-18,18,16,0,0,0,0,0,0,0,0,-2.0462,0.625,-2
2020-02-28 06-09-18,18,16,0,0,0,0,0,0,0,0,-2.0462,0.625,-1.937
2020-02-28 06-10-18,18,16,0,0,0,0,0,0,0,0,-2.0462,0.625,-2
2020-02-28 06-11-19,18,16,0,0,0,0,0,0,0,0,-2.0462,0.625,-2
2020-02-28 06-12-19,18,16,0,0,0,0,0,0,0,0,-2.0462,0.687,-2
2020-02-28 06-13-18,18,16,0,0,0,0,0,0,0,0,-2.0462,0.625,-2
2020-02-28 06-14-18,18,16,0,0,0,0,0,0,0,0,-2.0462,0.625,-2
2020-02-28 06-15-18,18,16,0,0,0,0,0,0,0,0,-2.0462,0.625,-2
2020-02-28 06-16-18,18,16,0,0,0,0,0,0,0,0,-2.0462,0.687,-2
2020-02-28 06-17-19,18,16,0,0,0,0,0,0,0,0,-2.0462,0.625,-1.937
2020-02-28 06-18-19,18,16,0,0,0,0,0,0,0,0,-2.0462,0.687,-1.937
2020-02-28 06-19-19,18,16,0,0,0,0,0,0,0,0,-2.0462,0.687,-1.875
2020-02-28 06-20-18,18,16,0,0,0,0,0,0,0,0,-2.0462,0.75,-1.875
2020-02-28 06-21-18,18,16,0,0,0,0,0,0,0,0,-2.0462,0.75,-1.875
2020-02-28 06-22-18,18,16,0,0,0,0,0,0,0,0,-2.0462,0.812,-1.875
2020-02-28 06-23-18,18,16,0,0,0,0,0,0,0,0,-2.0462,0.812,-1.875
2020-02-28 06-24-19,18,16,0,0,0,0,0,0,0,0,-2.0462,0.875,-1.812
2020-02-28 06-28-18,18,16,0,0,0,0,0,0,0,0,-2.0462,1,-1.812
2020-02-28 06-29-18,18,16,0,0,0,0,0,0,0,0,-2.0462,1.062,-1.812
2020-02-28 06-30-19,18,16,0,0,0,0,0,0,0,0,-2.0462,1.062,-1.812
2020-02-28 06-31-19,18,16,0,0,0,0,0,0,0,0,-2.0462,1.125,-1.75
2020-02-28 06-32-18,18,16,0,0,0,0,0,0,0,0,-2.0462,1.187,-1.75
2020-02-28 06-33-19,18,16,0,0,0,0,0,0,0,0,-2.0462,1.187,-1.75
2020-02-28 06-34-19,18,16,0,0,0,0,0,0,0,0,-2.0462,1.25,-1.75
2020-02-28 06-35-19,18,16,0,0,0,0,0,0,0,0,-2.0462,1.312,-1.687
2020-02-28 06-36-18,18,16,0,0,0,0,0,0,0,0,-2.0462,1.312,-1.687
2020-02-28 06-37-18,18,16,0,0,0,0,0,0,0,0,-2.0462,1.312,-1.687
2020-02-28 06-38-18,18,16,0,0,0,0,0,0,0,0,-2.0462,1.375,-1.687
2020-02-28 06-39-18,18,16,0,0,0,0,0,0,0,0,-2.0462,1.437,-1.687
2020-02-28 06-40-19,18,16,0,0,0,0,0,0,0,0,-2.0462,1.5,-1.625
2020-02-28 06-42-18,18,16,0,0,0,0,0,0,0,0,-2.0462,1.5,-1.625
2020-02-28 06-43-18,18,16,0,0,0,0,0,0,0,0,-2.0462,1.562,-1.625
2020-02-28 06-44-18,18,16,0,0,0,0,0,0,0,0,-2.0462,1.562,-1.625
2020-02-28 06-45-18,18,16,0,0,0,0,0,0,0,0,-2.0462,1.562,-1.625
2020-02-28 06-46-19,18,16,0,0,0,0,0,0,0,0,-2.0462,1.625,-1.625
2020-02-28 06-47-19,18,16,0,0,0,0,0,0,0,0,-2.0462,1.625,-1.625
2020-02-28 06-48-18,18,16,0,0,0,0,0,0,0,0,-2.0462,1.625,-1.625
2020-02-28 06-49-20,18,16,0,0,0,0,0,0,0,0,-2.0462,1.625,-1.625
2020-02-28 06-50-18,18,16,0,0,0,0,0,0,0,0,-2.0462,1.687,-1.625
2020-02-28 06-51-18,18,16,0,0,0,0,0,0,0,0,-2.0462,1.687,-1.625
2020-02-28 06-53-19,18,16,0,0,0,0,0,0,0,0,-2.0462,1.75,-1.625
2020-02-28 06-54-19,18,16,0,0,0,0,0,0,0,0,-2.0462,1.75,-1.625
2020-02-28 06-55-18,18,16,0,0,0,0,0,0,0,0,-2.0462,1.75,-1.562
2020-02-28 06-56-18,18,16,0,0,0,0,0,0,0,0,-2.0462,1.812,-1.562
2020-02-28 06-57-18,18,16,0,0,0,0,0,0,0,0,-2.0462,1.812,-1.562
2020-02-28 06-58-18,18,16,0,0,0,0,0,0,0,0,-2.0462,1.812,-1.562
2020-02-28 07-00-18,18,16,0,0,0,0,0,0,0,0,-2.0462,1.875,-1.562
2020-02-28 07-01-19,18,16,0,0,0,0,0,0,0,0,-2.0462,1.875,-1.5
2020-02-28 07-02-18,18,16,0,0,0,0,0,0,0,0,-2.0462,1.875,-1.5
2020-02-28 07-03-18,18,16,0,0,0,0,0,0,0,0,-2.0462,1.875,-1.5
2020-02-28 07-04-18,18,16,0,0,0,0,0,0,0,0,-2.0462,1.937,-1.5
2020-02-28 07-05-18,18,16,0,0,0,0,0,0,0,0,-2.0462,1.937,-1.5
2020-02-28 07-06-18,18,16,0,0,0,0,0,0,0,0,-2.0462,1.937,-1.5
2020-02-28 07-07-18,18,16,0,0,0,0,0,0,0,0,-2.0462,2,-1.437
2020-02-28 07-08-18,18,16,0,0,0,0,0,0,0,0,-2.0462,2,-1.437
2020-02-28 07-09-18,18,16,0,0,0,0,0,0,0,0,-2.0462,2,-1.437
2020-02-28 07-10-19,18,16,0,0,0,0,0,0,0,0,-2.0462,2,-1.375
2020-02-28 07-11-19,18,16,0,0,0,0,0,0,0,0,-2.0462,2,-1.375
2020-02-28 07-12-18,18,16,0,0,0,0,0,0,0,0,-2.0462,2,-1.375
2020-02-28 07-13-18,18,16,0,0,0,0,0,0,0,0,-2.0462,2,-1.375
2020-02-28 07-14-18,18,16,0,0,0,0,0,0,0,0,-2.0462,2.062,-1.312
2020-02-28 07-15-18,18,16,0,0,0,0,0,0,0,0,-2.0462,2.062,-1.312
2020-02-28 07-16-18,18,16,0,0,0,0,0,0,0,0,-2.0462,2.062,-1.375
2020-02-28 07-17-19,18,16,0,0,0,0,0,0,0,0,-2.0462,2.062,-1.375
2020-02-28 07-18-19,18,16,0,0,0,0,0,0,0,0,-2.0462,2.062,-1.375
2020-02-28 07-19-18,18,16,0,0,0,0,0,0,0,0,-2.0462,2.062,-1.375
2020-02-28 07-20-18,18,16,0,0,0,0,0,0,0,0,-2.0462,2.062,-1.312
2020-02-28 07-21-18,18,16,0,0,0,0,0,0,0,0,-2.0462,2.062,-1.312
2020-02-28 07-22-19,18,16,0,0,0,0,0,0,0,0,-2.0462,2.062,-1.312
2020-02-28 07-23-19,18,16,0,0,0,0,0,0,0,0,-2.0462,2,-1.375
2020-02-28 07-24-18,18,16,0,0,0,0,0,0,0,0,-2.0462,2,-1.375
2020-02-28 07-25-18,18,16,0,0,0,0,0,0,0,0,-2.0462,1.937,-1.375
2020-02-28 07-26-18,18,16,0,0,0,0,0,0,0,0,-2.0462,1.812,-1.312
2020-02-28 07-27-18,18,16,0,0,0,0,0,0,0,0,-2.0462,1.812,-1.25
2020-02-28 07-28-19,18,16,0,0,0,0,0,0,0,0,-2.0462,1.812,-1.312
2020-02-28 07-29-19,18,16,0,0,0,0,0,0,0,0,-2.0462,1.812,-1.187
2020-02-28 07-30-19,18,16,0,0,0,0,0,0,0,0,-2.0462,1.812,-1.187
2020-02-28 07-31-18,18,16,0,0,0,0,0,0,0,0,-2.0462,1.812,-1.25
2020-02-28 07-32-18,18,16,0,0,0,0,0,0,0,0,-2.0462,1.812,-1.25
2020-02-28 07-33-18,18,16,0,0,0,0,0,0,0,0,-2.0462,1.75,-1.25
2020-02-28 07-35-19,18,16,0,0,0,0,0,0,0,0,-2.0462,1.625,-1.375
2020-02-28 07-36-18,18,16,0,0,0,0,0,0,0,0,-2.0462,1.562,-1.312
2020-02-28 07-37-18,18,16,0,0,0,0,0,0,0,0,-2.0462,1.5,-1.375
2020-02-28 07-38-18,18,16,0,0,0,0,0,0,0,0,-2.0462,1.5,-1.375
2020-02-28 07-39-18,18,16,0,0,0,0,0,0,0,0,-2.0462,1.437,-1.375
2020-02-28 07-40-19,18,16,0,0,0,0,0,0,0,0,-2.0462,1.437,-1.375
2020-02-28 07-41-19,18,16,0,0,0,0,0,0,0,0,-2.0462,1.437,-1.375
2020-02-28 07-42-19,18,16,0,0,0,0,0,0,0,0,-2.0462,1.437,-1.375
2020-02-28 07-43-18,18,16,0,0,0,0,0,0,0,0,-2.0462,1.375,-1.312
2020-02-28 07-44-18,18,16,0,0,0,0,0,0,0,0,-2.0462,1.375,-1.312
2020-02-28 07-45-18,18,16,0,0,0,0,0,0,0,0,-2.0462,1.375,-1.312
2020-02-28 07-46-19,18,16,0,0,0,0,0,0,0,0,-2.0462,1.375,-1.25
2020-02-28 07-47-19,18,16,0,0,0,0,0,0,0,0,-2.0462,1.375,-1.312
2020-02-28 07-48-18,18,16,0,0,0,0,0,0,0,0,-2.0462,1.312,-1.25
2020-02-28 07-49-18,18,16,0,0,0,0,0,0,0,0,-2.0462,1.25,-1.187
2020-02-28 07-50-18,18,16,0,0,0,0,0,0,0,0,-2.0462,1.125,-1.187
2020-02-28 07-51-18,18,16,0,0,0,0,0,0,0,0,-2.0462,1.062,-1.187
2020-02-28 07-53-19,18,16,0,0,0,0,0,0,0,0,-2.0462,1,-1.187
2020-02-28 07-54-18,18,16,0,0,0,0,0,0,0,0,-2.0462,0.812,-1.187
2020-02-28 07-55-18,18,16,0,0,0,0,0,0,0,0,-2.0462,0.75,-1.125
2020-02-28 07-56-18,18,16,0,0,0,0,0,0,0,0,-2.0462,0.687,-1.125
2020-02-28 07-57-18,18,16,0,0,0,0,0,0,0,0,-2.0462,0.625,-1.125
2020-02-28 07-59-19,18,16,0,0,0,0,0,0,0,0,-2.0462,0.562,-1.062
2020-02-28 08-00-19,18,16,0,0,0,0,0,0,0,0,-2.0462,0.562,-1.062
2020-02-28 08-01-19,18,16,0,0,0,0,0,0,0,0,-2.0462,0.562,-1.062
2020-02-28 08-02-18,18,16,0,0,0,0,0,0,0,0,-2.0462,0.562,-1.062
2020-02-28 08-03-18,18,16,0,0,0,0,0,0,0,0,-2.0462,0.5,-1.062
2020-02-28 08-04-18,18,16,0,0,0,0,0,0,0,0,-2.0462,0.5,-1.062
2020-02-28 08-05-19,18,16,0,0,0,0,0,0,0,0,-2.0462,0.5,-1.062
2020-02-28 08-06-19,18,16,0,0,0,0,0,0,0,0,-2.0462,0.5,-1.062
2020-02-28 08-07-18,18,16,0,0,0,0,0,0,0,0,-2.0462,0.5,-1.062
2020-02-28 08-08-18,18,16,0,0,0,0,0,0,0,0,-2.0462,0.5,-1
2020-02-28 08-09-18,18,16,0,0,0,0,0,0,0,0,-2.0462,0.5,-1
2020-02-28 08-10-17,18,16,0,0,0,0,0,0,0,0,-2.0462,0.5,-1
2020-02-28 08-11-19,18,16,0,0,0,0,0,0,0,0,-2.0462,0.437,-1
2020-02-28 08-12-19,18,16,0,0,0,0,0,0,0,0,-2.0462,0.437,-1
2020-02-28 08-13-18,18,16,0,0,0,0,0,0,0,0,-2.0462,0.5,-0.937
2020-02-28 08-14-18,18,16,0,0,0,0,0,0,0,0,-2.0462,0.437,-0.937
2020-02-28 08-15-18,18,16,0,0,0,0,0,0,0,0,-2.0462,0.5,-0.937
2020-02-28 08-16-18,18,16,0,0,0,0,0,0,0,0,-2.0462,0.5,-0.937
2020-02-28 08-17-19,18,16,0,0,0,0,0,0,0,0,-2.0462,0.437,-1
2020-02-28 08-18-19,18,16,0,0,0,0,0,0,0,0,-2.0462,0.437,-1
2020-02-28 08-19-19,18,16,0,0,0,0,0,0,0,0,-2.0462,0.437,-0.937
2020-02-28 08-20-18,18,16,0,0,0,0,0,0,0,0,-2.0462,0.437,-0.937
2020-02-28 08-22-18,18,16,0,0,0,0,0,0,0,0,-2.0462,0.437,-1
2020-02-28 08-23-18,18,16,0,0,0,0,0,0,0,0,-2.0462,0.437,-1
2020-02-28 08-24-19,18,16,0,0,0,0,0,0,0,0,-2.0462,0.437,-1
2020-02-28 08-25-19,18,16,0,0,0,0,0,0,0,0,-2.0462,0.5,-0.937
2020-02-28 08-26-18,18,16,0,0,0,0,0,0,0,0,-2.0462,0.5,-1
2020-02-28 08-27-18,18,16,0,0,0,0,0,0,0,0,-2.0462,0.437,-1
2020-02-28 08-28-18,18,16,0,0,0,0,0,0,0,0,-2.0462,0.437,-1
2020-02-28 08-29-18,18,16,0,0,0,0,0,0,0,0,-2.0462,0.437,-1
2020-02-28 08-30-19,18,16,0,0,0,0,0,0,0,0,-2.0462,0.437,-1
2020-02-28 08-31-19,18,16,0,0,0,0,0,0,0,0,-2.0462,0.437,-1
2020-02-28 08-32-18,18,16,0,0,0,0,0,0,0,0,-2.0462,0.437,-1
2020-02-28 08-33-18,18,16,0,0,0,0,0,0,0,0,-2.0462,0.437,-1
2020-02-28 08-34-18,18,16,0,0,0,0,0,0,0,0,-2.0462,0.375,-1
2020-02-28 08-35-18,18,16,0,0,0,0,0,0,0,0,-2.0462,0.437,-1
2020-02-28 08-37-19,18,16,0,0,0,0,0,0,0,0,-2.0462,0.375,-0.937
2020-02-28 08-38-19,18,16,0,0,0,0,0,0,0,0,-2.0462,0.375,-0.937
2020-02-28 08-39-18,18,16,0,0,0,0,0,0,0,0,-2.0462,0.437,-0.937
2020-02-28 08-40-18,18,16,0,0,0,0,0,0,0,0,-2.0462,0.437,-0.875
2020-02-28 08-41-18,18,16,0,0,0,0,0,0,0,0,-2.0462,0.437,-0.875
2020-02-28 08-42-18,18,16,0,0,0,0,0,0,0,0,-2.0462,0.437,-0.812
2020-02-28 08-43-19,18,16,0,0,0,0,0,0,0,0,-2.0462,0.5,-0.812
2020-02-28 08-44-19,18,16,0,0,0,0,0,0,0,0,-2.0462,0.5,-0.75
2020-02-28 08-46-18,18,16,0,0,0,0,0,0,0,0,-2.0462,0.5,-0.75
2020-02-28 08-47-18,18,16,0,0,0,0,0,0,0,0,-2.0462,0.5,-0.75
2020-02-28 08-48-18,18,16,0,0,0,0,0,0,0,0,-2.0462,0.5,-0.75
2020-02-28 08-49-18,18,16,0,0,0,0,0,0,0,0,-2.0462,0.562,-0.75
2020-02-28 08-50-19,18,16,0,0,0,0,0,0,0,0,-2.0462,0.5,-0.687
2020-02-28 08-52-18,18,16,0,0,0,0,0,0,0,0,-2.0462,0.562,-0.687
2020-02-28 08-53-18,18,16,0,0,0,0,0,0,0,0,-2.0462,0.562,-0.687
2020-02-28 08-54-18,18,16,0,0,0,0,0,0,0,0,-2.0462,0.562,-0.687
2020-02-28 08-56-19,18,16,0,0,0,0,0,0,0,0,-2.0462,0.562,-0.625
2020-02-28 08-57-19,18,16,0,0,0,0,0,0,0,0,-2.0462,0.625,-0.625
2020-02-28 08-58-18,18,16,0,0,0,0,0,0,0,0,-2.0462,0.625,-0.625
2020-02-28 08-59-18,18,16,0,0,0,0,0,0,0,0,-2.0462,0.625,-0.625
2020-02-28 09-00-18,18,16,0,0,0,0,0,0,0,0,-2.0462,0.687,-0.562
2020-02-28 09-01-18,18,16,0,0,0,0,0,0,0,0,-2.0462,0.687,-0.562
2020-02-28 09-02-19,18,16,0,0,0,0,0,0,0,0,-2.0462,0.687,-0.562
2020-02-28 09-03-18,18,16,0,0,0,0,0,0,0,0,-2.0462,0.687,-0.562
2020-02-28 09-04-18,18,16,0,0,0,0,0,0,0,0,-2.0462,0.687,-0.562
2020-02-28 09-05-18,18,16,0,0,0,0,0,0,0,0,-2.0462,0.75,-0.5
2020-02-28 09-06-18,18,16,0,0,0,0,0,0,0,0,-2.0462,0.75,-0.5
2020-02-28 09-07-19,18,16,0,0,0,0,0,0,0,0,-2.0462,0.812,-0.5
2020-02-28 09-08-19,18,16,0,0,0,0,0,0,0,0,-2.0462,0.812,-0.5
2020-02-28 09-09-19,18,16,0,0,0,0,0,0,0,0,-2.0462,0.812,-0.5
2020-02-28 09-10-17,18,16,0,0,0,0,0,0,0,0,-2.0462,0.812,-0.5
2020-02-28 09-11-18,18,16,0,0,0,0,0,0,0,0,-2.0462,0.875,-0.5
2020-02-28 09-12-18,18,16,0,0,0,0,0,0,0,0,-2.0462,0.875,-0.5
2020-02-28 09-13-18,18,16,0,0,0,0,0,0,0,0,-2.0462,0.875,-0.5
2020-02-28 09-14-19,18,16,0,0,0,0,0,0,0,0,-2.0462,0.875,-0.5
2020-02-28 09-15-19,18,16,0,0,0,0,0,0,0,0,-2.0462,0.875,-0.562
2020-02-28 09-16-18,18,16,0,0,0,0,0,0,0,0,-2.0462,0.875,-0.5
2020-02-28 09-17-18,18,16,0,0,0,0,0,0,0,0,-2.0462,0.937,-0.5
2020-02-28 09-18-18,18,16,0,0,0,0,0,0,0,0,-2.0462,0.937,-0.5
2020-02-28 09-19-18,18,16,0,0,0,0,0,0,0,0,-2.0462,1,-0.437
2020-02-28 09-21-19,18,16,0,0,0,0,0,0,0,0,-2.0462,0.937,-0.437
2020-02-28 09-22-18,18,16,0,0,0,0,0,0,0,0,-2.0462,1,-0.437
2020-02-28 09-23-18,18,16,0,0,0,0,0,0,0,0,-2.0462,1,-0.437
2020-02-28 09-24-18,18,16,0,0,0,0,0,0,0,0,-2.0462,1,-0.437
2020-02-28 09-26-19,18,16,0,0,0,0,0,0,0,0,-2.0462,1,-0.437
2020-02-28 09-27-19,18,16,0,0,0,0,0,0,0,0,-2.0462,1,-0.437
2020-02-28 09-28-18,18,16,0,0,0,0,0,0,0,0,-2.0462,1.062,-0.437
2020-02-28 09-29-18,18,16,0,0,0,0,0,0,0,0,-2.0462,1,-0.437
2020-02-28 09-30-18,18,16,0,0,0,0,0,0,0,0,-2.0462,1,-0.437
2020-02-28 09-33-19,18,16,0,0,0,0,0,0,0,0,-2.0462,1,-0.437
2020-02-28 10-49-25,18,16,0,0,0,0,0,0,0,0,-2.0462,2,0.375
2020-02-28 10-51-18,18,16,0,0,0,0,0,0,0,0,-2.0462,2.125,0.375
2020-02-28 10-52-18,18,16,0,0,0,0,0,0,0,0,-2.0462,2.187,0.375
2020-02-28 10-53-18,18,16,0,0,0,0,0,0,0,0,-2.0462,2.25,0.375
2020-02-28 10-54-18,18,16,0,0,0,0,0,0,0,0,-2.0462,2.25,0.375
2020-02-28 10-55-19,18,16,0,0,0,0,0,0,0,0,-2.0462,2.312,0.375
2020-02-28 10-56-19,18,16,0,0,0,0,0,0,0,0,-2.0462,2.312,0.375
2020-02-28 10-57-18,18,16,0,0,0,0,0,0,0,0,-2.0462,2.312,0.375
2020-02-28 10-58-18,18,16,0,0,0,0,0,0,0,0,-2.0462,2.312,0.375
2020-02-28 10-59-18,18,16,0,0,0,0,0,0,0,0,-2.0462,2.312,0.437
2020-02-28 11-01-18,18,16,0,0,0,0,0,0,0,0,-2.0462,2.375,0.375
2020-02-28 11-02-18,18,16,0,0,0,0,0,0,0,0,-2.0462,2.437,0.312
2020-02-28 11-03-18,18,16,0,0,0,0,0,0,0,0,-2.0462,2.5,0.187
2020-02-28 11-04-18,18,16,0,0,0,0,0,0,0,0,-2.0462,2.5,0.125
2020-02-28 11-05-19,18,16,0,0,0,0,0,0,0,0,-2.0462,2.437,0
2020-02-28 11-06-19,18,16,0,0,0,0,0,0,0,0,-2.0462,2.437,-0.062
2020-02-28 11-07-19,18,16,0,0,0,0,0,0,0,0,-2.0462,2.437,-0.187
2020-02-28 11-08-19,18,16,0,0,0,0,0,0,0,0,-2.0462,2.312,-0.187
2020-02-28 11-09-18,18,16,0,0,0,0,0,0,0,0,-2.0462,2.312,-0.312
2020-02-28 11-10-18,18,16,0,0,0,0,0,0,0,0,-2.0462,2.25,-0.312
2020-02-28 11-11-18,18,16,0,0,0,0,0,0,0,0,-2.0462,2.187,-0.375
2020-02-28 11-12-18,18,16,0,0,0,0,0,0,0,0,-2.0462,2.125,-0.437
2020-02-28 11-13-18,18,16,0,0,0,0,0,0,0,0,-2.0462,2.062,-0.437
2020-02-28 11-15-19,18,16,0,0,0,0,0,0,0,0,-2.0462,2,-0.5
2020-02-28 11-16-19,18,16,0,0,0,0,0,0,0,0,-2.0462,1.937,-0.5
2020-02-28 11-17-18,18,16,0,0,0,0,0,0,0,0,-2.0462,1.875,-0.5
2020-02-28 11-18-18,18,16,0,0,0,0,0,0,0,0,-2.0462,1.812,-0.5
2020-02-28 11-19-17,18,16,0,0,0,0,0,0,0,0,-2.0462,1.812,-0.5
2020-02-28 11-20-20,18,16,0,0,0,0,0,0,0,0,-2.0462,1.812,-0.437
2020-02-28 11-21-19,18,16,0,0,0,0,0,0,0,0,-2.0462,1.875,-0.375
2020-02-28 11-22-19,18,16,0,0,0,0,0,0,0,0,-2.0462,1.937,-0.375
2020-02-28 11-23-19,18,16,0,0,0,0,0,0,0,0,-2.0462,2,-0.312
2020-02-28 11-24-18,18,16,0,0,0,0,0,0,0,0,-2.0462,2.062,-0.312
2020-02-28 11-25-18,18,16,0,0,0,0,0,0,0,0,-2.0462,2.062,-0.25
2020-02-28 11-26-18,18,16,0,0,0,0,0,0,0,0,-2.0462,2.125,-0.187
2020-02-28 11-27-18,18,16,0,0,0,0,0,0,0,0,-2.0462,2.125,-0.187
2020-02-28 11-28-18,18,16,0,0,0,0,0,0,0,0,-2.0462,2.187,-0.062
2020-02-28 11-29-19,18,16,0,0,0,0,0,0,0,0,-2.0462,2.187,0
2020-02-28 11-30-19,18,16,0,0,0,0,0,0,0,0,-2.0462,2.25,0.062
2020-02-28 11-31-18,18,16,0,0,0,0,0,0,0,0,-2.0462,2.312,0.125
2020-02-28 11-32-18,18,16,0,0,0,0,0,0,0,0,-2.0462,2.437,0.187
2020-02-28 11-33-18,18,16,0,0,0,0,0,0,0,0,-2.0462,2.5,0.25
2020-02-28 11-34-18,18,16,0,0,0,0,0,0,0,0,-2.0462,2.5,0.312
2020-02-28 11-35-18,18,16,0,0,0,0,0,0,0,0,-2.0462,2.5,0.375
2020-02-28 11-36-18,18,16,0,0,0,0,0,0,0,0,-2.0462,2.437,0.437
2020-02-28 11-37-19,18,16,0,0,0,0,0,0,0,0,-2.0462,2.5,0.437
2020-02-28 11-38-19,18,16,0,0,0,0,0,0,0,0,-2.0462,2.5,0.437
2020-02-28 11-39-19,18,16,0,0,0,0,0,0,0,0,-2.0462,2.5,0.5
2020-02-28 11-40-18,18,16,0,0,0,0,0,0,0,0,-2.0462,2.5,0.437
2020-02-28 11-41-18,18,16,0,0,0,0,0,0,0,0,-2.0462,2.5,0.5
2020-02-28 11-42-18,18,16,0,0,0,0,0,0,0,0,-2.0462,2.437,0.5
2020-02-28 11-43-18,18,16,0,0,0,0,0,0,0,0,-2.0462,2.437,0.437
2020-02-28 11-44-18,18,16,0,0,0,0,0,0,0,0,-2.0462,2.437,0.437
2020-02-28 11-45-19,18,16,0,0,0,0,0,0,0,0,-2.0462,2.437,0.437
2020-02-28 11-46-19,18,16,0,0,0,0,0,0,0,0,-2.0462,2.437,0.5
2020-02-28 11-47-19,18,16,0,0,0,0,0,0,0,0,-2.0462,2.437,0.437
2020-02-28 11-48-18,18,16,0,0,0,0,0,0,0,0,-2.0462,2.375,0.437
2020-02-28 11-49-17,18,16,0,0,0,0,0,0,0,0,-2.0462,2.375,0.437
2020-02-28 11-50-18,18,16,0,0,0,0,0,0,0,0,-2.0462,2.312,0.437
2020-02-28 11-51-18,18,16,0,0,0,0,0,0,0,0,-2.0462,2.312,0.437
2020-02-28 11-52-18,18,16,0,0,0,0,0,0,0,0,-2.0462,2.312,0.437
2020-02-28 11-53-19,18,16,0,0,0,0,0,0,0,0,-2.0462,2.312,0.437
2020-02-28 11-54-19,18,16,0,0,0,0,0,0,0,0,-2.0462,2.25,0.437
2020-02-28 11-55-19,18,16,0,0,0,0,0,0,0,0,-2.0462,2.25,0.437
2020-02-28 11-56-18,18,16,0,0,0,0,0,0,0,0,-2.0462,2.25,0.5
2020-02-28 11-57-18,18,16,0,0,0,0,0,0,0,0,-2.0462,2.25,0.5
2020-02-28 11-58-18,18,16,0,0,0,0,0,0,0,0,-2.0462,2.25,0.5
2020-02-28 11-59-18,18,16,0,0,0,0,0,0,0,0,-2.0462,2.25,0.5
2020-02-28 12-00-18,18,16,0,0,0,0,0,0,0,0,-2.0462,2.187,0.562
2020-02-28 12-01-19,18,16,0,0,0,0,0,0,0,0,-2.0462,2.187,0.562
2020-02-28 12-02-19,18,16,0,0,0,0,0,0,0,0,-2.0462,2.25,0.625
2020-02-28 12-03-18,18,16,0,0,0,0,0,0,0,0,-2.0462,2.25,0.625
2020-02-28 12-04-18,18,16,0,0,0,0,0,0,0,0,-2.0462,2.25,0.625
2020-02-28 12-05-18,18,16,0,0,0,0,0,0,0,0,-2.0462,2.312,0.687
2020-02-28 12-06-18,18,16,0,0,0,0,0,0,0,0,-2.0462,2.375,0.687
2020-02-28 12-07-18,18,16,0,0,0,0,0,0,0,0,-2.0462,2.375,0.687
2020-02-28 12-08-19,18,16,0,0,0,0,0,0,0,0,-2.0462,2.375,0.75
2020-02-28 12-09-19,18,16,0,0,0,0,0,0,0,0,-2.0462,2.437,0.812
2020-02-28 12-10-19,18,16,0,0,0,0,0,0,0,0,-2.0462,2.5,0.875
2020-02-28 12-11-18,18,16,0,0,0,0,0,0,0,0,-2.0462,2.562,0.937
2020-02-28 12-12-18,18,16,0,0,0,0,0,0,0,0,-2.0462,2.562,0.937
2020-02-28 12-13-18,18,16,0,0,0,0,0,0,0,0,-2.0462,2.625,1
2020-02-28 12-14-18,18,16,0,0,0,0,0,0,0,0,-2.0462,2.687,1
2020-02-28 12-15-19,18,16,0,0,0,0,0,0,0,0,-2.0462,2.75,0.937
2020-02-28 12-16-19,18,16,0,0,0,0,0,0,0,0,-2.0462,2.75,0.937
2020-02-28 12-17-19,18,16,0,0,0,0,0,0,0,0,-2.0462,2.75,0.875
2020-02-28 12-18-18,18,16,0,0,0,0,0,0,0,0,-2.0462,2.812,0.812
2020-02-28 12-19-18,18,16,0,0,0,0,0,0,0,0,-2.0462,2.75,0.812
2020-02-28 12-21-18,18,16,0,0,0,0,0,0,0,0,-2.0462,2.812,0.687
2020-02-28 12-22-18,18,16,0,0,0,0,0,0,0,0,-2.0462,2.812,0.625
2020-02-28 12-23-19,18,16,0,0,0,0,0,0,0,0,-2.0462,2.812,0.562
2020-02-28 12-24-19,18,16,0,0,0,0,0,0,0,0,-2.0462,2.75,0.5
2020-02-28 12-25-18,18,16,0,0,0,0,0,0,0,0,-2.0462,2.75,0.5
2020-02-28 12-26-18,18,16,0,0,0,0,0,0,0,0,-2.0462,2.75,0.5
2020-02-28 12-27-18,18,16,0,0,0,0,0,0,0,0,-2.0462,2.75,0.625
2020-02-28 12-28-18,18,16,0,0,0,0,0,0,0,0,-2.0462,2.812,0.625
2020-02-28 12-29-17,18,16,0,0,0,0,0,0,0,0,-2.0462,2.875,0.625
2020-02-28 12-31-19,18,16,0,0,0,0,0,0,0,0,-2.0462,2.937,0.75
2020-02-28 12-32-19,18,16,0,0,0,0,0,0,0,0,-2.0462,2.937,0.812
2020-02-28 12-33-18,18,16,0,0,0,0,0,0,0,0,-2.0462,3,0.875
2020-02-28 12-34-18,18,16,0,0,0,0,0,0,0,0,-2.0462,3.062,0.937
2020-02-28 12-35-18,18,16,0,0,0,0,0,0,0,0,-2.0462,3.125,0.937
2020-02-28 12-36-18,18,16,0,0,0,0,0,0,0,0,-2.0462,3.062,0.875
2020-02-28 12-37-18,18,16,0,0,0,0,0,0,0,0,-2.0462,3.125,0.937
2020-02-28 12-38-19,18,16,0,0,0,0,0,0,0,0,-2.0462,3.125,0.875
2020-02-28 12-39-19,18,16,0,0,0,0,0,0,0,0,-2.0462,3.062,0.75
2020-02-28 12-40-19,18,16,0,0,0,0,0,0,0,0,-2.0462,3.062,0.75
2020-02-28 12-41-18,18,16,0,0,0,0,0,0,0,0,-2.0462,3.062,0.687
2020-02-28 12-42-18,18,16,0,0,0,0,0,0,0,0,-2.0462,3,0.625
2020-02-28 12-43-18,18,16,0,0,0,0,0,0,0,0,-2.0462,3,0.562
2020-02-28 12-44-18,18,16,0,0,0,0,0,0,0,0,-2.0462,2.937,0.5
2020-02-28 12-45-19,18,16,0,0,0,0,0,0,0,0,-2.0462,2.812,0.437
2020-02-28 12-46-19,18,16,0,0,0,0,0,0,0,0,-2.0462,2.75,0.375
2020-02-28 12-47-18,18,16,0,0,0,0,0,0,0,0,-2.0462,2.75,0.312
2020-02-28 12-48-18,18,16,0,0,0,0,0,0,0,0,-2.0462,2.687,0.312
2020-02-28 12-49-18,18,16,0,0,0,0,0,0,0,0,-2.0462,2.625,0.312
2020-02-28 12-50-18,18,16,0,0,0,0,0,0,0,0,-2.0462,2.625,0.312
2020-02-28 12-51-18,18,16,0,0,0,0,0,0,0,0,-2.0462,2.687,0.312
2020-02-28 12-52-18,18,16,0,0,0,0,0,0,0,0,-2.0462,2.687,0.375
2020-02-28 12-53-19,18,16,0,0,0,0,0,0,0,0,-2.0462,2.687,0.375
2020-02-28 12-54-19,18,16,0,0,0,0,0,0,0,0,-2.0462,2.625,0.375
2020-02-28 12-55-19,18,16,0,0,0,0,0,0,0,0,-2.0462,2.625,0.375
2020-02-28 12-56-18,18,16,0,0,0,0,0,0,0,0,-2.0462,2.625,0.375
2020-02-28 12-57-18,18,16,0,0,0,0,0,0,0,0,-2.0462,2.625,0.312
2020-02-28 12-58-18,18,16,0,0,0,0,0,0,0,0,-2.0462,2.562,0.312
2020-02-28 12-59-18,18,16,0,0,0,0,0,0,0,0,-2.0462,2.562,0.312
2020-02-28 13-01-19,18,16,0,0,0,0,0,0,0,0,-2.0462,2.562,0.437
2020-02-28 13-02-19,18,16,0,0,0,0,0,0,0,0,-2.0462,2.562,0.437
2020-02-28 13-03-18,18,16,0,0,0,0,0,0,0,0,-2.0462,2.625,0.562
2020-02-28 13-04-18,18,16,0,0,0,0,0,0,0,0,-2.0462,2.625,0.562
2020-02-28 13-05-18,18,16,0,0,0,0,0,0,0,0,-2.0462,2.687,0.562
2020-02-28 13-06-18,18,16,0,0,0,0,0,0,0,0,-2.0462,2.687,0.5
2020-02-28 13-07-18,18,16,0,0,0,0,0,0,0,0,-2.0462,2.687,0.5
2020-02-28 13-08-18,18,16,0,0,0,0,0,0,0,0,-2.0462,2.687,0.5
2020-02-28 13-09-19,18,16,0,0,0,0,0,0,0,0,-2.0462,2.75,0.5
2020-02-28 13-10-19,18,16,0,0,0,0,0,0,0,0,-2.0462,2.687,0.5
2020-02-28 13-11-18,18,16,0,0,0,0,0,0,0,0,-2.0462,2.687,0.5
2020-02-28 13-12-18,18,16,0,0,0,0,0,0,0,0,-2.0462,2.75,0.562
2020-02-28 13-13-18,18,16,0,0,0,0,0,0,0,0,-2.0462,2.75,0.625
2020-02-28 13-14-18,18,16,0,0,0,0,0,0,0,0,-2.0462,2.75,0.625
2020-02-28 13-15-18,18,16,0,0,0,0,0,0,0,0,-2.0462,2.75,0.562
2020-02-28 13-17-19,18,16,0,0,0,0,0,0,0,0,-2.0462,2.687,0.437
2020-02-28 13-18-19,18,16,0,0,0,0,0,0,0,0,-2.0462,2.687,0.375
2020-02-28 13-19-18,18,16,0,0,0,0,0,0,0,0,-2.0462,2.625,0.312
2020-02-28 13-20-18,18,16,0,0,0,0,0,0,0,0,-2.0462,2.625,0.312
2020-02-28 13-21-18,18,16,0,0,0,0,0,0,0,0,-2.0462,2.625,0.312
2020-02-28 13-22-18,18,16,0,0,0,0,0,0,0,0,-2.0462,2.562,0.25
2020-02-28 13-23-18,18,16,0,0,0,0,0,0,0,0,-2.0462,2.562,0.25
2020-02-28 13-24-19,18,16,0,0,0,0,0,0,0,0,-2.0462,2.5,0.312
2020-02-28 13-25-19,18,16,0,0,0,0,0,0,0,0,-2.0462,2.5,0.312
2020-02-28 13-26-18,18,16,0,0,0,0,0,0,0,0,-2.0462,2.625,0.5
2020-02-28 13-27-18,18,16,0,0,0,0,0,0,0,0,-2.0462,2.625,0.562
2020-02-28 13-28-18,18,16,0,0,0,0,0,0,0,0,-2.0462,2.75,0.625
2020-02-28 13-29-18,18,16,0,0,0,0,0,0,0,0,-2.0462,2.812,0.625
2020-02-28 13-30-19,18,16,0,0,0,0,0,0,0,0,-2.0462,2.875,0.687
2020-02-28 13-31-19,18,16,0,0,0,0,0,0,0,0,-2.0462,2.937,0.75
2020-02-28 13-32-18,18,16,0,0,0,0,0,0,0,0,-2.0462,3,0.75
2020-02-28 13-33-18,18,16,0,0,0,0,0,0,0,0,-2.0462,3,0.75
2020-02-28 13-34-18,18,16,0,0,0,0,0,0,0,0,-2.0462,3,0.75
2020-02-28 13-35-18,18,16,0,0,0,0,0,0,0,0,-2.0462,3.062,0.75
2020-02-28 13-36-18,18,16,0,0,0,0,0,0,0,0,-2.0462,3.062,0.75
2020-02-28 13-37-19,18,16,0,0,0,0,0,0,0,0,-2.0462,3.062,0.75
2020-02-28 13-38-19,18,16,0,0,0,0,0,0,0,0,-2.0462,3.062,0.75
2020-02-28 13-39-18,18,16,0,0,0,0,0,0,0,0,-2.0462,3.062,0.812
2020-02-28 13-40-18,18,16,0,0,0,0,0,0,0,0,-2.0462,3.062,0.812
2020-02-28 13-41-18,18,16,0,0,0,0,0,0,0,0,-2.0462,3,0.75
2020-02-28 13-42-18,18,16,0,0,0,0,0,0,0,0,-2.0462,3,0.812
2020-02-28 13-44-19,18,16,0,0,0,0,0,0,0,0,-2.0462,3,0.875
2020-02-28 13-45-19,18,16,0,0,0,0,0,0,0,0,-2.0462,3,0.812
2020-02-28 13-46-18,18,16,0,0,0,0,0,0,0,0,-2.0462,3,0.812
2020-02-28 13-47-18,18,16,0,0,0,0,0,0,0,0,-2.0462,3.062,0.812
2020-02-28 13-48-18,18,16,0,0,0,0,0,0,0,0,-2.0462,3,0.75
2020-02-28 13-49-18,18,16,0,0,0,0,0,0,0,0,-2.0462,2.937,0.687
2020-02-28 13-50-19,18,16,0,0,0,0,0,0,0,0,-2.0462,2.937,0.687
2020-02-28 13-51-19,18,16,0,0,0,0,0,0,0,0,-2.0462,2.875,0.625
2020-02-28 13-52-18,18,16,0,0,0,0,0,0,0,0,-2.0462,2.875,0.625
2020-02-28 13-53-18,18,16,0,0,0,0,0,0,0,0,-2.0462,2.875,0.562
2020-02-28 13-54-18,18,16,0,0,0,0,0,0,0,0,-2.0462,2.875,0.562
2020-02-28 13-55-19,18,16,0,0,0,0,0,0,0,0,-2.0462,2.875,0.625
2020-02-28 13-56-19,18,16,0,0,0,0,0,0,0,0,-2.0462,2.812,0.625
2020-02-28 13-57-19,18,16,0,0,0,0,0,0,0,0,-2.0462,2.875,0.687
2020-02-28 13-58-18,18,16,0,0,0,0,0,0,0,0,-2.0462,2.812,0.687
2020-02-28 13-59-18,18,16,0,0,0,0,0,0,0,0,-2.0462,2.812,0.687
2020-02-28 14-00-18,18,16,0,0,0,0,0,0,0,0,-2.0462,2.75,0.687
2020-02-28 14-01-18,18,16,0,0,0,0,0,0,0,0,-2.0462,2.687,0.687
2020-02-28 14-02-19,18,16,0,0,0,0,0,0,0,0,-2.0462,2.687,0.75
2020-02-28 14-03-19,18,16,0,0,0,0,0,0,0,0,-2.0462,2.75,0.75
2020-02-28 14-04-19,18,16,0,0,0,0,0,0,0,0,-2.0462,2.687,0.812
2020-02-28 14-05-18,18,16,0,0,0,0,0,0,0,0,-2.0462,2.75,0.812
2020-02-28 14-06-18,18,16,0,0,0,0,0,0,0,0,-2.0462,2.75,0.812
2020-02-28 14-07-18,18,16,0,0,0,0,0,0,0,0,-2.0462,2.75,0.812
2020-02-28 14-08-18,18,16,0,0,0,0,0,0,0,0,-2.0462,2.812,0.812
2020-02-28 14-09-19,18,16,0,0,0,0,0,0,0,0,-2.0462,2.875,0.75
2020-02-28 14-10-19,18,16,0,0,0,0,0,0,0,0,-2.0462,2.812,0.75
2020-02-28 14-11-18,18,16,0,0,0,0,0,0,0,0,-2.0462,2.75,0.75
2020-02-28 14-12-18,18,16,0,0,0,0,0,0,0,0,-2.0462,2.75,0.75
2020-02-28 14-13-18,18,16,0,0,0,0,0,0,0,0,-2.0462,2.812,0.75
2020-02-28 14-14-18,18,16,0,0,0,0,0,0,0,0,-2.0462,2.75,0.75
2020-02-28 14-15-18,18,16,0,0,0,0,0,0,0,0,-2.0462,2.75,0.75
2020-02-28 14-16-19,18,16,0,0,0,0,0,0,0,0,-2.0462,2.812,0.687
2020-02-28 14-17-18,18,16,0,0,0,0,0,0,0,0,-2.0462,2.75,0.625
2020-02-28 14-18-18,18,16,0,0,0,0,0,0,0,0,-2.0462,2.75,0.687
2020-02-28 14-19-18,18,16,0,0,0,0,0,0,0,0,-2.0462,2.75,0.687
2020-02-28 14-20-18,18,16,0,0,0,0,0,0,0,0,-2.0462,2.75,0.75
2020-02-28 14-21-19,18,16,0,0,0,0,0,0,0,0,-2.0462,2.812,0.812
2020-02-28 14-22-19,18,16,0,0,0,0,0,0,0,0,-2.0462,2.875,0.875
2020-02-28 14-23-19,18,16,0,0,0,0,0,0,0,0,-2.0462,2.875,0.937
2020-02-28 14-24-18,18,16,0,0,0,0,0,0,0,0,-2.0462,2.937,0.875
2020-02-28 14-25-18,18,16,0,0,0,0,0,0,0,0,-2.0462,2.937,0.875
2020-02-28 14-26-18,18,16,0,0,0,0,0,0,0,0,-2.0462,2.937,0.875
2020-02-28 14-27-18,18,16,0,0,0,0,0,0,0,0,-2.0462,3,0.812
2020-02-28 14-28-19,18,16,0,0,0,0,0,0,0,0,-2.0462,3,0.75
2020-02-28 14-29-19,18,16,0,0,0,0,0,0,0,0,-2.0462,2.937,0.687
2020-02-28 14-30-19,18,16,0,0,0,0,0,0,0,0,-2.0462,2.937,0.562
2020-02-28 14-31-18,18,16,0,0,0,0,0,0,0,0,-2.0462,2.875,0.562
2020-02-28 14-32-18,18,16,0,0,0,0,0,0,0,0,-2.0462,2.875,0.437
2020-02-28 14-33-18,18,16,0,0,0,0,0,0,0,0,-2.0462,2.812,0.375
2020-02-28 14-34-18,18,16,0,0,0,0,0,0,0,0,-2.0462,2.75,0.375
2020-02-28 14-35-19,18,16,0,0,0,0,0,0,0,0,-2.0462,2.625,0.25
2020-02-28 14-36-18,18,16,0,0,0,0,0,0,0,0,-2.0462,2.562,0.25
2020-02-28 14-37-18,18,16,0,0,0,0,0,0,0,0,-2.0462,2.562,0.25
2020-02-28 14-38-18,18,16,0,0,0,0,0,0,0,0,-2.0462,2.5,0.312
2020-02-28 14-39-18,18,16,0,0,0,0,0,0,0,0,-2.0462,2.5,0.312
2020-02-28 14-40-19,18,16,0,0,0,0,0,0,0,0,-2.0462,2.437,0.312
2020-02-28 14-41-19,18,16,0,0,0,0,0,0,0,0,-2.0462,2.437,0.375
2020-02-28 14-43-18,18,16,0,0,0,0,0,0,0,0,-2.0462,2.437,0.375
2020-02-28 14-44-18,18,16,0,0,0,0,0,0,0,0,-2.0462,2.437,0.375
2020-02-28 14-45-18,18,16,0,0,0,0,0,0,0,0,-2.0462,2.437,0.5
2020-02-28 14-46-18,18,16,0,0,0,0,0,0,0,0,-2.0462,2.437,0.437
2020-02-28 14-47-19,18,16,0,0,0,0,0,0,0,0,-2.0462,2.437,0.437
2020-02-28 14-48-19,18,16,0,0,0,0,0,0,0,0,-2.0462,2.437,0.5
2020-02-28 14-49-19,18,16,0,0,0,0,0,0,0,0,-2.0462,2.437,0.562
2020-02-28 14-50-18,18,16,0,0,0,0,0,0,0,0,-2.0462,2.437,0.625
2020-02-28 14-51-18,18,16,0,0,0,0,0,0,0,0,-2.0462,2.5,0.625
2020-02-28 14-52-18,18,16,0,0,0,0,0,0,0,0,-2.0462,2.5,0.625
2020-02-28 14-54-19,18,16,0,0,0,0,0,0,0,0,-2.0462,2.562,0.687
2020-02-28 14-55-19,18,16,0,0,0,0,0,0,0,0,-2.0462,2.562,0.75
2020-02-28 14-56-18,18,16,0,0,0,0,0,0,0,0,-2.0462,2.625,0.75
2020-02-28 14-57-18,18,16,0,0,0,0,0,0,0,0,-2.0462,2.625,0.687
2020-02-28 14-58-18,18,16,0,0,0,0,0,0,0,0,-2.0462,2.625,0.687
2020-02-28 14-59-18,18,16,0,0,0,0,0,0,0,0,-2.0462,2.625,0.625
2020-02-28 15-00-18,18,16,0,0,0,0,0,0,0,0,-2.0462,2.625,0.625
2020-02-28 15-01-18,18,16,0,0,0,0,0,0,0,0,-2.0462,2.625,0.687
2020-02-28 15-02-18,18,16,0,0,0,0,0,0,0,0,-2.0462,2.625,0.687
2020-02-28 15-03-18,18,16,0,0,0,0,0,0,0,0,-2.0462,2.625,0.75
2020-02-28 15-04-18,18,16,0,0,0,0,0,0,0,0,-2.0462,2.625,0.75
2020-02-28 15-05-18,18,16,0,0,0,0,0,0,0,0,-2.0462,2.625,0.75
2020-02-28 15-06-19,18,16,0,0,0,0,0,0,0,0,-2.0462,2.625,0.812
2020-02-28 15-07-19,18,16,0,0,0,0,0,0,0,0,-2.0462,2.625,0.812
2020-02-28 15-08-18,18,16,0,0,0,0,0,0,0,0,-2.0462,2.625,0.812
2020-02-28 15-09-18,18,16,0,0,0,0,0,0,0,0,-2.0462,2.687,0.812
2020-02-28 15-10-18,18,16,0,0,0,0,0,0,0,0,-2.0462,2.687,0.875
2020-02-28 15-11-18,18,16,0,0,0,0,0,0,0,0,-2.0462,2.687,0.875
2020-02-28 15-13-19,18,16,0,0,0,0,0,0,0,0,-2.0462,2.687,0.875
2020-02-28 15-14-19,18,16,0,0,0,0,0,0,0,0,-2.0462,2.687,0.875
2020-02-28 15-15-18,18,16,0,0,0,0,0,0,0,0,-2.0462,2.687,0.875
2020-02-28 15-16-18,18,16,0,0,0,0,0,0,0,0,-2.0462,2.687,0.937
2020-02-28 15-17-18,18,16,0,0,0,0,0,0,0,0,-2.0462,2.687,0.875
2020-02-28 15-18-18,18,16,0,0,0,0,0,0,0,0,-2.0462,2.687,0.875
2020-02-28 15-19-19,18,16,0,0,0,0,0,0,0,0,-2.0462,2.687,0.875
2020-02-28 15-20-19,18,16,0,0,0,0,0,0,0,0,-2.0462,2.75,0.937
2020-02-28 15-21-18,18,16,0,0,0,0,0,0,0,0,-2.0462,2.687,0.937
2020-02-28 15-22-18,18,16,0,0,0,0,0,0,0,0,-2.0462,2.687,0.937
2020-02-28 15-23-18,18,16,0,0,0,0,0,0,0,0,-2.0462,2.687,0.937
2020-02-28 15-24-18,18,16,0,0,0,0,0,0,0,0,-2.0462,2.625,0.937
2020-02-28 15-25-19,18,16,0,0,0,0,0,0,0,0,-2.0462,2.625,0.875
2020-02-28 15-26-19,18,16,0,0,0,0,0,0,0,0,-2.0462,2.625,0.875
2020-02-28 15-27-18,18,16,0,0,0,0,0,0,0,0,-2.0462,2.625,0.937
2020-02-28 15-28-18,18,16,0,0,0,0,0,0,0,0,-2.0462,2.625,0.875
2020-02-28 15-29-18,18,16,0,0,0,0,0,0,0,0,-2.0462,2.687,0.875
2020-02-28 15-30-18,18,16,0,0,0,0,0,0,0,0,-2.0462,2.562,0.75
2020-02-28 15-31-18,18,16,0,0,0,0,0,0,0,0,-2.0462,2.562,0.687
2020-02-28 15-32-19,18,16,0,0,0,0,0,0,0,0,-2.0462,2.5,0.687
2020-02-28 15-33-19,18,16,0,0,0,0,0,0,0,0,-2.0462,2.5,0.625
2020-02-28 15-34-18,18,16,0,0,0,0,0,0,0,0,-2.0462,2.437,0.625
2020-02-28 15-35-18,18,16,0,0,0,0,0,0,0,0,-2.0462,2.437,0.625
2020-02-28 15-36-18,18,16,0,0,0,0,0,0,0,0,-2.0462,2.437,0.625
2020-02-28 15-37-18,18,16,0,0,0,0,0,0,0,0,-2.0462,2.437,0.625
2020-02-28 15-38-19,18,16,0,0,0,0,0,0,0,0,-2.0462,2.437,0.687
2020-02-28 15-39-19,18,16,0,0,0,0,0,0,0,0,-2.0462,2.5,0.687
2020-02-28 15-40-19,18,16,0,0,0,0,0,0,0,0,-2.0462,2.5,0.75
2020-02-28 15-41-18,18,16,0,0,0,0,0,0,0,0,-2.0462,2.5,0.75
2020-02-28 15-42-18,18,16,0,0,0,0,0,0,0,0,-2.0462,2.562,0.812
2020-02-28 15-43-18,18,16,0,0,0,0,0,0,0,0,-2.0462,2.5,0.812
2020-02-28 15-45-19,18,16,0,0,0,0,0,0,0,0,-2.0462,2.5,0.875
2020-02-28 15-46-19,18,16,0,0,0,0,0,0,0,0,-2.0462,2.5,0.875
2020-02-28 15-47-18,18,16,0,0,0,0,0,0,0,0,-2.0462,2.562,0.937
2020-02-28 15-48-18,18,16,0,0,0,0,0,0,0,0,-2.0462,2.562,0.875
2020-02-28 15-49-18,18,16,0,0,0,0,0,0,0,0,-2.0462,2.562,0.937
2020-02-28 15-50-18,18,16,0,0,0,0,0,0,0,0,-2.0462,2.562,0.937
2020-02-28 15-51-19,18,16,0,0,0,0,0,0,0,0,-2.0462,2.562,0.937
2020-02-28 15-52-19,18,16,0,0,0,0,0,0,0,0,-2.0462,2.625,0.937
2020-02-28 15-53-18,18,16,0,0,0,0,0,0,0,0,-2.0462,2.562,0.937
2020-02-28 15-54-18,18,16,0,0,0,0,0,0,0,0,-2.0462,2.562,0.937
2020-02-28 15-55-17,18,16,0,0,0,0,0,0,0,0,-2.0462,2.562,0.937
2020-02-28 15-56-18,18,16,0,0,0,0,0,0,0,0,-2.0462,2.562,0.937
2020-02-28 15-57-19,18,16,0,0,0,0,0,0,0,0,-2.0462,2.562,0.937
2020-02-28 15-58-19,18,16,0,0,0,0,0,0,0,0,-2.0462,2.562,0.937
2020-02-28 15-59-19,18,16,0,0,0,0,0,0,0,0,-2.0462,2.562,0.937
2020-02-28 16-00-18,18,16,0,0,0,0,0,0,0,0,-2.0462,2.5,0.937
2020-02-28 16-01-19,18,16,0,0,0,0,0,0,0,0,-2.0462,2.5,0.937
2020-02-28 16-02-18,18,16,0,0,0,0,0,0,0,0,-2.0462,2.5,0.937
2020-02-28 16-03-18,18,16,0,0,0,0,0,0,0,0,-2.0462,2.5,0.937
2020-02-28 16-04-19,18,16,0,0,0,0,0,0,0,0,-2.0462,2.5,0.937
2020-02-28 16-05-19,18,16,0,0,0,0,0,0,0,0,-2.0462,2.5,0.937
2020-02-28 16-06-18,18,16,0,0,0,0,0,0,0,0,-2.0462,2.5,1
2020-02-28 16-07-18,18,16,0,0,0,0,0,0,0,0,-2.0462,2.5,1
2020-02-28 16-08-18,18,16,0,0,0,0,0,0,0,0,-2.0462,2.5,1
2020-02-28 16-09-18,18,16,0,0,0,0,0,0,0,0,-2.0462,2.562,1
2020-02-28 16-10-19,18,16,0,0,0,0,0,0,0,0,-2.0462,2.562,1
2020-02-28 16-11-19,18,16,0,0,0,0,0,0,0,0,-2.0462,2.562,1
2020-02-28 16-12-18,18,16,0,0,0,0,0,0,0,0,-2.0462,2.625,1
2020-02-28 16-13-18,18,16,0,0,0,0,0,0,0,0,-2.0462,2.625,1
2020-02-28 16-14-18,18,16,0,0,0,0,0,0,0,0,-2.0462,2.625,0.937
2020-02-28 16-15-17,18,16,0,0,0,0,0,0,0,0,-2.0462,2.625,0.937
2020-02-28 16-16-18,18,16,0,0,0,0,0,0,0,0,-2.0462,2.562,0.937
2020-02-28 16-17-19,18,16,0,0,0,0,0,0,0,0,-2.0462,2.625,0.937
2020-02-28 16-18-19,18,16,0,0,0,0,0,0,0,0,-2.0462,2.625,0.937
2020-02-28 16-19-18,18,16,0,0,0,0,0,0,0,0,-2.0462,2.625,0.937
2020-02-28 16-20-18,18,16,0,0,0,0,0,0,0,0,-2.0462,2.562,0.875
2020-02-28 16-21-18,18,16,0,0,0,0,0,0,0,0,-2.0462,2.562,0.875
2020-02-28 16-22-18,18,16,0,0,0,0,0,0,0,0,-2.0462,2.562,0.812
2020-02-28 16-23-19,18,16,0,0,0,0,0,0,0,0,-2.0462,2.562,0.812
2020-02-28 16-24-19,18,16,0,0,0,0,0,0,0,0,-2.0462,2.5,0.812
2020-02-28 16-25-18,18,16,0,0,0,0,0,0,0,0,-2.0462,2.5,0.812
2020-02-28 16-26-18,18,16,0,0,0,0,0,0,0,0,-2.0462,2.5,0.875
2020-02-28 16-27-18,18,16,0,0,0,0,0,0,0,0,-2.0462,2.562,0.937
2020-02-28 16-28-18,18,16,0,0,0,0,0,0,0,0,-2.0462,2.562,0.937
2020-02-28 16-29-18,18,16,0,0,0,0,0,0,0,0,-2.0462,2.562,1
2020-02-28 16-30-19,18,16,0,0,0,0,0,0,0,0,-2.0462,2.562,1
2020-02-28 16-31-19,18,16,0,0,0,0,0,0,0,0,-2.0462,2.562,1
2020-02-28 16-32-18,18,16,0,0,0,0,0,0,0,0,-2.0462,2.625,1
2020-02-28 16-33-18,18,16,0,0,0,0,0,0,0,0,-2.0462,2.625,1
2020-02-28 16-34-18,18,16,0,0,0,0,0,0,0,0,-2.0462,2.625,0.937
2020-02-28 16-36-19,18,16,0,0,0,0,0,0,0,0,-2.0462,2.625,0.937
2020-02-28 16-37-19,18,16,0,0,0,0,0,0,0,0,-2.0462,2.562,0.937
2020-02-28 16-38-18,18,16,0,0,0,0,0,0,0,0,-2.0462,2.562,1
2020-02-28 16-39-18,18,16,0,0,0,0,0,0,0,0,-2.0462,2.562,1
2020-02-28 16-40-17,18,16,0,0,0,0,0,0,0,0,-2.0462,2.562,0.937
2020-02-28 16-41-18,18,16,0,0,0,0,0,0,0,0,-2.0462,2.625,1
2020-02-28 16-42-19,18,16,0,0,0,0,0,0,0,0,-2.0462,2.562,0.937
2020-02-28 16-43-19,18,16,0,0,0,0,0,0,0,0,-2.0462,2.562,0.937
2020-02-28 16-44-19,18,16,0,0,0,0,0,0,0,0,-2.0462,2.562,0.937
2020-02-28 16-45-18,18,16,0,0,0,0,0,0,0,0,-2.0462,2.562,0.937
2020-02-28 16-46-18,18,16,0,0,0,0,0,0,0,0,-2.0462,2.562,0.937
2020-02-28 16-47-18,18,16,0,0,0,0,0,0,0,0,-2.0462,2.562,0.937
2020-02-28 16-48-18,18,16,0,0,0,0,0,0,0,0,-2.0462,2.562,0.937
2020-02-28 16-49-19,18,16,0,0,0,0,0,0,0,0,-2.0462,2.562,0.937
2020-02-28 16-50-19,18,16,0,0,0,0,0,0,0,0,-2.0462,2.562,1
2020-02-28 16-51-18,18,16,0,0,0,0,0,0,0,0,-2.0462,2.625,1
2020-02-28 16-52-18,18,16,0,0,0,0,0,0,0,0,-2.0462,2.625,1
2020-02-28 16-53-18,18,16,0,0,0,0,0,0,0,0,-2.0462,2.687,0.937
2020-02-28 16-54-18,18,16,0,0,0,0,0,0,0,0,-2.0462,2.687,0.937
2020-02-28 16-55-19,18,16,0,0,0,0,0,0,0,0,-2.0462,2.625,0.937
2020-02-28 16-56-19,18,16,0,0,0,0,0,0,0,0,-2.0462,2.562,0.937
2020-02-28 16-57-18,18,16,0,0,0,0,0,0,0,0,-2.0462,2.562,0.937
2020-02-28 16-58-18,18,16,0,0,0,0,0,0,0,0,-2.0462,2.562,0.937
2020-02-28 16-59-18,18,16,0,0,0,0,0,0,0,0,-2.0462,2.562,0.937
