time,TempPlant2,TempPlant4,TempPlant6,Air_temp_loc,Humedity,air_temp,Ambient_1
2020-02-12T06:05:00.0,5.67,4.81,5.15,5.54,106.5778854445,5.75,5
2020-02-12T06:06:00.0,5.37,5.01,5.33,5.55,106.5778854445,5.75,5.062
2020-02-12T06:07:00.0,5.71,5.01,5.41,5.7,106.47559351250001,5.75,5.062
2020-02-12T06:08:00.0,5.49,4.81,5.05,5.47,106.55231724800001,5.812,5.187
2020-02-12T06:09:00.0,6.07,4.33,5.45,5.94,106.7823161405,5.812,5.375
2020-02-12T06:10:00.0,5.95,5.07,5.27,5.84,106.37325052450001,5.875,5.5
2020-02-12T06:11:00.0,5.99,4.71,5.29,5.73,106.501171282,5.875,5.375
2020-02-12T06:12:00.0,5.95,4.93,5.01,5.76,106.47559351250001,5.875,5.437
2020-02-12T06:13:00.0,5.73,4.75,5.19,5.84,106.39884105800002,5.875,5.5
2020-02-12T06:14:00.0,5.29,4.93,5.45,5.84,106.37325052450001,5.875,5.562
2020-02-12T06:15:00.0,5.93,5.05,5.19,5.78,106.29645977800001,5.875,5.5
2020-02-12T06:16:00.0,5.81,4.89,5.29,5.83,106.3220598845,5.875,5.437
2020-02-12T06:17:00.0,5.59,4.81,5.23,5.92,106.98654261249999,5.875,5.562
2020-02-12T06:18:00.0,5.59,5.23,5.37,5.99,106.37325052450001,5.875,5.687
2020-02-12T06:19:00.0,5.85,5.01,5.41,6.05,106.2708564805,5.937,5.75
2020-02-12T06:20:00.0,5.95,4.97,5.19,6.13,106.2196403125,5.937,5.75
2020-02-12T06:21:00.0,6.61,5.01,5.45,6.43,106.88445490450002,5.937,5.875
2020-02-12T06:22:00.0,6.17,5.15,5.55,6.24,106.2196403125,6,5.937
2020-02-12T06:23:00.0,6.25,5.15,5.11,6.3,105.55266860450001,6,5.937
2020-02-12T06:24:00.0,6.29,5.41,5.51,6.28,106.2196403125,6.062,5.875
2020-02-12T06:25:00.0,,,,,,,
2020-02-12T06:26:00.0,,,,,,,
2020-02-12T06:27:00.0,6.53,5.51,5.51,6.44,106.1684113805,6.125,6
2020-02-12T06:28:00.0,6.39,5.41,5.67,6.58,106.1684113805,6.187,6.125
2020-02-12T06:29:00.0,6.53,5.73,5.59,6.47,106.01464800050002,6.187,6.125
2020-02-12T06:30:00.0,6.57,5.63,5.63,6.8,106.01464800050002,6.25,6.125
2020-02-12T06:31:00.0,6.57,5.59,5.51,6.56,106.11716968450001,6.25,6.125
2020-02-12T06:32:00.0,6.79,5.73,5.59,6.22,105.6040507045,6.25,6.125
2020-02-12T06:33:00.0,5.29,5.55,5.73,6.56,105.83511220000001,6.312,6.125
2020-02-12T06:34:00.0,6.43,5.59,5.63,6.6,105.91207526050002,6.312,6.187
2020-02-12T06:35:00.0,6.29,5.81,5.77,6.54,105.91207526050002,6.312,6.125
2020-02-12T06:36:00.0,6.07,5.63,5.49,6.52,105.91207526050002,6.312,6.187
2020-02-12T06:37:00.0,5.99,5.63,5.81,6.49,105.96336801250001,6.312,6.125
2020-02-12T06:38:00.0,6.39,5.73,5.45,6.52,105.98900960200001,6.312,6.125
2020-02-12T06:39:00.0,6.21,5.49,5.95,6.62,105.96336801250001,6.375,6.187
2020-02-12T06:40:00.0,6.29,5.89,5.71,6.54,105.269838898,6.375,6.125
2020-02-12T06:41:00.0,6.75,5.89,5.63,6.66,105.55266860450001,6.375,6.125
2020-02-12T06:42:00.0,6.39,5.73,5.55,6.76,105.91207526050002,6.437,6.125
2020-02-12T06:43:00.0,5.93,5.81,5.49,6.7,106.4244284005,6.375,6.125
2020-02-12T06:44:00.0,6.57,5.95,5.77,6.68,105.24410796050002,6.375,6
2020-02-12T06:45:00.0,6.87,5.73,5.73,6.58,106.2196403125,6.375,6
2020-02-12T06:46:00.0,6.93,5.59,5.63,6.57,105.96336801250001,6.375,5.875
2020-02-12T06:47:00.0,6.51,5.59,5.81,6.5,105.70677661250002,6.375,5.812
2020-02-12T06:48:00.0,6.33,5.85,5.89,6.5,105.47557152200001,6.375,5.812
2020-02-12T06:49:00.0,5.73,5.89,5.77,6.5,105.7581204205,6.375,5.687
2020-02-12T06:50:00.0,6.25,5.59,5.77,6.45,105.91207526050002,6.312,5.625
2020-02-12T06:51:00.0,6.17,5.51,5.71,6.42,106.14279212800001,6.312,5.625
2020-02-12T06:52:00.0,6.07,5.55,5.45,6.44,105.73245011200001,6.312,5.625
2020-02-12T06:53:00.0,5.59,5.59,5.45,6.34,105.96336801250001,6.312,5.5
2020-02-12T06:54:00.0,6.33,5.59,5.45,6.39,106.0659152245,6.312,5.562
2020-02-12T06:55:00.0,6.17,5.49,5.49,6.39,105.91207526050002,6.25,5.625
2020-02-12T06:56:00.0,6.39,5.71,5.51,6.41,106.0659152245,6.25,5.625
2020-02-12T06:57:00.0,6.51,5.71,5.71,6.5,106.0659152245,6.25,5.625
2020-02-12T06:58:00.0,6.65,5.71,5.73,6.54,106.01464800050002,6.25,5.625
2020-02-12T06:59:00.0,6.65,5.63,5.73,6.44,106.11716968450001,6.25,5.625
2020-02-12T07:00:00.0,6.73,5.93,6.11,6.42,106.2708564805,6.25,5.625
2020-02-12T07:01:00.0,6.75,5.63,6.07,6.47,106.0659152245,6.25,5.625
2020-02-12T07:02:00.0,7.29,5.81,5.99,6.54,106.3220598845,6.25,5.625
2020-02-12T07:03:00.0,7.19,5.81,6.13,6.52,105.70677661250002,6.312,5.625
2020-02-12T07:04:00.0,6.61,5.95,6.03,6.6,106.3220598845,6.312,5.687
2020-02-12T07:05:00.0,7.15,5.99,5.99,6.51,106.3220598845,6.312,5.75
2020-02-12T07:06:00.0,7.15,5.99,6.21,6.58,106.4244284005,6.375,5.687
2020-02-12T07:07:00.0,6.93,5.95,5.95,6.59,106.5267458605,6.437,5.625
2020-02-12T07:08:00.0,6.75,5.51,5.95,6.48,106.450012552,6.375,5.625
2020-02-12T07:09:00.0,6.43,5.63,5.85,6.46,105.57836125,6.437,5.687
2020-02-12T07:10:00.0,6.97,5.99,5.95,6.38,106.4244284005,6.437,5.687
2020-02-12T07:11:00.0,6.17,5.77,5.95,6.36,106.47559351250001,6.437,5.75
2020-02-12T07:12:00.0,6.51,5.93,5.93,6.38,106.5267458605,6.437,5.75
2020-02-12T07:13:00.0,6.39,5.71,5.89,6.26,106.47559351250001,6.437,5.75
2020-02-12T07:14:00.0,7.23,5.63,5.67,6.26,107.01205656200003,6.437,5.812
2020-02-12T07:15:00.0,5.93,5.55,5.77,6.27,106.5267458605,6.437,5.812
2020-02-12T07:16:00.0,6.03,5.73,6.17,6,106.7312276125,6.437,5.812
2020-02-12T07:17:00.0,6.51,5.99,5.95,6.22,106.5267458605,6.375,5.812
2020-02-12T07:18:00.0,6.13,5.73,6.07,6.4,106.5778854445,6.375,5.875
2020-02-12T07:19:00.0,6.43,5.63,5.81,6.26,106.7823161405,6.375,5.875
2020-02-12T07:20:00.0,6.79,6.03,5.73,6.38,106.55231724800001,6.437,5.875
2020-02-12T07:21:00.0,6.21,6.03,5.93,6.39,106.4244284005,6.437,5.875
2020-02-12T07:22:00.0,6.25,6.03,6.17,6.33,106.60345045,6.437,5.875
2020-02-12T07:23:00.0,6.17,6.03,6.03,6.42,105.98900960200001,6.5,5.875
2020-02-12T07:24:00.0,6.57,5.99,6.03,6.46,106.4244284005,6.5,5.937
2020-02-12T07:25:00.0,6.25,5.85,5.89,6.49,106.62901226450002,6.5,5.875
2020-02-12T07:26:00.0,6.29,5.59,5.71,6.41,106.7312276125,6.5,5.812
2020-02-12T07:27:00.0,7.01,5.89,5.71,6.21,107.1395784445,6.5,5.75
2020-02-12T07:28:00.0,6.47,5.95,5.89,6.28,106.5267458605,6.5,5.687
2020-02-12T07:29:00.0,7.09,5.99,5.81,6.36,106.47559351250001,6.5,5.687
2020-02-12T07:30:00.0,6.87,6.33,5.93,6.49,106.4244284005,6.5,5.75
2020-02-12T07:31:00.0,6.35,6.25,6.39,6.78,106.47559351250001,6.562,5.812
2020-02-12T07:32:00.0,7.41,6.73,6.65,7.04,106.11716968450001,6.562,5.875
2020-02-12T07:33:00.0,7.11,7.23,6.79,7.26,106.01464800050002,6.687,5.937
2020-02-12T07:34:00.0,6.97,6.93,6.97,7.04,106.11716968450001,6.812,6
2020-02-12T07:35:00.0,7.37,6.73,6.79,6.8,106.19402744200002,6.812,5.937
2020-02-12T07:36:00.0,6.87,6.69,6.61,7,106.37325052450001,6.875,5.875
2020-02-12T07:37:00.0,6.79,6.83,6.61,6.74,106.245249992,6.875,5.75
2020-02-12T07:38:00.0,7.15,7.41,6.79,7.29,106.5267458605,6.937,5.75
2020-02-12T07:39:00.0,7.19,7.11,6.65,6.98,106.47559351250001,7,5.875
2020-02-12T07:40:00.0,,,,,,,
2020-02-12T07:41:00.0,7.79,7.61,7.29,8.12,106.1684113805,7.375,6.187
2020-02-12T07:42:00.0,7.29,7.45,7.09,7.67,106.0659152245,7.562,6.25
2020-02-12T07:43:00.0,7.59,8.13,7.23,8,105.886424098,7.625,6.187
2020-02-12T07:44:00.0,8.05,8.83,7.65,8.82,106.0659152245,7.75,6.187
2020-02-12T07:45:00.0,8.79,9.75,7.87,9.42,105.80945146450001,8,6.187
2020-02-12T07:46:00.0,9.63,9.15,7.91,9.09,105.80945146450001,8.25,6.25
2020-02-12T07:47:00.0,8.47,9.07,7.79,8.89,105.8607697445,8.5,6.312
2020-02-12T07:48:00.0,7.65,8.19,7.37,7.8,106.37325052450001,8.562,6.312
2020-02-12T07:49:00.0,7.41,7.83,7.11,6.9,106.3220598845,8.437,6.062
2020-02-12T07:50:00.0,7.09,7.61,6.91,6.92,105.96336801250001,8.312,5.937
2020-02-12T07:51:00.0,7.11,7.51,6.75,6.81,105.96336801250001,8.125,5.75
2020-02-12T07:52:00.0,7.11,7.45,6.79,6.73,105.91207526050002,7.937,5.687
2020-02-12T07:53:00.0,7.11,7.29,7.11,6.72,106.0659152245,7.812,5.562
2020-02-12T07:54:00.0,7.01,6.83,6.79,6.64,105.8607697445,7.687,5.5
2020-02-12T07:55:00.0,6.47,7.01,6.87,6.67,106.2196403125,7.562,5.5
2020-02-12T07:56:00.0,7.69,7.41,7.33,7.11,106.1684113805,7.437,5.625
2020-02-12T07:57:00.0,8.41,8.65,7.55,8.1,105.7581204205,7.437,5.875
2020-02-12T07:58:00.0,8.23,8.45,7.69,7.58,106.3220598845,7.562,6.062
2020-02-12T07:59:00.0,7.73,8.15,7.73,7.27,105.70677661250002,7.562,6.125
2020-02-12T08:00:00.0,8.23,8.09,7.65,7.38,105.6040507045,7.625,6.125
2020-02-12T08:01:00.0,7.91,7.77,7.33,7.18,105.70677661250002,7.625,6.125
2020-02-12T08:02:00.0,8.33,7.55,7.11,7.01,105.70677661250002,7.625,6.062
2020-02-12T08:03:00.0,7.41,7.27,7.23,7.12,105.80945146450001,7.562,6
2020-02-12T08:04:00.0,8.13,7.83,7.15,7.14,105.7581204205,7.5,6
2020-02-12T08:05:00.0,7.33,7.55,7.11,6.88,106.01464800050002,7.437,5.937
2020-02-12T08:06:00.0,7.23,7.37,7.01,6.89,105.80945146450001,7.437,5.812
2020-02-12T08:07:00.0,8.15,7.61,7.27,7,106.01464800050002,7.375,5.875
2020-02-12T08:08:00.0,7.61,7.01,7.27,7.06,105.6040507045,7.375,5.937
2020-02-12T08:09:00.0,6.51,6.91,7.27,6.96,105.6554200405,7.375,5.812
2020-02-12T08:10:00.0,6.75,7.05,6.93,6.88,105.70677661250002,7.375,5.625
2020-02-12T08:11:00.0,6.87,7.01,6.75,6.91,105.7581204205,7.312,5.625
2020-02-12T08:12:00.0,6.97,7.01,6.91,6.83,105.73245011200001,7.312,5.687
2020-02-12T08:13:00.0,7.41,6.87,6.97,6.76,105.6554200405,7.312,5.687
2020-02-12T08:14:00.0,6.61,7.09,7.27,6.93,105.8607697445,7.25,5.75
2020-02-12T08:15:00.0,7.77,7.09,7.51,7.02,105.91207526050002,7.25,5.75
2020-02-12T08:16:00.0,7.15,7.15,7.29,6.93,105.8607697445,7.312,5.875
2020-02-12T08:17:00.0,7.05,6.93,7.01,6.94,105.80945146450001,7.312,5.812
2020-02-12T08:18:00.0,,,,,,,
2020-02-12T08:19:00.0,7.87,6.83,7.23,7,105.8607697445,7.312,5.75
2020-02-12T08:20:00.0,7.11,6.75,6.93,6.92,105.80945146450001,7.375,5.687
2020-02-12T08:21:00.0,7.61,6.69,7.47,6.9,105.80945146450001,7.312,5.687
2020-02-12T08:22:00.0,7.09,6.47,6.91,6.94,105.8607697445,7.312,5.812
2020-02-12T08:23:00.0,7.55,6.65,7.01,7.01,106.01464800050002,7.25,5.875
2020-02-12T08:24:00.0,7.15,6.91,6.79,7.04,105.629736968,7.312,6
2020-02-12T08:25:00.0,7.01,6.87,6.83,6.98,105.7581204205,7.25,6
2020-02-12T08:26:00.0,7.77,6.61,6.79,6.96,105.7581204205,7.25,6.187
2020-02-12T08:27:00.0,6.83,6.61,6.93,7.04,105.6554200405,7.25,6.25
2020-02-12T08:28:00.0,6.43,6.91,6.97,7.11,105.7581204205,7.25,6.187
2020-02-12T08:29:00.0,7.27,6.57,6.75,7.02,105.6554200405,7.187,6.125
2020-02-12T08:30:00.0,7.47,6.69,6.93,7.07,106.2196403125,7.187,6.125
2020-02-12T08:31:00.0,6.03,6.65,6.11,6.97,105.70677661250002,7.125,6.125
2020-02-12T08:32:00.0,6.97,6.69,6.79,6.88,105.681099922,7.062,6.062
2020-02-12T08:33:00.0,,,,,,,
2020-02-12T08:34:00.0,6.21,6.39,6.53,6.91,105.7581204205,6.937,6.125
2020-02-12T08:35:00.0,6.97,6.21,6.47,7,105.83511220000001,6.937,6.187
2020-02-12T08:36:00.0,7.19,6.25,6.53,6.91,105.80945146450001,6.937,6.187
2020-02-12T08:37:00.0,6.51,6.25,6.33,6.85,105.6554200405,6.875,6.125
2020-02-12T08:38:00.0,7.15,6.35,6.43,6.84,105.73245011200001,6.875,6.062
2020-02-12T08:39:00.0,6.93,6.33,6.29,6.8,105.91207526050002,6.875,6.062
2020-02-12T08:40:00.0,7.01,6.03,6.39,6.72,105.91207526050002,6.812,6.062
2020-02-12T08:41:00.0,6.21,6.29,6.57,6.82,105.50127374050001,6.812,6
2020-02-12T08:42:00.0,6.51,6.35,6.65,6.88,105.91207526050002,6.75,5.937
2020-02-12T08:43:00.0,6.83,6.43,6.57,6.87,105.8607697445,6.75,5.937
2020-02-12T08:44:00.0,6.61,6.33,6.51,6.98,105.8607697445,6.75,5.937
2020-02-12T08:45:00.0,6.97,6.39,6.65,6.9,105.80945146450001,6.75,5.875
2020-02-12T08:46:00.0,6.79,6.35,6.57,6.86,105.8607697445,6.75,5.812
2020-02-12T08:47:00.0,7.09,6.33,6.65,6.82,106.01464800050002,6.812,5.812
2020-02-12T08:48:00.0,6.65,6.47,6.53,6.85,105.80945146450001,6.812,5.812
2020-02-12T08:49:00.0,6.69,6.17,6.73,6.82,105.8607697445,6.875,5.812
2020-02-12T08:50:00.0,7.05,6.91,6.53,6.77,105.80945146450001,6.875,5.812
2020-02-12T08:51:00.0,6.91,5.99,6.53,6.76,105.6554200405,6.875,5.875
2020-02-12T08:52:00.0,6.33,6.29,6.53,6.78,105.372730738,6.875,5.875
2020-02-12T08:53:00.0,7.37,6.11,6.51,6.82,105.70677661250002,6.875,5.937
2020-02-12T08:54:00.0,7.09,6.21,6.87,6.85,105.8607697445,6.875,6
2020-02-12T08:55:00.0,6.93,6.47,6.51,6.72,105.3984457205,6.875,6
2020-02-12T08:56:00.0,6.87,6.29,6.25,6.74,105.8607697445,6.875,6.062
2020-02-12T08:57:00.0,7.11,6.47,6.35,6.73,105.83511220000001,6.875,6
2020-02-12T08:58:00.0,7.29,6.21,6.21,6.72,105.91207526050002,6.937,5.937
2020-02-12T08:59:00.0,6.13,5.93,6.13,6.64,105.80945146450001,6.875,5.875
2020-02-12T09:00:00.0,7.11,5.81,6.33,6.52,105.8607697445,6.875,5.812
2020-02-12T09:01:00.0,6.43,5.93,6.35,6.54,105.7581204205,6.812,5.812
2020-02-12T09:02:00.0,6.43,6.07,6.25,6.54,105.91207526050002,6.812,5.75
2020-02-12T09:03:00.0,6.35,6.33,6.39,6.58,106.01464800050002,6.75,5.75
2020-02-12T09:04:00.0,6.73,6.03,6.17,6.65,106.47559351250001,6.75,5.75
2020-02-12T09:05:00.0,6.43,6.21,6.47,6.65,105.98900960200001,6.75,5.75
2020-02-12T09:06:00.0,6.79,6.07,6.35,6.62,105.80945146450001,6.75,5.75
2020-02-12T09:07:00.0,6.87,6.21,6.33,6.53,106.01464800050002,6.75,5.75
2020-02-12T09:08:00.0,6.65,6.03,6.69,6.42,106.01464800050002,6.75,5.687
2020-02-12T09:09:00.0,6.69,5.89,6.79,6.38,106.0659152245,6.75,5.625
2020-02-12T09:10:00.0,5.73,6.25,6.33,6.29,105.96336801250001,6.75,5.562
2020-02-12T09:11:00.0,5.55,5.93,6.25,6.31,106.0659152245,6.687,5.437
2020-02-12T09:12:00.0,5.63,5.81,5.89,6.19,105.96336801250001,6.687,5.375
2020-02-12T09:13:00.0,,,,,,,
2020-02-12T09:14:00.0,6.61,5.23,6.03,6.14,106.1684113805,6.625,5.187
2020-02-12T09:15:00.0,6.33,5.77,5.85,6.1,106.1684113805,6.625,5.125
2020-02-12T09:16:00.0,5.45,5.67,6.29,6.13,106.1684113805,6.562,5.125
2020-02-12T09:17:00.0,6.13,5.45,6.11,6.08,106.1684113805,6.562,5.125
2020-02-12T09:18:00.0,5.41,5.85,5.95,6.09,106.11716968450001,6.562,5.125
2020-02-12T09:19:00.0,5.89,5.59,5.77,6.03,106.1684113805,6.5,5.125
2020-02-12T09:20:00.0,5.23,5.67,6.17,6,106.2708564805,6.437,5.125
2020-02-12T09:21:00.0,6.13,5.67,6.13,5.96,106.4244284005,6.437,5.125
2020-02-12T09:22:00.0,6.73,5.77,6.13,6.02,106.2196403125,6.437,5.062
2020-02-12T09:23:00.0,6.35,5.89,6.03,6.06,106.2708564805,6.375,5.062
2020-02-12T09:24:00.0,6.33,5.81,6.07,6.02,106.245249992,6.437,5.062
2020-02-12T09:25:00.0,6.03,5.63,5.55,6,106.245249992,6.375,5.062
2020-02-12T09:26:00.0,,,,,,,
2020-02-12T09:27:00.0,5.99,5.49,5.93,5.92,106.2708564805,6.375,5.125
2020-02-12T09:28:00.0,6.03,5.59,5.67,5.92,106.2708564805,6.312,5.125
2020-02-12T09:29:00.0,5.99,5.73,6.11,5.9,106.34765680000001,6.312,5
2020-02-12T09:30:00.0,5.95,5.27,5.77,5.82,106.2708564805,6.25,5
2020-02-12T09:31:00.0,5.85,5.19,5.85,5.79,106.37325052450001,6.25,4.937
2020-02-12T09:32:00.0,,,,,,,
2020-02-12T09:33:00.0,6.29,5.29,5.71,5.76,106.29645977800001,6.125,4.875
2020-02-12T09:34:00.0,6.17,5.45,5.67,5.83,106.3220598845,6.125,4.875
2020-02-12T09:35:00.0,5.45,5.51,5.67,5.88,106.3220598845,6.125,4.875
2020-02-12T09:36:00.0,5.73,5.11,5.59,5.9,106.2196403125,6.062,4.875
2020-02-12T09:37:00.0,6.03,5.05,5.71,5.84,106.1684113805,6.062,4.875
2020-02-12T09:38:00.0,5.93,5.45,5.93,5.93,106.2196403125,6.062,4.812
2020-02-12T09:39:00.0,,,,,,,
2020-02-12T09:40:00.0,4.93,5.27,5.51,5.83,106.14279212800001,6.125,4.812
2020-02-12T09:41:00.0,5.55,5.27,5.81,5.79,106.14279212800001,6.125,4.812
2020-02-12T09:42:00.0,6.07,5.07,5.63,5.86,106.2196403125,6.062,4.812
2020-02-12T09:43:00.0,6.35,5.63,5.85,5.9,106.1684113805,6,4.875
2020-02-12T09:44:00.0,6.07,5.63,5.85,5.95,106.0659152245,6.062,4.875
2020-02-12T09:45:00.0,6.39,5.55,5.99,6.08,106.09154405000001,6.062,4.875
2020-02-12T09:46:00.0,6.03,6.11,6.13,6.16,106.11716968450001,6.125,4.875
2020-02-12T09:47:00.0,6.11,5.77,5.95,6,105.1926365125,6.187,4.875
2020-02-12T09:48:00.0,6.47,5.81,6.13,6.2,106.14279212800001,6.187,4.875
2020-02-12T09:49:00.0,6.11,5.93,6.03,6.31,106.09154405000001,6.25,4.875
2020-02-12T09:50:00.0,6.87,5.99,6.43,6.33,106.09154405000001,6.312,4.875
2020-02-12T09:51:00.0,6.53,5.63,6.13,6.39,106.040283208,6.312,4.875
2020-02-12T09:52:00.0,6.43,6.11,6.03,6.27,106.01464800050002,6.375,4.875
2020-02-12T09:53:00.0,6.93,5.93,6.11,6.18,106.01464800050002,6.437,4.75
2020-02-12T09:54:00.0,6.79,5.45,6.33,6.16,106.01464800050002,6.437,4.75
2020-02-12T09:55:00.0,5.77,5.81,5.89,6.03,106.01464800050002,6.437,4.75
2020-02-12T09:56:00.0,5.95,5.51,5.95,6.06,106.040283208,6.437,4.75
2020-02-12T09:57:00.0,6.61,5.55,5.85,6.06,106.0659152245,6.437,4.75
2020-02-12T09:58:00.0,6.69,5.85,6.07,6.02,105.70677661250002,6.375,4.75
2020-02-12T09:59:00.0,5.89,5.29,6.07,6.09,105.96336801250001,6.437,4.812
2020-02-12T10:00:00.0,6.17,5.73,5.95,6.04,105.886424098,6.437,4.875
2020-02-12T10:01:00.0,6.83,5.55,5.95,6.23,105.8607697445,6.437,4.875
2020-02-12T10:02:00.0,6.39,5.59,5.85,6.21,105.83511220000001,6.437,4.937
2020-02-12T10:03:00.0,,,,,,,
2020-02-12T10:04:00.0,7.01,5.41,5.95,6.28,105.44986611250002,6.5,4.875
2020-02-12T10:05:00.0,7.05,5.85,6.29,6.35,105.6040507045,6.5,4.875
2020-02-12T10:06:00.0,6.97,5.59,6.25,6.43,105.681099922,6.5,4.875
2020-02-12T10:07:00.0,7.55,5.95,5.73,6.56,105.50127374050001,6.5,4.937
2020-02-12T10:08:00.0,6.79,5.81,6.13,6.65,105.55266860450001,6.562,4.937
2020-02-12T10:09:00.0,6.87,5.89,6.35,6.69,104.62560816050001,6.562,4.937
2020-02-12T10:10:00.0,6.69,5.41,6.35,6.62,105.7581204205,6.562,4.937
2020-02-12T10:11:00.0,6.75,5.81,6.35,6.54,105.269838898,6.562,4.937
2020-02-12T10:12:00.0,6.03,5.93,6.29,6.43,105.03814558450001,6.562,4.875
2020-02-12T10:13:00.0,6.61,5.95,6.43,6.52,105.269838898,6.562,4.875
2020-02-12T10:14:00.0,6.51,5.85,6.07,6.43,105.3470125645,6.562,4.875
2020-02-12T10:15:00.0,6.39,5.85,5.99,6.32,105.32129120000002,6.5,4.875
2020-02-12T10:16:00.0,6.91,5.33,6.11,6.32,105.2955666445,6.375,4.812
2020-02-12T10:17:00.0,6.93,5.89,6.43,6.5,105.3470125645,6.312,4.75
2020-02-12T10:18:00.0,6.61,5.73,6.57,6.66,105.3470125645,6.312,4.75
2020-02-12T10:19:00.0,7.09,5.67,6.61,6.58,106.2196403125,6.375,4.812
2020-02-12T10:20:00.0,7.15,5.71,6.43,6.63,104.98662308050001,6.375,4.812
2020-02-12T10:21:00.0,7.33,5.55,6.51,6.6,105.14115230050001,6.375,4.812
2020-02-12T10:22:00.0,7.33,5.73,6.25,6.96,103.79808262450001,6.375,4.812
2020-02-12T10:23:00.0,7.45,5.93,6.61,7.05,104.8835397805,6.375,4.812
2020-02-12T10:24:00.0,7.19,6.29,6.93,7.2,104.7288191005,6.375,4.875
2020-02-12T10:25:00.0,8.27,6.79,7.59,7.48,105.3470125645,6.437,4.937
2020-02-12T10:26:00.0,8.83,6.47,7.41,7.78,104.18639207200002,6.5,5
2020-02-12T10:27:00.0,8.37,6.35,7.59,7.49,103.43501270050001,6.562,5
2020-02-12T10:28:00.0,8.23,6.17,7.59,7.48,103.90170201250001,6.687,5
2020-02-12T10:29:00.0,8.83,6.93,7.83,7.94,104.0570353645,6.75,5.125
2020-02-12T10:30:00.0,8.59,7.79,8.23,8.29,104.31566900450001,6.812,5.187
2020-02-12T10:31:00.0,8.71,7.29,8.13,8.42,103.8498987005,7,5.25
2020-02-12T10:32:00.0,9.19,7.45,8.29,8.42,103.43501270050001,7.125,5.187
2020-02-12T10:33:00.0,8.65,6.91,8.05,8.32,103.4869181245,7.187,5.312
2020-02-12T10:34:00.0,8.59,7.23,7.59,8.36,103.5906906805,7.25,5.187
2020-02-12T10:35:00.0,8.61,6.69,7.79,8.08,103.53881078450001,7.312,5.187
2020-02-12T10:36:00.0,8.51,6.57,7.83,7.92,103.4869181245,7.25,5.125
2020-02-12T10:37:00.0,10.99,7.65,9.01,9.8,104.1605271125,7.25,5.125
2020-02-12T10:38:00.0,11.93,7.87,9.11,10.78,102.78511793800001,7.5,5.375
2020-02-12T10:39:00.0,11.71,8.09,9.35,10.44,102.1332288005,7.812,5.437
2020-02-12T10:40:00.0,11.55,8.45,9.19,10.16,101.636459218,8,5.437
2020-02-12T10:41:00.0,11.65,8.55,10.09,10.11,102.15934265800001,8.125,5.437
2020-02-12T10:42:00.0,11.71,7.95,9.81,10.06,101.9242030645,8.187,5.5
2020-02-12T10:43:00.0,10.47,8.05,9.29,9.69,102.1854533245,8.25,5.5
2020-02-12T10:44:00.0,9.29,7.19,8.47,9.46,101.55791661250001,8.187,5.437
2020-02-12T10:45:00.0,9.89,7.45,9.03,9.26,101.87191472050002,8.062,5.375
2020-02-12T10:46:00.0,12.77,8.59,9.57,11.04,103.17529412050001,8,5.437
2020-02-12T10:47:00.0,13.17,9.11,9.89,11.26,101.7149731045,8.25,5.625
2020-02-12T10:48:00.0,13.21,9.21,10.13,11.34,101.29590051250001,8.562,5.625
2020-02-12T10:49:00.0,13.31,9.07,10.55,10.98,100.4553046405,8.75,5.812
2020-02-12T10:50:00.0,12.71,8.51,10.19,10.48,101.4007452445,8.812,5.75
2020-02-12T10:51:00.0,11.93,8.75,9.95,9.86,101.34832926050001,8.812,5.625
2020-02-12T10:52:00.0,,,,,,,
2020-02-12T10:53:00.0,11.33,7.95,9.33,9.27,102.28986408050001,8.562,5.562
2020-02-12T10:54:00.0,11.13,8.09,9.67,9.22,103.2792198445,8.5,5.437
2020-02-12T10:55:00.0,10.79,7.61,9.75,9.09,101.87191472050002,8.375,5.375
2020-02-12T10:56:00.0,11.23,8.05,10.09,9.55,102.7069965445,8.312,5.312
2020-02-12T10:57:00.0,11.07,7.61,9.81,9.12,101.845765762,8.25,5.25
2020-02-12T10:58:00.0,10.51,7.51,9.63,9.3,102.23766508450001,8.187,5.187
2020-02-12T10:59:00.0,,,,,,,
2020-02-12T11:00:00.0,9.49,7.47,9.03,8.56,103.01930980450001,8.062,5.062
2020-02-12T11:01:00.0,9.25,7.37,9.03,8.46,103.8498987005,7.875,4.937
2020-02-12T11:02:00.0,9.33,7.79,8.83,8.54,102.9152564405,7.687,4.937
2020-02-12T11:03:00.0,13.71,10.75,10.43,11.46,104.36735744050002,7.625,4.937
2020-02-12T11:04:00.0,12.27,9.35,10.27,11.5,103.097316322,7.875,5.375
2020-02-12T11:05:00.0,11.95,9.03,10.23,11.01,101.55791661250001,8.062,5.312
2020-02-12T11:06:00.0,12.03,9.11,10.17,10.48,100.9285418845,8.187,5.312
2020-02-12T11:07:00.0,12.27,8.93,10.43,10.22,101.21723345800001,8.25,5.312
2020-02-12T11:08:00.0,12.61,9.67,10.47,11.4,102.6548996605,8.312,5.375
2020-02-12T11:09:00.0,15.19,10.79,11.21,13.81,102.28986408050001,8.5,5.5
2020-02-12T11:10:00.0,14.31,10.03,10.93,12.46,100.40265890450002,8.812,5.562
2020-02-12T11:11:00.0,14.31,10.23,11.21,11.86,100.19194832050002,9.062,5.625
2020-02-12T11:12:00.0,13.25,8.97,10.41,11.01,99.3470637445,9.187,5.687
2020-02-12T11:13:00.0,11.81,8.87,10.41,10.54,100.849740808,9.187,5.5
2020-02-12T11:14:00.0,12.17,8.41,10.17,10.29,100.6657599445,9.062,5.5
2020-02-12T11:15:00.0,11.21,9.21,10.43,10.82,101.08605788050001,9,5.5
2020-02-12T11:16:00.0,11.13,8.29,9.81,10.25,100.82346740050001,8.875,5.375
2020-02-12T11:17:00.0,12.27,8.71,10.17,10.6,101.66263370450001,8.687,5.312
2020-02-12T11:18:00.0,13.05,9.89,10.85,11.48,101.7149731045,8.625,5.312
2020-02-12T11:19:00.0,13.05,9.35,10.93,11.48,100.7183418605,8.625,5.625
2020-02-12T11:20:00.0,11.61,9.07,10.51,11.18,100.0865164445,8.687,5.625
2020-02-12T11:21:00.0,12.67,8.71,10.31,11.04,97.75409800450001,8.625,5.5
2020-02-12T11:22:00.0,12.23,8.69,10.33,10.8,99.82271338450002,8.687,5.437
2020-02-12T11:23:00.0,12.19,8.27,10.13,10.44,100.24464511250001,8.687,5.437
2020-02-12T11:24:00.0,12.67,8.71,10.27,10.27,100.4553046405,8.625,5.375
2020-02-12T11:25:00.0,12.81,8.01,10.03,10.52,99.71710281250002,8.687,5.312
2020-02-12T11:26:00.0,13.71,9.77,10.47,11.58,100.82346740050001,8.687,5.312
2020-02-12T11:27:00.0,,,,,,,
2020-02-12T11:28:00.0,13.69,8.87,10.93,11.6,98.12681751250001,8.937,5.5
2020-02-12T11:29:00.0,13.59,9.53,10.85,11.78,97.96715716450001,9.125,5.437
2020-02-12T11:30:00.0,13.95,9.35,11.31,11.7,99.02938960450001,9.187,5.437
2020-02-12T11:31:00.0,13.05,9.35,10.79,11.31,99.61144118450001,9.187,5.687
2020-02-12T11:32:00.0,13.05,8.75,10.47,10.89,97.67414816800002,9.187,5.5
2020-02-12T11:33:00.0,13.05,8.61,10.65,10.95,98.55201682450001,9.125,5.375
2020-02-12T11:34:00.0,13.65,8.87,10.99,11.4,98.100215432,9.062,5.437
2020-02-12T11:35:00.0,14.29,9.61,11.37,12.05,98.33951928050001,9.125,5.562
2020-02-12T11:36:00.0,14.99,9.99,12.19,12.88,98.0203900445,9.187,5.625
2020-02-12T11:37:00.0,15.41,10.51,12.05,13.04,96.60540608800001,9.375,5.625
2020-02-12T11:38:00.0,15.47,10.37,12.27,13.52,95.47773200200001,9.5,5.687
2020-02-12T11:39:00.0,14.25,9.33,11.37,12.64,93.6943,9.625,5.687
2020-02-12T11:40:00.0,14.05,9.07,11.23,12.56,92.96070788050001,9.687,5.687
2020-02-12T11:41:00.0,13.85,8.47,10.83,11.43,94.50667405,9.625,5.5
2020-02-12T11:42:00.0,13.81,8.71,10.79,11.26,95.2353552205,9.562,5.5
2020-02-12T11:43:00.0,13.59,8.75,11.17,11.54,94.1549979005,9.5,5.437
2020-02-12T11:44:00.0,13.15,8.79,10.93,11.39,94.58775350050001,9.375,5.312
2020-02-12T11:45:00.0,13.95,8.69,11.21,11.64,93.6129046405,9.375,5.375
2020-02-12T11:46:00.0,12.81,8.83,10.61,11.15,94.992719968,9.25,5.25
2020-02-12T11:47:00.0,13.69,8.97,10.93,11.18,94.77682720000001,9.187,5.312
2020-02-12T11:48:00.0,13.71,9.03,11.13,11.18,94.64179051250001,9.187,5.375
2020-02-12T11:49:00.0,14.01,8.89,11.33,11.4,95.80049897800001,9.125,5.437
2020-02-12T11:50:00.0,14.59,9.81,11.71,12.23,94.20913702450001,9.187,5.437
2020-02-12T11:51:00.0,14.55,9.19,11.65,11.88,92.52488892050002,9.187,5.5
2020-02-12T11:52:00.0,13.21,8.51,11.21,11.22,92.11556673800001,9.25,5.5
2020-02-12T11:53:00.0,13.01,8.71,11.23,11.03,95.28923906450001,9.187,5.5
2020-02-12T11:54:00.0,12.87,8.01,10.51,9.74,93.477181888,9.125,5.25
2020-02-12T11:55:00.0,13.11,7.97,10.75,10.12,93.9925039445,9,5.25
2020-02-12T11:56:00.0,13.49,8.61,11.41,10.79,96.14964466450002,8.937,5.25
2020-02-12T11:57:00.0,14.35,9.71,11.71,11.89,91.7055265805,8.875,5.25
2020-02-12T11:58:00.0,14.75,9.11,11.61,12.18,90.581086882,8.937,5.5
2020-02-12T11:59:00.0,13.69,8.41,11.03,10.89,92.3066731045,9.062,5.312
2020-02-12T12:00:00.0,14.49,9.11,11.79,11.44,91.86962880050001,9.062,5.187
2020-02-12T12:01:00.0,13.55,8.05,10.65,10.95,90.11328262450002,9.062,5.187
2020-02-12T12:02:00.0,13.51,8.27,10.99,10.51,93.85700456200001,9,5.062
2020-02-12T12:03:00.0,13.71,8.45,11.41,10.96,93.4500277645,8.875,4.937
2020-02-12T12:04:00.0,14.05,8.41,11.51,11.23,92.9062751845,8.812,5
2020-02-12T12:05:00.0,14.91,9.11,12.19,11.91,92.14287722050001,8.812,5.187
2020-02-12T12:06:00.0,13.25,7.61,10.93,11.02,89.64455616800001,8.875,5.125
2020-02-12T12:07:00.0,14.99,9.57,12.13,12.55,90.49860020050001,8.875,5.062
2020-02-12T12:08:00.0,15.35,9.19,11.71,12.28,88.26060401800001,9,5.25
2020-02-12T12:09:00.0,16.11,10.55,12.83,13.5,90.2784953125,9.125,5.312
2020-02-12T12:10:00.0,16.17,10.27,12.77,14.86,84.1455806125,9.375,5.375
2020-02-12T12:11:00.0,15.87,10.75,12.77,14.42,83.04226595200001,9.375,5.625
2020-02-12T12:12:00.0,,,,,,,
2020-02-12T12:13:00.0,16.29,11.03,13.45,15.14,86.2816850245,9.937,5.625
2020-02-12T12:14:00.0,17.21,10.85,13.61,15.42,83.098964258,9.937,5.75
2020-02-12T12:15:00.0,18.11,12.61,14.05,16.18,84.5968184845,10.25,5.812
2020-02-12T12:16:00.0,16.13,10.95,13.39,15.1,77.97391564450001,10.437,5.875
2020-02-12T12:17:00.0,17.21,10.69,13.49,14.97,79.96160288800002,10.5,5.875
2020-02-12T12:18:00.0,15.37,10.47,12.61,13.78,83.89140032200001,10.562,5.75
2020-02-12T12:19:00.0,16.65,11.51,13.15,14.56,85.04723946050001,10.5,5.687
2020-02-12T12:20:00.0,16.33,10.33,13.07,13.64,82.61662180450001,10.5,5.812
2020-02-12T12:21:00.0,17.17,12.33,13.85,14.46,86.81283125000002,10.5,5.562
2020-02-12T12:22:00.0,16.63,11.27,13.17,14.51,77.249989682,10.562,5.625
2020-02-12T12:23:00.0,16.47,10.85,12.97,13.7,74.94927501250001,10.625,5.75
2020-02-12T12:24:00.0,15.11,9.75,11.75,12.36,83.6935258445,10.562,5.687
2020-02-12T12:25:00.0,15.21,10.51,11.93,11.34,92.08825306450001,10.437,5.437
2020-02-12T12:26:00.0,12.47,8.87,10.85,10.02,92.4703541125,10.25,5.437
2020-02-12T12:27:00.0,13.17,8.47,10.83,9.92,94.96574454050001,9.937,5.437
2020-02-12T12:28:00.0,14.09,9.01,11.45,10.35,96.04227266050002,9.625,5.125
2020-02-12T12:29:00.0,14.49,8.75,11.23,10.76,91.21253066450001,9.437,5.125
2020-02-12T12:30:00.0,14.11,9.75,11.61,11.19,90.66354484450001,9.312,5.312
2020-02-12T12:31:00.0,14.89,9.53,11.67,12.1,90.2784953125,9.25,5.375
2020-02-12T12:32:00.0,15.61,9.91,11.71,12.32,86.16971798050001,9.375,5.375
2020-02-12T12:33:00.0,17.11,10.85,12.29,12.67,88.84283558050001,9.437,5.312
2020-02-12T12:34:00.0,17.59,11.17,12.77,13.6,89.17490751250001,9.625,5.562
2020-02-12T12:35:00.0,17.57,10.79,12.77,13.25,87.871667848,9.75,5.562
2020-02-12T12:36:00.0,17.43,10.27,12.37,13.77,83.01391201250001,9.812,5.625
2020-02-12T12:37:00.0,17.37,11.95,13.35,14.32,89.2302081605,9.875,5.625
2020-02-12T12:38:00.0,19.73,12.73,13.85,16.14,85.74938684800001,10,5.75
2020-02-12T12:39:00.0,20.65,12.63,13.99,16.62,80.248413058,10.187,6
2020-02-12T12:40:00.0,21.17,13.01,14.31,16.98,77.771417408,10.375,6
2020-02-12T12:41:00.0,21.27,12.91,14.25,17.1,76.93083044050002,10.562,6.062
2020-02-12T12:42:00.0,21.45,12.37,14.15,17.56,73.89424270450002,10.812,6
2020-02-12T12:43:00.0,21.89,13.51,14.41,17.48,65.87990405000001,11,6.062
2020-02-12T12:44:00.0,20.67,12.33,13.99,16.27,69.244784338,11.062,6.062
2020-02-12T12:45:00.0,20.65,11.89,13.75,16.63,67.83761061250001,11.125,6.062
2020-02-12T12:46:00.0,20.55,12.17,14.51,16,68.227534088,11.125,6
2020-02-12T12:47:00.0,20.83,12.43,14.85,16.04,71.50529945800001,11.125,5.937
2020-02-12T12:48:00.0,19.23,12.23,14.11,14.98,72.510615368,11.125,5.75
2020-02-12T12:49:00.0,18.95,11.07,13.71,14.62,70.615192648,11.062,5.562
2020-02-12T12:50:00.0,17.85,10.83,13.39,13.09,75.7669965605,11,5.562
2020-02-12T12:51:00.0,16.29,10.85,12.67,12.14,76.494991048,10.812,5.5
2020-02-12T12:52:00.0,16.49,10.23,13.05,11.96,81.99104498450001,10.625,5.437
2020-02-12T12:53:00.0,15.91,9.25,11.75,11.48,81.53510996050001,10.437,5.312
2020-02-12T12:54:00.0,15.41,9.03,11.41,10.92,84.3713016605,10.25,5.125
2020-02-12T12:55:00.0,13.95,8.41,11.47,10.25,83.12730862450002,10,5.062
2020-02-12T12:56:00.0,15.09,8.79,11.55,10.74,83.1556498,9.812,5
2020-02-12T12:57:00.0,14.91,8.29,11.45,10.96,82.1049011005,9.625,5.187
2020-02-12T12:58:00.0,15.19,8.29,11.31,11.64,79.70320090450001,9.5,5.25
2020-02-12T12:59:00.0,14.19,8.89,11.17,11.16,89.36840393800001,9.375,5.187
2020-02-12T13:00:00.0,,,,,,,
2020-02-12T13:01:00.0,14.15,10.05,12.33,12.01,86.67316761250001,9.125,5.187
2020-02-12T13:02:00.0,15.71,9.67,11.31,12.28,82.0479794245,9.125,5.187
2020-02-12T13:03:00.0,16.99,10.79,12.47,13.43,87.81605448200001,9.125,5.25
2020-02-12T13:04:00.0,15.67,10.57,11.89,13.5,80.8782722,9.187,5.375
2020-02-12T13:05:00.0,18.33,10.93,12.57,14.11,80.5635356845,9.187,5.375
2020-02-12T13:06:00.0,18.63,10.71,12.77,14.72,77.075950688,9.312,5.562
2020-02-12T13:07:00.0,19.61,11.27,12.81,14.74,78.08955872050001,9.5,5.562
2020-02-12T13:08:00.0,20.33,12.03,13.95,15.94,78.78234500050002,9.687,5.625
2020-02-12T13:09:00.0,19.45,12.29,13.81,15.2,76.0584336805,9.875,5.75
2020-02-12T13:10:00.0,18.87,11.21,13.05,15.89,67.44714785800001,10,5.75
2020-02-12T13:11:00.0,22.57,13.61,14.99,17.98,70.8825262405,10.187,5.687
2020-02-12T13:12:00.0,22.93,12.83,14.71,18.28,63.512859968,10.437,6.062
2020-02-12T13:13:00.0,23.27,12.13,14.55,17.94,60.60369962050001,10.687,6.187
2020-02-12T13:14:00.0,24.51,14.19,15.47,18.39,65.093046472,11,6
2020-02-12T13:15:00.0,24.57,13.55,15.37,18.37,63.024912832000005,11.312,6.062
2020-02-12T13:16:00.0,22.69,13.41,14.79,17.24,61.31066480000001,11.562,6.25
2020-02-12T13:17:00.0,21.33,13.79,14.55,18.3,56.731980808,11.562,6.062
2020-02-12T13:18:00.0,21.45,14.75,15.71,17.81,63.36046424050001,11.625,6.125
2020-02-12T13:19:00.0,23.17,13.95,15.65,18.73,60.757531298,11.625,6.312
2020-02-12T13:20:00.0,24.57,14.35,16.37,18.1,62.5055739245,11.812,6.312
2020-02-12T13:21:00.0,25.29,15.29,16.69,18.9,61.372060258000005,12,6.625
2020-02-12T13:22:00.0,25.25,16.37,17.05,18.4,60.449788168000005,12.312,6.75
2020-02-12T13:23:00.0,25.41,15.21,17.05,18.77,63.5433295405,12.625,6.625
2020-02-12T13:24:00.0,22.77,15.21,16.89,18.72,63.146976200000005,12.812,6.812
2020-02-12T13:25:00.0,21.39,13.61,16.03,17.56,57.97635552800001,12.875,6.687
2020-02-12T13:26:00.0,21.63,14.59,16.21,17.24,59.67903428050001,12.687,6.437
2020-02-12T13:27:00.0,23.75,15.21,17.41,17.83,61.09568018050001,12.625,6.437
2020-02-12T13:28:00.0,22.81,14.25,16.53,17.42,60.51136232200001,12.75,6.5
2020-02-12T13:29:00.0,23.59,14.65,17.21,17.67,64.94148040450001,12.75,6.5
2020-02-12T13:30:00.0,23.71,15.85,17.57,18.53,61.74016496200001,12.812,6.5
2020-02-12T13:31:00.0,,,,,,,
2020-02-12T13:32:00.0,22.17,15.51,16.53,17.34,63.26898851200001,12.937,6.5
2020-02-12T13:33:00.0,23.81,16.13,17.47,18.5,64.8808316405,13,6.5
2020-02-12T13:34:00.0,21.95,14.79,16.01,17.39,56.26402400050001,13.062,6.5
2020-02-12T13:35:00.0,20.83,14.11,15.21,15.95,65.940342208,13.062,6.25
2020-02-12T13:36:00.0,18.27,11.89,13.81,14.62,69.543273568,12.937,6.312
2020-02-12T13:37:00.0,15.55,10.75,12.73,12.81,71.83095238450001,12.687,6.187
2020-02-12T13:38:00.0,16.99,12.13,13.25,12.76,74.45158065800001,12.187,5.687
2020-02-12T13:39:00.0,15.45,11.89,13.27,12.77,76.00017178450001,11.812,5.687
2020-02-12T13:40:00.0,,,,,,,
2020-02-12T13:41:00.0,16.17,13.61,14.01,12.63,76.87276000450001,11.312,5.562
2020-02-12T13:42:00.0,13.11,11.95,12.91,11.91,74.01167274050002,11.25,5.437
2020-02-12T13:43:00.0,13.89,10.57,12.33,11.3,77.19198944800002,11.062,5.25
2020-02-12T13:44:00.0,13.25,10.23,12.23,11.16,79.1280488845,10.875,5.312
2020-02-12T13:45:00.0,13.85,10.79,12.09,10.84,79.01286531250001,10.625,5.25
2020-02-12T13:46:00.0,12.83,9.15,11.09,10.32,81.392462738,10.312,5.187
2020-02-12T13:47:00.0,12.61,10.23,11.09,9.99,83.04226595200001,10.062,5.062
2020-02-12T13:48:00.0,11.57,9.71,10.61,9.96,82.9571945605,9.812,4.937
2020-02-12T13:49:00.0,12.29,9.07,10.65,10.07,83.32562984200001,9.562,5.062
2020-02-12T13:50:00.0,11.61,10.05,10.71,10.18,84.82213108450001,9.375,5.187
2020-02-12T13:51:00.0,11.99,9.91,10.65,10.16,83.32562984200001,9.187,5.187
2020-02-12T13:52:00.0,11.51,9.11,10.61,9.9,81.99104498450001,9,5
2020-02-12T13:53:00.0,11.71,8.69,10.13,9.8,81.76317958450001,8.812,4.812
2020-02-12T13:54:00.0,10.99,8.89,9.81,9.82,82.7869656205,8.812,4.875
2020-02-12T13:55:00.0,11.31,9.61,10.33,9.9,82.9004643445,8.5,4.875
2020-02-12T13:56:00.0,11.45,9.71,10.51,10.25,83.5237947005,8.437,5
2020-02-12T13:57:00.0,12.77,9.99,11.45,10.93,80.39169848050001,8.437,5.125
2020-02-12T13:58:00.0,12.39,9.89,10.93,11.18,79.76064590450001,8.5,5.312
2020-02-12T13:59:00.0,12.95,9.49,10.43,10.9,76.66941296200001,8.562,5.25
2020-02-12T14:00:00.0,13.51,10.61,11.07,11.23,74.15838848800001,8.687,5.25
2020-02-12T14:01:00.0,14.79,12.37,11.93,12.29,74.56876817800001,8.875,5.312
2020-02-12T14:02:00.0,15.93,12.95,12.05,12.99,73.512242482,9.125,5.562
2020-02-12T14:03:00.0,14.91,11.95,12.17,13.04,71.6533713805,9.437,5.75
2020-02-12T14:04:00.0,15.29,12.77,12.39,14.19,72.569636722,9.625,5.875
2020-02-12T14:05:00.0,13.79,11.95,11.81,13.82,70.6449091445,9.812,6.062
2020-02-12T14:06:00.0,13.75,11.27,11.55,13.02,71.1199391125,9.937,6.062
2020-02-12T14:07:00.0,13.89,11.79,11.61,12.24,73.4828355125,9.937,6.062
2020-02-12T14:08:00.0,13.35,11.37,10.99,12.02,74.62734279200001,9.812,6.125
2020-02-12T14:09:00.0,12.19,10.79,11.17,11.72,75.56280071200001,9.75,6.062
2020-02-12T14:10:00.0,11.85,10.31,10.51,11.28,76.84372000000002,9.687,6
2020-02-12T14:11:00.0,11.57,10.27,10.33,10.95,77.97391564450001,9.5,5.937
2020-02-12T14:12:00.0,12.03,10.13,10.61,10.94,79.1856215245,9.375,5.875
2020-02-12T14:13:00.0,11.33,9.77,9.75,10.52,77.94499689800001,9.25,5.812
2020-02-12T14:14:00.0,9.85,9.19,9.85,10.14,78.522765538,9.062,5.812
2020-02-12T14:15:00.0,10.71,9.61,9.71,9.92,81.59214651250001,8.875,5.75
2020-02-12T14:16:00.0,10.17,8.93,9.75,9.81,80.27707652450002,8.75,5.687
2020-02-12T14:17:00.0,9.77,8.97,9.25,9.66,80.992626112,8.625,5.75
2020-02-12T14:18:00.0,9.71,8.59,8.87,9.4,81.24973574050001,8.5,5.625
2020-02-12T14:19:00.0,9.85,8.79,8.93,8.89,82.3324601645,8.375,5.437
2020-02-12T14:20:00.0,9.01,8.33,8.51,8.72,84.2584666645,8.187,5.375
2020-02-12T14:21:00.0,9.15,8.15,8.51,8.57,84.5968184845,8.062,5.312
2020-02-12T14:22:00.0,9.47,8.41,8.59,8.56,84.70950031250001,7.875,5.125
2020-02-12T14:23:00.0,9.01,8.13,8.69,8.71,85.6091169205,7.75,5.062
2020-02-12T14:24:00.0,9.19,8.19,8.27,8.64,85.3845191045,7.687,5.062
2020-02-12T14:25:00.0,9.19,7.95,8.27,8.42,86.39360101250001,7.562,4.937
2020-02-12T14:26:00.0,9.21,7.79,8.29,8.17,87.03612713800001,7.437,4.937
2020-02-12T14:27:00.0,8.93,7.59,7.91,8.01,88.28836124050001,7.312,4.812
2020-02-12T14:28:00.0,8.75,7.47,7.97,7.99,88.815142178,7.187,4.75
2020-02-12T14:29:00.0,8.69,7.87,8.09,7.8,89.3407711645,7.125,4.75
2020-02-12T14:30:00.0,,,,,,,
2020-02-12T14:31:00.0,9.19,7.95,8.19,7.98,90.00307701250001,6.937,4.812
2020-02-12T14:32:00.0,8.83,7.77,7.87,8.08,89.534133568,6.937,4.812
2020-02-12T14:33:00.0,8.19,7.73,8.09,8.02,88.95357728050001,6.937,4.812
2020-02-12T14:34:00.0,8.59,7.91,8.33,8.12,89.4512831125,6.875,4.687
2020-02-12T14:35:00.0,8.71,7.91,8.23,8.28,88.56575796050001,6.875,4.75
2020-02-12T14:36:00.0,8.71,7.91,8.41,8.18,89.3131352,6.875,4.812
2020-02-12T14:37:00.0,8.19,7.37,8.05,8.05,89.2302081605,6.875,4.812
2020-02-12T14:38:00.0,8.37,7.19,7.69,7.69,89.36840393800001,6.875,4.625
2020-02-12T14:39:00.0,8.45,7.65,7.73,7.64,90.33354068050001,6.812,4.562
2020-02-12T14:40:00.0,8.79,7.55,7.79,7.68,90.471098258,6.75,4.562
2020-02-12T14:41:00.0,,,,,,,
2020-02-12T14:42:00.0,8.59,7.79,7.95,7.96,90.44359312450001,6.625,4.562
2020-02-12T14:43:00.0,8.47,7.55,8.09,7.95,89.4512831125,6.625,4.562
2020-02-12T14:44:00.0,8.87,7.83,7.77,8.14,90.00307701250001,6.625,4.625
2020-02-12T14:45:00.0,8.47,7.69,8.15,8.55,88.17731320450001,6.625,4.625
2020-02-12T14:46:00.0,9.11,8.45,8.97,9.02,88.3993582205,6.625,4.687
2020-02-12T14:47:00.0,,,,,,,
2020-02-12T14:48:00.0,7.73,7.41,8.13,8.28,87.56563638050001,6.812,4.687
2020-02-12T14:49:00.0,7.65,7.15,8.01,7.9,88.98125472800001,6.812,4.562
2020-02-12T14:50:00.0,8.01,7.23,7.91,7.73,90.08573600800001,6.75,4.5
2020-02-12T14:51:00.0,7.09,7.47,7.77,7.49,90.66354484450001,6.687,4.5
2020-02-12T14:52:00.0,,,,,,,
2020-02-12T14:53:00.0,7.73,7.45,7.33,7.26,91.21253066450001,6.562,4.312
2020-02-12T14:54:00.0,8.05,7.15,7.65,7.32,92.170184512,6.562,4.312
2020-02-12T14:55:00.0,8.13,6.93,6.91,7.22,91.9789664605,6.5,4.25
2020-02-12T14:56:00.0,,,,,,,
2020-02-12T14:57:00.0,7.45,6.75,7.55,6.96,92.3612462045,6.375,4.187
2020-02-12T14:58:00.0,7.47,7.01,7.37,6.94,93.1239293845,6.312,4.187
2020-02-12T14:59:00.0,,,,,,,
2020-02-12T15:00:00.0,7.45,6.57,7.29,6.84,93.23267990050002,6.187,4.125
2020-02-12T15:01:00.0,6.79,6.91,7.19,6.86,93.477181888,6.187,4.062
2020-02-12T15:02:00.0,8.05,7.11,7.09,6.83,93.7756666405,6.125,4.062
2020-02-12T15:03:00.0,7.41,6.61,6.75,6.89,93.5043328205,6.125,4.125
2020-02-12T15:04:00.0,7.23,6.97,7.41,6.95,93.74854761800002,6.125,4.062
2020-02-12T15:05:00.0,7.23,7.11,7.11,7.1,92.7973715005,6.125,4.062
2020-02-12T15:06:00.0,7.97,7.23,7.79,7.46,91.81494082450001,6.125,4.062
2020-02-12T15:07:00.0,7.19,7.37,7.61,7.71,90.60857606050001,6.125,4.125
2020-02-12T15:08:00.0,8.13,7.45,7.83,7.89,90.0581862005,6.125,4.062
2020-02-12T15:09:00.0,7.97,7.73,8.29,8.19,90.0581862005,6.25,4.125
2020-02-12T15:10:00.0,7.69,7.45,7.59,8.13,88.95357728050001,6.312,4.187
2020-02-12T15:11:00.0,8.05,7.61,8.19,7.91,89.0089289845,6.375,4.187
2020-02-12T15:12:00.0,8.13,6.97,7.79,7.67,89.423659912,6.375,4.125
2020-02-12T15:13:00.0,7.97,6.87,7.15,7.48,89.56174400450001,6.437,4.062
2020-02-12T15:14:00.0,7.29,6.93,7.65,7.29,91.26735904450001,6.375,3.937
2020-02-12T15:15:00.0,7.45,6.79,7.33,7.04,91.7055265805,6.312,3.937
2020-02-12T15:16:00.0,7.33,6.73,7.15,6.9,92.08825306450001,6.312,3.937
2020-02-12T15:17:00.0,6.25,6.61,6.79,6.57,92.6884167605,6.25,3.875
2020-02-12T15:18:00.0,7.11,5.99,6.69,6.26,93.93831376450001,6.187,3.812
2020-02-12T15:19:00.0,6.17,5.95,6.83,6.06,94.9117841125,6.062,3.687
2020-02-12T15:20:00.0,7.05,6.03,6.79,6.08,95.66606858050001,6,3.687
2020-02-12T15:21:00.0,6.47,6.13,6.73,6.17,95.80049897800001,5.875,3.625
2020-02-12T15:22:00.0,6.73,6.07,6.39,6.1,95.3969684605,5.812,3.625
2020-02-12T15:23:00.0,7.15,6.25,6.69,6.14,95.7198503125,5.75,3.562
2020-02-12T15:24:00.0,6.69,6.47,6.83,6.21,95.82737548450001,5.687,3.5
2020-02-12T15:25:00.0,6.87,6.33,6.53,6.25,95.66606858050001,5.687,3.562
2020-02-12T15:26:00.0,6.47,6.13,5.99,6.08,95.639172928,5.625,3.562
2020-02-12T15:27:00.0,6.97,6.03,6.65,6.12,96.230140162,5.625,3.562
2020-02-12T15:28:00.0,6.73,6.03,6.57,6.18,96.283787872,5.625,3.625
2020-02-12T15:29:00.0,,,,,,,
2020-02-12T15:30:00.0,6.17,6.47,6.79,6.22,96.14964466450002,5.625,3.562
2020-02-12T15:31:00.0,6.75,6.29,6.91,6.31,95.88111892450002,5.625,3.625
2020-02-12T15:32:00.0,6.43,6.25,6.79,6.35,95.28923906450001,5.687,3.625
2020-02-12T15:33:00.0,6.97,6.91,6.97,6.58,95.50464680050001,5.687,3.625
2020-02-12T15:34:00.0,6.97,6.03,6.97,6.73,94.80382496450001,5.75,3.687
2020-02-12T15:35:00.0,6.79,7.01,6.97,6.71,94.20913702450001,5.812,3.687
2020-02-12T15:36:00.0,6.69,6.69,7.15,6.74,94.80382496450001,5.875,3.75
2020-02-12T15:37:00.0,6.61,6.79,7.23,6.94,93.88411082050001,5.937,3.75
2020-02-12T15:38:00.0,7.65,6.79,7.33,7.16,93.1239293845,6,3.812
2020-02-12T15:39:00.0,7.09,7.09,7.65,7.37,92.006292898,6,3.812
2020-02-12T15:40:00.0,7.45,7.45,7.79,7.59,90.2784953125,6.062,3.812
2020-02-12T15:41:00.0,7.33,7.15,7.45,7.76,90.71850086450002,6.125,3.937
2020-02-12T15:42:00.0,8.01,6.75,7.45,7.52,89.83767286450001,6.187,4
2020-02-12T15:43:00.0,6.93,7.11,7.41,7.24,89.89282034450001,6.187,4
2020-02-12T15:44:00.0,7.59,6.87,6.87,7.15,90.71850086450002,6.187,4
2020-02-12T15:45:00.0,7.79,7.09,6.91,7.18,90.8832923405,6.187,4.062
2020-02-12T15:46:00.0,7.27,6.65,6.91,7.24,90.55359451250001,6.187,4.125
2020-02-12T15:47:00.0,7.47,6.97,7.11,7.43,90.0581862005,6.187,4.125
2020-02-12T15:48:00.0,7.47,7.01,7.05,7.47,88.6766273005,6.187,4.187
2020-02-12T15:49:00.0,7.87,6.97,7.55,7.72,88.8982128125,6.187,4.187
2020-02-12T15:50:00.0,7.87,7.27,7.37,7.84,87.7882430125,6.187,4.187
2020-02-12T15:51:00.0,8.13,7.15,7.15,7.76,87.1198104445,6.25,4.375
2020-02-12T15:52:00.0,7.59,6.73,7.15,7.58,88.0662141125,6.25,4.375
2020-02-12T15:53:00.0,7.95,7.29,7.33,7.64,88.12177004050001,6.25,4.375
2020-02-12T15:54:00.0,7.37,7.23,7.05,7.55,87.98285628800001,6.25,4.375
2020-02-12T15:55:00.0,7.77,7.29,7.37,7.62,88.45483756450001,6.25,4.312
2020-02-12T15:56:00.0,8.13,7.27,7.47,7.86,87.593473378,6.25,4.312
2020-02-12T15:57:00.0,8.13,7.15,7.59,8.1,87.20346503200001,6.25,4.375
2020-02-12T15:58:00.0,8.51,7.09,7.33,8.18,85.6652344645,6.312,4.375
2020-02-12T15:59:00.0,9.03,7.69,7.97,8.74,84.00440125,6.375,4.5
2020-02-12T16:00:00.0,8.45,8.09,8.19,8.83,84.2020300205,6.437,4.5
2020-02-12T16:01:00.0,7.97,7.23,7.45,8.18,84.00440125,6.5,4.437
2020-02-12T16:02:00.0,7.77,6.87,7.15,7.8,85.97365280000001,6.5,4.437
2020-02-12T16:03:00.0,7.83,6.93,7.65,7.73,86.8407544045,6.5,4.375
2020-02-12T16:04:00.0,7.97,7.09,7.45,7.83,87.20346503200001,6.437,4.312
2020-02-12T16:05:00.0,8.59,7.73,7.73,8.16,87.50995281250002,6.437,4.312
2020-02-12T16:06:00.0,8.37,7.29,7.95,8.25,84.93471080050001,6.437,4.312
2020-02-12T16:07:00.0,8.75,7.69,7.91,8.34,85.44068770450001,6.5,4.375
2020-02-12T16:08:00.0,8.55,8.05,8.09,8.41,85.1034846445,6.562,4.375
2020-02-12T16:09:00.0,8.09,7.33,7.77,8.14,84.7658220805,6.625,4.375
2020-02-12T16:10:00.0,7.19,6.73,7.45,7.5,86.980322312,6.562,4.312
2020-02-12T16:11:00.0,7.45,6.65,7.09,7.12,88.56575796050001,6.5,4.25
2020-02-12T16:12:00.0,7.37,6.79,7.33,6.91,90.00307701250001,6.437,4.187
2020-02-12T16:13:00.0,6.91,6.75,6.69,6.91,90.44359312450001,6.312,4.125
2020-02-12T16:14:00.0,7.47,6.29,6.91,6.84,90.44359312450001,6.312,4.125
2020-02-12T16:15:00.0,7.33,6.25,6.97,6.86,90.44359312450001,6.187,4.062
2020-02-12T16:16:00.0,7.77,6.87,6.91,7.01,90.471098258,6.125,4.125
2020-02-12T16:17:00.0,7.33,6.61,7.15,7.26,90.1683662845,6.125,4.187
2020-02-12T16:18:00.0,7.59,6.87,7.29,7.34,89.28549604450001,6.125,4.187
2020-02-12T16:19:00.0,8.05,7.23,7.61,7.4,89.28549604450001,6.125,4.25
2020-02-12T16:20:00.0,7.87,6.53,6.93,7.2,88.6211990125,6.125,4.187
2020-02-12T16:21:00.0,7.65,6.51,6.65,7.04,88.5103041445,6.125,4.187
2020-02-12T16:22:00.0,7.15,6.57,6.83,7.12,89.39603352050001,6.062,4.25
2020-02-12T16:23:00.0,7.27,6.03,6.65,6.98,88.7320428245,6.062,4.25
2020-02-12T16:24:00.0,7.51,6.39,6.75,6.9,88.815142178,6,4.312
2020-02-12T16:25:00.0,7.29,5.81,6.57,6.9,89.17490751250001,6,4.375
2020-02-12T16:26:00.0,6.93,5.99,6.25,6.67,89.2302081605,5.937,4.375
2020-02-12T16:27:00.0,7.45,6.17,6.39,6.63,90.0581862005,5.937,4.375
2020-02-12T16:28:00.0,6.51,5.93,6.17,6.64,90.14082605,5.875,4.375
2020-02-12T16:29:00.0,6.79,6.17,6.35,6.59,90.7734441205,5.875,4.312
2020-02-12T16:30:00.0,6.73,6.07,6.35,6.51,91.23994645,5.812,4.312
2020-02-12T16:31:00.0,6.87,5.85,6.07,6.34,91.92430401250002,5.812,4.25
2020-02-12T16:32:00.0,6.73,5.71,6.13,6.24,92.52488892050002,5.75,4.187
2020-02-12T16:33:00.0,6.75,5.51,6.03,6.21,92.82460220800002,5.75,4.187
2020-02-12T16:34:00.0,7.01,5.63,5.99,6.32,93.205497058,5.687,4.187
2020-02-12T16:35:00.0,6.83,5.55,5.73,6.4,92.3066731045,5.625,4.25
2020-02-12T16:36:00.0,6.43,5.71,6.17,6.4,91.89696800200001,5.687,4.25
2020-02-12T16:37:00.0,7.27,5.51,6.07,6.45,92.3066731045,5.625,4.312
2020-02-12T16:38:00.0,6.47,5.63,5.71,6.36,92.96070788050001,5.625,4.312
2020-02-12T16:39:00.0,6.69,5.81,6.03,6.21,93.9925039445,5.625,4.312
2020-02-12T16:40:00.0,5.85,5.71,5.95,6.18,94.4255658805,5.625,4.312
2020-02-12T16:41:00.0,6.73,5.71,5.85,6.2,94.5337037245,5.562,4.25
2020-02-12T16:42:00.0,6.11,5.27,5.93,6.03,94.85781092050001,5.562,4.25
2020-02-12T16:43:00.0,6.51,5.27,5.99,6.02,94.992719968,5.562,4.125
2020-02-12T16:44:00.0,6.33,6.07,5.95,6.07,95.100589768,5.5,4.125
2020-02-12T16:45:00.0,6.35,5.41,5.77,6.02,95.04666125000001,5.5,4.125
2020-02-12T16:46:00.0,6.29,5.85,5.85,6.02,95.7198503125,5.5,4.125
2020-02-12T16:47:00.0,6.53,5.73,5.85,6.06,95.50464680050001,5.5,4.125
2020-02-12T16:48:00.0,6.61,5.41,6.39,6.14,95.3969684605,5.437,4.125
2020-02-12T16:49:00.0,6.79,5.77,6.21,6.26,95.6122740845,5.437,4.125
2020-02-12T16:50:00.0,6.47,5.55,5.95,6.27,94.85781092050001,5.437,4.125
2020-02-12T16:51:00.0,6.65,5.59,6.03,6.2,95.34311014450002,5.5,4.187
2020-02-12T16:52:00.0,5.95,5.49,5.99,6.26,94.69581476050001,5.5,4.187
2020-02-12T16:53:00.0,6.79,5.23,5.85,6.28,94.74982624450001,5.5,4.187
2020-02-12T16:54:00.0,6.57,5.71,6.11,6.34,94.58775350050001,5.562,4.187
2020-02-12T16:55:00.0,6.11,5.73,5.77,6.32,94.5337037245,5.562,4.187
2020-02-12T16:56:00.0,6.83,5.85,6.17,6.39,94.45260512800002,5.562,4.187
2020-02-12T16:57:00.0,6.25,5.23,5.81,6.22,93.7214254045,5.625,4.25
2020-02-12T16:58:00.0,6.91,5.59,5.85,6.22,94.398523442,5.562,4.187
2020-02-12T16:59:00.0,6.39,5.63,6.13,6.17,94.398523442,5.625,4.187
2020-02-12T17:00:00.0,6.51,5.93,6.07,6.17,94.96574454050001,5.562,4.187
2020-02-12T17:01:00.0,5.63,5.37,5.93,6.08,94.96574454050001,5.562,4.125
2020-02-12T17:02:00.0,6.79,5.93,6.11,6,95.45081401250002,5.562,4.125
2020-02-12T17:03:00.0,6.13,5.51,5.93,5.95,95.66606858050001,5.5,4.062
2020-02-12T17:04:00.0,6.29,5.51,5.93,5.96,95.98856751250001,5.5,4.062
2020-02-12T17:05:00.0,6.79,5.49,5.93,5.98,96.31060694050001,5.5,4.062
2020-02-12T17:06:00.0,6.07,5.49,5.89,5.99,95.88111892450002,5.5,4.062
2020-02-12T17:07:00.0,6.07,5.45,5.85,5.95,96.20331152050001,5.437,4
2020-02-12T17:08:00.0,,,,,,,
2020-02-12T17:09:00.0,5.99,5.37,5.95,5.84,96.391045,5.375,3.937
2020-02-12T17:10:00.0,,,,,,,
2020-02-12T17:11:00.0,6.17,5.41,5.49,5.58,97.08697184200001,5.312,3.812
2020-02-12T17:12:00.0,5.85,5.19,5.59,5.43,97.75409800450001,5.312,3.812
2020-02-12T17:13:00.0,5.77,4.81,5.67,5.24,98.07361016050001,5.25,3.75
2020-02-12T17:14:00.0,5.45,4.79,5.37,5.04,98.87038022050001,5.187,3.625
2020-02-12T17:15:00.0,5.41,4.85,5.11,4.91,99.1882841125,5.062,3.5
2020-02-12T17:16:00.0,5.49,4.67,5.15,4.87,99.5585912245,5,3.437
2020-02-12T17:17:00.0,,,,,,,
2020-02-12T17:18:00.0,5.41,4.79,4.97,4.72,99.3999647605,4.812,3.25
2020-02-12T17:19:00.0,5.01,4.07,5.05,4.58,99.50572850050001,4.75,3.187
2020-02-12T17:20:00.0,5.05,4.11,4.53,4.54,99.9282729005,4.687,3.125
2020-02-12T17:21:00.0,4.89,4.11,4.59,4.42,100.0337813605,4.562,3.062
2020-02-12T17:22:00.0,,,,,,,
2020-02-12T17:23:00.0,4.85,4.41,4.93,4.39,100.323666368,4.437,3
2020-02-12T17:24:00.0,4.75,4.41,4.71,4.33,100.24464511250001,4.375,2.875
2020-02-12T17:25:00.0,4.45,4.11,4.49,4.32,100.21829831200002,4.312,2.875
2020-02-12T17:26:00.0,5.19,4.11,4.45,4.3,100.1392387645,4.312,2.875
2020-02-12T17:27:00.0,5.29,4.33,4.63,4.31,100.1392387645,4.25,2.75
2020-02-12T17:28:00.0,4.81,4.23,4.45,4.32,99.84910805000001,4.25,2.75
2020-02-12T17:29:00.0,4.41,4.11,4.41,4.28,99.61144118450001,4.187,2.75
2020-02-12T17:30:00.0,5.19,3.85,4.23,4.35,99.5585912245,4.187,2.75
2020-02-12T17:31:00.0,4.97,3.85,4.49,4.29,99.0823672045,4.187,2.75
2020-02-12T17:32:00.0,,,,,,,
2020-02-12T17:33:00.0,4.81,3.89,4.41,4.35,98.81735156450002,4.125,2.75
2020-02-12T17:34:00.0,4.79,4.01,4.53,4.34,98.87038022050001,4.125,2.75
2020-02-12T17:35:00.0,5.05,3.81,4.31,4.28,98.9763992405,4.062,2.687
2020-02-12T17:36:00.0,4.59,3.81,4.07,4.23,98.6581890125,4,2.687
2020-02-12T17:37:00.0,5.05,3.71,4.63,4.23,98.81735156450002,4,2.687
2020-02-12T17:38:00.0,5.15,4.01,4.31,4.18,98.6581890125,4,2.687
2020-02-12T17:39:00.0,,,,,,,
2020-02-12T17:40:00.0,4.93,3.79,4.11,4.18,98.0203900445,3.875,2.562
2020-02-12T17:41:00.0,4.81,3.71,4.27,4.17,97.86065311250002,3.875,2.562
2020-02-12T17:42:00.0,4.75,3.63,4.23,4.1,98.18001210050001,3.875,2.5
2020-02-12T17:43:00.0,4.41,3.67,4.19,3.99,98.25978005000002,3.812,2.5
2020-02-12T17:44:00.0,4.27,3.45,3.75,3.76,98.684724082,3.75,2.375
2020-02-12T17:45:00.0,4.45,3.29,4.05,3.73,99.214755362,3.687,2.312
2020-02-12T17:46:00.0,3.85,3.67,3.55,3.76,99.82271338450002,3.625,2.312
2020-02-12T17:47:00.0,4.45,3.49,4.15,3.76,99.74351024200001,3.562,2.437
2020-02-12T17:48:00.0,5.05,3.81,4.31,3.82,99.71710281250002,3.562,2.437
2020-02-12T17:49:00.0,4.63,3.53,4.15,3.88,99.82271338450002,3.5,2.437
2020-02-12T17:50:00.0,4.67,3.45,3.79,3.92,99.5585912245,3.562,2.437
2020-02-12T17:51:00.0,,,,,,,
2020-02-12T17:52:00.0,4.27,4.05,4.19,3.97,99.42641048200001,3.5,2.5
2020-02-12T17:53:00.0,4.19,3.67,3.75,3.98,99.1353320405,3.562,2.5
2020-02-12T17:54:00.0,4.49,3.53,4.19,3.96,99.1353320405,3.562,2.562
2020-02-12T17:55:00.0,4.31,3.59,3.33,4,99.1353320405,3.562,2.562
2020-02-12T17:56:00.0,3.93,3.79,4.05,4.03,98.7643101445,3.562,2.562
2020-02-12T17:57:00.0,4.85,3.55,4.07,4.02,98.79083245000001,3.625,2.625
2020-02-12T17:58:00.0,,,,,,,
2020-02-12T17:59:00.0,4.53,3.25,3.93,3.98,98.6581890125,3.625,2.562
2020-02-12T18:00:00.0,4.89,3.53,3.67,3.98,98.44579358050001,3.625,2.625
2020-02-12T18:01:00.0,3.97,3.45,3.81,3.96,98.578564658,3.562,2.625
2020-02-12T18:02:00.0,4.57,3.19,4.05,3.96,98.896889762,3.562,2.625
2020-02-12T18:03:00.0,4.41,3.71,3.81,3.9,98.9763992405,3.562,2.625
2020-02-12T18:04:00.0,4.15,3.45,3.67,3.9,98.81735156450002,3.562,2.625
2020-02-12T18:05:00.0,4.37,3.45,4.01,3.9,98.6581890125,3.562,2.625
2020-02-12T18:06:00.0,4.31,3.53,3.67,3.9,98.7112559605,3.562,2.625
2020-02-12T18:07:00.0,4.11,3.29,3.79,3.89,98.7112559605,3.562,2.625
2020-02-12T18:08:00.0,4.31,3.33,3.85,3.89,98.6581890125,3.562,2.625
2020-02-12T18:09:00.0,4.15,3.49,4.05,3.89,98.472354178,3.562,2.625
2020-02-12T18:10:00.0,3.67,3.29,3.75,3.88,98.55201682450001,3.5,2.625
2020-02-12T18:11:00.0,4.01,3.59,4.01,3.86,98.5254658,3.5,2.625
2020-02-12T18:12:00.0,3.85,3.29,3.93,3.87,98.49891158450001,3.5,2.625
2020-02-12T18:13:00.0,4.41,3.37,3.85,3.84,98.3926628125,3.562,2.625
2020-02-12T18:14:00.0,4.01,3.23,3.67,3.83,98.23319392450001,3.5,2.625
2020-02-12T18:15:00.0,4.49,3.71,3.85,3.82,98.7112559605,3.5,2.625
2020-02-12T18:16:00.0,4.27,3.79,3.75,3.88,98.6581890125,3.437,2.625
2020-02-12T18:17:00.0,4.71,3.25,4.15,3.88,98.49891158450001,3.5,2.562
2020-02-12T18:18:00.0,4.19,3.45,3.81,3.88,98.18001210050001,3.5,2.625
2020-02-12T18:19:00.0,4.07,3.25,3.19,3.86,97.86065311250002,3.437,2.625
2020-02-12T18:20:00.0,4.23,3.33,3.89,3.94,97.64749184050001,3.5,2.625
2020-02-12T18:21:00.0,4.59,3.29,3.81,3.94,97.43412634450002,3.5,2.687
2020-02-12T18:22:00.0,4.49,3.23,3.89,3.96,97.27396820050001,3.5,2.687
2020-02-12T18:23:00.0,4.59,3.75,4.07,4.02,97.75409800450001,3.5,2.687
2020-02-12T18:24:00.0,4.57,3.63,3.97,4.08,97.16713228450001,3.562,2.687
2020-02-12T18:25:00.0,4.49,3.33,3.71,4.14,97.00678268050001,3.562,2.687
2020-02-12T18:26:00.0,4.97,3.85,4.15,4.24,97.19384605,3.562,2.687
2020-02-12T18:27:00.0,4.31,3.49,3.97,4.26,96.4178513045,3.562,2.75
2020-02-12T18:28:00.0,4.45,3.75,3.53,4.19,96.4714543405,3.625,2.75
2020-02-12T18:29:00.0,4.31,3.81,4.31,4.2,96.25696561250001,3.562,2.75
2020-02-12T18:30:00.0,5.11,3.63,3.53,4.26,96.31060694050001,3.625,2.75
2020-02-12T18:31:00.0,4.93,3.41,4.07,4.28,96.12280645,3.687,2.75
2020-02-12T18:32:00.0,4.45,3.75,4.19,4.23,95.9348496005,3.687,2.687
2020-02-12T18:33:00.0,4.75,3.49,4.01,4.18,96.0959650445,3.687,2.687
2020-02-12T18:34:00.0,4.33,3.75,3.97,4.14,96.14964466450002,3.625,2.687
2020-02-12T18:35:00.0,4.59,3.55,3.93,4.09,96.712510048,3.687,2.625
2020-02-12T18:36:00.0,4.45,3.45,4.15,4,96.95330728450001,3.625,2.625
2020-02-12T18:37:00.0,4.85,3.25,4.27,4.06,97.00678268050001,3.625,2.562
2020-02-12T18:38:00.0,4.41,3.41,3.89,4,97.14041532800002,3.562,2.562
2020-02-12T18:39:00.0,4.89,3.75,3.93,4,97.033515592,3.625,2.625
2020-02-12T18:40:00.0,4.57,3.49,3.75,3.98,96.95330728450001,3.562,2.625
2020-02-12T18:41:00.0,3.97,3.63,3.93,4.04,96.87307025800001,3.562,2.625
2020-02-12T18:42:00.0,4.45,3.53,3.89,4.1,97.1136951805,3.562,2.687
2020-02-12T18:43:00.0,4.57,3.11,4.05,4.09,96.73927806050001,3.562,2.687
2020-02-12T18:44:00.0,4.57,3.53,4.05,4.07,96.65896445000001,3.562,2.687
2020-02-12T18:45:00.0,4.45,3.29,3.63,4.09,96.95330728450001,3.562,2.687
2020-02-12T18:46:00.0,4.37,3.45,3.75,4.06,96.84631820050001,3.562,2.687
2020-02-12T18:47:00.0,4.23,3.71,3.75,4.09,96.8998191245,3.562,2.625
2020-02-12T18:48:00.0,4.45,3.41,3.81,4.16,97.19384605,3.562,2.687
2020-02-12T18:49:00.0,4.41,3.19,3.49,4.05,97.1136951805,3.562,2.687
2020-02-12T18:50:00.0,4.07,3.03,3.85,4,97.30066920200001,3.562,2.687
2020-02-12T18:51:00.0,4.23,3.45,4.15,4.01,97.59416961250001,3.562,2.687
2020-02-12T18:52:00.0,4.33,3.25,3.63,3.98,97.567503712,3.562,2.625
2020-02-12T18:53:00.0,4.53,3.37,3.93,3.98,97.59416961250001,3.562,2.625
2020-02-12T18:54:00.0,4.33,3.49,3.81,4,97.4874868645,3.562,2.625
2020-02-12T18:55:00.0,4.49,3.33,3.85,3.96,97.7008013045,3.562,2.625
2020-02-12T18:56:00.0,4.45,3.29,3.89,3.92,97.3273670125,3.562,2.625
2020-02-12T18:57:00.0,4.01,3.41,3.41,3.91,97.64749184050001,3.562,2.625
2020-02-12T18:58:00.0,4.19,3.49,3.79,3.94,97.27396820050001,3.5,2.625
2020-02-12T18:59:00.0,4.15,3.19,3.75,3.96,97.46080820000002,3.5,2.625
2020-02-12T19:00:00.0,3.97,3.55,4.15,3.96,97.27396820050001,3.5,2.625
2020-02-12T19:01:00.0,4.59,3.41,3.75,3.96,97.06024531250002,3.5,2.625
2020-02-12T19:02:00.0,4.49,3.63,4.05,3.94,96.76604288200001,3.5,2.562
2020-02-12T19:03:00.0,4.49,3.79,3.75,3.94,96.73927806050001,3.5,2.562
2020-02-12T19:04:00.0,4.19,3.49,3.85,4.05,97.00678268050001,3.5,2.562
2020-02-12T19:05:00.0,3.93,3.41,3.79,4,96.68573884450001,3.5,2.625
2020-02-12T19:06:00.0,4.23,3.71,3.71,3.98,96.819562952,3.5,2.625
2020-02-12T19:07:00.0,4.07,3.63,3.81,3.99,97.06024531250002,3.5,2.625
2020-02-12T19:08:00.0,4.27,3.63,3.71,4.02,96.73927806050001,3.5,2.625
2020-02-12T19:09:00.0,4.41,3.15,3.49,4.06,96.4178513045,3.5,2.687
2020-02-12T19:10:00.0,4.57,3.45,3.89,4.02,96.31060694050001,3.562,2.687
2020-02-12T19:11:00.0,4.57,3.59,3.71,4.06,95.85424880000001,3.562,2.687
2020-02-12T19:12:00.0,4.23,3.55,3.89,4.06,96.04227266050002,3.562,2.687
2020-02-12T19:13:00.0,,,,,,,
2020-02-12T19:14:00.0,4.27,3.37,3.81,4.07,96.14964466450002,3.562,2.75
2020-02-12T19:15:00.0,4.23,3.53,3.75,4.01,95.34311014450002,3.625,2.75
2020-02-12T19:16:00.0,4.45,3.23,3.23,3.99,95.6122740845,3.562,2.75
2020-02-12T19:17:00.0,4.27,3.15,3.49,3.98,95.55846682450002,3.625,2.75
2020-02-12T19:18:00.0,4.41,3.37,3.85,4.04,95.98856751250001,3.562,2.75
2020-02-12T19:19:00.0,4.15,3.59,3.49,3.98,95.69296104200001,3.562,2.75
2020-02-12T19:20:00.0,4.45,3.49,3.53,3.98,95.55846682450002,3.625,2.75
2020-02-12T19:21:00.0,,,,,,,
2020-02-12T19:22:00.0,4.15,3.33,3.37,3.94,95.0196922045,3.625,2.75
2020-02-12T19:23:00.0,3.85,3.37,3.29,3.96,95.26229873800001,3.562,2.75
2020-02-12T19:24:00.0,3.79,3.55,3.25,3.88,95.0736271045,3.562,2.75
2020-02-12T19:25:00.0,3.11,3.23,3.25,3.88,94.992719968,3.562,2.75
2020-02-12T19:26:00.0,4.45,3.25,3.55,3.86,95.0736271045,3.562,2.75
2020-02-12T19:27:00.0,4.19,3.37,3.25,3.87,95.18145861250001,3.625,2.75
2020-02-12T19:28:00.0,3.63,3.29,3.25,3.9,95.15450552200001,3.562,2.75
2020-02-12T19:29:00.0,3.97,3.07,3.75,3.86,94.69581476050001,3.625,2.75
2020-02-12T19:30:00.0,3.89,3.19,3.63,3.92,95.28923906450001,3.562,2.75
2020-02-12T19:31:00.0,4.07,3.79,3.89,3.91,95.1275492405,3.625,2.75
2020-02-12T19:32:00.0,4.15,3.41,3.63,3.92,94.69581476050001,3.625,2.75
2020-02-12T19:33:00.0,4.31,3.25,3.53,3.96,94.58775350050001,3.562,2.75
2020-02-12T19:34:00.0,4.37,3.55,3.53,3.98,94.96574454050001,3.562,2.75
2020-02-12T19:35:00.0,4.07,3.19,3.55,4,94.85781092050001,3.625,2.812
2020-02-12T19:36:00.0,4.01,3.59,3.53,3.98,94.64179051250001,3.625,2.75
2020-02-12T19:37:00.0,,,,,,,
2020-02-12T19:38:00.0,4.57,3.11,3.55,3.95,94.64179051250001,3.625,2.812
2020-02-12T19:39:00.0,4.23,3.19,3.45,3.98,94.23620180000002,3.625,2.812
2020-02-12T19:40:00.0,,,,,,,
2020-02-12T19:41:00.0,3.97,3.53,3.59,3.95,94.3714778125,3.625,2.812
2020-02-12T19:42:00.0,3.75,3.25,3.41,3.94,93.93831376450001,3.625,2.75
2020-02-12T19:43:00.0,4.49,3.45,3.63,3.92,93.8298951125,3.625,2.75
2020-02-12T19:44:00.0,4.27,3.19,3.41,3.92,94.04668136050002,3.625,2.812
2020-02-12T19:45:00.0,3.81,3.33,3.53,3.96,94.1549979005,3.687,2.812
2020-02-12T19:46:00.0,3.93,3.37,3.59,3.93,94.34442899200002,3.687,2.75
2020-02-12T19:47:00.0,4.11,3.11,3.45,3.91,94.5337037245,3.625,2.75
2020-02-12T19:48:00.0,4.11,3.15,3.45,3.87,94.4255658805,3.625,2.75
2020-02-12T19:49:00.0,4.41,3.15,3.81,3.86,94.58775350050001,3.625,2.75
2020-02-12T19:50:00.0,4.33,3.29,3.63,3.83,94.3714778125,3.625,2.75
2020-02-12T19:51:00.0,3.97,3.19,3.25,3.8,94.58775350050001,3.625,2.75
2020-02-12T19:52:00.0,4.37,3.15,3.55,3.77,94.74982624450001,3.625,2.75
2020-02-12T19:53:00.0,4.11,3.07,3.41,3.79,94.80382496450001,3.625,2.75
2020-02-12T19:54:00.0,3.85,3.07,3.19,3.8,95.15450552200001,3.562,2.75
2020-02-12T19:55:00.0,3.53,3.19,3.29,3.78,94.96574454050001,3.625,2.75
2020-02-12T19:56:00.0,4.07,3.07,3.75,3.8,95.26229873800001,3.562,2.75
2020-02-12T19:57:00.0,4.33,3.11,3.53,3.78,95.0196922045,3.625,2.75
2020-02-12T19:58:00.0,4.07,3.23,3.59,3.75,95.26229873800001,3.562,2.75
2020-02-12T19:59:00.0,4.19,3.23,3.49,3.76,94.992719968,3.562,2.687
2020-02-12T20:00:00.0,4.37,3.45,3.75,3.78,94.85781092050001,3.562,2.75
2020-02-12T20:01:00.0,3.33,3.19,3.55,3.74,94.80382496450001,3.562,2.75
2020-02-12T20:02:00.0,3.49,3.59,3.55,3.79,94.93876592200002,3.562,2.75
2020-02-12T20:03:00.0,4.01,2.99,3.53,3.72,94.830819538,3.562,2.75
2020-02-12T20:04:00.0,4.19,3.45,3.49,3.74,94.96574454050001,3.562,2.75
2020-02-12T20:05:00.0,3.89,2.89,3.37,3.72,95.28923906450001,3.562,2.687
2020-02-12T20:06:00.0,4.01,3.15,3.79,3.64,95.50464680050001,3.5,2.687
2020-02-12T20:07:00.0,3.81,3.11,3.41,3.64,95.50464680050001,3.562,2.687
2020-02-12T20:08:00.0,3.81,3.19,3.23,3.68,95.50464680050001,3.5,2.625
2020-02-12T20:09:00.0,3.85,3.03,3.23,3.62,95.1275492405,3.5,2.625
2020-02-12T20:10:00.0,3.71,2.91,3.41,3.6,94.74982624450001,3.5,2.625
2020-02-12T20:11:00.0,3.49,2.99,3.11,3.6,95.0736271045,3.5,2.687
2020-02-12T20:12:00.0,3.81,2.69,3.11,3.59,94.88479911200001,3.437,2.687
2020-02-12T20:13:00.0,3.63,2.99,3.19,3.6,94.88479911200001,3.5,2.687
2020-02-12T20:14:00.0,3.59,2.77,3.11,3.56,94.992719968,3.5,2.687
2020-02-12T20:15:00.0,,,,,,,
2020-02-12T20:16:00.0,3.63,3.11,3.19,3.57,95.0736271045,3.437,2.687
2020-02-12T20:17:00.0,3.41,3.03,3.23,3.53,95.3969684605,3.437,2.687
2020-02-12T20:18:00.0,3.81,2.85,3.63,3.54,95.26229873800001,3.5,2.687
2020-02-12T20:19:00.0,3.59,2.77,3.33,3.53,94.85781092050001,3.437,2.687
2020-02-12T20:20:00.0,3.81,2.85,3.11,3.55,95.3969684605,3.437,2.687
2020-02-12T20:21:00.0,3.55,3.03,2.95,3.48,95.6122740845,3.437,2.687
2020-02-12T20:22:00.0,3.89,2.81,3.11,3.5,95.6122740845,3.437,2.687
2020-02-12T20:23:00.0,3.89,2.95,2.99,3.5,95.37004089800001,3.437,2.687
2020-02-12T20:24:00.0,4.05,2.91,3.15,3.52,95.50464680050001,3.437,2.687
2020-02-12T20:25:00.0,3.89,2.77,3.45,3.5,95.6122740845,3.437,2.687
2020-02-12T20:26:00.0,4.05,2.95,3.29,3.52,95.3969684605,3.375,2.625
2020-02-12T20:27:00.0,3.93,3.03,3.07,3.5,95.50464680050001,3.375,2.687
2020-02-12T20:28:00.0,3.49,2.85,3.23,3.52,95.45081401250002,3.437,2.687
2020-02-12T20:29:00.0,4.01,2.99,3.15,3.56,95.1275492405,3.437,2.625
2020-02-12T20:30:00.0,3.75,2.85,2.99,3.54,94.9117841125,3.437,2.687
2020-02-12T20:31:00.0,3.85,2.69,3.11,3.54,94.830819538,3.437,2.75
2020-02-12T20:32:00.0,,,,,,,
2020-02-12T20:33:00.0,3.75,2.85,3.23,3.52,95.26229873800001,3.437,2.687
2020-02-12T20:34:00.0,3.89,2.85,3.11,3.49,95.66606858050001,3.437,2.625
2020-02-12T20:35:00.0,3.53,2.81,3.59,3.42,95.639172928,3.437,2.625
2020-02-12T20:36:00.0,2.81,2.89,3.11,3.4,95.9348496005,3.375,2.625
2020-02-12T20:37:00.0,4.11,2.81,3.07,3.38,96.069120448,3.375,2.562
2020-02-12T20:38:00.0,3.81,2.73,3.41,3.4,96.0959650445,3.375,2.562
2020-02-12T20:39:00.0,3.63,2.73,2.95,3.37,96.04227266050002,3.375,2.562
2020-02-12T20:40:00.0,2.99,2.95,3.07,3.36,95.98856751250001,3.375,2.562
2020-02-12T20:41:00.0,3.59,2.81,2.91,3.34,96.0959650445,3.375,2.562
2020-02-12T20:42:00.0,3.71,2.73,3.07,3.3,95.82737548450001,3.375,2.562
2020-02-12T20:43:00.0,3.29,2.51,2.89,3.32,96.04227266050002,3.312,2.562
2020-02-12T20:44:00.0,3.19,2.69,3.33,3.34,95.98856751250001,3.312,2.562
2020-02-12T20:45:00.0,3.55,2.51,3.03,3.31,96.36423550450002,3.312,2.562
2020-02-12T20:46:00.0,4.01,2.91,3.15,3.3,96.57862212050001,3.312,2.562
2020-02-12T20:47:00.0,3.75,2.95,3.07,3.31,96.57862212050001,3.312,2.5
2020-02-12T20:48:00.0,3.79,2.65,3.19,3.31,96.84631820050001,3.312,2.562
2020-02-12T20:49:00.0,4.07,2.89,2.65,3.28,97.14041532800002,3.312,2.5
2020-02-12T20:50:00.0,3.67,2.85,2.89,3.3,97.1136951805,3.312,2.5
2020-02-12T20:51:00.0,3.71,2.65,2.69,3.26,96.8998191245,3.312,2.5
2020-02-12T20:52:00.0,,,,,,,
2020-02-12T20:53:00.0,3.59,2.61,3.11,3.22,97.033515592,3.312,2.5
2020-02-12T20:54:00.0,3.85,2.51,2.91,3.2,97.06024531250002,3.312,2.437
