time,TempPlant1,TempPlant3,TempPlant5,Air_temp_loc,Humedity,air_temp,Ambient_1
2020-02-14T06:05:00.0,4.19,4.49,4.53,4.64,97.80738194050001,5.437,3.937
2020-02-14T06:06:00.0,4.41,3.63,4.01,4.59,97.86065311250002,5.437,3.937
2020-02-14T06:07:00.0,,,,,,,
2020-02-14T06:08:00.0,4.05,4.81,4.41,4.68,97.514162338,5.437,3.937
2020-02-14T06:09:00.0,3.93,4.33,4.41,4.67,97.514162338,5.437,3.937
2020-02-14T06:10:00.0,4.07,4.71,4.07,4.68,97.3273670125,5.375,3.937
2020-02-14T06:11:00.0,4.37,3.97,4.37,4.64,97.59416961250001,5.375,3.937
2020-02-14T06:12:00.0,4.41,4.15,4.23,4.66,97.59416961250001,5.375,3.937
2020-02-14T06:13:00.0,4.11,3.59,4.57,4.66,97.7008013045,5.375,3.937
2020-02-14T06:14:00.0,4.15,4.27,4.41,4.64,97.7008013045,5.375,3.937
2020-02-14T06:15:00.0,4.45,4.37,4.53,4.64,97.59416961250001,5.375,3.937
2020-02-14T06:16:00.0,4.45,4.49,4.31,4.67,97.514162338,5.312,3.937
2020-02-14T06:17:00.0,4.37,4.19,4.45,4.72,97.59416961250001,5.312,3.937
2020-02-14T06:18:00.0,4.57,4.45,4.31,4.74,97.514162338,5.312,3.937
2020-02-14T06:19:00.0,4.27,4.19,4.41,4.76,97.16713228450001,5.312,3.937
2020-02-14T06:20:00.0,4.37,5.11,4.53,4.81,97.16713228450001,5.312,4
2020-02-14T06:21:00.0,4.37,4.19,4.41,4.84,96.95330728450001,5.312,4
2020-02-14T06:22:00.0,4.19,5.11,4.45,4.91,97.16713228450001,5.312,4.062
2020-02-14T06:23:00.0,4.71,4.81,4.41,4.94,97.16713228450001,5.375,4.062
2020-02-14T06:24:00.0,4.41,4.33,4.45,4.94,97.1136951805,5.312,4.062
2020-02-14T06:25:00.0,4.79,4.57,4.49,4.99,97.1136951805,5.312,4.062
2020-02-14T06:26:00.0,4.49,4.37,4.71,4.98,97.1136951805,5.375,4.062
2020-02-14T06:27:00.0,4.59,5.23,5.01,5.02,96.68573884450001,5.375,4
2020-02-14T06:28:00.0,4.75,4.37,5.15,5.1,96.84631820050001,5.375,4.062
2020-02-14T06:29:00.0,4.33,5.33,4.85,5.07,96.819562952,5.375,4.062
2020-02-14T06:30:00.0,4.85,5.27,4.85,5.1,97.00678268050001,5.375,4.062
2020-02-14T06:31:00.0,4.45,5.37,4.71,5.12,96.84631820050001,5.375,4.062
2020-02-14T06:32:00.0,4.59,4.85,4.63,5.1,96.230140162,5.375,4.062
2020-02-14T06:33:00.0,4.63,5.49,4.71,5.14,96.069120448,5.375,4.062
2020-02-14T06:34:00.0,4.49,4.79,4.85,5.12,95.82737548450001,5.375,4.062
2020-02-14T06:35:00.0,4.53,5.05,5.01,5.16,95.77361928050001,5.312,4.125
2020-02-14T06:36:00.0,4.81,5.15,4.79,5.16,95.26229873800001,5.375,4.125
2020-02-14T06:37:00.0,4.75,5.01,5.11,5.2,95.639172928,5.375,4.125
2020-02-14T06:38:00.0,4.85,4.53,5.15,5.22,95.77361928050001,5.312,4.125
2020-02-14T06:39:00.0,5.11,5.29,5.15,5.24,95.85424880000001,5.312,4.187
2020-02-14T06:40:00.0,5.07,5.51,4.97,5.27,95.7198503125,5.312,4.187
2020-02-14T06:41:00.0,5.01,4.49,5.19,5.27,95.69296104200001,5.375,4.187
2020-02-14T06:42:00.0,5.19,5.59,5.59,5.32,95.7198503125,5.375,4.187
2020-02-14T06:43:00.0,5.01,4.75,5.45,5.32,95.82737548450001,5.375,4.187
2020-02-14T06:44:00.0,4.81,5.19,5.29,5.36,95.45081401250002,5.437,4.187
2020-02-14T06:45:00.0,4.89,5.29,5.29,5.38,95.3969684605,5.437,4.187
2020-02-14T06:46:00.0,4.93,5.07,5.55,5.38,95.50464680050001,5.5,4.187
2020-02-14T06:47:00.0,5.23,5.19,5.73,5.41,95.28923906450001,5.5,4.187
2020-02-14T06:48:00.0,5.11,5.05,5.23,5.42,95.45081401250002,5.5,4.187
2020-02-14T06:49:00.0,5.11,5.71,5.55,5.45,95.55846682450002,5.5,4.125
2020-02-14T06:50:00.0,5.37,5.71,5.51,5.58,95.0736271045,5.562,4.187
2020-02-14T06:51:00.0,5.29,5.19,5.77,5.66,94.64179051250001,5.562,4.187
2020-02-14T06:52:00.0,5.23,5.55,5.81,5.7,94.23620180000002,5.562,4.25
2020-02-14T06:53:00.0,5.51,5.95,5.67,5.76,93.9925039445,5.562,4.25
2020-02-14T06:54:00.0,5.49,5.51,5.63,5.78,93.93831376450001,5.562,4.25
2020-02-14T06:55:00.0,,,,,,,
2020-02-14T06:56:00.0,5.45,5.71,5.81,5.82,93.64003961800002,5.625,4.312
2020-02-14T06:57:00.0,5.41,5.15,5.89,5.77,93.802782472,5.625,4.312
2020-02-14T06:58:00.0,5.41,5.23,5.77,5.73,93.9925039445,5.687,4.312
2020-02-14T06:59:00.0,5.19,4.53,5.77,5.68,93.8298951125,5.687,4.25
2020-02-14T07:00:00.0,5.15,5.27,5.59,5.62,93.55862511250001,5.625,4.25
2020-02-14T07:01:00.0,5.01,5.19,5.77,5.6,93.66717140450001,5.625,4.25
2020-02-14T07:02:00.0,5.37,5.29,5.77,5.58,93.85700456200001,5.625,4.25
2020-02-14T07:03:00.0,5.07,5.71,5.49,5.54,93.7214254045,5.625,4.187
2020-02-14T07:04:00.0,5.11,5.07,5.51,5.56,93.9925039445,5.625,4.25
2020-02-14T07:05:00.0,5.19,4.79,5.77,5.58,93.6129046405,5.625,4.187
2020-02-14T07:06:00.0,,,,,,,
2020-02-14T07:07:00.0,5.55,3.97,5.15,5.68,94.1549979005,5.562,4.25
2020-02-14T07:08:00.0,5.27,5.01,5.49,5.66,93.7214254045,5.625,4.25
2020-02-14T07:09:00.0,5.59,5.71,5.29,5.7,93.55862511250001,5.625,4.25
2020-02-14T07:10:00.0,5.49,5.27,5.55,5.78,93.23267990050002,5.687,4.25
2020-02-14T07:11:00.0,5.45,5.49,5.29,5.84,93.34137936050001,5.75,4.312
2020-02-14T07:12:00.0,5.71,5.49,5.81,5.97,93.06953498050001,5.812,4.312
2020-02-14T07:13:00.0,5.85,5.81,5.77,6.08,92.22478952200001,5.812,4.375
2020-02-14T07:14:00.0,5.95,5.51,5.81,6.11,91.9789664605,5.937,4.375
2020-02-14T07:15:00.0,5.85,5.77,6.03,6.12,92.08825306450001,5.937,4.375
2020-02-14T07:16:00.0,5.85,5.49,5.77,6.13,91.92430401250002,5.937,4.375
2020-02-14T07:17:00.0,5.95,5.41,5.95,6.19,91.9789664605,6,4.375
2020-02-14T07:18:00.0,5.95,5.77,6.29,6.19,92.1974886125,6.062,4.437
2020-02-14T07:19:00.0,6.33,5.27,6.13,6.3,92.4703541125,6.062,4.437
2020-02-14T07:20:00.0,6.11,5.81,6.17,6.28,91.92430401250002,6.125,4.437
2020-02-14T07:21:00.0,6.11,5.55,6.07,6.09,92.006292898,6.125,4.437
2020-02-14T07:22:00.0,5.55,5.23,5.37,5.93,92.27938176800001,6.062,4.375
2020-02-14T07:23:00.0,5.63,5.33,5.59,5.78,92.96070788050001,6.062,4.312
2020-02-14T07:24:00.0,5.67,4.89,5.73,5.7,93.8298951125,6,4.187
2020-02-14T07:25:00.0,5.41,5.19,5.73,5.83,93.1783110245,5.937,4.125
2020-02-14T07:26:00.0,5.81,5.37,5.89,6,93.06953498050001,5.875,4.125
2020-02-14T07:27:00.0,6.07,5.81,6.07,6.2,92.63392024450002,5.937,4.125
2020-02-14T07:28:00.0,5.77,5.95,6.43,6.36,92.5794109645,5.937,4.187
2020-02-14T07:29:00.0,6.25,5.81,5.99,6.32,91.951636832,6,4.187
2020-02-14T07:30:00.0,6.13,5.93,6.13,6.32,91.76024008450001,6.062,4.25
2020-02-14T07:31:00.0,6.39,5.59,6.61,6.42,91.3769775125,6.062,4.375
2020-02-14T07:32:00.0,6.11,5.71,5.95,6.39,90.33354068050001,6.062,4.375
2020-02-14T07:33:00.0,6.13,5.59,6.29,6.3,90.69102445000001,6.062,4.375
2020-02-14T07:34:00.0,6.13,5.55,5.89,6.28,91.04796894050001,6.062,4.375
2020-02-14T07:35:00.0,6.21,5.67,5.93,6.36,90.855835072,6,4.375
2020-02-14T07:36:00.0,5.99,5.95,6.33,6.47,90.55359451250001,6.062,4.375
2020-02-14T07:37:00.0,6.53,5.93,6.43,6.54,90.33354068050001,6.062,4.375
2020-02-14T07:38:00.0,6.51,5.81,6.29,6.62,90.11328262450002,6.062,4.437
2020-02-14T07:39:00.0,6.53,6.17,6.91,7.15,89.06426792450002,6.062,4.437
2020-02-14T07:40:00.0,6.17,5.95,6.47,6.86,87.73261050050002,6.187,4.5
2020-02-14T07:41:00.0,6.47,5.37,6.43,6.62,88.23284360450002,6.187,4.5
2020-02-14T07:42:00.0,6.03,5.77,6.25,6.46,88.45483756450001,6.187,4.5
2020-02-14T07:43:00.0,6.35,5.77,6.47,6.43,88.8982128125,6.125,4.437
2020-02-14T07:44:00.0,6.13,5.01,6.43,6.45,89.06426792450002,6.125,4.437
2020-02-14T07:45:00.0,6.57,5.73,6.51,6.48,88.84283558050001,6.062,4.437
2020-02-14T07:46:00.0,6.61,5.59,6.83,6.57,88.8982128125,6,4.437
2020-02-14T07:47:00.0,6.73,5.77,6.97,7.14,87.67696522450001,6,4.437
2020-02-14T07:48:00.0,7.09,5.85,7.05,7.6,86.16971798050001,6.125,4.562
2020-02-14T07:49:00.0,6.75,6.43,7.11,7.84,85.3845191045,6.312,4.687
2020-02-14T07:50:00.0,6.79,5.73,6.61,7.22,85.44068770450001,6.375,4.625
2020-02-14T07:51:00.0,6.47,5.55,6.75,6.9,86.16971798050001,6.375,4.562
2020-02-14T07:52:00.0,6.65,5.55,6.61,6.7,86.868674368,6.312,4.562
2020-02-14T07:53:00.0,6.53,5.67,6.79,6.6,87.56563638050001,6.25,4.5
2020-02-14T07:54:00.0,6.53,5.63,6.75,6.56,87.704789458,6.25,4.5
2020-02-14T07:55:00.0,6.33,5.27,6.69,6.53,87.95506396450001,6.187,4.5
2020-02-14T07:56:00.0,6.43,5.33,6.51,6.5,87.56563638050001,6.125,4.5
2020-02-14T07:57:00.0,6.43,5.27,6.13,6.42,88.26060401800001,6.125,4.5
2020-02-14T07:58:00.0,6.35,5.37,6.69,6.38,88.5103041445,6.125,4.5
2020-02-14T07:59:00.0,6.07,5.29,6.21,6.36,88.26060401800001,6.062,4.5
2020-02-14T08:00:00.0,6.11,5.07,6.11,6.44,88.12177004050001,6.062,4.5
2020-02-14T08:01:00.0,6.57,5.77,6.93,6.66,87.50995281250002,6.062,4.437
2020-02-14T08:02:00.0,5.99,5.51,6.47,6.72,86.3376494005,6.062,4.5
2020-02-14T08:03:00.0,6.39,5.45,6.57,6.85,86.1137153125,6.062,4.5
2020-02-14T08:04:00.0,6.39,5.99,7.33,7.76,84.3713016605,6.187,4.562
2020-02-14T08:05:00.0,7.47,5.99,8.33,9,80.0476794445,6.375,4.687
2020-02-14T08:06:00.0,7.19,6.21,8.37,9.5,76.93083044050002,6.687,4.875
2020-02-14T08:07:00.0,,,,,,,
2020-02-14T08:08:00.0,6.97,5.67,7.33,8.04,79.99029826450001,7,4.75
2020-02-14T08:09:00.0,6.73,5.81,7.33,7.56,81.16406125,7,4.75
2020-02-14T08:10:00.0,6.83,5.63,7.09,7.21,83.07061670050001,6.937,4.687
2020-02-14T08:11:00.0,7.05,5.49,7.23,7.53,82.84372136450001,6.812,4.687
2020-02-14T08:12:00.0,6.87,5.77,7.41,7.3,83.1839877845,6.812,4.687
2020-02-14T08:13:00.0,6.73,5.59,7.05,7.1,83.97615580450001,6.812,4.687
2020-02-14T08:14:00.0,6.93,5.77,7.09,6.97,84.5404584245,6.75,4.625
2020-02-14T08:15:00.0,6.69,5.63,7.05,6.88,84.6531657805,6.687,4.562
2020-02-14T08:16:00.0,6.65,5.71,7.19,6.84,85.1034846445,6.625,4.562
2020-02-14T08:17:00.0,6.75,5.85,7.27,6.8,85.04723946050001,6.562,4.5
2020-02-14T08:18:00.0,6.83,5.99,7.27,6.86,86.16971798050001,6.5,4.562
2020-02-14T08:19:00.0,6.83,5.95,7.55,6.7,85.8335105125,6.5,4.562
2020-02-14T08:20:00.0,6.39,5.71,7.29,6.6,85.7213392445,6.437,4.5
2020-02-14T08:21:00.0,6.57,5.81,7.23,6.56,86.5334242,6.375,4.5
2020-02-14T08:22:00.0,6.39,5.63,6.75,6.64,86.3376494005,6.312,4.5
2020-02-14T08:23:00.0,6.57,5.73,6.91,6.7,86.78490490450001,6.312,4.562
2020-02-14T08:24:00.0,6.97,5.93,7.01,6.85,85.9456307245,6.312,4.562
2020-02-14T08:25:00.0,6.53,6.03,7.11,6.99,85.21593672050001,6.312,4.562
2020-02-14T08:26:00.0,6.97,6.07,7.61,7.09,85.524916672,6.375,4.562
2020-02-14T08:27:00.0,6.69,5.89,7.23,7.06,84.82213108450001,6.375,4.562
2020-02-14T08:28:00.0,6.75,5.95,7.29,7.01,85.49684354050001,6.375,4.562
2020-02-14T08:29:00.0,7.05,5.85,7.51,6.98,85.21593672050001,6.437,4.625
2020-02-14T08:30:00.0,7.15,6.33,7.41,7.08,85.32833774050002,6.437,4.625
2020-02-14T08:31:00.0,7.33,6.61,8.09,7.32,85.5529866125,6.437,4.687
2020-02-14T08:32:00.0,7.15,6.91,8.05,7.44,84.73766279200001,6.437,4.75
2020-02-14T08:33:00.0,,,,,,,
2020-02-14T08:34:00.0,7.41,6.83,7.83,7.31,84.7658220805,6.5,4.75
2020-02-14T08:35:00.0,7.23,6.97,8.05,7.37,84.230249938,6.5,4.812
2020-02-14T08:36:00.0,7.09,6.33,7.91,7.38,84.455894402,6.5,4.812
2020-02-14T08:37:00.0,7.47,6.93,8.01,7.37,84.06088256800001,6.562,4.812
2020-02-14T08:38:00.0,7.47,6.93,8.13,7.52,84.230249938,6.562,4.812
2020-02-14T08:39:00.0,7.65,7.05,7.97,7.62,84.6531657805,6.625,4.812
2020-02-14T08:40:00.0,7.73,6.73,8.09,7.74,83.97615580450001,6.625,4.875
2020-02-14T08:41:00.0,7.83,7.05,8.29,7.89,84.2584666645,6.687,4.875
2020-02-14T08:42:00.0,7.83,7.37,8.15,8,84.2020300205,6.75,4.937
2020-02-14T08:43:00.0,7.73,7.69,8.45,8.15,83.24065418050002,6.812,5
2020-02-14T08:44:00.0,8.23,7.55,8.01,8.1,82.38931802050001,6.875,5
2020-02-14T08:45:00.0,7.77,6.91,8.37,8.06,82.3324601645,6.937,5
2020-02-14T08:46:00.0,7.79,7.41,7.61,7.97,82.41774216200001,6.937,5
2020-02-14T08:47:00.0,8.01,7.41,7.95,7.78,83.24065418050002,7,4.937
2020-02-14T08:48:00.0,7.91,7.73,7.97,7.82,83.5237947005,7.062,4.812
2020-02-14T08:49:00.0,8.37,8.19,8.37,8.06,83.24065418050002,7.125,4.812
2020-02-14T08:50:00.0,8.47,8.13,8.61,8.42,83.66524529800002,7.187,4.875
2020-02-14T08:51:00.0,8.47,8.55,8.13,8.34,81.4780606445,7.312,4.875
2020-02-14T08:52:00.0,,,,,,,
2020-02-14T08:53:00.0,8.27,8.29,8.37,8.4,81.563629832,7.562,5
2020-02-14T08:54:00.0,8.33,8.15,8.37,8.43,81.049783922,7.562,5
2020-02-14T08:55:00.0,8.45,8.23,8.47,8.5,81.278287522,7.625,5.062
2020-02-14T08:56:00.0,8.33,8.19,8.59,8.64,80.90686546450002,7.687,5.125
2020-02-14T08:57:00.0,8.93,8.69,8.59,9.02,80.19107655200001,7.75,5.187
2020-02-14T08:58:00.0,8.69,8.61,8.71,8.74,81.84865304200001,7.812,5.187
2020-02-14T08:59:00.0,8.47,8.59,8.27,8.78,80.27707652450002,7.875,5.187
2020-02-14T09:00:00.0,8.47,8.59,8.27,8.78,80.27707652450002,7.937,5.125
2020-02-14T09:01:00.0,8.47,8.33,8.15,8.55,80.8782722,8,5.125
2020-02-14T09:02:00.0,8.59,8.19,8.41,8.42,81.8201650805,8,5.125
2020-02-14T09:03:00.0,8.33,8.01,8.15,8.4,81.53510996050001,8,5.125
2020-02-14T09:04:00.0,8.69,8.23,8.75,8.42,81.59214651250001,8,5.125
2020-02-14T09:05:00.0,8.71,8.13,8.83,8.57,82.9571945605,8,5.125
2020-02-14T09:06:00.0,8.89,8.29,9.21,8.66,82.84372136450001,8,5.187
2020-02-14T09:07:00.0,8.69,8.75,9.19,8.94,81.87713781250001,8,5.25
2020-02-14T09:08:00.0,9.15,9.15,9.43,9.25,81.87713781250001,8,5.25
2020-02-14T09:09:00.0,9.33,8.93,9.49,9.48,80.93545553800001,8.062,5.25
2020-02-14T09:10:00.0,9.61,9.67,9.81,9.81,80.649411208,8.187,5.312
2020-02-14T09:11:00.0,9.89,9.67,10.27,9.96,77.0469330205,8.25,5.375
2020-02-14T09:12:00.0,10.61,10.19,10.33,10.36,78.176257522,8.375,5.437
2020-02-14T09:13:00.0,10.33,10.61,10.19,10.2,77.82929000200001,8.437,5.562
2020-02-14T09:14:00.0,10.61,10.43,10.27,10.35,77.7424763245,8.625,5.562
2020-02-14T09:15:00.0,10.75,10.41,10.05,10.14,78.86881405000001,8.75,5.562
2020-02-14T09:16:00.0,10.57,9.91,10.19,10.24,77.0469330205,8.875,5.562
2020-02-14T09:17:00.0,10.65,10.33,10.09,10.1,76.3495517005,9,5.562
2020-02-14T09:18:00.0,10.85,10.27,10.33,10.14,76.90179681800001,9.062,5.562
2020-02-14T09:19:00.0,11.21,10.27,10.47,10.35,77.36595185800002,9.187,5.562
2020-02-14T09:20:00.0,10.85,10.33,10.33,10.48,76.9888881125,9.25,5.562
2020-02-14T09:21:00.0,11.07,10.33,10.17,10.66,77.19198944800002,9.375,5.562
2020-02-14T09:22:00.0,10.93,10.27,10.17,10.15,77.36595185800002,9.437,5.5
2020-02-14T09:23:00.0,10.93,9.81,9.99,9.98,76.494991048,9.5,5.562
2020-02-14T09:24:00.0,11.03,9.95,10.47,10.19,78.176257522,9.5,5.5
2020-02-14T09:25:00.0,11.23,10.33,11.07,10.34,77.68458458450002,9.562,5.5
2020-02-14T09:26:00.0,11.41,9.99,10.47,10.52,75.41685080450002,9.625,5.5
2020-02-14T09:27:00.0,11.67,10.19,10.41,10.44,76.2622498,9.687,5.625
2020-02-14T09:28:00.0,11.03,10.37,10.31,10.27,76.5822163645,9.687,5.687
2020-02-14T09:29:00.0,11.13,10.19,9.89,10.19,77.59772304200001,9.687,5.75
2020-02-14T09:30:00.0,11.07,10.41,10.09,10.4,76.2331427845,9.812,5.812
2020-02-14T09:31:00.0,11.03,10.31,9.81,10.2,75.3584485045,9.812,5.812
2020-02-14T09:32:00.0,11.31,10.27,9.85,10.19,74.5394760845,9.812,5.812
2020-02-14T09:33:00.0,10.93,10.13,9.77,10.1,75.3000334405,9.812,5.812
2020-02-14T09:34:00.0,11.09,9.91,9.71,10.08,75.32924256800001,9.812,5.812
2020-02-14T09:35:00.0,10.83,10.09,9.95,10.12,75.00776666050001,9.812,5.75
2020-02-14T09:36:00.0,10.95,10.27,9.99,10.24,75.8253095125,9.812,5.687
2020-02-14T09:37:00.0,11.23,10.33,10.27,10.32,74.83225342450001,9.875,5.75
2020-02-14T09:38:00.0,11.17,10.57,10.23,10.34,75.3000334405,9.875,5.812
2020-02-14T09:39:00.0,11.03,10.31,10.09,10.4,75.15393993800001,9.875,5.812
2020-02-14T09:40:00.0,11.03,10.23,10.03,10.43,74.77372348450001,9.937,5.812
2020-02-14T09:41:00.0,11.07,10.37,9.75,10.35,73.60044424450001,9.937,5.812
2020-02-14T09:42:00.0,11.03,10.31,10.09,10.32,74.65662531250001,9.937,5.875
2020-02-14T09:43:00.0,11.07,10.55,9.99,10.32,74.861513608,9.937,5.812
2020-02-14T09:44:00.0,10.93,10.09,9.99,10.29,73.982320018,9.937,5.875
2020-02-14T09:45:00.0,10.85,10.09,10.03,10.29,74.92002440200001,9.937,5.812
2020-02-14T09:46:00.0,11.09,9.99,9.77,10.26,75.32924256800001,9.937,5.812
2020-02-14T09:47:00.0,10.89,10.23,9.71,10.3,75.00776666050001,9.937,5.812
2020-02-14T09:48:00.0,10.57,9.99,10.05,10.26,75.47524034050001,9.937,5.812
2020-02-14T09:49:00.0,10.41,10.05,10.31,10.2,76.87276000450001,9.937,5.812
2020-02-14T09:50:00.0,10.47,9.77,10.31,10.16,76.40773701250001,9.812,5.875
2020-02-14T09:51:00.0,10.31,9.49,10.31,10.28,74.30502446050001,9.812,5.812
2020-02-14T09:52:00.0,10.43,10.19,10.13,10.2,74.45158065800001,9.75,5.75
2020-02-14T09:53:00.0,9.81,9.35,10.09,10.04,74.56876817800001,9.687,5.75
2020-02-14T09:54:00.0,10.17,10.17,10.13,10.12,75.56280071200001,9.687,5.75
2020-02-14T09:55:00.0,9.99,9.47,10.57,10.03,75.03700769800001,9.625,5.75
2020-02-14T09:56:00.0,10.05,9.49,10.31,9.97,74.80299005,9.562,5.75
2020-02-14T09:57:00.0,10.41,9.39,9.71,9.88,75.1831650205,9.5,5.75
2020-02-14T09:58:00.0,10.69,9.95,10.05,10.08,75.504430322,9.5,5.75
2020-02-14T09:59:00.0,10.33,9.25,10.33,10.17,74.36365651250001,9.5,5.75
2020-02-14T10:00:00.0,9.57,9.21,9.29,9.93,74.92002440200001,9.5,5.75
2020-02-14T10:01:00.0,10.33,9.39,9.67,9.56,73.24746488050002,9.5,5.75
2020-02-14T10:02:00.0,10.09,9.39,10.13,9.63,75.38765125,9.5,5.687
2020-02-14T10:03:00.0,9.89,9.63,10.13,9.72,76.378645952,9.5,5.75
2020-02-14T10:04:00.0,9.85,9.53,9.33,9.66,76.87276000450001,9.437,5.812
2020-02-14T10:05:00.0,9.99,9.21,9.21,9.46,76.64035062050002,9.437,5.812
2020-02-14T10:06:00.0,9.47,9.33,9.39,9.26,77.4528899845,9.375,5.687
2020-02-14T10:07:00.0,9.21,8.79,9.25,9.18,78.95525438050001,9.312,5.687
2020-02-14T10:08:00.0,9.43,8.89,9.77,9.13,79.78936361800001,9.25,5.687
2020-02-14T10:09:00.0,9.53,9.11,9.07,9.23,79.84678947200001,9.125,5.687
2020-02-14T10:10:00.0,9.25,8.71,9.03,9.24,78.60932074450001,9.062,5.687
2020-02-14T10:11:00.0,8.97,8.69,9.63,9.14,78.49390742050001,9,5.625
2020-02-14T10:12:00.0,9.25,9.35,10.13,9.18,78.72468301250001,8.875,5.562
2020-02-14T10:13:00.0,9.43,9.47,9.71,9.33,79.387025248,8.812,5.562
2020-02-14T10:14:00.0,9.11,8.97,9.89,9.28,79.15683680000001,8.75,5.625
2020-02-14T10:15:00.0,9.07,9.07,9.89,9.34,79.78936361800001,8.687,5.562
2020-02-14T10:16:00.0,8.97,8.75,9.47,9.29,78.78234500050002,8.625,5.562
2020-02-14T10:17:00.0,9.21,9.35,10.05,9.26,77.51083278050001,8.625,5.5
2020-02-14T10:18:00.0,9.39,8.89,10.41,9.41,78.14736111250001,8.562,5.562
2020-02-14T10:19:00.0,9.03,9.63,9.61,9.41,78.66700826050001,8.5,5.625
2020-02-14T10:20:00.0,9.29,9.53,9.61,9.39,80.01899045,8.5,5.625
2020-02-14T10:21:00.0,9.35,9.57,9.77,9.52,80.6780300005,8.562,5.625
2020-02-14T10:22:00.0,9.43,9.39,9.63,9.44,79.67447361800001,8.562,5.5
2020-02-14T10:23:00.0,9.63,9.21,9.57,9.46,79.387025248,8.562,5.5
2020-02-14T10:24:00.0,9.39,9.85,9.85,9.48,80.2197464005,8.562,5.437
2020-02-14T10:25:00.0,9.89,10.09,9.77,9.66,80.39169848050001,8.625,5.437
2020-02-14T10:26:00.0,9.61,9.95,9.95,9.7,80.50626938050002,8.625,5.437
2020-02-14T10:27:00.0,9.77,9.63,10.17,9.75,79.9329043205,8.687,5.437
2020-02-14T10:28:00.0,9.63,9.95,10.05,9.87,79.78936361800001,8.75,5.5
2020-02-14T10:29:00.0,9.81,9.49,9.61,9.74,79.0704634805,8.75,5.5
2020-02-14T10:30:00.0,10.03,10.19,10.19,9.81,78.98406144200001,8.75,5.375
2020-02-14T10:31:00.0,9.67,9.89,9.99,9.89,78.2629276045,8.812,5.375
2020-02-14T10:32:00.0,9.89,9.71,10.09,9.62,79.387025248,8.812,5.375
2020-02-14T10:33:00.0,9.89,10.03,10.31,9.89,80.5635356845,8.875,5.375
2020-02-14T10:34:00.0,9.85,10.33,9.99,9.96,79.0704634805,8.875,5.437
2020-02-14T10:35:00.0,10.37,10.05,9.91,9.98,78.8399942245,8.937,5.5
2020-02-14T10:36:00.0,9.89,9.91,10.27,9.96,78.2051507405,8.937,5.562
2020-02-14T10:37:00.0,9.99,9.85,10.31,9.8,78.98406144200001,9,5.625
2020-02-14T10:38:00.0,10.03,9.81,9.85,9.92,79.41578444450002,9,5.562
2020-02-14T10:39:00.0,10.03,9.81,9.85,9.83,78.66700826050001,9,5.437
2020-02-14T10:40:00.0,9.89,10.03,9.53,9.72,78.55162046450002,9,5.312
2020-02-14T10:41:00.0,10.13,9.81,9.67,9.64,78.695847232,9.062,5.25
2020-02-14T10:42:00.0,,,,,,,
2020-02-14T10:43:00.0,10.27,10.17,9.75,9.52,79.6457431405,9.125,5.062
2020-02-14T10:44:00.0,10.33,9.77,9.43,9.29,80.53490412800001,9.125,4.875
2020-02-14T10:45:00.0,10.31,9.63,8.93,9.09,80.47763144200002,9.187,4.812
2020-02-14T10:46:00.0,10.27,9.39,9.47,9.02,81.79167392800001,9.125,4.687
2020-02-14T10:47:00.0,10.33,9.75,9.33,9.14,81.99104498450001,9.187,4.75
2020-02-14T10:48:00.0,10.33,9.77,9.21,9.2,80.6780300005,9.125,4.75
2020-02-14T10:49:00.0,10.19,9.61,9.21,9.22,81.13549670450001,9.187,4.687
2020-02-14T10:50:00.0,10.51,9.57,9.29,9.24,81.10692896800002,9.187,4.625
2020-02-14T10:51:00.0,10.57,9.99,9.39,9.27,81.64917030050002,9.187,4.687
2020-02-14T10:52:00.0,10.31,9.99,9.29,9.2,81.10692896800002,9.187,4.687
2020-02-14T10:53:00.0,10.65,9.85,9.29,9.07,81.50658689800001,9.125,4.562
2020-02-14T10:54:00.0,10.47,10.13,8.97,8.95,82.247149448,9.125,4.5
2020-02-14T10:55:00.0,,,,,,,
2020-02-14T10:56:00.0,10.31,9.81,8.89,8.82,82.133357152,9.125,4.437
2020-02-14T10:57:00.0,10.37,9.61,9.47,8.76,82.3324601645,9.125,4.312
2020-02-14T10:58:00.0,10.61,9.91,9.47,8.87,82.7869656205,9.125,4.375
2020-02-14T10:59:00.0,10.47,10.09,9.19,8.96,83.41057678450001,9.125,4.375
2020-02-14T11:00:00.0,10.89,10.03,9.53,9.04,82.701808072,9.125,4.437
2020-02-14T11:01:00.0,10.93,10.47,9.75,9.14,82.928831048,9.187,4.437
2020-02-14T11:02:00.0,10.57,10.75,10.17,9.35,82.84372136450001,9.187,4.437
2020-02-14T11:03:00.0,11.27,10.95,9.81,9.52,82.0195138,9.187,4.437
2020-02-14T11:04:00.0,11.31,11.09,10.03,9.62,81.76317958450001,9.312,4.437
2020-02-14T11:05:00.0,11.67,11.17,10.43,9.7,81.8201650805,9.312,4.5
2020-02-14T11:06:00.0,11.41,11.65,10.33,9.72,81.64917030050002,9.375,4.562
2020-02-14T11:07:00.0,11.37,11.07,10.37,9.72,81.30683611250001,9.437,4.562
2020-02-14T11:08:00.0,11.55,11.27,10.47,9.7,81.64917030050002,9.5,4.5
2020-02-14T11:09:00.0,11.75,11.17,10.27,9.71,80.8496757445,9.5,4.562
2020-02-14T11:10:00.0,11.31,10.95,9.91,9.46,81.1926226045,9.562,4.562
2020-02-14T11:11:00.0,11.51,10.57,9.85,9.38,81.9340977805,9.562,4.562
2020-02-14T11:12:00.0,11.13,10.89,9.67,9.36,81.9340977805,9.562,4.562
2020-02-14T11:13:00.0,10.95,10.23,9.75,9.26,81.0783580405,9.625,4.562
2020-02-14T11:14:00.0,10.93,10.27,9.53,9.2,81.36392372050001,9.562,4.562
2020-02-14T11:15:00.0,10.85,9.89,9.29,9.2,82.0479794245,9.562,4.562
2020-02-14T11:16:00.0,10.79,10.17,9.15,9.04,81.76317958450001,9.562,4.5
2020-02-14T11:17:00.0,10.75,10.09,9.53,9.07,82.4461631125,9.5,4.5
2020-02-14T11:18:00.0,10.89,10.19,9.39,9.15,82.1049011005,9.562,4.562
2020-02-14T11:19:00.0,10.83,10.17,9.39,9.13,82.27558954450001,9.562,4.5
2020-02-14T11:20:00.0,11.03,10.55,9.71,9.24,82.7869656205,9.5,4.5
2020-02-14T11:21:00.0,11.47,10.43,10.13,9.48,81.64917030050002,9.562,4.562
2020-02-14T11:22:00.0,11.75,10.99,10.65,9.88,81.905619392,9.562,4.5
2020-02-14T11:23:00.0,11.81,11.33,10.83,10.15,79.84678947200001,9.625,4.562
2020-02-14T11:24:00.0,12.61,11.51,11.31,10.85,79.76064590450001,9.812,4.687
2020-02-14T11:25:00.0,13.05,12.09,11.99,11.06,78.0317435645,9.875,4.75
2020-02-14T11:26:00.0,13.15,12.53,12.05,11.21,77.7424763245,10.062,4.75
2020-02-14T11:27:00.0,13.25,12.47,12.03,11.78,75.41685080450002,10.25,4.937
2020-02-14T11:28:00.0,13.39,12.43,12.37,11.82,75.504430322,10.437,5.062
2020-02-14T11:29:00.0,13.55,12.43,11.95,11.78,74.334342082,10.562,5.187
2020-02-14T11:30:00.0,13.61,12.63,12.05,11.54,74.5101808,10.687,5.187
2020-02-14T11:31:00.0,13.45,12.51,11.99,11.89,74.80299005,10.812,5.187
2020-02-14T11:32:00.0,13.49,12.33,11.71,11.44,74.30502446050001,10.875,5.187
2020-02-14T11:33:00.0,13.61,12.33,11.81,11.52,73.982320018,10.937,5.187
2020-02-14T11:34:00.0,13.31,12.77,11.71,12.03,74.89077060050002,11,5.312
2020-02-14T11:35:00.0,13.49,12.37,11.79,11.58,74.83225342450001,11,5.312
2020-02-14T11:36:00.0,13.17,12.63,11.31,11.58,75.3584485045,11.062,5.437
2020-02-14T11:37:00.0,13.55,12.19,11.23,11.42,74.861513608,11.062,5.5
2020-02-14T11:38:00.0,12.97,11.95,11.07,11.49,73.4240120005,11.062,5.5
2020-02-14T11:39:00.0,13.71,12.53,11.99,11.77,72.92349680200002,11.062,5.375
2020-02-14T11:40:00.0,,,,,,,
2020-02-14T11:41:00.0,14.55,13.07,13.01,12.91,71.7717714805,11.187,5.562
2020-02-14T11:42:00.0,14.95,13.51,13.65,13.58,69.9308325125,11.375,5.562
2020-02-14T11:43:00.0,15.81,14.05,14.09,14.23,67.5373025125,11.562,5.812
2020-02-14T11:44:00.0,15.85,14.29,14.71,14.48,66.84538289800001,11.75,6
2020-02-14T11:45:00.0,16.03,14.25,14.65,14.75,65.03242961800001,12,6.125
2020-02-14T11:46:00.0,17.05,14.89,15.57,15.28,64.69880876450001,12.187,6.25
2020-02-14T11:47:00.0,19.01,15.87,18.27,17.16,62.01594194050001,12.437,6.437
2020-02-14T11:48:00.0,20.11,16.79,19.71,18.12,59.524644178,12.812,6.687
2020-02-14T11:49:00.0,21.07,16.95,20.67,19.48,55.732805000000006,13.25,6.875
2020-02-14T11:50:00.0,22.13,17.25,21.21,20.72,53.346666592000005,13.812,7.125
2020-02-14T11:51:00.0,22.23,17.31,21.37,21.24,49.6372413205,14.375,7.437
2020-02-14T11:52:00.0,21.95,16.91,21.71,21.5,49.0626834445,14.875,7.562
2020-02-14T11:53:00.0,,,,,,,
2020-02-14T11:54:00.0,22.05,16.57,20.87,21.36,48.870934400500005,15.75,7.875
2020-02-14T11:55:00.0,21.91,16.95,21.23,21.06,49.445836904500005,16,8
2020-02-14T11:56:00.0,21.49,16.39,20.93,21.31,47.65385611250001,16.25,8.187
2020-02-14T11:57:00.0,21.27,15.61,20.61,20.76,48.198908098000004,16.437,8
2020-02-14T11:58:00.0,21.61,15.67,20.99,20.24,51.00561125000001,16.562,7.875
2020-02-14T11:59:00.0,21.11,15.21,19.95,19.92,50.083404884500005,16.562,7.812
2020-02-14T12:00:00.0,20.95,15.05,19.71,19.38,50.719696464500004,16.625,7.75
2020-02-14T12:01:00.0,20.43,15.29,20.11,19.02,53.787603298,16.625,7.75
2020-02-14T12:02:00.0,20.51,15.19,19.23,19.14,51.64005205000001,16.625,7.75
2020-02-14T12:03:00.0,19.93,14.75,18.79,18.65,52.27321645000001,16.562,7.625
2020-02-14T12:04:00.0,19.77,15.57,19.79,19.07,52.5577240045,16.562,7.625
2020-02-14T12:05:00.0,20.51,15.67,19.55,19.28,51.830135392,16.562,7.75
2020-02-14T12:06:00.0,21.15,16.29,20.15,19.59,52.209957448000004,16.562,8
2020-02-14T12:07:00.0,20.81,16.11,20.87,20.04,52.27321645000001,16.562,8.25
2020-02-14T12:08:00.0,21.05,16.95,20.73,20.31,50.719696464500004,16.562,8.312
2020-02-14T12:09:00.0,21.27,16.73,21.91,20.29,51.259540738000005,16.562,8.125
2020-02-14T12:10:00.0,20.83,16.89,21.21,20.32,50.624334098000006,16.562,8.187
2020-02-14T12:11:00.0,20.39,16.23,20.71,19.98,50.75147753800001,16.562,8.125
2020-02-14T12:12:00.0,,,,,,,
2020-02-14T12:13:00.0,19.89,15.97,20.15,18.82,53.28362457800001,16.437,7.812
2020-02-14T12:14:00.0,21.37,17.89,22.11,20.11,52.399696162000005,16.437,7.937
2020-02-14T12:15:00.0,22.05,18.71,23.17,21.01,50.81503011200001,16.5,7.937
2020-02-14T12:16:00.0,22.17,18.97,22.71,21.73,48.198908098000004,16.625,8.187
2020-02-14T12:17:00.0,21.21,17.53,22.71,21.02,49.286245472000004,16.812,8.187
2020-02-14T12:18:00.0,21.27,17.79,23.39,20.17,51.44985383200001,16.812,7.937
2020-02-14T12:19:00.0,22.37,19.17,25.41,21.09,50.369894050000006,16.75,8
2020-02-14T12:20:00.0,23.35,19.61,26.49,22.55,48.45508405,16.812,8.125
2020-02-14T12:21:00.0,22.13,18.95,23.81,21.7,47.42915489800001,16.937,8.125
2020-02-14T12:22:00.0,21.01,18.05,22.83,20.46,48.2949980125,17,8.125
2020-02-14T12:23:00.0,20.81,17.79,21.89,19.6,51.069112768000004,17,7.937
2020-02-14T12:24:00.0,20.31,17.43,20.61,19.1,51.608360324500005,16.875,7.812
2020-02-14T12:25:00.0,20.01,16.83,19.89,18.41,53.72465063200001,16.75,7.75
2020-02-14T12:26:00.0,19.71,16.63,19.07,17.84,54.416427938000005,16.625,7.75
2020-02-14T12:27:00.0,,,,,,,
2020-02-14T12:28:00.0,18.55,14.99,18.79,16.9,57.97635552800001,16.187,7.5
2020-02-14T12:29:00.0,18.49,15.55,17.83,16.7,57.29258125000001,16,7.437
2020-02-14T12:30:00.0,17.67,15.97,17.41,16.54,57.41701872200001,15.812,7.437
2020-02-14T12:31:00.0,17.41,15.61,17.59,16.28,58.47267584800001,15.625,7.437
2020-02-14T12:32:00.0,17.83,15.97,18.15,16.38,59.12285656450001,15.437,7.375
2020-02-14T12:33:00.0,17.43,16.23,18.65,16.55,58.34867235200001,15.312,7.5
2020-02-14T12:34:00.0,17.99,16.57,18.59,16.84,58.19359618450001,15.125,7.5
2020-02-14T12:35:00.0,18.11,16.33,18.37,16.78,56.5760749805,15.062,7.5
2020-02-14T12:36:00.0,17.21,15.71,17.95,16.52,57.26146390450001,15,7.437
2020-02-14T12:37:00.0,17.75,16.59,18.09,16.68,58.31766350050001,14.937,7.5
2020-02-14T12:38:00.0,17.73,16.13,17.85,16.68,56.856648032,14.875,7.5
2020-02-14T12:39:00.0,18.11,16.65,17.41,16.78,57.1369626125,14.875,7.687
2020-02-14T12:40:00.0,17.57,16.21,17.83,16.6,57.04355313800001,14.75,7.625
2020-02-14T12:41:00.0,17.53,15.47,16.65,16.29,56.326459724500005,14.75,7.562
2020-02-14T12:42:00.0,17.57,15.71,16.99,16.16,57.51031332050001,14.687,7.5
2020-02-14T12:43:00.0,16.85,15.41,16.49,15.83,58.47267584800001,14.687,7.5
2020-02-14T12:44:00.0,16.95,15.01,15.91,15.6,57.821087900500004,14.625,7.375
2020-02-14T12:45:00.0,17.09,15.45,16.11,15.59,59.61728781250001,14.562,7.312
2020-02-14T12:46:00.0,17.17,15.65,16.75,15.82,59.77163005,14.5,7.437
2020-02-14T12:47:00.0,17.11,15.85,16.95,15.82,59.15378245000001,14.375,7.375
2020-02-14T12:48:00.0,17.57,15.91,16.83,16.14,57.63466144450001,14.375,7.437
2020-02-14T12:49:00.0,17.15,16.07,16.73,16.09,57.5724937645,14.375,7.5
2020-02-14T12:50:00.0,17.53,16.53,17.21,16.22,57.88320452450001,14.312,7.562
2020-02-14T12:51:00.0,17.89,16.79,17.21,16.27,57.04355313800001,14.312,7.625
2020-02-14T12:52:00.0,17.11,15.67,16.43,16.19,56.638446884500006,14.312,7.625
2020-02-14T12:53:00.0,17.33,15.67,16.69,16.01,58.224617800000004,14.312,7.625
2020-02-14T12:54:00.0,17.11,15.55,16.47,15.96,58.41068048200001,14.312,7.625
2020-02-14T12:55:00.0,16.85,15.77,16.21,15.93,58.10051219200001,14.25,7.75
2020-02-14T12:56:00.0,17.09,15.97,16.69,15.85,59.46286580000001,14.187,7.687
2020-02-14T12:57:00.0,17.05,15.37,15.97,15.78,56.981264200000005,14.125,7.75
2020-02-14T12:58:00.0,16.75,15.05,15.85,15.6,58.53465845000001,14.062,7.625
2020-02-14T12:59:00.0,16.69,14.91,15.71,15.36,57.32369540450001,14.062,7.5
2020-02-14T13:00:00.0,16.79,15.01,15.45,15.16,58.3796780125,14.062,7.312
2020-02-14T13:01:00.0,16.73,14.75,15.45,15.13,58.34867235200001,14,7.375
2020-02-14T13:02:00.0,16.91,14.99,15.87,15.04,60.0800752,13.937,7.375
2020-02-14T13:03:00.0,16.89,15.21,15.81,15.09,58.65858536200001,13.937,7.375
2020-02-14T13:04:00.0,16.37,15.05,16.01,15.1,59.215624648000016,13.937,7.375
2020-02-14T13:05:00.0,16.47,15.31,15.91,15.16,59.401074658000006,13.875,7.375
2020-02-14T13:06:00.0,16.53,15.09,15.71,15.22,59.12285656450001,13.875,7.437
2020-02-14T13:07:00.0,16.73,15.05,15.51,15.21,59.3083640125,13.875,7.375
2020-02-14T13:08:00.0,16.75,15.21,15.87,15.17,58.99912111250001,13.875,7.312
2020-02-14T13:09:00.0,16.33,14.69,15.61,15.08,60.04924504450001,13.875,7.25
2020-02-14T13:10:00.0,15.77,14.29,15.35,14.89,60.63447233800001,13.812,7.25
2020-02-14T13:11:00.0,16.23,14.25,15.31,14.86,59.9875751605,13.75,7.312
2020-02-14T13:12:00.0,15.61,14.01,14.51,14.62,61.21854768050001,13.687,7.187
2020-02-14T13:13:00.0,15.21,14.01,14.39,14.34,61.8321193405,13.625,7.187
2020-02-14T13:14:00.0,15.71,14.39,14.89,14.62,62.10781016200001,13.562,7.25
2020-02-14T13:15:00.0,15.77,14.09,14.11,14.74,61.31066480000001,13.5,7.437
2020-02-14T13:16:00.0,15.47,14.15,14.69,14.52,60.172546520500006,13.437,7.437
2020-02-14T13:17:00.0,15.47,14.15,14.89,14.5,59.555528580499995,13.437,7.375
2020-02-14T13:18:00.0,16.01,14.49,14.51,14.6,60.04924504450001,13.375,7.375
2020-02-14T13:19:00.0,15.57,14.29,14.11,14.64,59.9875751605,13.375,7.312
2020-02-14T13:20:00.0,16.39,15.57,14.91,14.4,62.230256450000006,13.375,7.062
2020-02-14T13:21:00.0,16.69,16.13,14.95,14.45,62.688975312500006,13.375,6.937
2020-02-14T13:22:00.0,16.99,15.81,15.01,14.58,60.480576840500014,13.375,6.937
2020-02-14T13:23:00.0,17.05,16.73,16.07,14.85,61.06495532800001,13.5,6.812
2020-02-14T13:24:00.0,17.41,16.23,16.17,14.82,62.536148800000014,13.562,6.687
2020-02-14T13:25:00.0,17.57,16.21,16.03,15.02,61.12640184200001,13.687,6.687
2020-02-14T13:26:00.0,17.75,16.43,15.85,14.96,60.26498912200001,13.75,6.562
2020-02-14T13:27:00.0,17.47,16.89,16.29,15.03,61.67884608800001,13.875,6.375
2020-02-14T13:28:00.0,17.85,16.95,15.75,15.28,59.95673543200001,13.937,6.5
2020-02-14T13:29:00.0,17.43,16.79,15.61,14.64,59.833344608000004,14.062,6.437
2020-02-14T13:30:00.0,18.27,16.85,15.93,14.71,60.38820125000001,14.125,6.437
2020-02-14T13:31:00.0,18.47,17.73,16.39,15.08,59.80248892450001,14.187,6.437
2020-02-14T13:32:00.0,,,,,,,
2020-02-14T13:33:00.0,18.85,19.09,18.75,16.19,59.215624648000016,14.5,6.875
2020-02-14T13:34:00.0,19.63,19.89,19.57,17.29,55.826616540500005,14.687,6.875
2020-02-14T13:35:00.0,19.71,20.31,20.23,18.12,54.2593414405,14.875,6.937
2020-02-14T13:36:00.0,20.17,20.39,20.11,18.66,51.069112768000004,15.125,7.062
2020-02-14T13:37:00.0,20.73,19.73,18.31,18.14,50.05155680000001,15.437,7.125
2020-02-14T13:38:00.0,22.23,20.73,20.05,18.7,50.624334098000006,15.625,7.125
2020-02-14T13:39:00.0,23.63,22.47,22.43,19.95,48.32702160200001,15.875,7.312
2020-02-14T13:40:00.0,25.59,23.29,22.35,21.95,46.786289858,16.312,7.687
2020-02-14T13:41:00.0,25.81,23.29,22.77,22.92,42.511368482,16.875,7.875
2020-02-14T13:42:00.0,26.17,23.05,23.29,23.4,41.989418050000005,17.5,8.062
2020-02-14T13:43:00.0,25.49,21.51,21.71,23.1,44.07231840200001,18,8.187
2020-02-14T13:44:00.0,25.19,21.63,21.15,22.8,42.60914324450001,18.437,8.25
2020-02-14T13:45:00.0,24.63,20.59,20.83,22.16,42.837172672,18.75,8.187
2020-02-14T13:46:00.0,24.99,21.05,21.17,22.04,44.655779168,19.062,8.187
2020-02-14T13:47:00.0,25.35,21.33,21.61,22.25,44.396590912,19.187,8.125
2020-02-14T13:48:00.0,25.47,22.19,22.43,22.9,43.487823752000004,19.437,8.125
2020-02-14T13:49:00.0,24.33,20.59,20.39,22.44,42.217871880500006,19.562,8.187
2020-02-14T13:50:00.0,23.53,19.29,19.07,21.1,44.396590912,19.75,8.062
2020-02-14T13:51:00.0,23.09,19.07,18.71,19.81,46.335524872,19.687,7.875
2020-02-14T13:52:00.0,22.47,19.23,18.63,19.05,47.750108768000004,19.625,7.75
2020-02-14T13:53:00.0,22.25,18.79,18.05,18.35,50.656124744500005,19.562,7.75
2020-02-14T13:54:00.0,21.95,18.21,17.51,17.73,51.608360324500005,19.375,7.562
2020-02-14T13:55:00.0,,,,,,,
2020-02-14T13:56:00.0,20.73,17.63,16.89,16.62,53.535716050000005,19.062,7.187
2020-02-14T13:57:00.0,20.65,17.57,16.63,16.29,54.6989826005,18.875,7.062
2020-02-14T13:58:00.0,20.43,17.79,17.57,16.22,56.232801352,18.687,6.937
2020-02-14T13:59:00.0,20.17,17.41,17.27,16.12,55.38858364450001,18.437,6.812
2020-02-14T14:00:00.0,20.33,17.69,16.75,16.02,55.982905288000005,18.312,6.875
2020-02-14T14:01:00.0,20.21,17.95,16.91,15.68,58.10051219200001,18.125,6.875
2020-02-14T14:02:00.0,19.79,17.67,16.33,15.3,57.54140513800001,17.937,6.937
2020-02-14T14:03:00.0,19.79,17.21,16.27,15.14,57.665740498000005,17.75,6.875
2020-02-14T14:04:00.0,19.33,18.09,16.83,14.95,56.856648032,17.562,6.875
2020-02-14T14:05:00.0,19.55,17.67,16.83,14.9,58.2556362245,17.5,6.812
2020-02-14T14:06:00.0,19.09,17.51,16.69,14.9,59.246540960500006,17.312,6.812
2020-02-14T14:07:00.0,19.19,17.85,17.01,15.24,57.60357920000001,17.25,6.812
2020-02-14T14:08:00.0,19.55,18.53,17.63,15.5,56.918962498000006,17.187,6.812
2020-02-14T14:09:00.0,20.09,18.49,18.01,15.7,56.82548601250001,17.125,6.875
2020-02-14T14:10:00.0,20.01,19.13,18.53,16.26,54.91856864200001,17.125,6.937
2020-02-14T14:11:00.0,19.73,19.57,19.03,16.54,56.48249319200001,17.187,7.062
2020-02-14T14:12:00.0,19.07,19.47,19.95,16.81,56.5136903125,17.25,7.125
2020-02-14T14:13:00.0,19.19,20.23,20.23,17.22,54.79311005000001,17.375,7.062
2020-02-14T14:14:00.0,18.71,20.23,20.55,17.45,53.0628770125,17.437,7.062
2020-02-14T14:15:00.0,18.91,20.11,20.71,17.54,53.346666592000005,17.5,7.125
2020-02-14T14:16:00.0,19.09,20.23,20.87,17.66,53.47271232800001,17.5,7.187
2020-02-14T14:17:00.0,19.39,21.07,19.77,17.94,53.409695842000005,17.625,7.312
2020-02-14T14:18:00.0,19.01,21.37,21.57,18.3,54.03928632200001,17.687,7.5
2020-02-14T14:19:00.0,19.35,21.37,21.91,18.77,51.44985383200001,17.75,7.625
2020-02-14T14:20:00.0,19.09,21.37,22.57,18.98,50.17892999200001,17.875,7.625
2020-02-14T14:21:00.0,20.43,20.95,22.69,19.32,49.158514888000006,18,7.562
2020-02-14T14:22:00.0,20.23,21.49,22.51,19.18,48.7750168,18.125,7.625
2020-02-14T14:23:00.0,20.33,22.35,22.23,19.25,49.605348562,18.25,7.625
2020-02-14T14:24:00.0,20.01,22.25,22.81,19.53,48.45508405,18.437,7.75
2020-02-14T14:25:00.0,20.17,22.43,23.93,19.92,48.583095442,18.562,7.812
2020-02-14T14:26:00.0,19.67,21.97,23.51,20.13,48.902900552000006,18.687,7.875
2020-02-14T14:27:00.0,19.93,22.19,23.35,19.92,47.81426125,18.812,7.937
2020-02-14T14:28:00.0,19.41,21.79,22.81,19.46,47.011437812500006,18.875,7.75
2020-02-14T14:29:00.0,19.25,21.83,23.05,19.28,50.05155680000001,18.875,7.812
2020-02-14T14:30:00.0,19.01,21.63,23.39,19.32,50.33807468450001,18.937,8.062
2020-02-14T14:31:00.0,18.85,21.33,22.35,18.68,48.16687174450001,18.937,7.937
2020-02-14T14:32:00.0,18.81,21.55,23.27,18.97,50.94209696800001,18.937,7.75
2020-02-14T14:33:00.0,19.51,22.01,22.57,19.16,50.33807468450001,19,7.812
2020-02-14T14:34:00.0,18.91,20.89,21.51,18.96,49.35009161800001,19,7.812
2020-02-14T14:35:00.0,18.81,20.73,21.33,18.53,48.45508405,18.937,7.562
2020-02-14T14:36:00.0,18.95,20.87,21.23,18.44,49.35009161800001,18.875,7.312
2020-02-14T14:37:00.0,19.03,20.67,21.37,18.32,49.158514888000006,18.75,7.187
2020-02-14T14:38:00.0,20.21,21.39,21.85,18.33,48.67907048050001,18.687,7.187
2020-02-14T14:39:00.0,20.49,21.51,21.79,18.49,49.1265742645,18.687,7.25
2020-02-14T14:40:00.0,21.29,22.81,24.17,19.22,49.92413255200001,18.687,7.437
2020-02-14T14:41:00.0,21.29,23.53,23.71,19.69,47.107881928000005,18.812,7.75
2020-02-14T14:42:00.0,20.55,22.87,24.23,19.75,47.5254745645,18.937,7.687
2020-02-14T14:43:00.0,21.07,22.83,23.91,19.78,46.914964978,19.062,7.75
2020-02-14T14:44:00.0,20.43,22.69,23.85,19.6,48.134832200000005,19.187,7.812
2020-02-14T14:45:00.0,19.93,21.89,23.27,19.26,47.84633270450001,19.25,7.687
2020-02-14T14:46:00.0,19.89,22.29,23.59,19.02,49.286245472000004,19.25,7.625
2020-02-14T14:47:00.0,19.47,21.83,22.75,18.78,48.48709168450001,19.25,7.625
2020-02-14T14:48:00.0,18.87,21.83,23.41,18.58,48.838965058,19.25,7.562
2020-02-14T14:49:00.0,18.91,21.79,23.35,18.48,50.369894050000006,19.187,7.375
2020-02-14T14:50:00.0,19.47,21.97,23.45,18.83,49.669130888000005,19.25,7.375
2020-02-14T14:51:00.0,19.35,22.11,23.33,18.96,48.4230732245,19.187,7.375
2020-02-14T14:52:00.0,,,,,,,
2020-02-14T14:53:00.0,19.93,22.43,22.89,19.19,49.541553472000004,19.187,7.5
2020-02-14T14:54:00.0,19.35,21.39,21.17,19.04,47.5896717205,19.25,7.5
2020-02-14T14:55:00.0,19.93,21.73,22.41,18.69,49.8922685125,19.187,7.437
2020-02-14T14:56:00.0,20.59,21.67,21.05,18.29,48.711055778,19.187,7.625
2020-02-14T14:57:00.0,20.23,21.37,20.95,18,49.669130888000005,19.187,7.625
2020-02-14T14:58:00.0,20.27,22.07,22.31,18.21,49.222386562000004,19.125,7.625
2020-02-14T14:59:00.0,,,,,,,
2020-02-14T15:00:00.0,21.33,21.45,21.51,18.26,50.68791220000001,19.125,7.687
2020-02-14T15:01:00.0,21.21,20.71,20.73,18.13,49.286245472000004,19.187,7.687
2020-02-14T15:02:00.0,21.11,20.59,20.09,18.08,50.973855704500004,19.125,7.75
2020-02-14T15:03:00.0,21.15,20.55,19.71,17.89,51.164341112500004,19.062,7.875
2020-02-14T15:04:00.0,21.21,20.83,20.43,17.82,52.146685682000005,19,7.937
2020-02-14T15:05:00.0,21.15,20.45,20.11,17.81,51.00561125000001,18.875,7.937
2020-02-14T15:06:00.0,21.23,20.43,20.99,17.97,50.94209696800001,18.875,7.875
2020-02-14T15:07:00.0,21.27,20.93,21.11,18.27,49.1265742645,18.875,7.937
2020-02-14T15:08:00.0,21.37,21.51,22.07,18.5,49.79665724800001,18.937,8
2020-02-14T15:09:00.0,21.95,21.61,21.23,18.82,47.910466040500005,19,8
2020-02-14T15:10:00.0,22.11,21.63,21.15,19.2,49.79665724800001,19.125,8.187
2020-02-14T15:11:00.0,22.59,21.79,21.73,19.34,47.107881928000005,19.187,8.25
2020-02-14T15:12:00.0,22.95,21.79,21.33,19.3,47.65385611250001,19.312,8.312
2020-02-14T15:13:00.0,22.59,21.39,20.61,19.16,48.07074353800001,19.375,8.312
2020-02-14T15:14:00.0,22.25,20.93,20.83,19.08,49.2543176125,19.437,8.375
2020-02-14T15:15:00.0,22.35,21.01,20.09,18.72,48.03869442050001,19.437,8.25
2020-02-14T15:16:00.0,22.47,20.83,19.39,18.4,50.14709148050001,19.437,8.187
2020-02-14T15:17:00.0,21.91,20.49,20.11,18.59,50.719696464500004,19.375,8.125
2020-02-14T15:18:00.0,21.83,20.77,20.01,18.54,48.583095442,19.312,8.062
2020-02-14T15:19:00.0,21.71,20.67,20.49,18.29,49.605348562,19.25,8.062
2020-02-14T15:20:00.0,22.19,20.71,21.39,18.35,50.019705524500004,19.25,8
2020-02-14T15:21:00.0,21.95,20.99,20.37,18.49,49.35009161800001,19.25,8
2020-02-14T15:22:00.0,22.37,20.65,20.81,18.63,48.4230732245,19.25,7.937
2020-02-14T15:23:00.0,22.19,20.59,19.35,18.64,48.519096128,19.25,7.937
2020-02-14T15:24:00.0,21.63,19.89,20.93,18.84,49.669130888000005,19.25,7.75
2020-02-14T15:25:00.0,21.21,19.93,19.25,18.34,48.583095442,19.312,7.687
2020-02-14T15:26:00.0,21.17,19.83,18.95,18,50.878569922000004,19.25,7.625
2020-02-14T15:27:00.0,20.65,19.07,18.33,17.37,51.259540738000005,19.125,7.562
2020-02-14T15:28:00.0,20.67,18.97,18.11,16.83,52.99977756050001,19,7.562
2020-02-14T15:29:00.0,20.21,18.97,18.75,16.64,54.94992531250001,18.812,7.625
2020-02-14T15:30:00.0,19.93,19.03,18.55,16.22,53.850543200000004,18.687,7.562
2020-02-14T15:31:00.0,19.57,18.21,17.57,16.12,54.10217516800001,18.5,7.625
2020-02-14T15:32:00.0,18.95,17.69,17.67,15.98,55.20066380050001,18.375,7.625
2020-02-14T15:33:00.0,18.71,16.73,16.63,15.86,54.510641544500004,18.187,7.562
2020-02-14T15:34:00.0,18.33,16.65,15.91,15.5,55.482500488,18,7.5
2020-02-14T15:35:00.0,18.17,16.33,15.85,15.06,56.01415346450001,17.75,7.5
2020-02-14T15:36:00.0,18.09,16.63,15.93,14.87,58.44167976050001,17.562,7.437
2020-02-14T15:37:00.0,17.85,16.59,15.67,14.55,58.162571378,17.375,7.5
2020-02-14T15:38:00.0,17.79,16.91,15.51,14.38,58.34867235200001,17.187,7.437
2020-02-14T15:39:00.0,17.53,16.39,15.15,13.97,58.7514970405,16.937,7.375
2020-02-14T15:40:00.0,17.27,16.13,14.61,13.64,59.9875751605,16.75,7.25
2020-02-14T15:41:00.0,17.17,16.83,14.51,13.6,61.7095071205,16.437,7.062
2020-02-14T15:42:00.0,17.31,16.11,14.69,13.5,60.60369962050001,16.187,6.937
2020-02-14T15:43:00.0,17.41,16.21,15.21,13.37,62.169039688,16,6.937
2020-02-14T15:44:00.0,17.37,16.47,14.61,13.44,63.4214321045,15.875,6.937
2020-02-14T15:45:00.0,17.15,16.49,14.71,13.57,62.01594194050001,15.687,7
2020-02-14T15:46:00.0,17.33,16.43,14.95,13.74,61.5868438445,15.562,6.875
2020-02-14T15:47:00.0,17.21,16.83,15.47,13.85,61.61751445,15.437,6.812
2020-02-14T15:48:00.0,17.47,17.05,15.65,14.02,61.279962284500016,15.312,6.875
2020-02-14T15:49:00.0,17.41,16.65,15.09,13.9,61.21854768050001,15.25,6.875
2020-02-14T15:50:00.0,17.43,17.01,15.01,13.67,61.0342272845,15.125,6.937
2020-02-14T15:51:00.0,16.91,16.69,14.49,13.55,62.046567872000004,15.062,6.937
2020-02-14T15:52:00.0,16.69,16.79,15.01,13.34,62.597288978,14.937,6.937
2020-02-14T15:53:00.0,16.57,16.21,14.19,12.98,63.26898851200001,14.875,6.812
2020-02-14T15:54:00.0,16.23,15.15,13.45,12.44,64.8808316405,14.75,6.75
2020-02-14T15:55:00.0,15.37,14.49,13.45,12,65.456479552,14.625,6.625
2020-02-14T15:56:00.0,15.35,14.89,13.27,11.7,66.66460451200001,14.375,6.437
2020-02-14T15:57:00.0,15.61,15.05,12.95,11.68,67.44714785800001,14.187,6.312
2020-02-14T15:58:00.0,14.79,14.41,12.77,11.42,68.107615072,13.937,6.25
2020-02-14T15:59:00.0,14.31,13.81,12.37,11,69.1551753445,13.75,6.125
2020-02-14T16:00:00.0,13.89,13.45,11.47,10.57,70.79344376200001,13.5,6.062
2020-02-14T16:01:00.0,13.49,13.01,11.65,10.36,71.06060504050001,13.25,6
2020-02-14T16:02:00.0,13.71,13.05,11.67,10.23,72.274402312,13.062,6
2020-02-14T16:03:00.0,13.85,13.27,11.81,10.18,72.7171342645,12.875,6
2020-02-14T16:04:00.0,13.61,13.05,11.99,10.22,72.7171342645,12.687,5.937
2020-02-14T16:05:00.0,,,,,,,
2020-02-14T16:06:00.0,13.71,13.39,12.73,10.4,72.6581448205,12.625,5.875
2020-02-14T16:07:00.0,14.51,14.39,13.69,11.53,71.0012582045,12.5,6.062
2020-02-14T16:08:00.0,15.29,15.37,13.91,12.05,69.6923985205,12.562,6.25
2020-02-14T16:09:00.0,15.67,16.01,14.11,12.46,68.107615072,12.562,6.437
2020-02-14T16:10:00.0,15.51,15.81,14.01,12.62,66.63446361250001,12.625,6.562
2020-02-14T16:11:00.0,16.21,16.89,14.11,13.03,66.000767602,12.687,6.875
2020-02-14T16:12:00.0,16.33,16.57,14.61,13.28,63.90871551250001,12.75,7.125
2020-02-14T16:13:00.0,15.97,15.57,13.91,13.02,62.99438901250001,12.812,7.062
2020-02-14T16:14:00.0,15.41,15.57,13.45,12.46,65.093046472,12.812,6.875
2020-02-14T16:15:00.0,15.61,15.77,13.15,11.99,65.5472660245,12.812,6.812
2020-02-14T16:16:00.0,15.11,15.57,13.05,11.69,66.66460451200001,12.75,6.687
2020-02-14T16:17:00.0,14.61,14.69,12.29,11.28,67.95764450450001,12.75,6.562
2020-02-14T16:18:00.0,14.19,13.91,11.89,10.66,69.5731049405,12.625,6.437
2020-02-14T16:19:00.0,13.85,13.89,11.89,10.31,71.5645378,12.562,6.312
2020-02-14T16:20:00.0,13.55,13.45,12.09,10.21,72.215317138,12.437,6.25
2020-02-14T16:21:00.0,13.41,13.51,11.81,10.08,72.06754836050001,12.375,6.125
2020-02-14T16:22:00.0,13.21,13.65,11.71,9.98,72.4220594045,12.312,6.125
2020-02-14T16:23:00.0,12.83,13.95,13.11,10.46,73.0118900245,12.187,6
2020-02-14T16:24:00.0,12.71,14.11,12.97,10.69,71.94927590050001,12.125,5.875
2020-02-14T16:25:00.0,12.61,14.19,12.87,10.77,71.801363528,12.062,5.687
2020-02-14T16:26:00.0,12.51,13.95,12.91,10.69,72.5401276405,11.937,5.562
2020-02-14T16:27:00.0,12.03,13.49,12.67,10.58,72.8940260125,11.875,5.562
2020-02-14T16:28:00.0,12.13,13.59,12.39,10.52,73.18859031250001,11.75,5.562
2020-02-14T16:29:00.0,11.79,13.39,12.39,10.38,73.8355085405,11.687,5.5
2020-02-14T16:30:00.0,11.81,13.35,12.63,10.26,74.275703648,11.562,5.5
2020-02-14T16:31:00.0,11.23,12.95,12.37,9.96,74.59805708050001,11.437,5.5
2020-02-14T16:32:00.0,11.07,12.71,11.93,9.7,75.59198112050001,11.375,5.312
2020-02-14T16:33:00.0,10.99,12.71,11.41,9.43,76.17491918050001,11.312,5.312
2020-02-14T16:34:00.0,10.75,12.51,11.37,9.28,77.017912162,11.187,5.187
2020-02-14T16:35:00.0,10.89,12.05,11.47,9.16,77.3369661005,11.062,5.187
2020-02-14T16:36:00.0,10.43,11.71,10.69,9,78.060652738,11,5.125
2020-02-14T16:37:00.0,10.37,11.31,10.69,8.8,79.01286531250001,10.812,5.125
2020-02-14T16:38:00.0,9.91,11.75,10.47,8.74,79.30072851250002,10.687,5.125
2020-02-14T16:39:00.0,9.67,11.45,10.47,8.79,79.559532562,10.5,5.125
2020-02-14T16:40:00.0,9.99,11.45,11.17,8.86,79.30072851250002,10.375,5
2020-02-14T16:41:00.0,10.27,11.93,11.31,9.07,78.95525438050001,10.312,5
2020-02-14T16:42:00.0,10.09,11.37,10.61,8.88,78.8399942245,10.25,5
2020-02-14T16:43:00.0,9.75,10.71,10.51,8.8,79.1856215245,10.25,5
2020-02-14T16:44:00.0,9.95,10.85,11.13,8.66,79.617009472,10.187,5
2020-02-14T16:45:00.0,9.61,10.85,10.05,8.59,79.84678947200001,10.062,5
2020-02-14T16:46:00.0,9.21,11.23,10.71,8.53,80.4489903125,10,5
2020-02-14T16:47:00.0,9.47,10.99,10.41,8.57,80.8496757445,9.875,5
2020-02-14T16:48:00.0,9.77,11.65,10.55,8.54,81.10692896800002,9.875,5
2020-02-14T16:49:00.0,9.89,11.51,10.93,8.64,81.24973574050001,9.812,5.125
2020-02-14T16:50:00.0,9.61,10.85,10.27,8.64,80.10504786050001,9.75,5.062
2020-02-14T16:51:00.0,10.09,11.81,10.79,8.62,80.992626112,9.75,5.062
2020-02-14T16:52:00.0,10.05,11.71,10.61,8.71,80.992626112,9.75,5.312
2020-02-14T16:53:00.0,9.99,11.79,10.51,8.74,81.13549670450001,9.75,5.375
2020-02-14T16:54:00.0,9.95,10.71,10.41,8.62,80.992626112,9.687,5.25
2020-02-14T16:55:00.0,9.95,10.93,10.93,8.81,81.30683611250001,9.687,5.312
2020-02-14T16:56:00.0,9.89,10.99,10.69,8.92,81.0783580405,9.687,5.375
2020-02-14T16:57:00.0,10.03,11.37,11.37,9.15,80.50626938050002,9.687,5.5
2020-02-14T16:58:00.0,10.65,12.61,11.07,9.38,81.67767740800001,9.75,5.687
2020-02-14T16:59:00.0,10.61,11.85,11.41,9.49,79.90420256200001,9.812,5.812
2020-02-14T17:00:00.0,10.85,12.03,11.85,9.66,79.30072851250002,9.937,5.875
2020-02-14T17:01:00.0,10.99,12.57,11.51,9.74,79.21440305800002,10,6
2020-02-14T17:02:00.0,11.17,12.23,11.55,9.84,77.771417408,10.062,6.125
2020-02-14T17:03:00.0,11.45,12.03,11.99,9.94,78.72468301250001,10.125,6.187
2020-02-14T17:04:00.0,11.33,12.51,11.81,10.22,77.91607496050001,10.312,6.312
2020-02-14T17:05:00.0,11.75,12.53,12.27,10.52,74.65662531250001,10.375,6.375
2020-02-14T17:06:00.0,11.89,12.19,11.95,10.74,76.40773701250001,10.5,6.437
2020-02-14T17:07:00.0,11.67,11.99,11.61,10.2,74.83225342450001,10.625,6.437
2020-02-14T17:08:00.0,11.47,12.29,11.51,10.1,75.65033236450002,10.687,6.5
2020-02-14T17:09:00.0,11.37,12.13,10.93,9.87,76.17491918050001,10.75,6.437
2020-02-14T17:10:00.0,10.79,11.99,10.71,9.7,76.66941296200001,10.75,6.437
2020-02-14T17:11:00.0,11.07,12.03,10.75,9.47,77.85822151250001,10.75,6.375
2020-02-14T17:12:00.0,10.85,11.61,10.33,9.37,78.34956896800001,10.75,6.25
2020-02-14T17:13:00.0,10.05,11.37,10.51,9.3,79.15683680000001,10.75,6.125
2020-02-14T17:14:00.0,10.03,11.33,10.55,9,79.041665992,10.687,5.75
2020-02-14T17:15:00.0,9.21,10.09,10.47,8.52,80.50626938050002,10.625,5.437
2020-02-14T17:16:00.0,9.39,9.91,9.95,8.16,82.27558954450001,10.5,5.187
2020-02-14T17:17:00.0,8.79,9.29,9.53,7.94,83.35394868050001,10.312,5.125
2020-02-14T17:18:00.0,8.87,9.47,9.85,7.8,83.72180320000001,10.125,4.937
2020-02-14T17:19:00.0,8.89,8.47,9.33,7.66,84.82213108450001,9.937,4.875
2020-02-14T17:20:00.0,8.55,9.25,9.29,7.6,85.2721436125,9.75,4.812
2020-02-14T17:21:00.0,8.59,8.97,9.29,7.55,85.49684354050001,9.562,4.812
2020-02-14T17:22:00.0,8.47,9.61,9.03,7.59,85.581053362,9.437,4.75
2020-02-14T17:23:00.0,8.69,9.25,9.35,7.71,85.524916672,9.312,4.812
2020-02-14T17:24:00.0,9.15,9.89,9.67,7.81,84.93471080050001,9.187,4.875
2020-02-14T17:25:00.0,9.07,9.67,9.57,7.95,84.624993728,9.187,4.937
2020-02-14T17:26:00.0,8.97,9.75,9.91,8.17,84.73766279200001,9.25,5.062
2020-02-14T17:27:00.0,9.07,9.57,9.95,8.25,83.97615580450001,9.312,5.125
2020-02-14T17:28:00.0,9.11,9.95,10.13,8.37,83.80661612050001,9.25,5
2020-02-14T17:29:00.0,9.47,10.89,10.41,8.48,83.41057678450001,9.312,4.937
2020-02-14T17:30:00.0,9.01,10.13,10.41,8.55,83.12730862450002,9.312,4.875
2020-02-14T17:31:00.0,9.39,10.75,10.79,8.5,83.55209120200001,9.312,4.875
2020-02-14T17:32:00.0,9.25,10.09,10.69,8.34,83.12730862450002,9.312,4.875
2020-02-14T17:33:00.0,9.11,9.77,10.03,8.16,84.2584666645,9.312,4.875
2020-02-14T17:34:00.0,8.59,9.75,9.91,7.87,84.2020300205,9.375,4.75
2020-02-14T17:35:00.0,8.71,9.89,9.91,7.74,85.49684354050001,9.312,4.75
2020-02-14T17:36:00.0,8.41,9.33,9.47,7.67,85.44068770450001,9.25,4.75
2020-02-14T17:37:00.0,8.61,9.49,10.09,7.68,86.2257078845,9.25,4.687
2020-02-14T17:38:00.0,8.97,9.75,9.85,7.76,86.25369805,9.187,4.687
2020-02-14T17:39:00.0,9.15,9.61,10.09,7.94,86.00167168450001,9.187,4.75
2020-02-14T17:40:00.0,9.11,9.91,9.99,8.01,85.49684354050001,9.187,4.75
2020-02-14T17:41:00.0,8.93,9.71,9.81,8.03,85.46876721800001,9.187,4.75
2020-02-14T17:42:00.0,8.65,9.89,10.19,8.08,85.13160245000002,9.25,4.75
2020-02-14T17:43:00.0,9.03,9.81,9.99,8.09,85.1597170645,9.25,4.812
2020-02-14T17:44:00.0,8.55,10.09,10.13,7.98,84.624993728,9.187,4.812
2020-02-14T17:45:00.0,8.83,9.95,10.37,7.96,85.04723946050001,9.25,4.75
2020-02-14T17:46:00.0,8.59,9.89,10.69,8.08,85.1597170645,9.25,4.75
2020-02-14T17:47:00.0,8.89,9.67,10.31,8.12,85.18782848800001,9.25,4.812
2020-02-14T17:48:00.0,8.87,9.67,9.89,8.03,84.624993728,9.312,4.75
2020-02-14T17:49:00.0,8.55,10.09,9.81,7.99,84.85028080000001,9.312,4.687
2020-02-14T17:50:00.0,9.07,10.31,10.41,8.07,84.90657065800002,9.312,4.625
2020-02-14T17:51:00.0,9.11,10.05,10.65,8.38,85.019112082,9.312,4.75
2020-02-14T17:52:00.0,9.61,10.61,10.61,8.62,84.56864005,9.375,4.812
2020-02-14T17:53:00.0,,,,,,,
2020-02-14T17:54:00.0,9.63,10.69,11.23,8.92,83.5803845125,9.5,4.937
2020-02-14T17:55:00.0,9.75,10.85,10.95,8.86,83.1556498,9.562,5
2020-02-14T17:56:00.0,9.35,10.71,10.99,8.98,82.50299544050002,9.625,5.062
2020-02-14T17:57:00.0,9.89,10.55,10.83,8.96,81.9340977805,9.687,5.125
2020-02-14T17:58:00.0,9.75,10.47,11.07,9.01,82.41774216200001,9.75,5.187
2020-02-14T17:59:00.0,9.33,10.69,10.79,8.92,81.76317958450001,9.812,5.187
2020-02-14T18:00:00.0,9.35,10.31,10.43,8.66,82.4461631125,9.812,5.125
2020-02-14T18:01:00.0,9.43,10.09,10.57,8.45,82.928831048,9.75,4.937
2020-02-14T18:02:00.0,9.49,9.81,10.61,8.36,83.80661612050001,9.75,4.937
2020-02-14T18:03:00.0,9.21,10.19,10.27,8.31,84.230249938,9.687,4.937
2020-02-14T18:04:00.0,9.19,10.05,9.91,8.28,84.2584666645,9.687,4.937
2020-02-14T18:05:00.0,9.03,10.43,10.03,8.2,84.5404584245,9.625,5
2020-02-14T18:06:00.0,9.33,10.69,9.63,8.01,84.9909815125,9.625,5
2020-02-14T18:07:00.0,9.49,9.43,9.61,7.98,85.63717728800002,9.562,5.125
2020-02-14T18:08:00.0,9.25,9.47,9.01,7.78,85.917605458,9.5,5.187
2020-02-14T18:09:00.0,9.33,9.77,8.79,7.67,86.8407544045,9.437,5.187
2020-02-14T18:10:00.0,9.15,9.15,8.87,7.6,87.20346503200001,9.312,5.25
2020-02-14T18:11:00.0,9.21,9.75,8.79,7.57,87.00822632050001,9.25,5.312
2020-02-14T18:12:00.0,,,,,,,
2020-02-14T18:13:00.0,8.97,9.35,8.55,7.48,87.62130718450001,9.125,5.25
2020-02-14T18:14:00.0,9.15,9.25,8.69,7.47,87.92726845000001,9,5.25
2020-02-14T18:15:00.0,8.75,9.07,8.71,7.51,87.95506396450001,8.937,5.187
2020-02-14T18:16:00.0,8.79,9.39,8.83,7.42,88.0106454205,8.875,5.062
2020-02-14T18:17:00.0,8.09,8.87,8.29,7.19,87.73261050050002,8.812,5
2020-02-14T18:18:00.0,8.19,8.41,8.01,6.96,88.37161376200001,8.687,4.812
2020-02-14T18:19:00.0,8.13,8.59,8.15,6.92,89.06426792450002,8.562,4.687
2020-02-14T18:20:00.0,7.41,8.79,8.37,6.92,89.17490751250001,8.5,4.5
2020-02-14T18:21:00.0,7.41,8.09,8.15,6.88,89.50651994050001,8.375,4.437
2020-02-14T18:22:00.0,7.59,8.15,8.23,6.8,89.67215384050002,8.25,4.375
2020-02-14T18:23:00.0,7.33,8.27,8.23,6.7,90.030633202,8.187,4.312
2020-02-14T18:24:00.0,7.65,7.97,8.19,6.64,90.2784953125,8.187,4.312
2020-02-14T18:25:00.0,7.19,7.65,8.09,6.59,90.471098258,8,4.25
2020-02-14T18:26:00.0,7.33,8.47,8.51,6.6,90.7734441205,7.937,4.187
2020-02-14T18:27:00.0,7.33,8.15,8.51,6.54,90.96564500000001,7.937,4.187
2020-02-14T18:28:00.0,7.45,8.15,8.09,6.48,91.10283561250002,7.75,4.125
2020-02-14T18:29:00.0,7.11,7.87,8.13,6.4,91.65080031250001,7.75,4.187
2020-02-14T18:30:00.0,7.27,7.69,7.95,6.39,91.951636832,7.687,4.25
2020-02-14T18:31:00.0,6.97,8.29,8.01,6.32,92.11556673800001,7.625,4.187
2020-02-14T18:32:00.0,6.91,7.95,7.37,6.3,92.4158065405,7.562,4.312
2020-02-14T18:33:00.0,6.61,7.95,7.91,6.29,92.4158065405,7.5,4.312
2020-02-14T18:34:00.0,6.65,7.73,7.97,6.27,92.6066672,7.437,4.312
2020-02-14T18:35:00.0,6.61,7.73,7.55,6.23,92.6884167605,7.375,4.25
2020-02-14T18:36:00.0,6.93,7.27,7.47,6.22,92.96070788050001,7.375,4.25
2020-02-14T18:37:00.0,6.73,7.45,7.65,6.19,93.0151278125,7.25,4.25
2020-02-14T18:38:00.0,7.09,7.79,7.65,6.3,92.7973715005,7.25,4.312
2020-02-14T18:39:00.0,6.83,7.61,7.83,6.38,92.7973715005,7.25,4.375
2020-02-14T18:40:00.0,7.01,7.87,8.05,6.47,92.96070788050001,7.25,4.437
2020-02-14T18:41:00.0,6.97,8.05,8.05,6.58,92.33396125000002,7.25,4.5
2020-02-14T18:42:00.0,7.33,7.73,7.97,6.67,92.06093620000001,7.312,4.625
2020-02-14T18:43:00.0,7.23,8.45,8.19,6.74,91.5960612805,7.375,4.75
2020-02-14T18:44:00.0,7.01,7.79,7.73,6.61,91.21253066450001,7.375,4.687
2020-02-14T18:45:00.0,7.19,7.61,7.41,6.44,91.43176760050001,7.375,4.562
2020-02-14T18:46:00.0,6.91,7.41,7.41,6.38,92.1974886125,7.375,4.375
2020-02-14T18:47:00.0,6.87,6.75,7.45,6.29,92.552151538,7.312,4.312
2020-02-14T18:48:00.0,6.33,7.37,7.65,6.3,92.8518297245,7.312,4.25
2020-02-14T18:49:00.0,6.57,7.23,7.51,6.22,92.96070788050001,7.25,4.312
2020-02-14T18:50:00.0,6.43,7.51,7.83,6.25,93.23267990050002,7.187,4.312
2020-02-14T18:51:00.0,6.87,7.29,7.73,6.25,93.23267990050002,7.187,4.312
2020-02-14T18:52:00.0,7.09,7.61,7.51,6.28,93.1239293845,7.187,4.25
2020-02-14T18:53:00.0,6.61,7.47,7.79,6.24,92.9062751845,7.187,4.25
2020-02-14T18:54:00.0,6.73,7.23,7.33,6.24,92.93349312800001,7.187,4.25
2020-02-14T18:55:00.0,7.11,7.87,7.73,6.3,92.8518297245,7.125,4.125
2020-02-14T18:56:00.0,6.97,7.69,7.69,6.38,93.15112180000001,7.125,4.25
2020-02-14T18:57:00.0,6.83,7.91,7.73,6.43,92.9062751845,7.187,4.312
2020-02-14T18:58:00.0,6.91,7.55,7.91,6.45,92.66117009800001,7.187,4.312
2020-02-14T18:59:00.0,6.93,7.79,7.77,6.48,92.6066672,7.25,4.312
2020-02-14T19:00:00.0,6.91,7.79,7.87,6.4,92.552151538,7.25,4.25
2020-02-14T19:01:00.0,6.65,7.83,7.65,6.31,92.6884167605,7.25,4.25
2020-02-14T19:02:00.0,6.75,7.11,7.97,6.28,92.7973715005,7.25,4.25
2020-02-14T19:03:00.0,6.33,7.45,7.95,6.24,92.8518297245,7.187,4.25
2020-02-14T19:04:00.0,6.57,7.47,7.95,6.22,93.1783110245,7.187,4.187
2020-02-14T19:05:00.0,6.51,7.65,7.65,6.16,93.1783110245,7.187,4.25
2020-02-14T19:06:00.0,6.51,7.33,7.61,6.09,93.368546248,7.187,4.187
2020-02-14T19:07:00.0,6.53,7.41,7.83,6.12,93.6129046405,7.187,4.25
2020-02-14T19:08:00.0,6.47,7.61,7.77,6.12,93.8298951125,7.187,4.25
2020-02-14T19:09:00.0,6.25,7.95,7.37,5.98,93.6129046405,7.187,4.187
2020-02-14T19:10:00.0,6.13,7.69,7.73,5.9,93.88411082050001,7.125,4.125
2020-02-14T19:11:00.0,5.95,7.05,7.55,5.88,93.911213888,7.062,4.062
2020-02-14T19:12:00.0,6.65,7.47,7.65,5.9,94.23620180000002,7.125,4.062
2020-02-14T19:13:00.0,6.33,7.23,6.75,5.88,94.1008460125,7.062,4.125
2020-02-14T19:14:00.0,6.57,6.97,7.23,5.9,94.398523442,7.062,4.125
2020-02-14T19:15:00.0,6.61,7.05,7.33,5.86,94.4255658805,7.062,4.125
2020-02-14T19:16:00.0,6.61,7.45,7.19,5.88,94.85781092050001,7.062,4.187
2020-02-14T19:17:00.0,6.53,7.27,7.33,5.92,94.64179051250001,7.125,4.187
2020-02-14T19:18:00.0,6.43,6.97,7.45,5.88,94.80382496450001,7.062,4.187
2020-02-14T19:19:00.0,6.13,6.87,6.65,5.86,94.88479911200001,7.125,4.187
2020-02-14T19:20:00.0,6.35,7.15,7.15,5.84,94.85781092050001,7.062,4.187
2020-02-14T19:21:00.0,6.35,7.11,7.05,5.84,95.0736271045,7.062,4.187
2020-02-14T19:22:00.0,6.33,6.79,7.77,5.8,95.0196922045,7.062,4.187
2020-02-14T19:23:00.0,6.33,6.69,7.23,5.72,94.96574454050001,7.062,4.125
2020-02-14T19:24:00.0,6.39,6.75,6.83,5.73,95.15450552200001,7.062,4.062
2020-02-14T19:25:00.0,6.35,6.91,7.05,5.7,95.26229873800001,7.062,4.062
2020-02-14T19:26:00.0,6.65,6.93,6.61,5.65,95.28923906450001,7.062,4.062
2020-02-14T19:27:00.0,6.17,6.87,6.73,5.63,95.50464680050001,7,4.062
2020-02-14T19:28:00.0,6.43,6.75,6.69,5.62,95.77361928050001,6.937,4.125
2020-02-14T19:29:00.0,6.43,6.75,6.91,5.66,95.88111892450002,6.937,4.125
2020-02-14T19:30:00.0,6.47,6.73,6.51,5.68,95.9348496005,6.937,4.125
2020-02-14T19:31:00.0,6.61,7.11,6.61,5.72,95.9348496005,6.875,4.25
2020-02-14T19:32:00.0,6.65,6.33,6.43,5.73,95.88111892450002,6.875,4.312
2020-02-14T19:33:00.0,6.51,6.57,6.43,5.77,95.77361928050001,6.875,4.312
2020-02-14T19:34:00.0,6.39,6.47,6.61,5.76,95.7198503125,6.875,4.312
2020-02-14T19:35:00.0,6.73,6.21,6.21,5.74,95.88111892450002,6.812,4.312
2020-02-14T19:36:00.0,6.91,6.43,6.53,5.81,96.01542168200001,6.75,4.375
2020-02-14T19:37:00.0,6.51,6.51,6.43,5.88,95.98856751250001,6.75,4.437
2020-02-14T19:38:00.0,6.69,6.79,6.91,6.03,96.283787872,6.75,4.562
2020-02-14T19:39:00.0,6.53,6.57,7.05,6.14,95.9348496005,6.75,4.687
2020-02-14T19:40:00.0,6.79,6.79,6.73,6.13,95.77361928050001,6.75,4.75
2020-02-14T19:41:00.0,6.57,6.43,6.83,6.14,95.639172928,6.75,4.812
2020-02-14T19:42:00.0,6.57,6.57,6.53,6.08,95.34311014450002,6.75,4.75
2020-02-14T19:43:00.0,6.43,6.51,6.79,5.96,95.58537205,6.75,4.625
2020-02-14T19:44:00.0,6.51,6.61,6.47,5.94,96.14964466450002,6.75,4.687
2020-02-14T19:45:00.0,6.33,6.83,6.51,5.92,95.88111892450002,6.75,4.625
2020-02-14T19:46:00.0,6.35,6.61,6.51,5.86,96.0959650445,6.687,4.562
2020-02-14T19:47:00.0,6.35,6.51,6.39,5.87,96.5250446125,6.687,4.625
2020-02-14T19:48:00.0,6.35,7.09,6.51,5.94,96.712510048,6.687,4.687
2020-02-14T19:49:00.0,6.47,6.35,6.53,6.02,97.00678268050001,6.75,4.812
2020-02-14T19:50:00.0,6.79,6.69,6.69,6.12,97.00678268050001,6.687,4.937
2020-02-14T19:51:00.0,6.17,6.65,6.91,6.18,96.87307025800001,6.687,5.062
2020-02-14T19:52:00.0,6.33,6.83,6.79,6.24,96.8998191245,6.687,5.125
2020-02-14T19:53:00.0,6.51,6.93,6.47,6.44,96.8998191245,6.75,5.312
2020-02-14T19:54:00.0,6.61,6.91,6.79,6.58,96.44465441800001,6.75,5.5
2020-02-14T19:55:00.0,6.57,7.19,6.91,6.64,96.069120448,6.75,5.625
2020-02-14T19:56:00.0,6.83,6.93,7.15,6.66,95.98856751250001,6.812,5.625
2020-02-14T19:57:00.0,6.73,6.93,6.91,6.69,96.04227266050002,6.875,5.687
2020-02-14T19:58:00.0,6.87,6.69,7.27,6.68,95.907985858,6.937,5.687
2020-02-14T19:59:00.0,6.61,6.93,7.01,6.64,95.907985858,6.937,5.687
2020-02-14T20:00:00.0,6.43,6.57,6.87,6.64,95.7198503125,7,5.687
2020-02-14T20:01:00.0,,,,,,,
2020-02-14T20:02:00.0,6.65,6.91,7.05,6.51,96.04227266050002,7.062,5.625
2020-02-14T20:03:00.0,6.51,6.73,6.75,6.48,96.04227266050002,7.062,5.5
2020-02-14T20:04:00.0,6.35,6.57,6.93,6.42,96.12280645,7.062,5.437
2020-02-14T20:05:00.0,6.35,6.65,6.57,6.39,96.20331152050001,7.125,5.375
2020-02-14T20:06:00.0,6.43,6.73,6.51,6.33,96.25696561250001,7.125,5.312
2020-02-14T20:07:00.0,6.69,6.79,6.69,6.33,96.57862212050001,7.125,5.25
2020-02-14T20:08:00.0,6.29,6.73,6.79,6.32,96.57862212050001,7.125,5.25
2020-02-14T20:09:00.0,6.43,6.75,6.93,6.3,96.68573884450001,7.187,5.187
2020-02-14T20:10:00.0,6.29,6.33,7.05,6.21,96.73927806050001,7.187,5.187
2020-02-14T20:11:00.0,6.51,7.01,6.39,6.2,96.8998191245,7.187,5.125
2020-02-14T20:12:00.0,6.35,6.43,6.69,6.2,96.84631820050001,7.187,5.125
2020-02-14T20:13:00.0,6.35,6.39,6.73,6.16,96.73927806050001,7.187,5.125
2020-02-14T20:14:00.0,6.43,7.01,6.73,6.12,96.84631820050001,7.25,5.062
2020-02-14T20:15:00.0,6.29,6.47,6.65,6.12,96.84631820050001,7.187,5.062
2020-02-14T20:16:00.0,6.21,6.43,6.53,6.12,96.95330728450001,7.25,5.062
2020-02-14T20:17:00.0,6.43,6.61,6.47,6.07,97.00678268050001,7.312,5
2020-02-14T20:18:00.0,6.25,6.11,6.65,6.05,97.1136951805,7.25,5
2020-02-14T20:19:00.0,6.25,6.73,6.43,6.02,96.8998191245,7.25,5
2020-02-14T20:20:00.0,6.25,6.65,6.53,5.96,96.79280451250001,7.25,4.75
2020-02-14T20:21:00.0,5.99,6.35,6.53,5.84,97.06024531250002,7.25,4.687
2020-02-14T20:22:00.0,6.03,6.43,6.33,5.82,97.3273670125,7.25,4.625
2020-02-14T20:23:00.0,5.71,6.65,6.57,5.82,97.54083462050001,7.25,4.625
2020-02-14T20:24:00.0,6.03,6.33,6.21,5.84,97.54083462050001,7.25,4.687
2020-02-14T20:25:00.0,5.95,6.57,6.11,5.8,97.67414816800002,7.25,4.75
2020-02-14T20:26:00.0,5.89,6.43,6.29,5.81,97.620832322,7.25,4.75
2020-02-14T20:27:00.0,5.93,6.43,6.39,5.82,97.7008013045,7.25,4.75
2020-02-14T20:28:00.0,5.85,6.21,6.35,5.85,97.80738194050001,7.25,4.812
2020-02-14T20:29:00.0,5.99,6.43,6.61,5.85,97.514162338,7.187,4.75
2020-02-14T20:30:00.0,5.81,6.29,6.83,5.84,97.567503712,7.187,4.75
2020-02-14T20:31:00.0,6.07,6.39,6.33,5.81,97.64749184050001,7.187,4.75
2020-02-14T20:32:00.0,5.85,6.51,6.65,5.84,97.7008013045,7.187,4.75
2020-02-14T20:33:00.0,5.77,6.91,6.61,5.84,97.83401912200002,7.187,4.812
2020-02-14T20:34:00.0,5.89,6.35,6.17,5.84,97.75409800450001,7.187,4.812
2020-02-14T20:35:00.0,5.99,6.53,6.51,5.88,97.80738194050001,7.187,4.812
2020-02-14T20:36:00.0,5.95,6.43,6.11,5.88,97.80738194050001,7.187,4.812
2020-02-14T20:37:00.0,5.99,6.61,6.47,5.92,97.80738194050001,7.187,4.812
2020-02-14T20:38:00.0,5.71,6.47,6.51,5.9,97.75409800450001,7.25,4.812
2020-02-14T20:39:00.0,5.93,6.43,6.69,5.9,97.80738194050001,7.187,4.875
2020-02-14T20:40:00.0,5.77,6.65,6.73,5.9,97.94053593800001,7.187,4.875
2020-02-14T20:41:00.0,,,,,,,
2020-02-14T20:42:00.0,5.93,6.03,6.51,5.8,97.83401912200002,7.25,4.812
2020-02-14T20:43:00.0,5.55,6.43,6.35,5.75,97.86065311250002,7.187,4.75
2020-02-14T20:44:00.0,5.99,6.21,6.69,5.72,97.91391152050001,7.187,4.625
2020-02-14T20:45:00.0,5.77,6.47,6.47,5.68,98.153416402,7.125,4.625
2020-02-14T20:46:00.0,5.71,6.21,6.53,5.7,98.25978005000002,7.125,4.625
2020-02-14T20:47:00.0,5.51,6.57,6.51,5.69,98.2863629845,7.125,4.562
2020-02-14T20:48:00.0,5.93,6.03,6.29,5.7,98.23319392450001,7.187,4.562
2020-02-14T20:49:00.0,5.63,6.39,6.07,5.71,98.33951928050001,7.187,4.625
2020-02-14T20:50:00.0,6.25,5.99,6.29,5.65,98.33951928050001,7.125,4.625
2020-02-14T20:51:00.0,,,,,,,
2020-02-14T20:52:00.0,5.71,6.25,6.21,5.61,98.5254658,7.125,4.562
2020-02-14T20:53:00.0,5.95,6.47,6.43,5.64,98.578564658,7.062,4.562
2020-02-14T20:54:00.0,,,,,,,
