time,TempPlant1,TempPlant2,TempPlant6,Air_temp_loc,Humedity,air_temp,Ambient_1
2020-01-25T00:00:00.0,2.39,3.59,2.95,2.58,102.57673040200001,4.375,1.687
2020-01-25T00:01:00.0,3.03,3.75,2.81,2.54,102.524601608,4.375,1.687
2020-01-25T00:02:00.0,3.33,3.63,2.85,2.59,102.49853242450001,4.437,1.687
2020-01-25T00:03:00.0,2.73,3.55,2.35,2.54,102.55066760050002,4.375,1.687
2020-01-25T00:04:00.0,2.59,3.81,2.89,2.59,102.60279001250001,4.375,1.687
2020-01-25T00:05:00.0,3.11,3.97,2.89,2.56,102.55066760050002,4.375,1.687
2020-01-25T00:06:00.0,2.95,3.79,2.39,2.53,102.6548996605,4.375,1.687
2020-01-25T00:07:00.0,2.85,3.97,2.69,2.56,102.7069965445,4.375,1.687
2020-01-25T00:08:00.0,2.99,4.33,3.15,2.62,102.7590806645,4.375,1.687
2020-01-25T00:09:00.0,2.81,4.19,2.65,2.57,102.7069965445,4.375,1.687
2020-01-25T00:10:00.0,2.85,3.89,2.99,2.56,102.55066760050002,4.375,1.687
2020-01-25T00:11:00.0,2.65,3.71,3.11,2.56,102.7590806645,4.312,1.687
2020-01-25T00:12:00.0,3.33,3.25,2.55,2.56,102.7069965445,4.312,1.687
2020-01-25T00:13:00.0,3.07,3.59,2.31,2.54,102.7069965445,4.312,1.687
2020-01-25T00:14:00.0,2.77,3.75,2.21,2.56,102.8111520205,4.312,1.625
2020-01-25T00:15:00.0,3.25,3.67,2.55,2.58,102.86321061250001,4.312,1.687
2020-01-25T00:16:00.0,2.61,3.71,2.65,2.54,102.680949698,4.312,1.625
2020-01-25T00:17:00.0,2.69,3.63,2.65,2.5,102.7590806645,4.25,1.625
2020-01-25T00:18:00.0,3.41,3.37,2.55,2.5,102.83718291200002,4.25,1.625
2020-01-25T00:19:00.0,3.23,3.55,2.77,2.49,102.94127456800001,4.187,1.625
2020-01-25T00:20:00.0,3.25,2.95,2.77,2.5,102.9152564405,4.25,1.687
2020-01-25T00:21:00.0,2.69,3.97,2.47,2.6,103.01930980450001,4.187,1.687
2020-01-25T00:22:00.0,2.51,3.79,2.55,2.6,103.01930980450001,4.25,1.687
2020-01-25T00:23:00.0,2.91,3.37,2.55,2.58,103.01930980450001,4.25,1.687
2020-01-25T00:24:00.0,3.03,3.75,2.65,2.56,103.01930980450001,4.187,1.75
2020-01-25T00:25:00.0,2.47,4.07,2.89,2.58,103.045315168,4.25,1.687
2020-01-25T00:26:00.0,2.77,3.67,2.39,2.44,103.12331211250002,4.187,1.687
2020-01-25T00:27:00.0,2.61,3.41,2.65,2.5,103.17529412050001,4.187,1.687
2020-01-25T00:28:00.0,2.77,3.63,2.77,2.48,103.33116356050002,4.25,1.687
2020-01-25T00:29:00.0,2.59,3.29,2.55,2.47,103.43501270050001,4.187,1.625
2020-01-25T00:30:00.0,2.65,3.81,2.31,2.42,103.43501270050001,4.125,1.625
2020-01-25T00:31:00.0,2.65,2.69,2.55,2.4,103.53881078450001,4.125,1.625
2020-01-25T00:32:00.0,3.03,3.45,2.55,2.43,103.4869181245,4.125,1.625
2020-01-25T00:33:00.0,2.27,3.45,2.77,2.42,103.53881078450001,4.125,1.562
2020-01-25T00:34:00.0,2.89,3.11,2.95,2.32,103.53881078450001,4.125,1.562
2020-01-25T00:35:00.0,2.69,3.71,2.43,2.39,103.66848659200001,4.125,1.562
2020-01-25T00:36:00.0,3.29,3.41,2.69,2.37,103.69441218050001,4.125,1.562
2020-01-25T00:37:00.0,,,,,,,
2020-01-25T00:38:00.0,2.91,3.33,2.43,2.48,103.6425578125,4.125,1.562
2020-01-25T00:39:00.0,,,,,,,
2020-01-25T00:40:00.0,,,,,,,
2020-01-25T00:41:00.0,,,,,,,
2020-01-25T00:42:00.0,2.59,3.55,2.25,2.4,103.46096700800001,4.187,1.562
2020-01-25T00:43:00.0,3.29,3.25,2.65,2.46,103.38309451250001,4.187,1.562
2020-01-25T00:44:00.0,2.89,3.29,3.25,2.44,103.2792198445,4.187,1.562
2020-01-25T00:45:00.0,2.61,4.07,2.89,2.48,103.2792198445,4.25,1.562
2020-01-25T00:46:00.0,2.43,3.63,2.27,2.48,103.35713063200001,4.187,1.562
2020-01-25T00:47:00.0,,,,,,,
2020-01-25T00:48:00.0,2.95,3.41,2.55,2.42,103.38309451250001,4.187,1.562
2020-01-25T00:49:00.0,2.91,2.99,2.55,2.5,103.2792198445,4.187,1.5
2020-01-25T00:50:00.0,,,,,,,
2020-01-25T00:51:00.0,,,,,,,
2020-01-25T00:52:00.0,2.59,3.33,2.47,2.5,103.0713173405,4.187,1.562
2020-01-25T00:53:00.0,,,,,,,
2020-01-25T00:54:00.0,,,,,,,
2020-01-25T00:55:00.0,,,,,,,
2020-01-25T00:56:00.0,2.73,3.33,2.73,2.47,103.0713173405,4.187,1.562
2020-01-25T00:57:00.0,2.69,3.53,2.55,2.5,103.25324320000001,4.25,1.562
2020-01-25T00:58:00.0,2.73,2.73,2.59,2.37,103.0713173405,4.25,1.562
2020-01-25T00:59:00.0,2.73,3.19,2.39,2.47,103.097316322,4.25,1.562
2020-01-25T01:00:00.0,2.51,3.79,2.25,2.44,103.12331211250002,4.25,1.562
2020-01-25T01:01:00.0,3.41,3.67,2.43,2.5,103.0713173405,4.25,1.562
2020-01-25T01:02:00.0,2.51,3.85,2.69,2.51,103.12331211250002,4.25,1.562
2020-01-25T01:03:00.0,2.43,3.55,2.31,2.51,103.0713173405,4.25,1.562
2020-01-25T01:04:00.0,2.65,3.23,2.73,2.54,103.045315168,4.312,1.562
2020-01-25T01:05:00.0,2.59,3.37,2.65,2.51,103.01930980450001,4.312,1.562
2020-01-25T01:06:00.0,2.95,3.55,2.77,2.46,102.9152564405,4.312,1.625
2020-01-25T01:07:00.0,3.29,3.23,2.85,2.48,102.9152564405,4.312,1.625
2020-01-25T01:08:00.0,3.29,4.19,2.55,2.52,102.9672895045,4.312,1.625
2020-01-25T01:09:00.0,2.55,3.25,2.35,2.5,102.86321061250001,4.375,1.625
2020-01-25T01:10:00.0,2.77,2.95,2.43,2.48,102.9152564405,4.375,1.625
2020-01-25T01:11:00.0,2.81,3.71,2.47,2.47,102.9152564405,4.375,1.562
2020-01-25T01:12:00.0,2.89,3.37,2.55,2.48,102.8111520205,4.437,1.562
2020-01-25T01:13:00.0,2.99,3.03,2.85,2.45,102.8111520205,4.375,1.562
2020-01-25T01:14:00.0,2.25,3.41,2.47,2.5,102.78511793800001,4.437,1.562
2020-01-25T01:15:00.0,2.65,3.25,2.25,2.41,102.7590806645,4.437,1.562
2020-01-25T01:16:00.0,2.69,3.37,2.51,2.5,102.8111520205,4.437,1.562
2020-01-25T01:17:00.0,2.95,2.91,2.65,2.46,103.01930980450001,4.437,1.562
2020-01-25T01:18:00.0,2.69,3.37,2.69,2.45,102.9152564405,4.5,1.562
2020-01-25T01:19:00.0,2.81,3.59,2.73,2.47,102.9672895045,4.5,1.625
2020-01-25T01:20:00.0,2.73,3.25,2.47,2.56,102.9152564405,4.5,1.625
2020-01-25T01:21:00.0,2.81,3.75,2.55,2.5,103.0713173405,4.5,1.625
2020-01-25T01:22:00.0,2.65,3.79,2.85,2.51,103.0713173405,4.5,1.687
2020-01-25T01:23:00.0,2.51,3.45,2.55,2.51,103.201280338,4.5,1.625
2020-01-25T01:24:00.0,2.59,3.45,2.39,2.57,103.0713173405,4.5,1.687
2020-01-25T01:25:00.0,2.55,3.75,2.55,2.5,103.2272633645,4.562,1.687
2020-01-25T01:26:00.0,3.37,3.33,2.47,2.54,103.2792198445,4.5,1.75
2020-01-25T01:27:00.0,2.81,3.15,2.69,2.55,103.149304712,4.562,1.75
2020-01-25T01:28:00.0,2.99,2.89,2.73,2.5,103.2792198445,4.562,1.75
2020-01-25T01:29:00.0,2.81,3.25,2.17,2.52,103.33116356050002,4.562,1.687
2020-01-25T01:30:00.0,3.19,3.33,2.39,2.46,103.40905520200002,4.5,1.687
2020-01-25T01:31:00.0,3.11,3.19,2.81,2.56,103.43501270050001,4.5,1.687
2020-01-25T01:32:00.0,2.39,3.85,2.35,2.53,103.53881078450001,4.5,1.687
2020-01-25T01:33:00.0,2.81,3.59,2.89,2.44,103.53881078450001,4.562,1.687
2020-01-25T01:34:00.0,2.73,3.75,2.89,2.49,103.5906906805,4.5,1.687
2020-01-25T01:35:00.0,2.35,3.59,2.25,2.45,103.69441218050001,4.5,1.687
2020-01-25T01:36:00.0,2.47,3.29,2.47,2.5,103.7462537845,4.5,1.687
2020-01-25T01:37:00.0,2.85,2.89,2.27,2.52,103.79808262450001,4.5,1.687
2020-01-25T01:38:00.0,2.85,3.55,2.35,2.47,103.6425578125,4.5,1.687
2020-01-25T01:39:00.0,2.81,3.37,2.69,2.44,103.7462537845,4.5,1.625
2020-01-25T01:40:00.0,2.95,3.25,2.85,2.43,103.8498987005,4.5,1.625
2020-01-25T01:41:00.0,3.11,3.71,2.25,2.4,103.875801952,4.5,1.625
2020-01-25T01:42:00.0,3.19,3.25,2.61,2.38,103.8498987005,4.5,1.625
2020-01-25T01:43:00.0,2.51,2.95,2.39,2.5,103.90170201250001,4.5,1.625
2020-01-25T01:44:00.0,2.59,3.59,2.47,2.43,103.9534925605,4.562,1.625
2020-01-25T01:45:00.0,2.61,3.67,2.61,2.44,103.9534925605,4.562,1.625
2020-01-25T01:46:00.0,2.81,3.97,2.65,2.48,104.00527034450002,4.562,1.625
2020-01-25T01:47:00.0,2.91,3.67,2.77,2.5,103.90170201250001,4.562,1.687
2020-01-25T01:48:00.0,2.43,3.67,2.65,2.48,104.00527034450002,4.562,1.687
2020-01-25T01:49:00.0,2.81,3.37,2.55,2.58,103.9534925605,4.562,1.625
2020-01-25T01:50:00.0,2.65,3.55,2.55,2.54,103.9534925605,4.562,1.625
2020-01-25T01:51:00.0,2.77,3.37,2.65,2.58,103.8498987005,4.562,1.687
2020-01-25T01:52:00.0,2.69,3.67,2.31,2.48,103.90170201250001,4.562,1.687
2020-01-25T01:53:00.0,3.29,3.75,2.89,2.56,103.90170201250001,4.562,1.687
2020-01-25T01:54:00.0,3.03,3.45,2.61,2.57,103.79808262450001,4.562,1.625
2020-01-25T01:55:00.0,3.03,3.37,2.61,2.56,103.7721698,4.625,1.625
2020-01-25T01:56:00.0,3.11,3.41,2.89,2.57,103.7462537845,4.625,1.687
2020-01-25T01:57:00.0,2.99,3.41,2.59,2.64,103.720334578,4.625,1.687
2020-01-25T01:58:00.0,3.41,3.11,3.03,2.58,103.7462537845,4.625,1.687
2020-01-25T01:59:00.0,3.15,3.41,2.61,2.57,103.53881078450001,4.625,1.687
2020-01-25T02:00:00.0,2.91,3.49,2.81,2.64,103.61662584200002,4.625,1.687
2020-01-25T02:01:00.0,2.61,3.23,2.55,2.62,103.6425578125,4.625,1.687
2020-01-25T02:02:00.0,2.69,3.55,2.59,2.58,103.51286605000001,4.687,1.687
2020-01-25T02:03:00.0,2.65,4.01,2.59,2.6,103.53881078450001,4.687,1.687
2020-01-25T02:04:00.0,2.89,3.79,2.81,2.6,103.4869181245,4.75,1.687
2020-01-25T02:05:00.0,3.33,3.25,2.89,2.59,103.4869181245,4.75,1.687
2020-01-25T02:06:00.0,3.33,3.15,2.39,2.54,103.46096700800001,4.75,1.687
2020-01-25T02:07:00.0,2.91,3.93,2.85,2.58,103.53881078450001,4.812,1.687
2020-01-25T02:08:00.0,2.89,3.45,2.81,2.52,103.4869181245,4.812,1.687
2020-01-25T02:09:00.0,2.89,4.01,3.07,2.6,103.4869181245,4.875,1.687
2020-01-25T02:10:00.0,2.95,3.29,2.69,2.51,103.5906906805,4.875,1.687
2020-01-25T02:11:00.0,2.89,3.49,2.61,2.55,103.5906906805,4.875,1.687
2020-01-25T02:12:00.0,2.43,3.45,2.89,2.6,103.7462537845,4.812,1.687
2020-01-25T02:13:00.0,2.77,3.29,2.81,2.58,103.79808262450001,4.875,1.687
2020-01-25T02:14:00.0,2.91,3.75,2.91,2.52,103.823992258,4.812,1.687
2020-01-25T02:15:00.0,3.11,3.93,2.85,2.48,103.79808262450001,4.812,1.687
2020-01-25T02:16:00.0,3.07,3.67,2.65,2.49,104.00527034450002,4.875,1.625
2020-01-25T02:17:00.0,2.73,3.49,3.07,2.52,103.875801952,4.875,1.625
2020-01-25T02:18:00.0,2.47,3.93,2.89,2.5,103.90170201250001,4.875,1.687
2020-01-25T02:19:00.0,2.89,3.33,2.21,2.48,103.9534925605,4.937,1.687
2020-01-25T02:20:00.0,2.69,3.67,2.59,2.46,104.00527034450002,4.937,1.687
2020-01-25T02:21:00.0,2.81,3.93,2.43,2.51,104.00527034450002,5,1.687
2020-01-25T02:22:00.0,2.55,3.59,2.17,2.48,104.0570353645,5,1.625
2020-01-25T02:23:00.0,2.81,3.55,3.07,2.46,104.1605271125,5.062,1.625
2020-01-25T02:24:00.0,2.81,3.71,2.99,2.46,104.08291308800001,5.062,1.625
2020-01-25T02:25:00.0,2.89,3.93,2.61,2.42,104.21225384050001,5.062,1.625
2020-01-25T02:26:00.0,2.69,3.93,2.43,2.46,104.10878762050001,5,1.562
2020-01-25T02:27:00.0,2.61,3.79,2.89,2.47,104.2639678045,5,1.562
2020-01-25T02:28:00.0,2.61,3.53,2.69,2.4,104.21225384050001,5,1.562
2020-01-25T02:29:00.0,2.35,3.75,2.59,2.4,104.0570353645,5,1.562
2020-01-25T02:30:00.0,,,,,,,
2020-01-25T02:31:00.0,2.81,3.75,2.77,2.34,104.1605271125,5,1.625
2020-01-25T02:32:00.0,2.73,3.79,2.43,2.4,104.31566900450001,5,1.562
2020-01-25T02:33:00.0,2.65,3.85,2.61,2.4,104.1605271125,5,1.562
2020-01-25T02:34:00.0,2.99,3.37,2.59,2.4,104.21225384050001,5.062,1.562
2020-01-25T02:35:00.0,,,,,,,
2020-01-25T02:36:00.0,,,,,,,
2020-01-25T02:37:00.0,,,,,,,
2020-01-25T02:38:00.0,,,,,,,
2020-01-25T02:39:00.0,2.81,3.11,2.85,2.43,104.00527034450002,5.125,1.562
2020-01-25T02:40:00.0,,,,,,,
2020-01-25T02:41:00.0,,,,,,,
2020-01-25T02:42:00.0,,,,,,,
2020-01-25T02:43:00.0,3.07,3.97,2.61,2.54,103.90170201250001,5.187,1.625
2020-01-25T02:44:00.0,,,,,,,
2020-01-25T02:45:00.0,3.45,3.55,2.73,2.47,103.79808262450001,5.187,1.625
2020-01-25T02:46:00.0,2.91,3.71,2.55,2.52,103.7721698,5.187,1.625
2020-01-25T02:47:00.0,2.65,3.93,2.73,2.5,103.43501270050001,5.187,1.625
2020-01-25T02:48:00.0,3.29,3.41,2.77,2.52,103.5906906805,5.187,1.562
2020-01-25T02:49:00.0,2.27,3.33,2.69,2.53,103.43501270050001,5.187,1.562
2020-01-25T02:50:00.0,2.59,2.95,2.73,2.5,103.38309451250001,5.25,1.562
2020-01-25T02:51:00.0,3.25,2.73,2.77,2.48,103.43501270050001,5.25,1.562
2020-01-25T02:52:00.0,2.89,3.75,2.61,2.5,103.46096700800001,5.187,1.625
2020-01-25T02:53:00.0,2.61,4.05,2.65,2.48,103.38309451250001,5.187,1.625
2020-01-25T02:54:00.0,2.81,3.33,2.77,2.5,103.305193298,5.187,1.625
2020-01-25T02:55:00.0,,,,,,,
2020-01-25T02:56:00.0,3.15,2.95,2.73,2.49,103.38309451250001,5.25,1.625
2020-01-25T02:57:00.0,3.29,3.33,2.61,2.51,103.38309451250001,5.25,1.625
2020-01-25T02:58:00.0,3.03,3.07,2.47,2.46,103.38309451250001,5.25,1.625
2020-01-25T02:59:00.0,2.65,3.49,2.51,2.53,103.46096700800001,5.312,1.562
2020-01-25T03:00:00.0,,,,,,,
2020-01-25T03:01:00.0,,,,,,,
2020-01-25T03:02:00.0,,,,,,,
2020-01-25T03:03:00.0,,,,,,,
2020-01-25T03:04:00.0,,,,,,,
2020-01-25T03:05:00.0,,,,,,,
2020-01-25T03:06:00.0,,,,,,,
2020-01-25T03:07:00.0,,,,,,,
2020-01-25T03:08:00.0,,,,,,,
2020-01-25T03:09:00.0,,,,,,,
2020-01-25T03:10:00.0,,,,,,,
2020-01-25T03:11:00.0,,,,,,,
2020-01-25T03:12:00.0,,,,,,,
2020-01-25T03:13:00.0,,,,,,,
2020-01-25T03:14:00.0,,,,,,,
2020-01-25T03:15:00.0,,,,,,,
2020-01-25T03:16:00.0,,,,,,,
2020-01-25T03:17:00.0,,,,,,,
2020-01-25T03:18:00.0,,,,,,,
2020-01-25T03:19:00.0,,,,,,,
2020-01-25T03:20:00.0,,,,,,,
2020-01-25T03:21:00.0,,,,,,,
2020-01-25T03:22:00.0,,,,,,,
2020-01-25T03:23:00.0,,,,,,,
2020-01-25T03:24:00.0,,,,,,,
2020-01-25T03:25:00.0,,,,,,,
2020-01-25T03:26:00.0,,,,,,,
2020-01-25T03:27:00.0,,,,,,,
2020-01-25T03:28:00.0,,,,,,,
2020-01-25T03:29:00.0,,,,,,,
2020-01-25T03:30:00.0,,,,,,,
2020-01-25T03:31:00.0,,,,,,,
2020-01-25T03:32:00.0,,,,,,,
2020-01-25T03:33:00.0,,,,,,,
2020-01-25T03:34:00.0,,,,,,,
2020-01-25T03:35:00.0,,,,,,,
2020-01-25T03:36:00.0,,,,,,,
2020-01-25T03:37:00.0,,,,,,,
2020-01-25T03:38:00.0,,,,,,,
2020-01-25T03:39:00.0,,,,,,,
2020-01-25T03:40:00.0,,,,,,,
2020-01-25T03:41:00.0,,,,,,,
2020-01-25T03:42:00.0,,,,,,,
2020-01-25T03:43:00.0,,,,,,,
2020-01-25T03:44:00.0,,,,,,,
2020-01-25T03:45:00.0,,,,,,,
2020-01-25T03:46:00.0,,,,,,,
2020-01-25T03:47:00.0,,,,,,,
2020-01-25T03:48:00.0,,,,,,,
2020-01-25T03:49:00.0,,,,,,,
2020-01-25T03:50:00.0,,,,,,,
2020-01-25T03:51:00.0,,,,,,,
2020-01-25T03:52:00.0,,,,,,,
2020-01-25T03:53:00.0,,,,,,,
2020-01-25T03:54:00.0,,,,,,,
2020-01-25T03:55:00.0,,,,,,,
2020-01-25T03:56:00.0,,,,,,,
2020-01-25T03:57:00.0,,,,,,,
2020-01-25T03:58:00.0,,,,,,,
2020-01-25T03:59:00.0,,,,,,,
2020-01-25T04:00:00.0,,,,,,,
2020-01-25T04:01:00.0,,,,,,,
2020-01-25T04:02:00.0,,,,,,,
2020-01-25T04:03:00.0,,,,,,,
2020-01-25T04:04:00.0,,,,,,,
2020-01-25T04:05:00.0,,,,,,,
2020-01-25T04:06:00.0,,,,,,,
2020-01-25T04:07:00.0,,,,,,,
2020-01-25T04:08:00.0,,,,,,,
2020-01-25T04:09:00.0,,,,,,,
2020-01-25T04:10:00.0,,,,,,,
2020-01-25T04:11:00.0,,,,,,,
2020-01-25T04:12:00.0,,,,,,,
2020-01-25T04:13:00.0,,,,,,,
2020-01-25T04:14:00.0,,,,,,,
2020-01-25T04:15:00.0,,,,,,,
2020-01-25T04:16:00.0,,,,,,,
2020-01-25T04:17:00.0,,,,,,,
2020-01-25T04:18:00.0,,,,,,,
2020-01-25T04:19:00.0,,,,,,,
2020-01-25T04:20:00.0,,,,,,,
2020-01-25T04:21:00.0,,,,,,,
2020-01-25T04:22:00.0,,,,,,,
2020-01-25T04:23:00.0,,,,,,,
2020-01-25T04:24:00.0,,,,,,,
2020-01-25T04:25:00.0,,,,,,,
2020-01-25T04:26:00.0,,,,,,,
2020-01-25T04:27:00.0,,,,,,,
2020-01-25T04:28:00.0,,,,,,,
2020-01-25T04:29:00.0,,,,,,,
2020-01-25T04:30:00.0,,,,,,,
2020-01-25T04:31:00.0,,,,,,,
2020-01-25T04:32:00.0,,,,,,,
2020-01-25T04:33:00.0,,,,,,,
2020-01-25T04:34:00.0,,,,,,,
2020-01-25T04:35:00.0,,,,,,,
2020-01-25T04:36:00.0,,,,,,,
2020-01-25T04:37:00.0,,,,,,,
2020-01-25T04:38:00.0,,,,,,,
2020-01-25T04:39:00.0,,,,,,,
2020-01-25T04:40:00.0,,,,,,,
2020-01-25T04:41:00.0,,,,,,,
2020-01-25T04:42:00.0,,,,,,,
2020-01-25T04:43:00.0,,,,,,,
2020-01-25T04:44:00.0,,,,,,,
2020-01-25T04:45:00.0,,,,,,,
2020-01-25T04:46:00.0,,,,,,,
2020-01-25T04:47:00.0,,,,,,,
2020-01-25T04:48:00.0,,,,,,,
2020-01-25T04:49:00.0,,,,,,,
2020-01-25T04:50:00.0,,,,,,,
2020-01-25T04:51:00.0,,,,,,,
2020-01-25T04:52:00.0,,,,,,,
2020-01-25T04:53:00.0,,,,,,,
2020-01-25T04:54:00.0,,,,,,,
2020-01-25T04:55:00.0,,,,,,,
2020-01-25T04:56:00.0,,,,,,,
2020-01-25T04:57:00.0,,,,,,,
2020-01-25T04:58:00.0,,,,,,,
2020-01-25T04:59:00.0,,,,,,,
2020-01-25T05:00:00.0,,,,,,,
2020-01-25T05:01:00.0,,,,,,,
2020-01-25T05:02:00.0,,,,,,,
2020-01-25T05:03:00.0,,,,,,,
2020-01-25T05:04:00.0,,,,,,,
2020-01-25T05:05:00.0,,,,,,,
2020-01-25T05:06:00.0,,,,,,,
2020-01-25T05:07:00.0,,,,,,,
2020-01-25T05:08:00.0,,,,,,,
2020-01-25T05:09:00.0,,,,,,,
2020-01-25T05:10:00.0,,,,,,,
2020-01-25T05:11:00.0,,,,,,,
2020-01-25T05:12:00.0,,,,,,,
2020-01-25T05:13:00.0,,,,,,,
2020-01-25T05:14:00.0,,,,,,,
2020-01-25T05:15:00.0,,,,,,,
2020-01-25T05:16:00.0,,,,,,,
2020-01-25T05:17:00.0,,,,,,,
2020-01-25T05:18:00.0,,,,,,,
2020-01-25T05:19:00.0,,,,,,,
2020-01-25T05:20:00.0,,,,,,,
2020-01-25T05:21:00.0,,,,,,,
2020-01-25T05:22:00.0,,,,,,,
2020-01-25T05:23:00.0,,,,,,,
2020-01-25T05:24:00.0,,,,,,,
2020-01-25T05:25:00.0,,,,,,,
2020-01-25T05:26:00.0,,,,,,,
2020-01-25T05:27:00.0,,,,,,,
2020-01-25T05:28:00.0,,,,,,,
2020-01-25T05:29:00.0,,,,,,,
2020-01-25T05:30:00.0,,,,,,,
2020-01-25T05:31:00.0,,,,,,,
2020-01-25T05:32:00.0,,,,,,,
2020-01-25T05:33:00.0,,,,,,,
2020-01-25T05:34:00.0,,,,,,,
2020-01-25T05:35:00.0,,,,,,,
2020-01-25T05:36:00.0,,,,,,,
2020-01-25T05:37:00.0,,,,,,,
2020-01-25T05:38:00.0,,,,,,,
2020-01-25T05:39:00.0,,,,,,,
2020-01-25T05:40:00.0,,,,,,,
2020-01-25T05:41:00.0,,,,,,,
2020-01-25T05:42:00.0,,,,,,,
2020-01-25T05:43:00.0,,,,,,,
2020-01-25T05:44:00.0,,,,,,,
2020-01-25T05:45:00.0,,,,,,,
2020-01-25T05:46:00.0,,,,,,,
2020-01-25T05:47:00.0,,,,,,,
2020-01-25T05:48:00.0,,,,,,,
2020-01-25T05:49:00.0,,,,,,,
2020-01-25T05:50:00.0,,,,,,,
2020-01-25T05:51:00.0,,,,,,,
2020-01-25T05:52:00.0,,,,,,,
2020-01-25T05:53:00.0,,,,,,,
2020-01-25T05:54:00.0,,,,,,,
2020-01-25T05:55:00.0,,,,,,,
2020-01-25T05:56:00.0,,,,,,,
2020-01-25T05:57:00.0,,,,,,,
2020-01-25T05:58:00.0,,,,,,,
2020-01-25T05:59:00.0,,,,,,,
2020-01-25T06:00:00.0,,,,,,,
2020-01-25T06:01:00.0,,,,,,,
2020-01-25T06:02:00.0,,,,,,,
2020-01-25T06:03:00.0,,,,,,,
2020-01-25T06:04:00.0,,,,,,,
2020-01-25T06:05:00.0,,,,,,,
2020-01-25T06:06:00.0,,,,,,,
2020-01-25T06:07:00.0,,,,,,,
2020-01-25T06:08:00.0,,,,,,,
2020-01-25T06:09:00.0,,,,,,,
2020-01-25T06:10:00.0,,,,,,,
2020-01-25T06:11:00.0,,,,,,,
2020-01-25T06:12:00.0,,,,,,,
2020-01-25T06:13:00.0,,,,,,,
2020-01-25T06:14:00.0,,,,,,,
2020-01-25T06:15:00.0,,,,,,,
2020-01-25T06:16:00.0,,,,,,,
2020-01-25T06:17:00.0,,,,,,,
2020-01-25T06:18:00.0,,,,,,,
2020-01-25T06:19:00.0,,,,,,,
2020-01-25T06:20:00.0,,,,,,,
2020-01-25T06:21:00.0,,,,,,,
2020-01-25T06:22:00.0,,,,,,,
2020-01-25T06:23:00.0,,,,,,,
2020-01-25T06:24:00.0,,,,,,,
2020-01-25T06:25:00.0,,,,,,,
2020-01-25T06:26:00.0,,,,,,,
2020-01-25T06:27:00.0,,,,,,,
2020-01-25T06:28:00.0,,,,,,,
2020-01-25T06:29:00.0,,,,,,,
2020-01-25T06:30:00.0,,,,,,,
2020-01-25T06:31:00.0,,,,,,,
2020-01-25T06:32:00.0,,,,,,,
2020-01-25T06:33:00.0,,,,,,,
2020-01-25T06:34:00.0,,,,,,,
2020-01-25T06:35:00.0,,,,,,,
2020-01-25T06:36:00.0,,,,,,,
2020-01-25T06:37:00.0,,,,,,,
2020-01-25T06:38:00.0,,,,,,,
2020-01-25T06:39:00.0,,,,,,,
2020-01-25T06:40:00.0,,,,,,,
2020-01-25T06:41:00.0,,,,,,,
2020-01-25T06:42:00.0,,,,,,,
2020-01-25T06:43:00.0,,,,,,,
2020-01-25T06:44:00.0,,,,,,,
2020-01-25T06:45:00.0,,,,,,,
2020-01-25T06:46:00.0,,,,,,,
2020-01-25T06:47:00.0,,,,,,,
2020-01-25T06:48:00.0,,,,,,,
2020-01-25T06:49:00.0,,,,,,,
2020-01-25T06:50:00.0,,,,,,,
2020-01-25T06:51:00.0,,,,,,,
2020-01-25T06:52:00.0,,,,,,,
2020-01-25T06:53:00.0,,,,,,,
2020-01-25T06:54:00.0,,,,,,,
2020-01-25T06:55:00.0,,,,,,,
2020-01-25T06:56:00.0,,,,,,,
2020-01-25T06:57:00.0,,,,,,,
2020-01-25T06:58:00.0,,,,,,,
2020-01-25T06:59:00.0,,,,,,,
2020-01-25T07:00:00.0,,,,,,,
2020-01-25T07:01:00.0,,,,,,,
2020-01-25T07:02:00.0,,,,,,,
2020-01-25T07:03:00.0,,,,,,,
2020-01-25T07:04:00.0,,,,,,,
2020-01-25T07:05:00.0,,,,,,,
2020-01-25T07:06:00.0,,,,,,,
2020-01-25T07:07:00.0,,,,,,,
2020-01-25T07:08:00.0,,,,,,,
2020-01-25T07:09:00.0,,,,,,,
2020-01-25T07:10:00.0,,,,,,,
2020-01-25T07:11:00.0,,,,,,,
2020-01-25T07:12:00.0,,,,,,,
2020-01-25T07:13:00.0,,,,,,,
2020-01-25T07:14:00.0,,,,,,,
2020-01-25T07:15:00.0,,,,,,,
2020-01-25T07:16:00.0,,,,,,,
2020-01-25T07:17:00.0,,,,,,,
2020-01-25T07:18:00.0,,,,,,,
2020-01-25T07:19:00.0,,,,,,,
2020-01-25T07:20:00.0,,,,,,,
2020-01-25T07:21:00.0,,,,,,,
2020-01-25T07:22:00.0,,,,,,,
2020-01-25T07:23:00.0,,,,,,,
2020-01-25T07:24:00.0,,,,,,,
2020-01-25T07:25:00.0,,,,,,,
2020-01-25T07:26:00.0,,,,,,,
2020-01-25T07:27:00.0,,,,,,,
2020-01-25T07:28:00.0,,,,,,,
2020-01-25T07:29:00.0,,,,,,,
2020-01-25T07:30:00.0,,,,,,,
2020-01-25T07:31:00.0,,,,,,,
2020-01-25T07:32:00.0,,,,,,,
2020-01-25T07:33:00.0,,,,,,,
2020-01-25T07:34:00.0,,,,,,,
2020-01-25T07:35:00.0,,,,,,,
2020-01-25T07:36:00.0,,,,,,,
2020-01-25T07:37:00.0,,,,,,,
2020-01-25T07:38:00.0,,,,,,,
2020-01-25T07:39:00.0,,,,,,,
2020-01-25T07:40:00.0,,,,,,,
2020-01-25T07:41:00.0,,,,,,,
2020-01-25T07:42:00.0,,,,,,,
2020-01-25T07:43:00.0,,,,,,,
2020-01-25T07:44:00.0,,,,,,,
2020-01-25T07:45:00.0,,,,,,,
2020-01-25T07:46:00.0,,,,,,,
2020-01-25T07:47:00.0,,,,,,,
2020-01-25T07:48:00.0,,,,,,,
2020-01-25T07:49:00.0,,,,,,,
2020-01-25T07:50:00.0,,,,,,,
2020-01-25T07:51:00.0,,,,,,,
2020-01-25T07:52:00.0,,,,,,,
2020-01-25T07:53:00.0,,,,,,,
2020-01-25T07:54:00.0,,,,,,,
2020-01-25T07:55:00.0,,,,,,,
2020-01-25T07:56:00.0,,,,,,,
2020-01-25T07:57:00.0,,,,,,,
2020-01-25T07:58:00.0,,,,,,,
2020-01-25T07:59:00.0,,,,,,,
2020-01-25T08:00:00.0,,,,,,,
2020-01-25T08:01:00.0,,,,,,,
2020-01-25T08:02:00.0,,,,,,,
2020-01-25T08:03:00.0,,,,,,,
2020-01-25T08:04:00.0,,,,,,,
2020-01-25T08:05:00.0,,,,,,,
2020-01-25T08:06:00.0,,,,,,,
2020-01-25T08:07:00.0,,,,,,,
2020-01-25T08:08:00.0,,,,,,,
2020-01-25T08:09:00.0,,,,,,,
2020-01-25T08:10:00.0,,,,,,,
2020-01-25T08:11:00.0,,,,,,,
2020-01-25T08:12:00.0,,,,,,,
2020-01-25T08:13:00.0,,,,,,,
2020-01-25T08:14:00.0,,,,,,,
2020-01-25T08:15:00.0,,,,,,,
2020-01-25T08:16:00.0,,,,,,,
2020-01-25T08:17:00.0,,,,,,,
2020-01-25T08:18:00.0,,,,,,,
2020-01-25T08:19:00.0,,,,,,,
2020-01-25T08:20:00.0,,,,,,,
2020-01-25T08:21:00.0,,,,,,,
2020-01-25T08:22:00.0,,,,,,,
2020-01-25T08:23:00.0,,,,,,,
2020-01-25T08:24:00.0,,,,,,,
2020-01-25T08:25:00.0,,,,,,,
2020-01-25T08:26:00.0,,,,,,,
2020-01-25T08:27:00.0,,,,,,,
2020-01-25T08:28:00.0,,,,,,,
2020-01-25T08:29:00.0,,,,,,,
2020-01-25T08:30:00.0,,,,,,,
2020-01-25T08:31:00.0,,,,,,,
2020-01-25T08:32:00.0,,,,,,,
2020-01-25T08:33:00.0,,,,,,,
2020-01-25T08:34:00.0,,,,,,,
2020-01-25T08:35:00.0,,,,,,,
2020-01-25T08:36:00.0,,,,,,,
2020-01-25T08:37:00.0,,,,,,,
2020-01-25T08:38:00.0,,,,,,,
2020-01-25T08:39:00.0,,,,,,,
2020-01-25T08:40:00.0,,,,,,,
2020-01-25T08:41:00.0,,,,,,,
2020-01-25T08:42:00.0,,,,,,,
2020-01-25T08:43:00.0,,,,,,,
2020-01-25T08:44:00.0,,,,,,,
2020-01-25T08:45:00.0,,,,,,,
2020-01-25T08:46:00.0,,,,,,,
2020-01-25T08:47:00.0,,,,,,,
2020-01-25T08:48:00.0,,,,,,,
2020-01-25T08:49:00.0,,,,,,,
2020-01-25T08:50:00.0,,,,,,,
2020-01-25T08:51:00.0,,,,,,,
2020-01-25T08:52:00.0,,,,,,,
2020-01-25T08:53:00.0,,,,,,,
2020-01-25T08:54:00.0,,,,,,,
2020-01-25T08:55:00.0,,,,,,,
2020-01-25T08:56:00.0,,,,,,,
2020-01-25T08:57:00.0,,,,,,,
2020-01-25T08:58:00.0,,,,,,,
2020-01-25T08:59:00.0,,,,,,,
2020-01-25T09:00:00.0,,,,,,,
2020-01-25T09:01:00.0,,,,,,,
2020-01-25T09:02:00.0,,,,,,,
2020-01-25T09:03:00.0,,,,,,,
2020-01-25T09:04:00.0,,,,,,,
2020-01-25T09:05:00.0,,,,,,,
2020-01-25T09:06:00.0,,,,,,,
2020-01-25T09:07:00.0,,,,,,,
2020-01-25T09:08:00.0,,,,,,,
2020-01-25T09:09:00.0,,,,,,,
2020-01-25T09:10:00.0,,,,,,,
2020-01-25T09:11:00.0,,,,,,,
2020-01-25T09:12:00.0,,,,,,,
2020-01-25T09:13:00.0,,,,,,,
2020-01-25T09:14:00.0,,,,,,,
2020-01-25T09:15:00.0,,,,,,,
2020-01-25T09:16:00.0,,,,,,,
2020-01-25T09:17:00.0,,,,,,,
2020-01-25T09:18:00.0,,,,,,,
2020-01-25T09:19:00.0,,,,,,,
2020-01-25T09:20:00.0,,,,,,,
2020-01-25T09:21:00.0,,,,,,,
2020-01-25T09:22:00.0,,,,,,,
2020-01-25T09:23:00.0,,,,,,,
2020-01-25T09:24:00.0,,,,,,,
2020-01-25T09:25:00.0,,,,,,,
2020-01-25T09:26:00.0,,,,,,,
2020-01-25T09:27:00.0,,,,,,,
2020-01-25T09:28:00.0,,,,,,,
2020-01-25T09:29:00.0,,,,,,,
2020-01-25T09:30:00.0,,,,,,,
2020-01-25T09:31:00.0,,,,,,,
2020-01-25T09:32:00.0,,,,,,,
2020-01-25T09:33:00.0,,,,,,,
2020-01-25T09:34:00.0,,,,,,,
2020-01-25T09:35:00.0,,,,,,,
2020-01-25T09:36:00.0,,,,,,,
2020-01-25T09:37:00.0,,,,,,,
2020-01-25T09:38:00.0,,,,,,,
2020-01-25T09:39:00.0,,,,,,,
2020-01-25T09:40:00.0,,,,,,,
2020-01-25T09:41:00.0,,,,,,,
2020-01-25T09:42:00.0,,,,,,,
2020-01-25T09:43:00.0,,,,,,,
2020-01-25T09:44:00.0,,,,,,,
2020-01-25T09:45:00.0,,,,,,,
2020-01-25T09:46:00.0,,,,,,,
2020-01-25T09:47:00.0,,,,,,,
2020-01-25T09:48:00.0,,,,,,,
2020-01-25T09:49:00.0,,,,,,,
2020-01-25T09:50:00.0,,,,,,,
2020-01-25T09:51:00.0,,,,,,,
2020-01-25T09:52:00.0,,,,,,,
2020-01-25T09:53:00.0,,,,,,,
2020-01-25T09:54:00.0,,,,,,,
2020-01-25T09:55:00.0,,,,,,,
2020-01-25T09:56:00.0,,,,,,,
2020-01-25T09:57:00.0,,,,,,,
2020-01-25T09:58:00.0,,,,,,,
2020-01-25T09:59:00.0,,,,,,,
2020-01-25T10:00:00.0,,,,,,,
2020-01-25T10:01:00.0,,,,,,,
2020-01-25T10:02:00.0,,,,,,,
2020-01-25T10:03:00.0,,,,,,,
2020-01-25T10:04:00.0,,,,,,,
2020-01-25T10:05:00.0,,,,,,,
2020-01-25T10:06:00.0,,,,,,,
2020-01-25T10:07:00.0,,,,,,,
2020-01-25T10:08:00.0,,,,,,,
2020-01-25T10:09:00.0,,,,,,,
2020-01-25T10:10:00.0,,,,,,,
2020-01-25T10:11:00.0,,,,,,,
2020-01-25T10:12:00.0,,,,,,,
2020-01-25T10:13:00.0,,,,,,,
2020-01-25T10:14:00.0,,,,,,,
2020-01-25T10:15:00.0,,,,,,,
2020-01-25T10:16:00.0,,,,,,,
2020-01-25T10:17:00.0,,,,,,,
2020-01-25T10:18:00.0,,,,,,,
2020-01-25T10:19:00.0,,,,,,,
2020-01-25T10:20:00.0,,,,,,,
2020-01-25T10:21:00.0,,,,,,,
2020-01-25T10:22:00.0,,,,,,,
2020-01-25T10:23:00.0,,,,,,,
2020-01-25T10:24:00.0,,,,,,,
2020-01-25T10:25:00.0,,,,,,,
2020-01-25T10:26:00.0,,,,,,,
2020-01-25T10:27:00.0,,,,,,,
2020-01-25T10:28:00.0,,,,,,,
2020-01-25T10:29:00.0,,,,,,,
2020-01-25T10:30:00.0,,,,,,,
2020-01-25T10:31:00.0,,,,,,,
2020-01-25T10:32:00.0,,,,,,,
2020-01-25T10:33:00.0,,,,,,,
2020-01-25T10:34:00.0,,,,,,,
2020-01-25T10:35:00.0,,,,,,,
2020-01-25T10:36:00.0,,,,,,,
2020-01-25T10:37:00.0,,,,,,,
2020-01-25T10:38:00.0,,,,,,,
2020-01-25T10:39:00.0,,,,,,,
2020-01-25T10:40:00.0,,,,,,,
2020-01-25T10:41:00.0,,,,,,,
2020-01-25T10:42:00.0,,,,,,,
2020-01-25T10:43:00.0,,,,,,,
2020-01-25T10:44:00.0,,,,,,,
2020-01-25T10:45:00.0,,,,,,,
2020-01-25T10:46:00.0,,,,,,,
2020-01-25T10:47:00.0,,,,,,,
2020-01-25T10:48:00.0,,,,,,,
2020-01-25T10:49:00.0,,,,,,,
2020-01-25T10:50:00.0,,,,,,,
2020-01-25T10:51:00.0,,,,,,,
2020-01-25T10:52:00.0,,,,,,,
2020-01-25T10:53:00.0,,,,,,,
2020-01-25T10:54:00.0,,,,,,,
2020-01-25T10:55:00.0,,,,,,,
2020-01-25T10:56:00.0,,,,,,,
2020-01-25T10:57:00.0,,,,,,,
2020-01-25T10:58:00.0,,,,,,,
2020-01-25T10:59:00.0,,,,,,,
2020-01-25T11:00:00.0,,,,,,,
2020-01-25T11:01:00.0,,,,,,,
2020-01-25T11:02:00.0,,,,,,,
2020-01-25T11:03:00.0,,,,,,,
2020-01-25T11:04:00.0,,,,,,,
2020-01-25T11:05:00.0,,,,,,,
2020-01-25T11:06:00.0,,,,,,,
2020-01-25T11:07:00.0,,,,,,,
2020-01-25T11:08:00.0,,,,,,,
2020-01-25T11:09:00.0,,,,,,,
2020-01-25T11:10:00.0,,,,,,,
2020-01-25T11:11:00.0,,,,,,,
2020-01-25T11:12:00.0,,,,,,,
2020-01-25T11:13:00.0,,,,,,,
2020-01-25T11:14:00.0,,,,,,,
2020-01-25T11:15:00.0,,,,,,,
2020-01-25T11:16:00.0,,,,,,,
2020-01-25T11:17:00.0,,,,,,,
2020-01-25T11:18:00.0,,,,,,,
2020-01-25T11:19:00.0,,,,,,,
2020-01-25T11:20:00.0,,,,,,,
2020-01-25T11:21:00.0,,,,,,,
2020-01-25T11:22:00.0,,,,,,,
2020-01-25T11:23:00.0,,,,,,,
2020-01-25T11:24:00.0,,,,,,,
2020-01-25T11:25:00.0,,,,,,,
2020-01-25T11:26:00.0,,,,,,,
2020-01-25T11:27:00.0,,,,,,,
2020-01-25T11:28:00.0,,,,,,,
2020-01-25T11:29:00.0,,,,,,,
2020-01-25T11:30:00.0,,,,,,,
2020-01-25T11:31:00.0,,,,,,,
2020-01-25T11:32:00.0,,,,,,,
2020-01-25T11:33:00.0,,,,,,,
2020-01-25T11:34:00.0,,,,,,,
2020-01-25T11:35:00.0,,,,,,,
2020-01-25T11:36:00.0,,,,,,,
2020-01-25T11:37:00.0,,,,,,,
2020-01-25T11:38:00.0,,,,,,,
2020-01-25T11:39:00.0,,,,,,,
2020-01-25T11:40:00.0,,,,,,,
2020-01-25T11:41:00.0,,,,,,,
2020-01-25T11:42:00.0,,,,,,,
2020-01-25T11:43:00.0,,,,,,,
2020-01-25T11:44:00.0,,,,,,,
2020-01-25T11:45:00.0,,,,,,,
2020-01-25T11:46:00.0,,,,,,,
2020-01-25T11:47:00.0,,,,,,,
2020-01-25T11:48:00.0,,,,,,,
2020-01-25T11:49:00.0,,,,,,,
2020-01-25T11:50:00.0,,,,,,,
2020-01-25T11:51:00.0,,,,,,,
2020-01-25T11:52:00.0,,,,,,,
2020-01-25T11:53:00.0,,,,,,,
2020-01-25T11:54:00.0,,,,,,,
2020-01-25T11:55:00.0,,,,,,,
2020-01-25T11:56:00.0,,,,,,,
2020-01-25T11:57:00.0,,,,,,,
2020-01-25T11:58:00.0,,,,,,,
2020-01-25T11:59:00.0,,,,,,,
2020-01-25T12:00:00.0,,,,,,,
2020-01-25T12:01:00.0,,,,,,,
2020-01-25T12:02:00.0,,,,,,,
2020-01-25T12:03:00.0,,,,,,,
2020-01-25T12:04:00.0,,,,,,,
2020-01-25T12:05:00.0,,,,,,,
2020-01-25T12:06:00.0,,,,,,,
2020-01-25T12:07:00.0,,,,,,,
2020-01-25T12:08:00.0,,,,,,,
2020-01-25T12:09:00.0,,,,,,,
2020-01-25T12:10:00.0,,,,,,,
2020-01-25T12:11:00.0,,,,,,,
2020-01-25T12:12:00.0,,,,,,,
2020-01-25T12:13:00.0,,,,,,,
2020-01-25T12:14:00.0,,,,,,,
2020-01-25T12:15:00.0,,,,,,,
2020-01-25T12:16:00.0,,,,,,,
2020-01-25T12:17:00.0,,,,,,,
2020-01-25T12:18:00.0,,,,,,,
2020-01-25T12:19:00.0,,,,,,,
2020-01-25T12:20:00.0,,,,,,,
2020-01-25T12:21:00.0,,,,,,,
2020-01-25T12:22:00.0,,,,,,,
2020-01-25T12:23:00.0,,,,,,,
2020-01-25T12:24:00.0,,,,,,,
2020-01-25T12:25:00.0,,,,,,,
2020-01-25T12:26:00.0,,,,,,,
2020-01-25T12:27:00.0,,,,,,,
2020-01-25T12:28:00.0,,,,,,,
2020-01-25T12:29:00.0,,,,,,,
2020-01-25T12:30:00.0,,,,,,,
2020-01-25T12:31:00.0,,,,,,,
2020-01-25T12:32:00.0,,,,,,,
2020-01-25T12:33:00.0,,,,,,,
2020-01-25T12:34:00.0,,,,,,,
2020-01-25T12:35:00.0,,,,,,,
2020-01-25T12:36:00.0,,,,,,,
2020-01-25T12:37:00.0,,,,,,,
2020-01-25T12:38:00.0,,,,,,,
2020-01-25T12:39:00.0,,,,,,,
2020-01-25T12:40:00.0,,,,,,,
2020-01-25T12:41:00.0,,,,,,,
2020-01-25T12:42:00.0,,,,,,,
2020-01-25T12:43:00.0,,,,,,,
2020-01-25T12:44:00.0,,,,,,,
2020-01-25T12:45:00.0,,,,,,,
2020-01-25T12:46:00.0,,,,,,,
2020-01-25T12:47:00.0,,,,,,,
2020-01-25T12:48:00.0,,,,,,,
2020-01-25T12:49:00.0,,,,,,,
2020-01-25T12:50:00.0,,,,,,,
2020-01-25T12:51:00.0,,,,,,,
2020-01-25T12:52:00.0,,,,,,,
2020-01-25T12:53:00.0,,,,,,,
2020-01-25T12:54:00.0,,,,,,,
2020-01-25T12:55:00.0,,,,,,,
2020-01-25T12:56:00.0,,,,,,,
2020-01-25T12:57:00.0,,,,,,,
2020-01-25T12:58:00.0,,,,,,,
2020-01-25T12:59:00.0,,,,,,,
2020-01-25T13:00:00.0,,,,,,,
2020-01-25T13:01:00.0,,,,,,,
2020-01-25T13:02:00.0,,,,,,,
2020-01-25T13:03:00.0,,,,,,,
2020-01-25T13:04:00.0,,,,,,,
2020-01-25T13:05:00.0,,,,,,,
2020-01-25T13:06:00.0,,,,,,,
2020-01-25T13:07:00.0,,,,,,,
2020-01-25T13:08:00.0,,,,,,,
2020-01-25T13:09:00.0,,,,,,,
2020-01-25T13:10:00.0,,,,,,,
2020-01-25T13:11:00.0,,,,,,,
2020-01-25T13:12:00.0,,,,,,,
2020-01-25T13:13:00.0,,,,,,,
2020-01-25T13:14:00.0,,,,,,,
2020-01-25T13:15:00.0,,,,,,,
2020-01-25T13:16:00.0,,,,,,,
2020-01-25T13:17:00.0,,,,,,,
2020-01-25T13:18:00.0,,,,,,,
2020-01-25T13:19:00.0,,,,,,,
2020-01-25T13:20:00.0,,,,,,,
2020-01-25T13:21:00.0,,,,,,,
2020-01-25T13:22:00.0,,,,,,,
2020-01-25T13:23:00.0,,,,,,,
2020-01-25T13:24:00.0,,,,,,,
2020-01-25T13:25:00.0,,,,,,,
2020-01-25T13:26:00.0,,,,,,,
2020-01-25T13:27:00.0,,,,,,,
2020-01-25T13:28:00.0,,,,,,,
2020-01-25T13:29:00.0,,,,,,,
2020-01-25T13:30:00.0,,,,,,,
2020-01-25T13:31:00.0,,,,,,,
2020-01-25T13:32:00.0,,,,,,,
2020-01-25T13:33:00.0,,,,,,,
2020-01-25T13:34:00.0,,,,,,,
2020-01-25T13:35:00.0,,,,,,,
2020-01-25T13:36:00.0,,,,,,,
2020-01-25T13:37:00.0,,,,,,,
2020-01-25T13:38:00.0,,,,,,,
2020-01-25T13:39:00.0,,,,,,,
2020-01-25T13:40:00.0,,,,,,,
2020-01-25T13:41:00.0,,,,,,,
2020-01-25T13:42:00.0,,,,,,,
2020-01-25T13:43:00.0,,,,,,,
2020-01-25T13:44:00.0,,,,,,,
2020-01-25T13:45:00.0,,,,,,,
2020-01-25T13:46:00.0,,,,,,,
2020-01-25T13:47:00.0,,,,,,,
2020-01-25T13:48:00.0,,,,,,,
2020-01-25T13:49:00.0,,,,,,,
2020-01-25T13:50:00.0,,,,,,,
2020-01-25T13:51:00.0,,,,,,,
2020-01-25T13:52:00.0,,,,,,,
2020-01-25T13:53:00.0,,,,,,,
2020-01-25T13:54:00.0,,,,,,,
2020-01-25T13:55:00.0,,,,,,,
2020-01-25T13:56:00.0,,,,,,,
2020-01-25T13:57:00.0,,,,,,,
2020-01-25T13:58:00.0,,,,,,,
2020-01-25T13:59:00.0,,,,,,,
2020-01-25T14:00:00.0,,,,,,,
2020-01-25T14:01:00.0,,,,,,,
2020-01-25T14:02:00.0,,,,,,,
2020-01-25T14:03:00.0,,,,,,,
2020-01-25T14:04:00.0,,,,,,,
2020-01-25T14:05:00.0,,,,,,,
2020-01-25T14:06:00.0,,,,,,,
2020-01-25T14:07:00.0,,,,,,,
2020-01-25T14:08:00.0,,,,,,,
2020-01-25T14:09:00.0,,,,,,,
2020-01-25T14:10:00.0,,,,,,,
2020-01-25T14:11:00.0,,,,,,,
2020-01-25T14:12:00.0,,,,,,,
2020-01-25T14:13:00.0,,,,,,,
2020-01-25T14:14:00.0,,,,,,,
2020-01-25T14:15:00.0,,,,,,,
2020-01-25T14:16:00.0,,,,,,,
2020-01-25T14:17:00.0,,,,,,,
2020-01-25T14:18:00.0,,,,,,,
2020-01-25T14:19:00.0,,,,,,,
2020-01-25T14:20:00.0,,,,,,,
2020-01-25T14:21:00.0,,,,,,,
2020-01-25T14:22:00.0,,,,,,,
2020-01-25T14:23:00.0,,,,,,,
2020-01-25T14:24:00.0,,,,,,,
2020-01-25T14:25:00.0,,,,,,,
2020-01-25T14:26:00.0,,,,,,,
2020-01-25T14:27:00.0,,,,,,,
2020-01-25T14:28:00.0,,,,,,,
2020-01-25T14:29:00.0,,,,,,,
2020-01-25T14:30:00.0,,,,,,,
2020-01-25T14:31:00.0,,,,,,,
2020-01-25T14:32:00.0,,,,,,,
2020-01-25T14:33:00.0,,,,,,,
2020-01-25T14:34:00.0,,,,,,,
2020-01-25T14:35:00.0,,,,,,,
2020-01-25T14:36:00.0,,,,,,,
2020-01-25T14:37:00.0,,,,,,,
2020-01-25T14:38:00.0,,,,,,,
2020-01-25T14:39:00.0,,,,,,,
2020-01-25T14:40:00.0,,,,,,,
2020-01-25T14:41:00.0,,,,,,,
2020-01-25T14:42:00.0,,,,,,,
2020-01-25T14:43:00.0,,,,,,,
2020-01-25T14:44:00.0,,,,,,,
2020-01-25T14:45:00.0,,,,,,,
2020-01-25T14:46:00.0,,,,,,,
2020-01-25T14:47:00.0,,,,,,,
2020-01-25T14:48:00.0,,,,,,,
2020-01-25T14:49:00.0,,,,,,,
2020-01-25T14:50:00.0,,,,,,,
2020-01-25T14:51:00.0,,,,,,,
2020-01-25T14:52:00.0,,,,,,,
2020-01-25T14:53:00.0,,,,,,,
2020-01-25T14:54:00.0,,,,,,,
2020-01-25T14:55:00.0,,,,,,,
2020-01-25T14:56:00.0,,,,,,,
2020-01-25T14:57:00.0,,,,,,,
2020-01-25T14:58:00.0,,,,,,,
2020-01-25T14:59:00.0,,,,,,,
2020-01-25T15:00:00.0,,,,,,,
2020-01-25T15:01:00.0,,,,,,,
2020-01-25T15:02:00.0,,,,,,,
2020-01-25T15:03:00.0,,,,,,,
2020-01-25T15:04:00.0,,,,,,,
2020-01-25T15:05:00.0,,,,,,,
2020-01-25T15:06:00.0,,,,,,,
2020-01-25T15:07:00.0,,,,,,,
2020-01-25T15:08:00.0,,,,,,,
2020-01-25T15:09:00.0,,,,,,,
2020-01-25T15:10:00.0,,,,,,,
2020-01-25T15:11:00.0,,,,,,,
2020-01-25T15:12:00.0,,,,,,,
2020-01-25T15:13:00.0,,,,,,,
2020-01-25T15:14:00.0,,,,,,,
2020-01-25T15:15:00.0,,,,,,,
2020-01-25T15:16:00.0,,,,,,,
2020-01-25T15:17:00.0,,,,,,,
2020-01-25T15:18:00.0,,,,,,,
2020-01-25T15:19:00.0,,,,,,,
2020-01-25T15:20:00.0,,,,,,,
2020-01-25T15:21:00.0,,,,,,,
2020-01-25T15:22:00.0,,,,,,,
2020-01-25T15:23:00.0,,,,,,,
2020-01-25T15:24:00.0,,,,,,,
2020-01-25T15:25:00.0,,,,,,,
2020-01-25T15:26:00.0,,,,,,,
2020-01-25T15:27:00.0,,,,,,,
2020-01-25T15:28:00.0,,,,,,,
2020-01-25T15:29:00.0,,,,,,,
2020-01-25T15:30:00.0,,,,,,,
2020-01-25T15:31:00.0,,,,,,,
2020-01-25T15:32:00.0,,,,,,,
2020-01-25T15:33:00.0,,,,,,,
2020-01-25T15:34:00.0,,,,,,,
2020-01-25T15:35:00.0,,,,,,,
2020-01-25T15:36:00.0,,,,,,,
2020-01-25T15:37:00.0,,,,,,,
2020-01-25T15:38:00.0,,,,,,,
2020-01-25T15:39:00.0,,,,,,,
2020-01-25T15:40:00.0,,,,,,,
2020-01-25T15:41:00.0,,,,,,,
2020-01-25T15:42:00.0,,,,,,,
2020-01-25T15:43:00.0,,,,,,,
2020-01-25T15:44:00.0,,,,,,,
2020-01-25T15:45:00.0,,,,,,,
2020-01-25T15:46:00.0,,,,,,,
2020-01-25T15:47:00.0,,,,,,,
2020-01-25T15:48:00.0,,,,,,,
2020-01-25T15:49:00.0,,,,,,,
2020-01-25T15:50:00.0,,,,,,,
2020-01-25T15:51:00.0,,,,,,,
2020-01-25T15:52:00.0,,,,,,,
2020-01-25T15:53:00.0,,,,,,,
2020-01-25T15:54:00.0,,,,,,,
2020-01-25T15:55:00.0,,,,,,,
2020-01-25T15:56:00.0,,,,,,,
2020-01-25T15:57:00.0,,,,,,,
2020-01-25T15:58:00.0,,,,,,,
2020-01-25T15:59:00.0,,,,,,,
2020-01-25T16:00:00.0,,,,,,,
2020-01-25T16:01:00.0,,,,,,,
2020-01-25T16:02:00.0,,,,,,,
2020-01-25T16:03:00.0,,,,,,,
2020-01-25T16:04:00.0,,,,,,,
2020-01-25T16:05:00.0,,,,,,,
2020-01-25T16:06:00.0,,,,,,,
2020-01-25T16:07:00.0,,,,,,,
2020-01-25T16:08:00.0,,,,,,,
2020-01-25T16:09:00.0,,,,,,,
2020-01-25T16:10:00.0,,,,,,,
2020-01-25T16:11:00.0,,,,,,,
2020-01-25T16:12:00.0,,,,,,,
2020-01-25T16:13:00.0,,,,,,,
2020-01-25T16:14:00.0,,,,,,,
2020-01-25T16:15:00.0,,,,,,,
2020-01-25T16:16:00.0,,,,,,,
2020-01-25T16:17:00.0,,,,,,,
2020-01-25T16:18:00.0,,,,,,,
2020-01-25T16:19:00.0,,,,,,,
2020-01-25T16:20:00.0,,,,,,,
2020-01-25T16:21:00.0,,,,,,,
2020-01-25T16:22:00.0,,,,,,,
2020-01-25T16:23:00.0,,,,,,,
2020-01-25T16:24:00.0,,,,,,,
2020-01-25T16:25:00.0,,,,,,,
2020-01-25T16:26:00.0,,,,,,,
2020-01-25T16:27:00.0,,,,,,,
2020-01-25T16:28:00.0,,,,,,,
2020-01-25T16:29:00.0,,,,,,,
2020-01-25T16:30:00.0,,,,,,,
2020-01-25T16:31:00.0,,,,,,,
2020-01-25T16:32:00.0,,,,,,,
2020-01-25T16:33:00.0,,,,,,,
2020-01-25T16:34:00.0,,,,,,,
2020-01-25T16:35:00.0,,,,,,,
2020-01-25T16:36:00.0,,,,,,,
2020-01-25T16:37:00.0,,,,,,,
2020-01-25T16:38:00.0,,,,,,,
2020-01-25T16:39:00.0,,,,,,,
2020-01-25T16:40:00.0,,,,,,,
2020-01-25T16:41:00.0,,,,,,,
2020-01-25T16:42:00.0,,,,,,,
2020-01-25T16:43:00.0,,,,,,,
2020-01-25T16:44:00.0,,,,,,,
2020-01-25T16:45:00.0,,,,,,,
2020-01-25T16:46:00.0,,,,,,,
2020-01-25T16:47:00.0,,,,,,,
2020-01-25T16:48:00.0,,,,,,,
2020-01-25T16:49:00.0,,,,,,,
2020-01-25T16:50:00.0,,,,,,,
2020-01-25T16:51:00.0,,,,,,,
2020-01-25T16:52:00.0,,,,,,,
2020-01-25T16:53:00.0,,,,,,,
2020-01-25T16:54:00.0,,,,,,,
2020-01-25T16:55:00.0,,,,,,,
2020-01-25T16:56:00.0,,,,,,,
2020-01-25T16:57:00.0,,,,,,,
2020-01-25T16:58:00.0,,,,,,,
2020-01-25T16:59:00.0,,,,,,,
2020-01-25T17:00:00.0,,,,,,,
2020-01-25T17:01:00.0,,,,,,,
2020-01-25T17:02:00.0,,,,,,,
2020-01-25T17:03:00.0,,,,,,,
2020-01-25T17:04:00.0,,,,,,,
2020-01-25T17:05:00.0,,,,,,,
2020-01-25T17:06:00.0,,,,,,,
2020-01-25T17:07:00.0,,,,,,,
2020-01-25T17:08:00.0,,,,,,,
2020-01-25T17:09:00.0,,,,,,,
2020-01-25T17:10:00.0,,,,,,,
2020-01-25T17:11:00.0,,,,,,,
2020-01-25T17:12:00.0,12.13,12.19,10.83,10.1,58.56564496450001,11.75,6.062
2020-01-25T17:13:00.0,,,,,,,
2020-01-25T17:14:00.0,13.11,12.57,11.31,10.38,57.727889032000014,11.75,6.125
2020-01-25T17:15:00.0,12.37,12.37,11.03,10.45,57.41701872200001,11.75,6.312
2020-01-25T17:16:00.0,12.05,12.05,10.61,10.04,57.04355313800001,11.75,6.25
2020-01-25T17:17:00.0,12.33,11.75,11.23,10.24,57.727889032000014,11.687,6.187
2020-01-25T17:18:00.0,11.09,11.95,10.03,9.83,57.479218312,11.625,6.187
2020-01-25T17:19:00.0,11.13,11.65,9.77,9.5,59.33927075200001,11.562,6.062
2020-01-25T17:20:00.0,10.57,10.83,9.39,9.22,60.51136232200001,11.437,6
2020-01-25T17:21:00.0,9.95,10.75,8.89,9.24,61.402753200500015,11.312,6
2020-01-25T17:22:00.0,9.99,10.89,8.89,8.56,62.872261824500015,11.187,5.875
2020-01-25T17:23:00.0,9.71,10.31,8.61,8.4,64.547035282,11,5.812
2020-01-25T17:24:00.0,9.25,10.13,8.51,8.25,65.48674490050001,10.812,5.812
2020-01-25T17:25:00.0,10.03,10.17,8.61,8.26,66.1819672,10.625,5.75
2020-01-25T17:26:00.0,9.61,9.77,8.41,8.34,65.27482045,10.437,5.812
2020-01-25T17:27:00.0,9.95,10.03,8.83,8.28,65.97055650050001,10.25,5.687
2020-01-25T17:28:00.0,10.05,9.81,8.65,8.34,66.423387968,10.062,5.687
2020-01-25T17:29:00.0,8.89,10.09,8.59,8.34,66.8152611445,9.937,5.687
2020-01-25T17:30:00.0,9.89,9.81,8.61,8.44,67.146424928,9.812,5.687
2020-01-25T17:31:00.0,9.49,9.75,8.41,8.16,67.5973896605,9.687,5.562
2020-01-25T17:32:00.0,9.29,9.57,8.19,8.04,67.807594162,9.562,5.5
2020-01-25T17:33:00.0,8.87,9.95,8.19,8.06,68.52710825800001,9.437,5.437
2020-01-25T17:34:00.0,8.89,9.43,8.69,8.18,68.1375996125,9.375,5.562
2020-01-25T17:35:00.0,8.47,9.07,7.79,7.91,66.7550080645,9.312,5.625
2020-01-25T17:36:00.0,8.87,9.21,7.79,7.82,67.8976339405,9.25,5.5
2020-01-25T17:37:00.0,8.89,8.71,7.77,7.92,68.28747445,9.125,5.437
2020-01-25T17:38:00.0,,,,,,,
2020-01-25T17:39:00.0,9.11,9.71,8.13,8,68.28747445,9,5.437
2020-01-25T17:40:00.0,9.19,8.71,8.27,8.17,68.5570481245,8.937,5.437
2020-01-25T17:41:00.0,9.33,9.33,8.55,8.23,67.77757452050001,8.875,5.437
2020-01-25T17:42:00.0,9.15,9.77,8.09,8.28,67.4170899245,8.875,5.375
2020-01-25T17:43:00.0,9.77,9.77,8.71,8.58,66.84538289800001,8.875,5.375
2020-01-25T17:44:00.0,,,,,,,
2020-01-25T17:45:00.0,9.95,10.09,9.25,8.8,65.6682699805,8.875,5.437
2020-01-25T17:46:00.0,9.35,10.37,9.33,9,65.7287528125,8.937,5.562
2020-01-25T17:47:00.0,9.67,9.99,9.29,8.81,65.517007058,9,5.625
2020-01-25T17:48:00.0,10.03,10.17,8.93,8.79,65.3656643605,9.062,5.625
2020-01-25T17:49:00.0,10.03,10.69,9.43,9.08,65.1233501125,9.062,5.75
2020-01-25T17:50:00.0,10.19,9.91,9.11,9.12,64.72915388800001,9.125,5.75
2020-01-25T17:51:00.0,9.19,10.23,9.11,8.94,64.3344183845,9.125,5.75
2020-01-25T17:52:00.0,9.89,10.55,8.79,8.88,65.517007058,9.125,5.687
2020-01-25T17:53:00.0,9.29,10.41,8.47,8.49,65.456479552,9.187,5.562
2020-01-25T17:54:00.0,,,,,,,
2020-01-25T17:55:00.0,9.61,9.91,9.07,8.44,66.7550080645,9.187,5.5
2020-01-25T17:56:00.0,9.47,10.41,7.97,8.29,66.48371125000001,9.187,5.437
2020-01-25T17:57:00.0,9.21,10.13,8.97,8.22,66.8152611445,9.187,5.312
2020-01-25T17:58:00.0,9.43,9.53,8.23,8.32,66.96583800200001,9.187,5.375
2020-01-25T17:59:00.0,,,,,,,
2020-01-25T18:00:00.0,,,,,,,
2020-01-25T18:01:00.0,9.49,9.89,8.65,8.3,67.26675239200001,9.187,5.5
2020-01-25T18:02:00.0,9.19,9.85,8.37,8.13,66.905616832,9.187,5.5
2020-01-25T18:03:00.0,8.93,10.37,8.55,8.16,67.4772026005,9.187,5.5
2020-01-25T18:04:00.0,,,,,,,
2020-01-25T18:05:00.0,8.45,9.61,8.45,8.06,66.84538289800001,9.187,5.312
2020-01-25T18:06:00.0,9.03,9.35,8.27,8.02,67.29682628050001,9.25,5.25
2020-01-25T18:07:00.0,8.55,9.19,8.13,7.84,67.807594162,9.187,5.187
2020-01-25T18:08:00.0,9.29,8.97,8.05,7.8,68.1975591205,9.187,5.187
2020-01-25T18:09:00.0,8.97,9.29,7.95,7.94,67.68749645,9.187,5.187
2020-01-25T18:10:00.0,9.35,9.49,8.23,8.2,67.95764450450001,9.187,5.187
2020-01-25T18:11:00.0,9.29,9.49,8.71,8.14,67.2366753125,9.187,5.187
2020-01-25T18:12:00.0,9.43,9.57,8.59,8.41,66.84538289800001,9.187,5.25
2020-01-25T18:13:00.0,8.89,9.35,8.23,8.13,67.146424928,9.187,5.25
2020-01-25T18:14:00.0,9.19,9.75,8.59,8.13,67.95764450450001,9.187,5.187
2020-01-25T18:15:00.0,9.47,9.71,8.47,8.08,68.04763641800001,9.25,5.187
2020-01-25T18:16:00.0,8.65,8.79,8.23,8,66.9959438005,9.25,5.25
2020-01-25T18:17:00.0,9.61,9.03,8.51,8.03,68.28747445,9.25,5.312
2020-01-25T18:18:00.0,9.85,9.21,8.55,8.08,68.1975591205,9.25,5.312
2020-01-25T18:19:00.0,8.75,9.33,7.95,8.06,67.8976339405,9.25,5.312
2020-01-25T18:20:00.0,9.25,9.61,8.65,7.98,68.28747445,9.25,5.312
2020-01-25T18:21:00.0,9.29,9.25,8.51,8.04,68.3174398445,9.187,5.437
2020-01-25T18:22:00.0,9.61,9.33,8.45,7.86,68.4971652005,9.187,5.375
2020-01-25T18:23:00.0,,,,,,,
2020-01-25T18:24:00.0,9.11,9.07,9.19,8.02,68.52710825800001,9.187,5.375
2020-01-25T18:25:00.0,9.39,9.71,8.65,8.08,68.43726951250001,9.187,5.375
2020-01-25T18:26:00.0,9.47,9.75,8.47,8.22,68.227534088,9.187,5.375
2020-01-25T18:27:00.0,9.03,9.61,8.65,7.96,67.32689697800001,9.25,5.375
2020-01-25T18:28:00.0,9.75,9.57,8.71,7.94,67.95764450450001,9.25,5.375
2020-01-25T18:29:00.0,9.15,9.19,8.41,7.98,67.5973896605,9.25,5.437
2020-01-25T18:30:00.0,9.91,9.21,8.79,8.13,67.26675239200001,9.25,5.5
2020-01-25T18:31:00.0,9.35,9.61,8.83,8.18,67.77757452050001,9.25,5.5
2020-01-25T18:32:00.0,9.25,9.61,8.79,8.28,67.807594162,9.25,5.562
2020-01-25T18:33:00.0,9.99,9.29,8.97,8.27,67.4772026005,9.25,5.5
2020-01-25T18:34:00.0,8.71,9.19,8.37,8.04,67.5373025125,9.25,5.5
2020-01-25T18:35:00.0,9.25,8.93,8.27,7.83,67.8976339405,9.25,5.375
2020-01-25T18:36:00.0,9.61,9.49,8.33,7.75,68.4971652005,9.25,5.375
2020-01-25T18:37:00.0,8.87,8.93,8.23,7.66,67.8976339405,9.187,5.312
2020-01-25T18:38:00.0,9.57,9.29,8.55,7.78,68.7964521805,9.25,5.375
2020-01-25T18:39:00.0,9.57,9.61,8.51,7.94,68.16758096200002,9.187,5.375
2020-01-25T18:40:00.0,9.39,9.53,8.51,8,68.5869848,9.187,5.437
2020-01-25T18:41:00.0,9.29,9.77,8.51,8.04,68.7964521805,9.187,5.437
2020-01-25T18:42:00.0,9.99,9.49,9.11,8.26,68.347402048,9.25,5.562
2020-01-25T18:43:00.0,9.43,9.57,8.33,8.23,67.807594162,9.25,5.625
2020-01-25T18:44:00.0,8.83,9.77,8.01,7.68,69.304507712,9.187,5.5
2020-01-25T18:45:00.0,8.59,9.21,8.45,7.64,70.28810058050001,9.187,5.437
2020-01-25T18:46:00.0,8.79,9.07,8.23,7.57,69.9904091005,9.125,5.312
2020-01-25T18:47:00.0,9.11,9.35,8.47,7.48,70.97158,9.125,5.312
2020-01-25T18:48:00.0,8.93,9.29,8.37,7.55,71.06060504050001,9.062,5.312
2020-01-25T18:49:00.0,8.89,8.93,8.09,7.54,71.1199391125,9.062,5.312
2020-01-25T18:50:00.0,8.75,8.79,8.13,7.39,71.14960136200001,9.062,5.25
2020-01-25T18:51:00.0,8.59,9.19,7.69,7.16,72.569636722,9,5.25
2020-01-25T18:52:00.0,,,,,,,
2020-01-25T18:53:00.0,8.61,9.21,7.95,7.09,73.10025452800001,8.937,5.062
2020-01-25T18:54:00.0,8.75,8.83,8.09,7.07,73.218029192,8.875,5
2020-01-25T18:55:00.0,8.89,8.87,8.29,7.2,73.7180019205,8.875,5
2020-01-25T18:56:00.0,8.83,8.83,8.13,7.26,73.57104684800001,8.812,4.937
2020-01-25T18:57:00.0,8.51,8.33,8.09,7.26,72.510615368,8.812,5
2020-01-25T18:58:00.0,,,,,,,
2020-01-25T18:59:00.0,8.97,8.89,8.37,7.88,71.20891628800001,8.75,5.062
2020-01-25T19:00:00.0,8.79,9.19,8.45,7.96,69.841443698,8.812,5.062
2020-01-25T19:01:00.0,8.79,8.61,8.23,7.82,69.96062240200001,8.812,5.25
2020-01-25T19:02:00.0,8.41,8.29,7.41,7.35,71.06060504050001,8.875,5.25
2020-01-25T19:03:00.0,8.23,8.33,7.15,7.14,72.36300614050002,8.875,5.125
2020-01-25T19:04:00.0,7.91,8.27,7.59,7.02,73.18859031250001,8.875,5
2020-01-25T19:05:00.0,7.61,7.91,7.11,6.9,73.39459545800001,8.875,4.875
2020-01-25T19:06:00.0,8.37,7.95,7.27,6.9,73.57104684800001,8.812,4.875
2020-01-25T19:07:00.0,7.79,8.23,6.97,7.02,73.92360500000001,8.812,4.937
2020-01-25T19:08:00.0,8.05,7.91,7.27,6.99,73.95296410450001,8.812,5
2020-01-25T19:09:00.0,8.33,7.95,7.41,7.04,74.24637964450001,8.75,4.937
2020-01-25T19:10:00.0,7.55,8.19,7.23,7.17,73.57104684800001,8.75,4.937
2020-01-25T19:11:00.0,8.23,8.13,7.05,7.2,73.0118900245,8.687,4.937
2020-01-25T19:12:00.0,7.15,8.33,7.01,7.19,73.62983845000001,8.625,4.937
2020-01-25T19:13:00.0,8.13,7.69,7.11,7.06,74.01167274050002,8.562,4.875
2020-01-25T19:14:00.0,7.55,8.13,6.93,6.98,74.48088232450002,8.5,4.875
2020-01-25T19:15:00.0,7.79,7.83,7.01,6.87,74.83225342450001,8.437,4.812
2020-01-25T19:16:00.0,6.79,7.79,7.55,6.78,74.89077060050002,8.375,4.812
2020-01-25T19:17:00.0,7.51,8.23,6.93,6.95,75.621158338,8.375,4.75
2020-01-25T19:18:00.0,,,,,,,
2020-01-25T19:19:00.0,7.19,7.95,6.91,6.65,75.270821122,8.187,4.687
2020-01-25T19:20:00.0,7.27,7.45,6.73,6.56,75.0662455445,8.125,4.625
2020-01-25T19:21:00.0,7.45,7.51,6.33,6.62,75.12471166450001,8.062,4.625
2020-01-25T19:22:00.0,7.33,7.61,6.35,6.5,76.46590956050001,8,4.625
2020-01-25T19:23:00.0,7.29,7.33,6.91,6.42,76.78563041800001,8,4.562
2020-01-25T19:24:00.0,7.47,7.45,6.61,6.38,77.62668008050001,7.937,4.562
2020-01-25T19:25:00.0,,,,,,,
2020-01-25T19:26:00.0,,,,,,,
2020-01-25T19:27:00.0,6.33,6.91,6.43,5.69,80.79247326050002,7.75,4.062
2020-01-25T19:28:00.0,7.09,7.09,5.93,5.78,81.36392372050001,7.687,4
2020-01-25T19:29:00.0,,,,,,,
2020-01-25T19:30:00.0,6.57,7.59,5.67,5.67,81.8201650805,7.437,3.875
2020-01-25T19:31:00.0,6.61,7.01,6.43,5.74,81.70618132450001,7.375,3.875
2020-01-25T19:32:00.0,6.53,7.59,6.29,5.66,81.84865304200001,7.25,3.875
2020-01-25T19:33:00.0,7.05,6.57,5.93,5.68,81.76317958450001,7.187,3.875
2020-01-25T19:34:00.0,6.25,6.57,5.77,5.47,81.79167392800001,7.125,3.875
2020-01-25T19:35:00.0,6.29,6.57,5.67,5.44,82.27558954450001,7.062,3.812
2020-01-25T19:36:00.0,6.53,6.97,6.07,5.41,82.55981500450001,7,3.75
2020-01-25T19:37:00.0,6.47,7.05,5.63,5.33,82.6734158405,6.937,3.687
2020-01-25T19:38:00.0,6.21,6.57,5.49,5.26,83.5237947005,6.875,3.687
2020-01-25T19:39:00.0,6.35,6.79,5.63,5.22,83.55209120200001,6.812,3.687
2020-01-25T19:40:00.0,5.95,6.21,5.59,5.25,83.1839877845,6.75,3.687
2020-01-25T19:41:00.0,6.13,6.47,5.95,5.26,83.32562984200001,6.687,3.75
2020-01-25T19:42:00.0,6.65,6.35,5.73,5.31,83.495495008,6.625,3.687
2020-01-25T19:43:00.0,,,,,,,
2020-01-25T19:44:00.0,6.39,6.65,5.11,5.4,82.9004643445,6.625,3.75
2020-01-25T19:45:00.0,6.25,6.65,5.81,5.42,82.87209445,6.687,3.75
2020-01-25T19:46:00.0,5.71,6.93,6.03,5.44,82.30402645000001,6.625,3.75
2020-01-25T19:47:00.0,6.21,6.13,5.77,5.47,82.1618100125,6.625,3.812
2020-01-25T19:48:00.0,5.89,6.17,5.27,5.28,82.41774216200001,6.625,3.812
2020-01-25T19:49:00.0,6.25,6.11,5.41,5.36,82.73019711250001,6.625,3.812
2020-01-25T19:50:00.0,6.33,6.47,5.73,5.32,83.01391201250001,6.625,3.812
2020-01-25T19:51:00.0,6.25,6.25,5.77,5.32,83.29730781250001,6.562,3.75
2020-01-25T19:52:00.0,5.99,6.25,5.27,5.21,83.75007736450002,6.562,3.75
2020-01-25T19:53:00.0,5.85,6.13,5.71,5.18,83.947907168,6.5,3.75
2020-01-25T19:54:00.0,6.03,6.39,5.19,5.26,83.72180320000001,6.5,3.75
2020-01-25T19:55:00.0,6.17,6.11,5.85,5.32,83.608674632,6.437,3.687
2020-01-25T19:56:00.0,5.49,6.57,5.27,5.23,83.382264328,6.437,3.75
2020-01-25T19:57:00.0,5.95,6.11,5.23,5.22,83.97615580450001,6.437,3.75
2020-01-25T19:58:00.0,5.07,5.95,5.29,5.18,83.9196553405,6.437,3.812
2020-01-25T19:59:00.0,5.81,6.03,5.23,5.12,83.97615580450001,6.437,3.687
2020-01-25T20:00:00.0,5.85,6.07,5.01,5.14,84.08911844050002,6.437,3.687
2020-01-25T20:01:00.0,5.89,5.73,5.07,5.19,83.75007736450002,6.437,3.75
2020-01-25T20:02:00.0,5.67,6.25,5.07,5.19,83.43888605000001,6.437,3.812
2020-01-25T20:03:00.0,6.03,6.03,5.05,5.24,83.6369615605,6.437,3.812
2020-01-25T20:04:00.0,5.71,5.51,5.29,5.28,83.07061670050001,6.437,3.875
2020-01-25T20:05:00.0,6.03,6.07,5.11,5.2,83.26898259200001,6.375,3.875
2020-01-25T20:06:00.0,5.63,5.29,4.89,5.05,83.86314211250001,6.375,3.875
2020-01-25T20:07:00.0,5.49,5.37,4.75,4.93,84.82213108450001,6.375,3.75
2020-01-25T20:08:00.0,5.37,5.67,5.01,4.77,85.5529866125,6.375,3.625
2020-01-25T20:09:00.0,5.51,5.63,4.93,4.67,86.1137153125,6.312,3.562
2020-01-25T20:10:00.0,5.73,5.89,5.01,4.84,85.18782848800001,6.25,3.562
2020-01-25T20:11:00.0,5.29,5.59,4.85,4.8,85.35643001800001,6.187,3.625
2020-01-25T20:12:00.0,5.51,5.77,4.93,4.78,86.1137153125,6.125,3.562
2020-01-25T20:13:00.0,5.49,5.27,5.33,4.86,85.917605458,6.125,3.562
2020-01-25T20:14:00.0,5.15,6.03,5.33,4.94,85.7213392445,6.125,3.625
2020-01-25T20:15:00.0,5.71,6.17,4.75,4.87,85.412605,6.062,3.625
2020-01-25T20:16:00.0,5.51,6.39,4.75,4.88,85.74938684800001,6,3.562
2020-01-25T20:17:00.0,5.73,6.07,5.11,4.86,86.05769988050001,6,3.562
2020-01-25T20:18:00.0,5.99,5.95,4.93,4.9,85.97365280000001,5.937,3.562
2020-01-25T20:19:00.0,5.95,5.37,4.79,4.85,86.00167168450001,5.937,3.562
2020-01-25T20:20:00.0,5.67,5.55,4.67,4.72,86.47750449800002,5.937,3.5
2020-01-25T20:21:00.0,5.85,5.85,4.93,4.71,87.259218802,5.875,3.5
2020-01-25T20:22:00.0,5.19,5.37,4.93,4.71,87.1755833605,5.875,3.5
2020-01-25T20:23:00.0,5.07,5.85,4.93,4.68,87.20346503200001,5.812,3.5
2020-01-25T20:24:00.0,5.41,5.27,5.07,4.8,86.39360101250001,5.812,3.5
2020-01-25T20:25:00.0,5.95,5.77,5.27,4.92,85.917605458,5.75,3.625
2020-01-25T20:26:00.0,5.63,5.55,4.85,4.84,85.97365280000001,5.75,3.625
2020-01-25T20:27:00.0,5.49,5.71,4.85,4.8,86.00167168450001,5.75,3.625
2020-01-25T20:28:00.0,4.67,5.77,4.81,4.7,85.6652344645,5.75,3.625
2020-01-25T20:29:00.0,4.93,5.89,4.81,4.51,85.69328845000001,5.687,3.5
2020-01-25T20:30:00.0,4.67,5.81,5.15,4.48,86.2257078845,5.687,3.437
2020-01-25T20:31:00.0,4.89,5.27,4.75,4.34,86.589331138,5.625,3.375
2020-01-25T20:32:00.0,4.53,6.17,4.57,4.21,86.6172798205,5.625,3.312
2020-01-25T20:33:00.0,4.79,5.45,4.41,4.1,87.20346503200001,5.562,3.187
2020-01-25T20:34:00.0,4.93,5.41,4.67,4.05,87.7882430125,5.5,3.187
2020-01-25T20:35:00.0,4.89,5.63,4.07,4.06,88.0106454205,5.437,3.062
2020-01-25T20:36:00.0,5.01,5.01,4.71,4.04,88.28836124050001,5.437,3.062
2020-01-25T20:37:00.0,4.93,5.07,4.15,4.06,88.34386611250001,5.375,3.062
2020-01-25T20:38:00.0,,,,,,,
2020-01-25T20:39:00.0,4.31,5.93,4.75,4.3,86.8965911405,5.312,3.312
2020-01-25T20:40:00.0,4.79,4.81,4.31,4.18,87.1755833605,5.312,3.25
2020-01-25T20:41:00.0,4.31,5.15,4.71,4.02,88.0106454205,5.312,3.187
2020-01-25T20:42:00.0,4.53,5.07,4.49,4.04,88.53803264800001,5.312,3.125
2020-01-25T20:43:00.0,4.53,5.37,4.57,3.92,88.6766273005,5.25,3.062
2020-01-25T20:44:00.0,4.71,5.27,4.59,4.03,88.84283558050001,5.25,3.062
2020-01-25T20:45:00.0,4.81,5.27,4.33,4.08,89.36840393800001,5.25,3.062
2020-01-25T20:46:00.0,4.49,5.01,4.67,3.94,90.2784953125,5.25,3
2020-01-25T20:47:00.0,4.59,4.81,4.53,3.93,91.04796894050001,5.25,2.875
2020-01-25T20:48:00.0,4.67,5.15,4.41,3.85,91.32217466050001,5.25,2.812
2020-01-25T20:49:00.0,,,,,,,
2020-01-25T20:50:00.0,5.05,4.85,4.75,3.96,90.9930895045,5.187,2.875
2020-01-25T20:51:00.0,4.75,4.97,4.57,4,90.69102445000001,5.187,2.937
2020-01-25T20:52:00.0,5.15,4.49,4.19,3.98,90.82837461250001,5.125,2.875
2020-01-25T20:53:00.0,4.71,5.11,4.33,3.93,91.1576895205,5.125,2.875
2020-01-25T20:54:00.0,4.57,4.79,4.53,3.91,91.45915785800001,5.125,2.875
2020-01-25T20:55:00.0,4.57,5.23,4.31,3.9,91.732884928,5.062,2.875
2020-01-25T20:56:00.0,4.81,4.63,4.41,3.86,91.7055265805,5.062,2.812
2020-01-25T20:57:00.0,4.81,4.97,4.33,3.97,91.48654492450001,5.125,2.812
2020-01-25T20:58:00.0,4.49,4.71,4.23,4.06,90.855835072,5.125,2.937
2020-01-25T20:59:00.0,4.23,5.01,4.75,4.08,90.55359451250001,5.125,3
2020-01-25T21:00:00.0,4.85,4.75,4.63,4.05,90.69102445000001,5.125,3.062
2020-01-25T21:01:00.0,4.93,5.01,4.23,3.99,90.71850086450002,5.187,3.062
2020-01-25T21:02:00.0,4.71,5.23,4.37,3.98,90.9930895045,5.25,3.062
2020-01-25T21:03:00.0,4.81,5.11,4.11,3.98,91.02053081800001,5.25,3
2020-01-25T21:04:00.0,4.19,5.15,4.59,3.95,90.9930895045,5.312,3
2020-01-25T21:05:00.0,4.57,5.29,4.63,4.04,91.294768448,5.375,3.062
2020-01-25T21:06:00.0,,,,,,,
2020-01-25T21:07:00.0,5.01,5.01,4.45,4.26,90.2784953125,5.437,3.187
2020-01-25T21:08:00.0,5.11,5.23,4.57,4.33,90.08573600800001,5.437,3.312
2020-01-25T21:09:00.0,4.53,4.93,4.15,4.28,89.94795506050001,5.375,3.312
2020-01-25T21:10:00.0,4.81,5.23,4.53,4.19,90.19590332800001,5.437,3.312
2020-01-25T21:11:00.0,4.81,4.89,4.41,4.3,90.0581862005,5.375,3.375
2020-01-25T21:12:00.0,5.11,5.19,4.75,4.34,89.8652482,5.375,3.375
2020-01-25T21:13:00.0,4.67,5.27,4.33,4.36,89.7273396125,5.375,3.375
2020-01-25T21:14:00.0,4.63,5.07,4.23,4.38,89.89282034450001,5.375,3.437
2020-01-25T21:15:00.0,4.11,5.59,4.59,4.27,90.030633202,5.375,3.437
2020-01-25T21:16:00.0,4.63,4.67,4.45,4.2,90.49860020050001,5.437,3.375
2020-01-25T21:17:00.0,4.57,4.63,4.71,4.21,90.63606204800001,5.437,3.375
2020-01-25T21:18:00.0,4.27,5.05,4.53,4.16,90.71850086450002,5.437,3.312
2020-01-25T21:19:00.0,4.81,5.01,4.57,4.2,90.74597408800001,5.375,3.312
2020-01-25T21:20:00.0,4.41,5.51,4.19,4.12,90.71850086450002,5.375,3.312
2020-01-25T21:21:00.0,3.97,5.27,3.93,4.12,90.82837461250001,5.375,3.312
2020-01-25T21:22:00.0,4.11,5.11,4.19,4.06,90.93819730450001,5.312,3.25
2020-01-25T21:23:00.0,4.15,4.79,4.01,4,91.43176760050001,5.375,3.25
2020-01-25T21:24:00.0,4.89,5.37,3.93,4.03,91.65080031250001,5.312,3.187
2020-01-25T21:25:00.0,,,,,,,
2020-01-25T21:26:00.0,4.71,4.85,4.37,4.16,90.8832923405,5.312,3.25
2020-01-25T21:27:00.0,4.67,4.81,4.33,4.12,90.91074641800002,5.25,3.25
2020-01-25T21:28:00.0,4.89,4.67,4.07,4.14,91.10283561250002,5.25,3.312
2020-01-25T21:29:00.0,4.93,4.97,4.45,4.18,91.1576895205,5.25,3.25
2020-01-25T21:30:00.0,4.45,5.15,4.27,4.13,91.1576895205,5.25,3.25
2020-01-25T21:31:00.0,4.93,4.93,3.93,4.08,91.43176760050001,5.25,3.187
2020-01-25T21:32:00.0,4.57,4.89,4.11,4,92.14287722050001,5.312,3.187
2020-01-25T21:33:00.0,4.31,5.11,4.07,4.01,92.08825306450001,5.25,3.187
2020-01-25T21:34:00.0,4.85,4.75,4.15,4,92.08825306450001,5.312,3.125
2020-01-25T21:35:00.0,4.85,4.71,4.57,4.02,92.14287722050001,5.312,3.187
2020-01-25T21:36:00.0,4.67,4.67,4.45,4.1,91.732884928,5.312,3.187
2020-01-25T21:37:00.0,4.57,5.19,3.97,4.14,91.51392880000002,5.312,3.187
2020-01-25T21:38:00.0,4.81,5.15,4.31,4.12,91.40437415200002,5.375,3.25
2020-01-25T21:39:00.0,4.93,4.37,4.15,4.11,91.10283561250002,5.375,3.25
2020-01-25T21:40:00.0,4.79,5.01,4.31,4.12,91.3769775125,5.437,3.312
2020-01-25T21:41:00.0,4.59,4.85,4.45,4.17,91.43176760050001,5.437,3.25
2020-01-25T21:42:00.0,4.89,4.93,4.37,4.09,91.349577682,5.5,3.312
2020-01-25T21:43:00.0,4.63,5.41,4.23,4.16,91.294768448,5.5,3.312
2020-01-25T21:44:00.0,4.71,4.45,4.37,4.16,90.9930895045,5.562,3.312
2020-01-25T21:45:00.0,4.53,4.93,4.71,4.34,90.8832923405,5.625,3.375
2020-01-25T21:46:00.0,4.79,4.63,4.33,4.32,90.66354484450001,5.687,3.437
2020-01-25T21:47:00.0,4.45,5.27,4.45,4.38,90.49860020050001,5.687,3.437
2020-01-25T21:48:00.0,4.97,4.81,4.37,4.45,90.44359312450001,5.687,3.5
2020-01-25T21:49:00.0,4.85,5.19,4.37,4.48,90.38857328450001,5.75,3.5
2020-01-25T21:50:00.0,4.33,4.59,4.33,4.44,90.33354068050001,5.812,3.562
2020-01-25T21:51:00.0,4.59,4.59,4.07,4.43,90.44359312450001,5.812,3.562
2020-01-25T21:52:00.0,4.75,4.53,4.15,4.46,90.7734441205,5.812,3.562
2020-01-25T21:53:00.0,4.71,4.57,4.71,4.42,90.82837461250001,5.812,3.562
2020-01-25T21:54:00.0,4.93,5.05,4.41,4.48,90.82837461250001,5.875,3.562
2020-01-25T21:55:00.0,4.97,4.75,4.23,4.49,90.74597408800001,5.875,3.625
2020-01-25T21:56:00.0,5.23,5.01,4.27,4.45,90.93819730450001,5.875,3.625
2020-01-25T21:57:00.0,,,,,,,
2020-01-25T21:58:00.0,4.53,5.41,4.19,4.51,90.69102445000001,5.937,3.625
2020-01-25T21:59:00.0,5.11,4.59,4.05,4.48,90.66354484450001,5.937,3.625
2020-01-25T22:00:00.0,4.33,5.01,4.33,4.48,90.581086882,5.937,3.625
2020-01-25T22:01:00.0,4.81,4.81,4.11,4.51,90.1683662845,6,3.625
2020-01-25T22:02:00.0,4.85,5.05,4.07,4.52,90.14082605,6,3.625
2020-01-25T22:03:00.0,,,,,,,
2020-01-25T22:04:00.0,4.67,5.05,4.45,4.46,89.78251262050001,5.937,3.562
2020-01-25T22:05:00.0,4.89,5.15,4.11,4.48,89.83767286450001,5.937,3.562
2020-01-25T22:06:00.0,4.85,4.79,4.19,4.44,89.61695530450001,5.937,3.625
2020-01-25T22:07:00.0,4.79,4.93,4.23,4.42,89.7273396125,5.875,3.562
2020-01-25T22:08:00.0,4.33,5.45,4.63,4.46,89.81009433800001,5.875,3.562
2020-01-25T22:09:00.0,4.67,4.75,4.01,4.39,89.7273396125,5.875,3.562
2020-01-25T22:10:00.0,4.67,4.89,4.31,4.28,90.0581862005,5.812,3.562
2020-01-25T22:11:00.0,4.81,5.23,4.37,4.32,90.33354068050001,5.812,3.5
2020-01-25T22:12:00.0,4.59,5.45,4.27,4.35,90.2784953125,5.812,3.5
2020-01-25T22:13:00.0,,,,,,,
2020-01-25T22:14:00.0,4.59,5.49,4.31,4.47,90.1683662845,5.75,3.5
2020-01-25T22:15:00.0,5.15,5.01,4.31,4.46,90.14082605,5.75,3.562
2020-01-25T22:16:00.0,4.85,4.85,3.81,4.42,90.38857328450001,5.812,3.562
2020-01-25T22:17:00.0,4.75,4.79,4.27,4.36,90.66354484450001,5.75,3.562
2020-01-25T22:18:00.0,5.01,4.79,4.11,4.34,90.9930895045,5.812,3.562
2020-01-25T22:19:00.0,,,,,,,
2020-01-25T22:20:00.0,4.97,4.89,4.23,4.3,91.32217466050001,5.812,3.5
2020-01-25T22:21:00.0,4.71,5.05,4.07,4.26,91.32217466050001,5.812,3.5
2020-01-25T22:22:00.0,4.57,5.19,4.27,4.3,91.7055265805,5.812,3.437
2020-01-25T22:23:00.0,4.97,4.89,4.05,4.25,91.92430401250002,5.812,3.437
2020-01-25T22:24:00.0,5.11,4.67,3.89,4.36,91.92430401250002,5.812,3.437
2020-01-25T22:25:00.0,4.67,5.05,4.23,4.36,91.62343239200001,5.875,3.5
2020-01-25T22:26:00.0,4.57,4.67,4.37,4.4,91.78759205,5.812,3.5
2020-01-25T22:27:00.0,4.49,4.97,4.15,4.32,91.86962880050001,5.812,3.437
2020-01-25T22:28:00.0,4.81,5.23,4.23,4.37,91.842286408,5.812,3.437
2020-01-25T22:29:00.0,4.75,4.79,3.93,4.31,91.9789664605,5.812,3.437
2020-01-25T22:30:00.0,4.75,4.89,4.49,4.35,91.9789664605,5.875,3.437
2020-01-25T22:31:00.0,4.49,4.85,4.27,4.32,91.9789664605,5.875,3.437
2020-01-25T22:32:00.0,4.67,4.75,4.45,4.3,92.3612462045,5.937,3.437
2020-01-25T22:33:00.0,4.67,4.93,3.97,4.24,92.74290051250001,5.937,3.437
2020-01-25T22:34:00.0,4.75,5.29,4.15,4.22,92.6884167605,5.937,3.437
2020-01-25T22:35:00.0,4.37,4.79,3.93,4.18,93.1239293845,6,3.437
2020-01-25T22:36:00.0,,,,,,,
2020-01-25T22:37:00.0,4.23,4.75,3.75,4.08,93.53148056200001,6,3.312
2020-01-25T22:38:00.0,4.27,4.57,4.05,3.9,94.1008460125,6,3.187
2020-01-25T22:39:00.0,4.31,4.19,4.07,3.8,94.77682720000001,5.875,3.062
2020-01-25T22:40:00.0,4.67,4.23,3.93,3.88,95.100589768,5.75,3.062
2020-01-25T22:41:00.0,3.71,4.27,4.01,3.76,94.96574454050001,5.687,3
2020-01-25T22:42:00.0,3.81,4.81,3.49,3.65,95.66606858050001,5.625,2.875
2020-01-25T22:43:00.0,4.01,4.63,3.85,3.62,96.04227266050002,5.5,2.812
2020-01-25T22:44:00.0,,,,,,,
2020-01-25T22:45:00.0,4.05,4.33,3.79,3.56,96.0959650445,5.437,2.75
2020-01-25T22:46:00.0,4.75,4.33,3.85,3.61,96.391045,5.375,2.75
2020-01-25T22:47:00.0,4.19,4.27,3.71,3.6,96.4714543405,5.25,2.687
2020-01-25T22:48:00.0,3.71,4.45,3.49,3.77,95.77361928050001,5.25,2.812
2020-01-25T22:49:00.0,,,,,,,
2020-01-25T22:50:00.0,3.79,4.63,3.25,3.58,96.20331152050001,5.125,2.75
2020-01-25T22:51:00.0,3.89,4.53,3.97,3.48,96.712510048,5.125,2.687
2020-01-25T22:52:00.0,4.41,4.23,3.85,3.5,97.2205566245,5.125,2.687
2020-01-25T22:53:00.0,3.93,4.27,3.71,3.46,97.43412634450002,5.125,2.625
2020-01-25T22:54:00.0,4.63,4.33,3.71,3.45,97.64749184050001,5.062,2.625
2020-01-25T22:55:00.0,3.67,3.93,3.55,3.48,97.91391152050001,5.062,2.625
2020-01-25T22:56:00.0,4.15,4.53,3.97,3.48,97.96715716450001,5,2.625
2020-01-25T22:57:00.0,3.75,4.93,3.79,3.52,98.12681751250001,5,2.562
2020-01-25T22:58:00.0,3.89,4.31,3.71,3.52,97.94053593800001,5,2.687
2020-01-25T22:59:00.0,3.97,4.33,3.97,3.52,97.96715716450001,4.937,2.687
2020-01-25T23:00:00.0,4.23,4.33,3.79,3.52,97.96715716450001,4.875,2.687
2020-01-25T23:01:00.0,4.33,4.41,3.45,3.4,98.0203900445,4.875,2.562
2020-01-25T23:02:00.0,4.37,4.63,3.67,3.34,98.0203900445,4.875,2.5
2020-01-25T23:03:00.0,4.19,4.23,3.49,3.3,98.2863629845,4.875,2.5
2020-01-25T23:04:00.0,4.11,4.45,3.59,3.42,98.55201682450001,4.875,2.5
2020-01-25T23:05:00.0,3.81,3.97,3.71,3.44,98.578564658,4.875,2.562
2020-01-25T23:06:00.0,3.97,4.37,3.97,3.46,98.6581890125,4.875,2.562
2020-01-25T23:07:00.0,3.97,4.41,3.81,3.39,98.6581890125,4.875,2.562
2020-01-25T23:08:00.0,4.41,5.05,3.67,3.46,98.6051093005,4.812,2.562
2020-01-25T23:09:00.0,3.81,4.05,3.79,3.53,98.63165075200001,4.812,2.562
2020-01-25T23:10:00.0,4.31,3.85,3.53,3.52,98.84386748800001,4.812,2.625
2020-01-25T23:11:00.0,4.59,4.49,3.85,3.52,98.81735156450002,4.812,2.625
2020-01-25T23:12:00.0,4.11,4.59,3.85,3.64,98.87038022050001,4.812,2.687
2020-01-25T23:13:00.0,4.27,4.67,3.45,3.62,98.33951928050001,4.812,2.75
2020-01-25T23:14:00.0,4.23,4.63,3.81,3.58,98.23319392450001,4.75,2.75
2020-01-25T23:15:00.0,,,,,,,
2020-01-25T23:16:00.0,3.81,4.79,3.97,3.56,98.6051093005,4.812,2.687
2020-01-25T23:17:00.0,4.15,4.23,4.07,3.55,98.44579358050001,4.875,2.687
2020-01-25T23:18:00.0,4.07,4.49,3.79,3.52,98.6581890125,4.812,2.687
2020-01-25T23:19:00.0,4.23,4.81,3.63,3.62,98.55201682450001,4.812,2.687
2020-01-25T23:20:00.0,4.49,4.37,3.85,3.56,98.5254658,4.812,2.687
2020-01-25T23:21:00.0,4.37,4.27,4.01,3.48,98.578564658,4.812,2.687
2020-01-25T23:22:00.0,4.37,4.01,3.81,3.49,98.7643101445,4.875,2.687
2020-01-25T23:23:00.0,4.07,4.27,3.03,3.4,99.161809672,4.875,2.687
2020-01-25T23:24:00.0,3.59,3.97,3.79,3.37,99.66427838050001,4.812,2.625
2020-01-25T23:25:00.0,4.15,3.97,3.37,3.34,99.7699144805,4.75,2.562
2020-01-25T23:26:00.0,4.01,3.93,3.45,3.28,99.82271338450002,4.75,2.562
2020-01-25T23:27:00.0,4.01,4.67,3.53,3.36,99.9810335125,4.75,2.5
2020-01-25T23:28:00.0,,,,,,,
2020-01-25T23:29:00.0,3.55,4.31,3.71,3.32,100.35000040450001,4.625,2.5
2020-01-25T23:30:00.0,3.55,4.37,3.67,3.38,100.40265890450002,4.625,2.5
2020-01-25T23:31:00.0,3.71,4.75,3.59,3.41,100.35000040450001,4.625,2.5
2020-01-25T23:32:00.0,3.53,5.29,3.63,3.47,100.29732914050001,4.562,2.562
2020-01-25T23:33:00.0,3.85,4.07,3.49,3.46,100.19194832050002,4.562,2.562
2020-01-25T23:34:00.0,4.23,4.19,3.63,3.4,100.1392387645,4.562,2.562
2020-01-25T23:35:00.0,4.19,4.49,3.63,3.51,100.0865164445,4.562,2.562
2020-01-25T23:36:00.0,3.67,4.01,3.85,3.46,99.5850178,4.562,2.625
2020-01-25T23:37:00.0,3.93,4.15,3.71,3.47,99.71710281250002,4.562,2.625
2020-01-25T23:38:00.0,4.07,4.53,3.75,3.48,99.71710281250002,4.562,2.625
2020-01-25T23:39:00.0,3.53,3.93,3.29,3.45,99.66427838050001,4.562,2.562
2020-01-25T23:40:00.0,3.63,4.33,3.75,3.48,99.8754995245,4.562,2.562
2020-01-25T23:41:00.0,3.49,4.67,3.59,3.46,99.66427838050001,4.562,2.562
2020-01-25T23:42:00.0,4.07,4.31,3.59,3.4,99.71710281250002,4.562,2.562
2020-01-25T23:43:00.0,,,,,,,
2020-01-25T23:44:00.0,3.45,4.93,3.79,3.34,100.0337813605,4.562,2.5
2020-01-25T23:45:00.0,3.55,4.71,3.49,3.33,100.19194832050002,4.562,2.5
2020-01-25T23:46:00.0,3.97,4.53,3.67,3.28,100.11287920000001,4.562,2.437
2020-01-25T23:47:00.0,3.71,4.53,3.23,3.38,100.270988722,4.562,2.5
2020-01-25T23:48:00.0,3.67,4.81,3.75,3.41,100.06015049800001,4.5,2.562
2020-01-25T23:49:00.0,4.11,4.27,3.49,3.38,99.9810335125,4.5,2.562
2020-01-25T23:50:00.0,3.33,3.97,3.55,3.31,100.0865164445,4.5,2.5
2020-01-25T23:51:00.0,3.93,4.19,3.49,3.26,100.481622722,4.5,2.437
2020-01-25T23:52:00.0,3.37,4.63,3.23,3.3,100.7183418605,4.437,2.437
2020-01-25T23:53:00.0,3.71,4.33,3.75,3.28,100.98105998050002,4.437,2.437
2020-01-25T23:54:00.0,3.97,4.11,3.55,3.24,101.11229937800002,4.375,2.437
2020-01-25T23:55:00.0,3.81,4.33,3.81,3.26,101.08605788050001,4.375,2.437
2020-01-25T23:56:00.0,3.45,4.37,3.67,3.29,101.34832926050001,4.375,2.437
2020-01-25T23:57:00.0,3.49,4.27,3.49,3.26,101.21723345800001,4.375,2.437
2020-01-25T23:58:00.0,3.55,4.07,3.67,3.36,101.32211648200001,4.375,2.437
2020-01-25T23:59:00.0,4.01,3.67,3.71,3.28,101.32211648200001,4.312,2.437
