TempPlant3,TempPlant5,TempPlant6,Air_temp_loc,Humedity,air_temp,Ambient_1_6,Date
2.35,2.59,2.59,2.09,-2.0462,4.062,1.5,2020-01-27 00-00-19
2.55,2.99,2.85,2.14,-2.0462,4.062,1.5,2020-01-27 00-01-19
2.27,2.95,2.59,2.08,-2.0462,4.062,1.5,2020-01-27 00-02-19
1.93,2.65,2.81,2.15,-2.0462,4.062,1.5,2020-01-27 00-03-19
2.61,2.89,2.39,2.03,-2.0462,4.125,1.5,2020-01-27 00-04-19
2.09,2.99,2.39,1.7,-2.0462,4.125,1.5,2020-01-27 00-05-19
2.31,2.59,2.39,1.94,-2.0462,4.187,1.5,2020-01-27 00-06-19
2.21,2.95,2.39,2.18,-2.0462,4.187,1.5,2020-01-27 00-07-19
2.27,2.69,2.61,2.14,-2.0462,4.25,1.5,2020-01-27 00-08-18
2.61,2.55,2.69,2.14,-2.0462,4.25,1.5,2020-01-27 00-09-19
2.01,2.65,2.73,2.12,-2.0462,4.25,1.5,2020-01-27 00-10-19
2.61,3.07,2.51,2.18,-2.0462,4.25,1.5,2020-01-27 00-11-19
2.47,2.69,2.51,2.08,-2.0462,4.25,1.5,2020-01-27 00-12-19
2.43,2.73,2.47,2.04,-2.0462,4.25,1.5,2020-01-27 00-13-19
2.17,2.31,2.73,2.09,-2.0462,4.25,1.5,2020-01-27 00-14-19
2.25,2.47,2.69,2.06,-2.0462,4.25,1.5,2020-01-27 00-15-19
2.17,2.69,2.69,2.06,-2.0462,4.25,1.5,2020-01-27 00-16-19
2.17,2.65,2.69,2.06,-2.0462,4.25,1.5,2020-01-27 00-17-19
2.25,2.85,2.51,2.04,-2.0462,4.187,1.5,2020-01-27 00-18-19
1.89,2.69,2.61,2.07,-2.0462,4.187,1.562,2020-01-27 00-19-19
2.25,2.43,2.39,2.11,-2.0462,4.25,1.562,2020-01-27 00-20-19
2.13,2.39,2.35,1.88,-2.0462,4.187,1.5,2020-01-27 00-22-19
2.55,2.55,2.61,2.06,-2.0462,4.187,1.5,2020-01-27 00-23-19
2.27,3.07,2.43,2.04,-2.0462,4.187,1.5,2020-01-27 00-24-19
2.05,2.47,2.39,2.07,-2.0462,4.187,1.5,2020-01-27 00-25-19
2.25,2.69,2.65,2.04,-2.0462,4.187,1.5,2020-01-27 00-26-19
1.85,2.85,2.43,2.06,-2.0462,4.187,1.5,2020-01-27 00-28-19
2.09,2.65,2.55,1.83,-2.0462,4.187,1.5,2020-01-27 00-29-19
2.69,2.85,2.51,2.04,-2.0462,4.25,1.5,2020-01-27 00-30-19
2.05,2.99,2.61,2.08,-2.0462,4.25,1.5,2020-01-27 00-31-19
1.89,2.69,2.69,2.04,-2.0462,4.25,1.562,2020-01-27 00-32-19
2.43,2.89,2.43,2.1,-2.0462,4.25,1.5,2020-01-27 00-33-18
2.21,2.61,2.59,2.11,-2.0462,4.25,1.5,2020-01-27 00-34-18
2.13,2.55,2.73,2.06,-2.0462,4.312,1.5,2020-01-27 00-35-19
2.47,2.85,2.39,2.12,-2.0462,4.312,1.562,2020-01-27 00-36-19
2.31,2.69,2.89,2.12,-2.0462,4.312,1.562,2020-01-27 00-37-19
2.55,2.27,2.43,2.1,-2.0462,4.312,1.562,2020-01-27 00-38-19
2.13,2.65,2.59,2.1,-2.0462,4.312,1.562,2020-01-27 00-39-19
2.39,2.73,2.59,2.12,-2.0462,4.312,1.562,2020-01-27 00-40-18
2.31,2.73,2.61,2.08,-2.0462,4.312,1.562,2020-01-27 00-41-18
2.17,2.59,2.39,2.09,-2.0462,4.312,1.562,2020-01-27 00-42-19
2.17,2.73,2.43,1.87,-2.0462,4.312,1.5,2020-01-27 00-43-19
2.13,2.69,2.51,2.15,-2.0462,4.312,1.5,2020-01-27 00-44-19
2.09,2.51,2.55,2.09,-2.0462,4.312,1.5,2020-01-27 00-45-19
2.43,2.85,2.59,2.1,-2.0462,4.312,1.5,2020-01-27 00-46-18
2.77,2.73,2.39,2.09,-2.0462,4.312,1.5,2020-01-27 00-47-19
2.55,2.47,2.91,2.11,-2.0462,4.375,1.5,2020-01-27 00-48-19
2.25,2.65,2.51,2.16,-2.0462,4.375,1.5,2020-01-27 00-49-19
2.25,2.69,2.43,2.15,-2.0462,4.375,1.5,2020-01-27 00-50-19
2.25,2.89,2.55,2.16,-2.0462,4.375,1.5,2020-01-27 00-51-19
2.17,2.65,2.39,2.16,-2.0462,4.375,1.5,2020-01-27 00-52-18
2.31,2.59,2.59,2.16,-2.0462,4.437,1.5,2020-01-27 00-55-19
2.35,2.89,2.59,2.15,-2.0462,4.437,1.5,2020-01-27 00-56-19
2.21,2.73,2.89,2.16,-2.0462,4.5,1.5,2020-01-27 00-57-19
2.17,2.89,2.65,1.92,-2.0462,4.562,1.5,2020-01-27 00-58-19
2.35,2.91,2.47,2.04,-2.0462,4.562,1.5,2020-01-27 00-59-18
2.43,2.73,2.73,2.12,-2.0462,4.562,1.5,2020-01-27 01-00-18
2.17,2.81,2.77,1.98,-2.0462,4.625,1.5,2020-01-27 01-01-18
2.39,2.47,2.69,2.25,-2.0462,4.625,1.5,2020-01-27 01-02-19
2.17,2.77,2.65,2.05,-2.0462,4.625,1.5,2020-01-27 01-03-19
2.39,2.39,2.61,2.17,-2.0462,4.625,1.5,2020-01-27 01-04-18
2.43,2.85,2.69,2.13,-2.0462,4.625,1.5,2020-01-27 01-05-19
2.47,2.77,2.59,2.22,-2.0462,4.687,1.5,2020-01-27 01-06-19
2.51,2.69,2.91,2.12,-2.0462,4.625,1.5,2020-01-27 01-07-19
2.51,2.69,2.61,2.19,-2.0462,4.687,1.5,2020-01-27 01-08-19
2.25,2.39,2.85,2.22,-2.0462,4.687,1.5,2020-01-27 01-09-19
2.43,2.89,2.47,2.24,-2.0462,4.687,1.5,2020-01-27 01-10-19
2.31,2.81,2.73,2.24,-2.0462,4.75,1.562,2020-01-27 01-11-19
2.43,2.81,2.69,2.2,-2.0462,4.687,1.5,2020-01-27 01-12-19
2.65,2.39,2.61,2.34,-2.0462,4.687,1.5,2020-01-27 01-13-19
2.31,2.85,2.61,2.17,-2.0462,4.75,1.5,2020-01-27 01-14-19
2.59,2.59,2.65,2.26,-2.0462,4.687,1.5,2020-01-27 01-15-19
2.31,2.59,2.81,2.29,-2.0462,4.687,1.5,2020-01-27 01-16-18
2.39,2.59,2.35,2.28,-2.0462,4.687,1.5,2020-01-27 01-17-19
2.47,2.65,2.59,2.29,-2.0462,4.625,1.5,2020-01-27 01-19-19
2.13,2.91,2.73,2.28,-2.0462,4.687,1.5,2020-01-27 01-20-19
2.39,2.77,2.27,2.24,-2.0462,4.687,1.5,2020-01-27 01-21-19
2.39,2.73,2.55,2.31,-2.0462,4.687,1.5,2020-01-27 01-23-19
2.17,2.51,2.73,2.38,-2.0462,4.75,1.5,2020-01-27 01-24-19
2.61,3.11,2.59,2.28,-2.0462,4.75,1.437,2020-01-27 01-25-19
2.21,2.39,2.73,2.34,-2.0462,4.75,1.5,2020-01-27 01-26-18
2.39,2.47,2.77,2.46,-2.0462,4.75,1.5,2020-01-27 01-27-19
2.21,2.73,2.77,2.42,-2.0462,4.75,1.5,2020-01-27 01-28-19
2.39,2.21,2.77,2.37,-2.0462,4.75,1.5,2020-01-27 01-29-19
2.17,2.77,2.95,2.18,-2.0462,4.75,1.5,2020-01-27 01-30-19
2.17,2.77,2.91,2.3,-2.0462,4.75,1.5,2020-01-27 01-31-19
2.13,2.77,2.55,2.34,-2.0462,4.812,1.5,2020-01-27 01-32-18
2.39,2.47,2.73,2.34,-2.0462,4.75,1.5,2020-01-27 01-33-18
2.17,2.85,2.81,2.42,-2.0462,4.812,1.5,2020-01-27 01-34-19
2.59,2.99,2.55,2.19,-2.0462,4.812,1.5,2020-01-27 01-35-19
2.59,2.73,2.69,2.36,-2.0462,4.75,1.5,2020-01-27 01-36-19
2.39,2.85,2.39,2.3,-2.0462,4.75,1.5,2020-01-27 01-37-19
2.09,3.11,2.55,2.31,-2.0462,4.75,1.5,2020-01-27 01-38-19
2.25,2.95,2.81,2.26,-2.0462,4.812,1.5,2020-01-27 01-39-18
2.21,2.81,2.81,2.32,-2.0462,4.75,1.5,2020-01-27 01-40-19
2.25,2.69,2.69,2.34,-2.0462,4.75,1.5,2020-01-27 01-41-19
2.59,3.15,3.03,2.3,-2.0462,4.75,1.5,2020-01-27 01-42-19
2.65,2.91,2.73,2.24,-2.0462,4.75,1.5,2020-01-27 01-43-19
2.39,2.89,2.21,2.28,-2.0462,4.812,1.5,2020-01-27 01-44-19
2.31,2.55,2.85,2.08,-2.0462,4.75,1.5,2020-01-27 01-45-18
2.55,2.73,2.55,2.24,-2.0462,4.812,1.5,2020-01-27 01-46-19
2.65,2.73,2.61,2.36,-2.0462,4.75,1.5,2020-01-27 01-47-19
2.43,2.73,2.65,2.23,-2.0462,4.812,1.5,2020-01-27 01-48-19
2.61,2.85,2.61,2.32,-2.0462,4.812,1.5,2020-01-27 01-49-19
2.25,2.69,2.77,2.34,-2.0462,4.812,1.5,2020-01-27 01-50-19
2.25,2.89,2.43,2.31,-2.0462,4.812,1.562,2020-01-27 01-51-19
2.31,2.89,2.95,2.33,-2.0462,4.875,1.562,2020-01-27 01-53-19
2.39,2.39,2.81,1.96,-2.0462,4.875,1.5,2020-01-27 01-54-19
2.09,2.95,2.77,2.32,-2.0462,4.875,1.562,2020-01-27 01-55-19
2.25,2.69,2.89,2.3,-2.0462,4.812,1.5,2020-01-27 01-56-19
2.39,2.77,2.77,2.36,-2.0462,4.812,1.5,2020-01-27 01-57-19
2.31,2.61,2.59,2.41,-2.0462,4.875,1.5,2020-01-27 01-58-18
2.61,2.91,2.61,2.4,-2.0462,4.875,1.5,2020-01-27 02-00-18
2.85,2.81,2.65,2.38,-2.0462,4.875,1.5,2020-01-27 02-01-19
2.43,2.73,2.73,2.22,-2.0462,4.875,1.562,2020-01-27 02-02-19
2.81,2.65,2.55,2.28,-2.0462,4.875,1.5,2020-01-27 02-03-19
2.51,2.99,2.81,2.33,-2.0462,4.875,1.562,2020-01-27 02-04-19
2.51,2.39,2.59,2.3,-2.0462,4.875,1.562,2020-01-27 02-05-19
2.27,2.81,2.51,2.28,-2.0462,4.875,1.562,2020-01-27 02-06-19
2.39,2.89,2.77,2.36,-2.0462,4.875,1.562,2020-01-27 02-07-19
2.51,2.81,2.81,2.27,-2.0462,4.875,1.562,2020-01-27 02-08-19
2.25,2.51,2.73,2.37,-2.0462,4.937,1.5,2020-01-27 02-09-19
2.61,2.91,2.61,2.5,-2.0462,4.875,1.5,2020-01-27 02-10-19
2.61,2.95,2.51,2.42,-2.0462,4.937,1.5,2020-01-27 02-12-19
2.27,2.95,2.59,2.36,-2.0462,4.937,1.5,2020-01-27 02-13-19
1.97,2.85,2.85,2.41,-2.0462,4.937,1.5,2020-01-27 02-14-19
2.51,2.69,2.69,2.33,-2.0462,4.937,1.562,2020-01-27 02-15-19
2.43,2.61,2.73,2.44,-2.0462,4.937,1.5,2020-01-27 02-16-19
2.47,2.55,2.51,2.38,-2.0462,4.875,1.5,2020-01-27 02-18-19
2.47,2.43,2.61,2.47,-2.0462,4.875,1.5,2020-01-27 02-19-19
2.55,2.73,2.61,2.42,-2.0462,4.812,1.5,2020-01-27 02-20-19
2.61,2.65,2.55,2.19,-2.0462,4.812,1.5,2020-01-27 02-21-19
2.51,3.29,2.81,2.47,-2.0462,4.75,1.562,2020-01-27 02-22-19
2.61,2.65,2.81,2.43,-2.0462,4.75,1.5,2020-01-27 02-23-19
2.35,2.91,2.51,2.4,-2.0462,4.75,1.5,2020-01-27 02-24-18
2.59,2.73,2.73,2.22,-2.0462,4.812,1.5,2020-01-27 02-25-18
2.55,2.91,2.61,2.48,-2.0462,4.75,1.5,2020-01-27 02-26-19
2.25,2.47,2.99,2.46,-2.0462,4.75,1.5,2020-01-27 02-27-19
2.55,2.85,2.59,2.54,-2.0462,4.75,1.5,2020-01-27 02-28-19
2.47,2.73,2.61,2.78,-2.0462,4.75,1.5,2020-01-27 02-29-19
2.21,2.69,2.55,2.74,-2.0462,4.75,1.5,2020-01-27 02-30-19
2.55,3.07,2.69,2.22,-2.0462,4.812,1.5,2020-01-27 02-31-19
2.61,2.85,2.69,2.46,-2.0462,4.75,1.5,2020-01-27 02-32-19
2.65,2.77,2.51,2.42,-2.0462,4.812,1.5,2020-01-27 02-33-19
2.47,2.69,2.47,2.3,-2.0462,4.812,1.5,2020-01-27 02-34-19
2.43,2.89,2.51,2.48,-2.0462,4.812,1.5,2020-01-27 02-35-19
2.43,2.73,2.47,2.75,-2.0462,4.75,1.5,2020-01-27 02-36-19
2.43,2.81,2.65,2.28,-2.0462,4.812,1.5,2020-01-27 02-37-19
2.31,2.51,2.73,2.45,-2.0462,4.75,1.5,2020-01-27 02-38-19
2.31,2.61,2.99,2.12,-2.0462,4.75,1.5,2020-01-27 02-39-19
2.27,2.81,2.43,2.52,-2.0462,4.75,1.5,2020-01-27 02-40-19
2.31,2.69,2.27,2.14,-2.0462,4.75,1.437,2020-01-27 02-41-19
2.05,2.65,2.55,2.22,-2.0462,4.687,1.437,2020-01-27 02-42-19
2.21,2.61,2.51,2.26,-2.0462,4.687,1.5,2020-01-27 02-43-18
2.27,2.89,2.39,2.38,-2.0462,4.687,1.437,2020-01-27 02-44-19
2.43,2.73,2.47,2.31,-2.0462,4.687,1.437,2020-01-27 02-45-19
2.43,2.69,2.39,2.3,-2.0462,4.687,1.437,2020-01-27 02-46-19
2.43,2.59,2.43,2.42,-2.0462,4.687,1.437,2020-01-27 02-47-19
2.77,2.43,2.89,2.46,-2.0462,4.687,1.437,2020-01-27 02-48-19
2.25,2.89,2.73,2.44,-2.0462,4.687,1.437,2020-01-27 02-49-18
2.31,2.73,2.73,2.45,-2.0462,4.75,1.437,2020-01-27 02-50-19
2.35,2.65,2.73,2.46,-2.0462,4.75,1.5,2020-01-27 02-51-19
2.09,2.77,2.61,2.69,-2.0462,4.812,1.437,2020-01-27 02-52-19
2.55,2.55,2.39,2.52,-2.0462,4.812,1.5,2020-01-27 02-53-19
2.39,2.69,2.47,2.52,-2.0462,4.75,1.5,2020-01-27 02-54-19
2.47,2.95,2.55,2.54,-2.0462,4.75,1.5,2020-01-27 02-55-19
2.81,2.81,2.55,2.74,-2.0462,4.75,1.5,2020-01-27 02-56-18
2.31,3.03,2.77,2.92,-2.0462,4.812,1.5,2020-01-27 02-57-19
2.51,2.91,2.73,2.55,-2.0462,4.812,1.5,2020-01-27 02-58-19
2.13,2.35,2.73,2.36,-2.0462,4.812,1.5,2020-01-27 02-59-19
2.43,2.69,2.77,2.68,-2.0462,4.812,1.562,2020-01-27 03-00-19
2.77,2.35,2.61,2.39,-2.0462,4.812,1.562,2020-01-27 03-01-19
2.35,2.77,2.69,2.54,-2.0462,4.812,1.5,2020-01-27 03-02-19
2.69,2.69,2.55,2.48,-2.0462,4.812,1.562,2020-01-27 03-03-19
2.39,3.03,2.43,2.54,-2.0462,4.812,1.5,2020-01-27 03-04-19
2.51,2.69,2.43,2.7,-2.0462,4.812,1.562,2020-01-27 03-05-19
1.97,2.51,2.91,2.5,-2.0462,4.812,1.5,2020-01-27 03-06-18
2.09,2.65,2.61,2.54,-2.0462,4.812,1.5,2020-01-27 03-07-19
2.61,2.55,2.89,2.32,-2.0462,4.812,1.5,2020-01-27 03-08-19
2.35,2.43,2.61,2.4,-2.0462,4.75,1.5,2020-01-27 03-09-19
1.89,2.55,2.31,2.28,-2.0462,4.75,1.5,2020-01-27 03-10-19
2.43,2.69,2.61,2.44,-2.0462,4.812,1.5,2020-01-27 03-11-18
2.35,2.17,2.73,2.38,-2.0462,4.75,1.5,2020-01-27 03-12-19
2.35,2.43,2.51,2.13,-2.0462,4.812,1.5,2020-01-27 03-13-19
2.43,2.85,2.61,2.21,-2.0462,4.812,1.5,2020-01-27 03-14-19
1.93,2.21,2.51,2.15,-2.0462,4.812,1.5,2020-01-27 03-15-18
1.97,2.61,2.59,2.19,-2.0462,4.812,1.5,2020-01-27 03-16-19
2.21,2.17,2.43,2.2,-2.0462,4.812,1.5,2020-01-27 03-17-19
2.25,2.47,2.43,2.18,-2.0462,4.812,1.437,2020-01-27 03-18-19
2.43,2.81,2.47,2.14,-2.0462,4.812,1.437,2020-01-27 03-19-19
2.13,2.25,2.31,2.07,-2.0462,4.812,1.437,2020-01-27 03-20-19
2.25,2.35,2.55,2.23,-2.0462,4.812,1.437,2020-01-27 03-21-19
1.97,2.17,2.43,2.14,-2.0462,4.812,1.5,2020-01-27 03-22-19
1.97,2.43,2.65,2.24,-2.0462,4.812,1.5,2020-01-27 03-23-19
2.05,2.27,2.91,2.08,-2.0462,4.75,1.5,2020-01-27 03-24-19
2.05,2.51,2.89,2.18,-2.0462,4.75,1.5,2020-01-27 03-25-19
2.21,2.43,2.55,2.18,-2.0462,4.75,1.5,2020-01-27 03-26-18
2.05,2.85,2.43,2.14,-2.0462,4.812,1.5,2020-01-27 03-27-19
2.09,2.27,2.47,2.22,-2.0462,4.75,1.5,2020-01-27 03-28-19
1.83,2.51,2.27,2.22,-2.0462,4.812,1.5,2020-01-27 03-29-19
2.31,2.65,2.05,2.16,-2.0462,4.812,1.562,2020-01-27 03-30-19
2.17,2.35,2.61,2.21,-2.0462,4.75,1.562,2020-01-27 03-31-19
2.39,2.59,2.43,2.27,-2.0462,4.812,1.562,2020-01-27 03-32-18
2.81,2.91,2.69,2.25,-2.0462,4.812,1.562,2020-01-27 03-33-18
2.05,2.51,2.61,2.16,-2.0462,4.812,1.5,2020-01-27 03-34-19
1.93,2.69,2.35,2.2,-2.0462,4.812,1.5,2020-01-27 03-35-19
2.09,2.85,2.39,2.14,-2.0462,4.812,1.562,2020-01-27 03-36-19
1.89,2.61,2.35,2.16,-2.0462,4.812,1.562,2020-01-27 03-37-19
2.31,2.85,2.65,2.2,-2.0462,4.812,1.562,2020-01-27 03-38-19
2.27,2.65,2.59,2.18,-2.0462,4.75,1.5,2020-01-27 03-39-18
2.09,2.77,2.59,2.16,-2.0462,4.75,1.5,2020-01-27 03-40-19
2.61,2.81,2.39,2.15,-2.0462,4.75,1.5,2020-01-27 03-41-19
2.31,2.55,2.43,2.13,-2.0462,4.812,1.5,2020-01-27 03-42-19
2.27,2.39,2.39,2.14,-2.0462,4.75,1.5,2020-01-27 03-43-19
2.09,2.55,2.43,2.14,-2.0462,4.75,1.5,2020-01-27 03-44-19
2.27,2.65,2.69,2.18,-2.0462,4.75,1.5,2020-01-27 03-45-19
2.13,2.65,2.51,2.14,-2.0462,4.687,1.562,2020-01-27 03-47-19
2.65,2.55,2.39,2.17,-2.0462,4.75,1.5,2020-01-27 03-48-19
2.13,2.51,2.39,2.15,-2.0462,4.687,1.5,2020-01-27 03-49-19
2.61,2.61,2.73,2.14,-2.0462,4.687,1.5,2020-01-27 03-50-19
2.17,2.61,2.43,2.12,-2.0462,4.687,1.5,2020-01-27 03-51-19
2.09,2.35,2.43,2.12,-2.0462,4.75,1.5,2020-01-27 03-53-19
2.43,2.31,2.51,2.1,-2.0462,4.75,1.5,2020-01-27 03-54-19
2.17,2.21,2.43,2.15,-2.0462,4.687,1.5,2020-01-27 03-55-19
2.21,2.51,2.61,2.18,-2.0462,4.687,1.5,2020-01-27 03-56-18
2.05,2.89,2.89,2.16,-2.0462,4.75,1.5,2020-01-27 03-57-19
2.13,2.89,2.43,2.21,-2.0462,4.75,1.437,2020-01-27 03-58-18
2.43,2.51,2.59,2.34,-2.0462,4.75,1.5,2020-01-27 03-59-18
2.25,2.61,2.21,2.34,-2.0462,4.687,1.5,2020-01-27 04-00-19
2.17,2.65,2.69,2.32,-2.0462,4.687,1.562,2020-01-27 04-01-19
2.59,2.69,2.65,2.34,-2.0462,4.687,1.562,2020-01-27 04-02-19
2.27,2.91,2.89,2.34,-2.0462,4.687,1.5,2020-01-27 04-03-18
2.59,2.59,2.73,2.26,-2.0462,4.687,1.562,2020-01-27 04-04-19
2.51,2.77,2.73,2.33,-2.0462,4.687,1.562,2020-01-27 04-05-19
2.47,2.81,2.55,2.27,-2.0462,4.687,1.562,2020-01-27 04-06-19
2.31,2.85,2.43,2.24,-2.0462,4.687,1.562,2020-01-27 04-07-19
2.59,2.95,2.55,2.2,-2.0462,4.687,1.562,2020-01-27 04-08-19
2.59,2.61,2.61,2.22,-2.0462,4.687,1.562,2020-01-27 04-09-19
2.43,2.99,2.77,2.24,-2.0462,4.687,1.562,2020-01-27 04-10-19
2.35,2.51,2.69,2.2,-2.0462,4.687,1.5,2020-01-27 04-11-19
2.35,2.73,2.59,2.24,-2.0462,4.75,1.5,2020-01-27 04-12-19
2.31,2.81,2.73,2.3,-2.0462,4.75,1.5,2020-01-27 04-13-19
2.55,2.91,2.73,2.28,-2.0462,4.75,1.5,2020-01-27 04-14-19
2.21,2.81,2.51,2.3,-2.0462,4.75,1.5,2020-01-27 04-15-19
2.31,2.65,2.61,2.32,-2.0462,4.75,1.5,2020-01-27 04-16-18
2.27,2.95,2.39,2.32,-2.0462,4.812,1.5,2020-01-27 04-17-19
2.27,2.95,2.91,2.36,-2.0462,4.812,1.437,2020-01-27 04-18-19
2.39,2.85,2.55,2.36,-2.0462,4.812,1.437,2020-01-27 04-19-19
2.55,2.65,2.65,2.36,-2.0462,4.812,1.5,2020-01-27 04-20-19
2.59,2.77,2.91,2.34,-2.0462,4.812,1.437,2020-01-27 04-21-19
2.51,2.81,2.35,2.33,-2.0462,4.875,1.5,2020-01-27 04-22-18
2.01,2.61,2.81,2.38,-2.0462,4.875,1.437,2020-01-27 04-23-19
2.09,2.35,2.51,2.43,-2.0462,4.875,1.437,2020-01-27 04-24-19
2.55,2.47,2.55,2.44,-2.0462,4.875,1.437,2020-01-27 04-25-19
2.17,2.73,2.69,2.42,-2.0462,4.875,1.5,2020-01-27 04-26-19
2.47,2.51,2.17,2.42,-2.0462,4.875,1.5,2020-01-27 04-27-19
2.05,2.77,2.61,2.4,-2.0462,4.875,1.562,2020-01-27 04-28-19
2.27,2.61,2.65,2.44,-2.0462,4.875,1.562,2020-01-27 04-29-18
2.35,2.77,2.51,2.48,-2.0462,4.937,1.562,2020-01-27 04-30-19
2.27,2.91,2.91,2.44,-2.0462,4.937,1.562,2020-01-27 04-31-19
2.27,3.11,2.61,2.47,-2.0462,4.937,1.562,2020-01-27 04-32-19
2.09,2.59,2.77,2.4,-2.0462,4.937,1.562,2020-01-27 04-33-19
2.31,2.61,2.55,2.4,-2.0462,4.875,1.562,2020-01-27 04-34-19
1.97,2.43,2.43,2.37,-2.0462,4.875,1.5,2020-01-27 04-35-19
2.17,2.35,2.65,2.36,-2.0462,4.875,1.5,2020-01-27 04-36-19
1.79,2.43,2.73,2.3,-2.0462,4.812,1.437,2020-01-27 04-37-19
2.17,2.77,2.95,2.24,-2.0462,4.812,1.437,2020-01-27 04-38-19
1.89,2.91,2.59,2.26,-2.0462,4.75,1.437,2020-01-27 04-39-18
2.31,2.65,2.61,2.22,-2.0462,4.75,1.437,2020-01-27 04-40-19
1.97,2.59,2.59,2.14,-2.0462,4.687,1.375,2020-01-27 04-41-18
1.97,2.43,2.25,2.09,-2.0462,4.687,1.375,2020-01-27 04-42-19
1.59,2.55,2.69,2.09,-2.0462,4.687,1.312,2020-01-27 04-43-19
2.25,1.93,2.47,2.02,-2.0462,4.687,1.312,2020-01-27 04-44-19
1.93,2.61,2.51,1.96,-2.0462,4.625,1.312,2020-01-27 04-45-18
1.85,2.31,2.91,1.96,-2.0462,4.625,1.312,2020-01-27 04-46-19
1.89,2.43,2.25,1.94,-2.0462,4.562,1.312,2020-01-27 04-47-19
2.05,2.35,2.59,1.9,-2.0462,4.562,1.25,2020-01-27 04-49-19
1.97,2.25,2.39,1.93,-2.0462,4.562,1.25,2020-01-27 04-50-19
1.97,2.35,2.39,2.01,-2.0462,4.625,1.25,2020-01-27 04-51-19
1.89,2.39,2.73,2,-2.0462,4.562,1.312,2020-01-27 04-52-19
1.43,2.39,2.27,2.1,-2.0462,4.562,1.312,2020-01-27 04-53-19
2.01,2.47,2.27,2.04,-2.0462,4.562,1.312,2020-01-27 04-54-19
1.71,2.39,2.35,2.06,-2.0462,4.562,1.312,2020-01-27 04-55-19
1.89,2.55,2.25,2.08,-2.0462,4.562,1.375,2020-01-27 04-56-19
1.71,2.69,2.55,2.12,-2.0462,4.562,1.375,2020-01-27 04-57-19
2.59,2.25,2.47,2.08,-2.0462,4.562,1.375,2020-01-27 04-58-19
2.43,2.43,2.55,2.14,-2.0462,4.5,1.375,2020-01-27 04-59-19
2.39,2.65,2.39,2.24,-2.0462,4.5,1.375,2020-01-27 05-00-19
2.09,2.59,2.35,2.36,-2.0462,4.5,1.437,2020-01-27 05-01-19
2.01,2.51,2.51,2.36,-2.0462,4.562,1.437,2020-01-27 05-02-19
2.39,2.81,2.61,2.48,-2.0462,4.5,1.437,2020-01-27 05-03-19
2.39,2.59,2.77,2.52,-2.0462,4.562,1.5,2020-01-27 05-04-19
2.21,2.69,2.77,2.55,-2.0462,4.562,1.5,2020-01-27 05-05-19
2.47,2.55,2.99,2.58,-2.0462,4.625,1.5,2020-01-27 05-06-19
2.35,2.55,2.47,2.57,-2.0462,4.625,1.562,2020-01-27 05-07-18
2.69,2.85,2.65,2.62,-2.0462,4.687,1.562,2020-01-27 05-08-19
2.61,2.47,2.99,2.64,-2.0462,4.75,1.562,2020-01-27 05-09-19
2.73,2.99,2.73,2.64,-2.0462,4.75,1.562,2020-01-27 05-10-19
2.55,2.99,2.91,2.68,-2.0462,4.75,1.625,2020-01-27 05-11-19
7.41,7.27,7.01,7.26,-2.0462,8.187,3.312,2020-01-27 06-57-19
7.79,7.11,6.93,7.15,-2.0462,8.25,3.312,2020-01-27 06-58-22
7.79,7.59,6.87,7.21,-2.0462,8.312,3.312,2020-01-27 06-59-58
7.61,7.55,7.11,7.38,-2.0462,8.437,3.312,2020-01-27 07-02-19
7.91,7.45,7.09,7.4,-2.0462,8.5,3.375,2020-01-27 07-03-19
7.87,7.77,6.97,7.42,-2.0462,8.562,3.437,2020-01-27 07-04-19
8.05,7.37,7.15,7.39,-2.0462,8.562,3.437,2020-01-27 07-05-19
7.83,7.73,7.33,7.32,-2.0462,8.625,3.5,2020-01-27 07-06-19
7.73,7.51,7.15,7.22,-2.0462,8.687,3.562,2020-01-27 07-07-19
8.01,7.37,6.75,7.1,-2.0462,8.687,3.5,2020-01-27 07-08-18
7.73,7.47,7.05,6.98,-2.0462,8.687,3.5,2020-01-27 07-09-18
8.19,7.19,6.91,7.02,-2.0462,8.687,3.437,2020-01-27 07-10-19
8.01,7.59,6.75,6.93,-2.0462,8.625,3.5,2020-01-27 07-11-19
7.91,7.05,6.57,6.84,-2.0462,8.625,3.437,2020-01-27 07-12-19
7.79,6.93,6.75,6.75,-2.0462,8.625,3.375,2020-01-27 07-13-19
7.91,6.87,6.35,6.67,-2.0462,8.562,3.312,2020-01-27 07-14-19
7.95,6.79,6.83,6.66,-2.0462,8.5,3.312,2020-01-27 07-15-19
7.37,6.73,6.65,6.61,-2.0462,8.437,3.25,2020-01-27 07-16-19
7.33,6.83,6.39,6.56,-2.0462,8.375,3.25,2020-01-27 07-17-19
7.69,6.75,6.47,6.69,-2.0462,8.312,3.187,2020-01-27 07-18-19
7.65,6.91,6.57,6.66,-2.0462,8.187,3.125,2020-01-27 07-20-19
7.65,6.73,6.53,6.75,-2.0462,8.125,3.125,2020-01-27 07-21-19
7.73,6.75,6.73,6.77,-2.0462,8.125,3.125,2020-01-27 07-22-18
7.79,6.65,6.73,6.74,-2.0462,8.062,3.125,2020-01-27 07-23-19
7.59,7.01,6.73,6.72,-2.0462,8.062,3.187,2020-01-27 07-24-19
7.37,6.65,6.51,6.54,-2.0462,8,3.125,2020-01-27 07-26-19
7.55,6.53,6.87,6.49,-2.0462,7.937,3.125,2020-01-27 07-27-19
7.33,6.39,6.79,6.35,-2.0462,7.875,3,2020-01-27 07-29-18
7.51,6.53,6.65,6.4,-2.0462,7.875,2.937,2020-01-27 07-30-19
7.51,6.61,6.69,6.42,-2.0462,7.812,2.937,2020-01-27 07-31-19
7.33,6.75,6.57,6.44,-2.0462,7.812,2.937,2020-01-27 07-32-19
7.29,7.11,6.65,6.46,-2.0462,7.812,2.937,2020-01-27 07-33-19
7.19,6.51,6.69,6.39,-2.0462,7.812,3,2020-01-27 07-34-19
7.41,6.39,6.43,6.42,-2.0462,7.812,3,2020-01-27 07-35-19
7.15,6.69,6.73,6.32,-2.0462,7.812,3.062,2020-01-27 07-36-18
7.01,6.29,6.61,6.14,-2.0462,7.812,3.125,2020-01-27 07-37-19
7.19,6.51,5.93,6.05,-2.0462,7.812,3.125,2020-01-27 07-38-19
7.45,6.47,6.29,6.02,-2.0462,7.812,3.187,2020-01-27 07-39-19
7.19,6.61,6.61,6.19,-2.0462,7.812,3.187,2020-01-27 07-40-19
7.11,6.57,6.51,6.44,-2.0462,7.812,3.187,2020-01-27 07-41-19
7.47,7.15,6.69,6.66,-2.0462,7.812,3.187,2020-01-27 07-42-19
7.61,6.75,7.05,6.88,-2.0462,7.875,3.25,2020-01-27 07-43-19
8.01,6.91,6.69,7.25,-2.0462,8.062,3.562,2020-01-27 07-45-19
8.01,7.15,6.93,7.4,-2.0462,8.062,3.625,2020-01-27 07-46-19
8.19,7.77,7.45,7.84,-2.0462,8.25,3.812,2020-01-27 07-49-19
8.19,7.83,7.51,8.06,-2.0462,8.25,3.875,2020-01-27 07-50-19
8.33,8.33,7.83,8.11,-2.0462,8.5,3.937,2020-01-27 07-52-19
8.19,8.23,8.15,8.22,-2.0462,8.625,3.875,2020-01-27 07-53-19
8.37,8.41,8.15,8.42,-2.0462,8.687,3.937,2020-01-27 07-54-19
8.75,8.29,8.15,8.55,-2.0462,8.812,4,2020-01-27 07-55-19
9.03,8.59,8.41,8.78,-2.0462,8.875,4.125,2020-01-27 07-57-18
9.57,8.41,8.45,8.94,-2.0462,9,4.187,2020-01-27 07-58-19
9.47,8.41,8.41,9.06,-2.0462,9,4.187,2020-01-27 07-59-19
9.85,8.83,8.75,9.32,-2.0462,9.125,4.25,2020-01-27 08-00-19
9.47,9.01,9.11,9.6,-2.0462,9.187,4.312,2020-01-27 08-01-19
10.03,9.39,9.39,9.79,-2.0462,9.312,4.375,2020-01-27 08-02-19
10.17,9.53,9.47,9.98,-2.0462,9.437,4.375,2020-01-27 08-03-18
10.31,9.91,9.63,10.2,-2.0462,9.625,4.5,2020-01-27 08-04-18
10.65,9.47,9.77,10.4,-2.0462,9.75,4.625,2020-01-27 08-05-19
10.57,9.49,9.63,10.58,-2.0462,9.812,4.562,2020-01-27 08-06-19
10.99,9.77,9.95,10.72,-2.0462,9.937,4.562,2020-01-27 08-07-19
11.41,10.05,9.67,10.79,-2.0462,10.062,4.625,2020-01-27 08-08-19
11.09,10.65,9.81,10.84,-2.0462,10.187,4.687,2020-01-27 08-09-19
11.57,10.89,10.17,11.08,-2.0462,10.312,4.812,2020-01-27 08-10-19
11.95,10.83,10.71,11.66,-2.0462,10.625,4.875,2020-01-27 08-12-19
12.23,10.61,10.85,11.71,-2.0462,10.75,5,2020-01-27 08-13-19
12.27,10.83,10.33,11.5,-2.0462,10.937,5.062,2020-01-27 08-14-19
12.61,10.79,11.27,11.68,-2.0462,11.187,4.937,2020-01-27 08-16-19
12.97,11.21,10.95,11.78,-2.0462,11.312,4.937,2020-01-27 08-17-19
12.73,11.45,10.99,12,-2.0462,11.437,5.062,2020-01-27 08-18-19
13.39,11.31,11.07,12.02,-2.0462,11.562,5.125,2020-01-27 08-19-19
13.21,10.99,10.99,11.91,-2.0462,11.687,5.125,2020-01-27 08-20-19
13.21,11.13,10.71,11.62,-2.0462,11.75,5,2020-01-27 08-21-19
13.59,11.55,11.21,11.88,-2.0462,11.875,5.062,2020-01-27 08-22-18
14.05,11.93,11.75,12.32,-2.0462,12.062,5.062,2020-01-27 08-23-19
14.21,11.95,12.13,12.9,-2.0462,12.25,5.125,2020-01-27 08-24-19
15.09,12.29,12.71,13.5,-2.0462,12.5,5.125,2020-01-27 08-25-19
15.41,12.61,13.15,14.01,-2.0462,12.687,5.187,2020-01-27 08-26-19
15.05,12.57,13.05,14.3,-2.0462,12.937,5.187,2020-01-27 08-27-19
15.19,12.57,13.59,14.32,-2.0462,13.125,5.125,2020-01-27 08-28-19
15.01,12.61,12.91,14.22,-2.0462,13.25,5.25,2020-01-27 08-29-19
15.21,12.73,13.17,14.14,-2.0462,13.437,5.25,2020-01-27 08-30-19
15.25,12.67,13.89,14,-2.0462,13.562,5.187,2020-01-27 08-31-19
15.45,13.05,13.99,14.26,-2.0462,13.687,5.25,2020-01-27 08-32-19
15.77,13.49,13.65,14.8,-2.0462,13.75,5.312,2020-01-27 08-33-19
15.93,12.97,13.59,14.83,-2.0462,13.937,5.437,2020-01-27 08-34-19
16.29,14.01,14.11,15.23,-2.0462,14.125,5.5,2020-01-27 08-35-19
16.73,14.19,14.61,15.78,-2.0462,14.375,5.625,2020-01-27 08-36-19
16.69,14.01,14.61,15.7,-2.0462,14.562,5.625,2020-01-27 08-37-18
17.89,15.25,15.77,16.45,-2.0462,14.75,5.625,2020-01-27 08-38-18
18.91,15.71,16.75,17.52,-2.0462,15.125,5.937,2020-01-27 08-39-19
19.67,16.07,17.51,18.51,-2.0462,15.687,5.937,2020-01-27 08-40-19
19.03,15.85,17.05,18.39,-2.0462,16.187,6.375,2020-01-27 08-41-19
18.37,15.67,16.83,17.82,-2.0462,16.625,6.5,2020-01-27 08-42-19
18.41,15.45,16.39,17.3,-2.0462,17,6.562,2020-01-27 08-43-19
18.05,14.51,15.81,16.4,-2.0462,17.125,6.625,2020-01-27 08-44-19
16.73,15.55,15.61,14.57,-2.0462,17.062,6.312,2020-01-27 08-46-19
17.05,16.03,15.87,14.38,-2.0462,16.937,6.312,2020-01-27 08-47-19
16.89,14.89,14.85,14.34,-2.0462,16.812,6.187,2020-01-27 08-48-19
16.75,15.61,14.85,14.02,-2.0462,16.687,6,2020-01-27 08-49-19
16.69,16.21,15.09,13.84,-2.0462,16.562,5.875,2020-01-27 08-50-19
16.57,15.71,14.81,13.36,-2.0462,16.562,5.812,2020-01-27 08-51-19
16.07,15.57,15.21,13.08,-2.0462,16.5,5.75,2020-01-27 08-52-19
15.97,16.11,15.45,12.84,-2.0462,16.437,5.75,2020-01-27 08-53-18
15.61,16.21,15.29,12.83,-2.0462,16.375,5.812,2020-01-27 08-54-19
15.93,16.33,15.21,12.76,-2.0462,16.25,5.875,2020-01-27 08-55-19
15.85,16.21,15.35,12.71,-2.0462,16.187,5.875,2020-01-27 08-56-18
15.77,15.87,14.95,12.7,-2.0462,16.125,5.812,2020-01-27 08-57-19
15.77,16.29,15.31,12.61,-2.0462,16.062,5.875,2020-01-27 08-58-19
15.93,16.11,15.47,12.7,-2.0462,16,5.875,2020-01-27 08-59-19
16.63,16.65,15.35,13.25,-2.0462,16.062,6,2020-01-27 09-01-19
16.33,16.57,15.51,13.5,-2.0462,16.062,6.062,2020-01-27 09-02-19
16.69,16.69,15.47,13.7,-2.0462,16.125,6.125,2020-01-27 09-03-19
16.47,16.63,15.21,13.98,-2.0462,16.187,6.312,2020-01-27 09-04-19
16.63,16.73,14.91,13.89,-2.0462,16.187,6.312,2020-01-27 09-05-19
17.09,17.43,15.85,14.06,-2.0462,16.375,6.187,2020-01-27 09-07-18
16.99,17.79,16.39,14.02,-2.0462,16.437,6.187,2020-01-27 09-08-18
16.63,17.47,16.53,13.8,-2.0462,16.5,6.375,2020-01-27 09-09-19
16.53,17.59,16.29,14.42,-2.0462,16.5,6.437,2020-01-27 09-10-19
16.43,17.43,16.53,14.38,-2.0462,16.437,6.437,2020-01-27 09-11-19
16.39,17.05,16.21,14.03,-2.0462,16.375,6.5,2020-01-27 09-12-19
17.73,17.11,15.61,14.7,-2.0462,16.312,6.5,2020-01-27 09-14-19
17.05,16.37,15.35,14.14,-2.0462,16.375,6.687,2020-01-27 09-15-19
17.57,17.11,16.01,14.66,-2.0462,16.312,6.312,2020-01-27 09-17-19
17.57,17.69,16.17,14.22,-2.0462,16.375,6.312,2020-01-27 09-18-19
17.53,17.73,16.11,13.58,-2.0462,16.437,6.25,2020-01-27 09-19-19
17.63,17.75,16.27,13.53,-2.0462,16.437,6.125,2020-01-27 09-20-19
18.01,18.11,16.83,13.87,-2.0462,16.5,6.25,2020-01-27 09-21-19
17.79,18.17,16.69,13.73,-2.0462,16.625,6.25,2020-01-27 09-22-19
17.67,17.85,16.59,13.3,-2.0462,16.625,6.25,2020-01-27 09-23-18
17.31,17.85,16.69,12.87,-2.0462,16.625,6.375,2020-01-27 09-25-19
17.41,18.01,16.99,13.17,-2.0462,16.625,6.312,2020-01-27 09-26-19
18.17,18.53,17.53,13.69,-2.0462,16.562,6.375,2020-01-27 09-27-19
17.57,17.79,17.11,13.64,-2.0462,16.562,6.562,2020-01-27 09-28-19
17.01,17.99,17.05,13.4,-2.0462,16.562,6.812,2020-01-27 09-29-19
16.33,17.41,16.63,12.44,-2.0462,16.375,6.687,2020-01-27 09-31-19
16.75,17.67,16.99,12.63,-2.0462,16.187,6.687,2020-01-27 09-32-19
16.11,16.75,16.69,12.46,-2.0462,16.062,6.75,2020-01-27 09-33-19
15.61,16.53,16.11,11.86,-2.0462,15.875,6.625,2020-01-27 09-34-19
14.35,15.45,15.21,11.46,-2.0462,15.625,6.625,2020-01-27 09-35-19
14.31,15.81,15.41,11.16,-2.0462,15.312,6.687,2020-01-27 09-36-19
13.69,15.21,14.75,11,-2.0462,15.062,6.687,2020-01-27 09-37-18
13.01,14.11,14.01,10.17,-2.0462,14.437,6.562,2020-01-27 09-39-19
12.57,13.91,13.85,10.03,-2.0462,14.062,6.5,2020-01-27 09-40-19
12.91,13.89,13.85,10,-2.0462,13.812,6.437,2020-01-27 09-41-19
12.33,14.15,13.59,9.79,-2.0462,13.5,6.187,2020-01-27 09-42-19
12.57,13.71,13.59,9.84,-2.0462,13.312,6.125,2020-01-27 09-43-19
12.19,13.81,13.27,9.78,-2.0462,13.062,6.062,2020-01-27 09-44-19
12.39,13.59,12.81,9.68,-2.0462,12.812,6.062,2020-01-27 09-45-19
12.29,13.79,13.07,9.76,-2.0462,12.625,6.062,2020-01-27 09-46-21
12.57,13.69,13.07,9.8,-2.0462,12.437,6.125,2020-01-27 09-47-19
12.63,13.61,12.97,9.83,-2.0462,12.312,6.062,2020-01-27 09-48-19
12.33,13.79,12.83,10,-2.0462,12.187,5.937,2020-01-27 09-49-19
12.37,14.19,13.07,10.08,-2.0462,12.062,5.937,2020-01-27 09-50-19
12.87,13.71,13.01,9.98,-2.0462,12,5.937,2020-01-27 09-51-19
12.97,13.85,12.91,9.81,-2.0462,11.937,5.875,2020-01-27 09-52-18
12.77,14.19,13.25,10.02,-2.0462,11.937,5.875,2020-01-27 09-53-19
12.73,14.11,13.07,10.06,-2.0462,11.812,5.937,2020-01-27 09-54-19
12.97,14.25,13.41,10.32,-2.0462,11.687,5.937,2020-01-27 09-55-19
13.05,14.15,13.21,10.23,-2.0462,11.687,6,2020-01-27 09-56-19
13.17,14.21,13.45,10.18,-2.0462,11.75,6,2020-01-27 09-57-19
12.81,13.99,13.21,10.31,-2.0462,11.687,6,2020-01-27 09-58-18
12.91,14.15,13.27,10.26,-2.0462,11.75,6.125,2020-01-27 09-59-18
13.11,14.15,13.71,10.2,-2.0462,11.75,6.062,2020-01-27 10-00-18
13.79,14.39,13.69,10.51,-2.0462,11.687,6,2020-01-27 10-02-19
13.79,14.75,13.81,11,-2.0462,11.75,6.125,2020-01-27 10-03-19
13.69,14.85,13.99,11.16,-2.0462,11.812,6.25,2020-01-27 10-04-19
13.81,15.05,14.09,11.14,-2.0462,11.812,6.25,2020-01-27 10-05-18
13.75,14.71,14.15,11.23,-2.0462,11.875,6.25,2020-01-27 10-06-19
14.01,15.01,14.11,11.22,-2.0462,11.937,6.312,2020-01-27 10-07-19
13.49,14.91,13.85,11.2,-2.0462,11.937,6.312,2020-01-27 10-08-19
13.89,14.65,14.01,11.01,-2.0462,11.937,6.312,2020-01-27 10-09-19
13.51,14.69,14.01,11.06,-2.0462,11.937,6.312,2020-01-27 10-10-19
13.79,14.71,14.19,11.4,-2.0462,11.937,6.437,2020-01-27 10-11-18
13.95,14.89,14.35,11.58,-2.0462,12,6.5,2020-01-27 10-12-19
14.21,15.21,14.49,11.71,-2.0462,12,6.562,2020-01-27 10-13-19
14.09,15.55,14.65,11.81,-2.0462,12,6.562,2020-01-27 10-14-19
14.61,16.11,15.11,12.14,-2.0462,12.062,6.437,2020-01-27 10-15-19
15.01,16.21,15.09,12.34,-2.0462,12.062,6.437,2020-01-27 10-16-19
15.47,16.11,15.19,12.69,-2.0462,12.125,6.625,2020-01-27 10-17-18
16.07,17.09,15.67,13.32,-2.0462,12.25,6.687,2020-01-27 10-18-19
16.17,16.91,15.61,13.5,-2.0462,12.437,6.875,2020-01-27 10-19-19
16.63,17.27,15.87,13.52,-2.0462,12.625,6.875,2020-01-27 10-20-19
16.07,17.11,15.97,13.18,-2.0462,12.812,7,2020-01-27 10-21-19
14.89,16.13,15.37,12.13,-2.0462,12.937,6.875,2020-01-27 10-22-19
14.75,15.67,15.09,11.56,-2.0462,12.937,6.625,2020-01-27 10-23-19
14.11,15.31,14.39,11.08,-2.0462,12.875,6.5,2020-01-27 10-24-18
13.41,14.35,14.29,10.72,-2.0462,12.75,6.437,2020-01-27 10-25-19
13.59,14.99,13.91,10.4,-2.0462,12.562,6.375,2020-01-27 10-26-19
12.77,13.79,13.59,10.14,-2.0462,12.437,6.187,2020-01-27 10-27-19
12.57,13.79,13.85,9.88,-2.0462,12.25,6,2020-01-27 10-28-19
12.17,13.61,13.25,9.3,-2.0462,11.875,5.687,2020-01-27 10-30-19
11.95,13.21,12.67,9.12,-2.0462,11.5,5.562,2020-01-27 10-32-19
11.93,13.07,12.83,9.25,-2.0462,11.375,5.562,2020-01-27 10-33-19
12.71,13.17,12.77,9.16,-2.0462,11.25,5.437,2020-01-27 10-34-19
11.89,12.81,12.27,9.08,-2.0462,11.125,5.437,2020-01-27 10-35-19
11.95,12.95,12.29,9.05,-2.0462,11,5.562,2020-01-27 10-36-19
12.05,12.97,12.33,9.08,-2.0462,10.812,5.75,2020-01-27 10-38-19
11.79,12.87,12.51,9.21,-2.0462,10.812,5.687,2020-01-27 10-39-19
11.81,12.63,12.19,9.17,-2.0462,10.75,5.625,2020-01-27 10-40-19
11.41,12.27,11.67,8.93,-2.0462,10.687,5.625,2020-01-27 10-41-19
11.55,12.47,11.89,8.94,-2.0462,10.625,5.562,2020-01-27 10-42-19
11.67,12.53,12.13,9.12,-2.0462,10.562,5.5,2020-01-27 10-43-18
11.89,12.91,12.43,9.48,-2.0462,10.437,5.5,2020-01-27 10-45-19
12.03,13.07,12.37,9.82,-2.0462,10.437,5.562,2020-01-27 10-46-19
11.93,12.91,12.09,9.93,-2.0462,10.437,5.75,2020-01-27 10-47-19
12.17,13.31,12.51,10.04,-2.0462,10.5,5.812,2020-01-27 10-48-19
12.67,13.65,12.87,10.29,-2.0462,10.562,5.75,2020-01-27 10-49-19
13.51,14.69,12.97,10.98,-2.0462,10.625,5.875,2020-01-27 10-50-19
13.71,14.41,13.21,11.18,-2.0462,10.687,5.875,2020-01-27 10-51-19
13.89,14.89,13.71,11.32,-2.0462,10.875,5.937,2020-01-27 10-52-19
14.01,14.51,13.75,11.3,-2.0462,10.937,6,2020-01-27 10-53-19
14.15,14.75,13.91,11.4,-2.0462,11.062,6.062,2020-01-27 10-54-19
14.41,15.41,14.11,11.67,-2.0462,11.187,6,2020-01-27 10-55-19
14.89,15.57,14.11,11.98,-2.0462,11.25,5.937,2020-01-27 10-56-18
15.97,16.21,14.61,12.94,-2.0462,11.375,5.937,2020-01-27 10-57-19
14.75,15.93,14.59,12.22,-2.0462,11.562,6.125,2020-01-27 10-58-19
14.31,15.93,14.45,11.62,-2.0462,11.75,6.187,2020-01-27 10-59-19
15.19,16.17,14.81,11.86,-2.0462,11.812,6.125,2020-01-27 11-00-19
15.77,16.53,14.65,12.26,-2.0462,11.875,6.125,2020-01-27 11-01-19
15.81,15.93,14.75,11.98,-2.0462,11.937,6.187,2020-01-27 11-02-18
15.71,16.27,15.21,12.3,-2.0462,12.125,6.125,2020-01-27 11-04-19
15.01,15.93,15.37,11.86,-2.0462,12.187,6,2020-01-27 11-05-19
15.05,15.87,14.61,11.38,-2.0462,12.187,5.937,2020-01-27 11-06-19
14.95,16.03,14.75,11.58,-2.0462,12.187,5.875,2020-01-27 11-07-19
14.89,16.39,14.75,11.55,-2.0462,12.187,5.875,2020-01-27 11-08-19
15.05,15.65,14.91,11.2,-2.0462,12.125,5.937,2020-01-27 11-09-18
14.79,15.85,14.79,11.05,-2.0462,12.125,5.75,2020-01-27 11-10-19
14.71,15.85,14.99,10.9,-2.0462,12.062,5.687,2020-01-27 11-11-19
14.51,15.55,14.91,10.99,-2.0462,12.062,5.687,2020-01-27 11-12-19
15.05,15.97,14.75,11.13,-2.0462,12,5.75,2020-01-27 11-13-19
14.75,15.87,14.79,11.06,-2.0462,12,5.75,2020-01-27 11-14-19
15.55,16.47,14.69,11.32,-2.0462,11.937,5.75,2020-01-27 11-15-19
15.65,16.49,15.11,11.4,-2.0462,12,5.75,2020-01-27 11-16-19
15.05,16.21,15.21,11.38,-2.0462,12.062,5.812,2020-01-27 11-17-19
15.15,16.27,14.85,11.56,-2.0462,12.062,5.812,2020-01-27 11-18-19
14.81,15.75,15.05,11.28,-2.0462,12.062,5.812,2020-01-27 11-19-19
14.75,15.93,14.91,11.22,-2.0462,12,5.812,2020-01-27 11-20-19
14.69,15.93,14.91,11.18,-2.0462,12,5.75,2020-01-27 11-21-18
15.11,15.81,14.71,11.1,-2.0462,12,5.75,2020-01-27 11-22-19
14.75,16.23,15.15,11.2,-2.0462,12,5.75,2020-01-27 11-23-19
14.85,16.69,14.89,11.28,-2.0462,12,5.875,2020-01-27 11-24-19
14.65,15.75,14.85,11.14,-2.0462,12,5.812,2020-01-27 11-25-19
14.71,15.77,14.71,10.9,-2.0462,11.937,5.812,2020-01-27 11-26-19
14.31,15.57,14.09,10.68,-2.0462,11.937,5.75,2020-01-27 11-27-19
15.19,16.17,14.11,10.7,-2.0462,11.937,5.687,2020-01-27 11-28-18
14.65,15.57,14.31,10.5,-2.0462,11.875,5.625,2020-01-27 11-29-19
14.39,15.67,14.09,10.47,-2.0462,11.875,5.687,2020-01-27 11-30-19
13.51,14.89,14.01,10.4,-2.0462,11.75,5.687,2020-01-27 11-31-19
12.81,14.21,13.41,10.02,-2.0462,11.687,5.75,2020-01-27 11-32-19
13.75,14.95,13.69,10.3,1.1710444480000006,11.562,5.75,2020-01-27 11-33-19
13.45,14.41,13.61,10.4,11.598428578000004,11.5,5.75,2020-01-27 11-34-19
13.11,14.69,13.75,10.48,22.379164082000003,11.437,5.812,2020-01-27 11-35-19
13.75,14.59,13.81,10.69,35.396112050000006,11.375,5.812,2020-01-27 11-36-19
14.11,15.51,14.29,11.39,42.54396326050001,11.437,5.937,2020-01-27 11-37-19
15.91,16.99,14.69,12.42,41.793476032,11.437,5.937,2020-01-27 11-38-19
16.23,17.63,15.47,12.87,42.087345980500004,11.625,6.062,2020-01-27 11-39-19
17.05,18.15,16.47,14.26,43.520322800500004,12.187,6.437,2020-01-27 11-41-18
17.41,18.65,16.21,14.54,44.169633660500004,12.5,6.562,2020-01-27 11-42-19
17.51,18.25,16.59,14.42,44.5586075045,12.75,6.625,2020-01-27 11-43-19
18.85,19.41,17.37,15.3,44.72054432200001,12.937,6.812,2020-01-27 11-44-19
20.21,20.51,17.73,16.2,43.78020031250001,13.187,6.812,2020-01-27 11-45-19
19.41,20.21,18.21,16.37,44.007425608000005,13.5,6.937,2020-01-27 11-46-19
19.23,19.73,17.59,16.4,44.137198432000005,13.75,7.062,2020-01-27 11-47-18
20.01,20.55,17.79,16.67,43.617800800000005,14,7.312,2020-01-27 11-48-19
19.89,20.87,18.27,16.56,45.432118592,14.187,7.375,2020-01-27 11-49-19
20.17,20.93,18.63,16.67,43.487823752000004,14.375,7.5,2020-01-27 11-50-19
20.17,20.71,18.59,17.06,41.858802802,14.562,7.625,2020-01-27 11-51-19
20.73,21.23,18.47,17.25,40.41866537800001,14.75,7.625,2020-01-27 11-52-19
21.51,20.71,19.23,17.22,35.994736448,14.937,7.562,2020-01-27 11-53-19
21.45,20.55,19.25,17.16,32.72305045000001,15.062,7.562,2020-01-27 11-54-18
20.93,20.87,19.13,16.68,25.677513458000004,15.25,7.375,2020-01-27 11-55-19
21.51,20.99,19.63,16.82,18.633368978000004,15.312,7.312,2020-01-27 11-56-19
21.83,20.73,19.41,16.68,15.202196800000005,15.437,7.312,2020-01-27 11-57-19
21.73,20.93,19.95,17.14,10.247360200000003,15.5,7.312,2020-01-27 11-58-19
21.63,21.01,19.99,17.46,7.638958400500002,15.625,7.375,2020-01-27 11-59-19
20.87,20.89,19.07,16.91,6.094544192000001,15.687,7.437,2020-01-27 12-00-19
20.37,20.27,19.25,16.66,4.833107144500001,15.75,7.375,2020-01-27 12-01-19
20.05,20.05,18.79,16.22,3.2779903220000004,15.687,7.562,2020-01-27 12-02-19
19.89,20.33,18.79,16.16,3.1330283380000004,15.75,7.562,2020-01-27 12-03-19
20.21,20.51,19.03,15.69,2.2621842580000004,15.687,7.437,2020-01-27 12-04-19
19.39,20.31,18.53,15.62,2.2621842580000004,15.687,7.312,2020-01-27 12-05-19
18.71,18.69,18.47,14.73,1.6078450000000006,15.687,7.25,2020-01-27 12-06-18
19.07,19.95,18.05,14.87,0.5879289280000005,15.437,7.312,2020-01-27 12-07-19
18.59,19.23,17.99,14.98,22.793066018,15.312,7.437,2020-01-27 12-08-19
19.07,19.73,18.85,14.76,56.918962498000006,15.312,7.312,2020-01-27 12-09-19
18.33,19.35,17.89,14.6,60.572923712000005,15.125,7.25,2020-01-27 12-10-19
18.63,19.03,17.99,14.8,68.1375996125,15,7.187,2020-01-27 12-11-19
19.07,19.17,17.95,14.82,66.242341538,14.937,7.062,2020-01-27 12-12-18
18.85,19.39,18.01,15.04,70.139294728,14.875,7.062,2020-01-27 12-13-18
18.79,19.93,18.55,15.27,67.567347682,14.875,7.187,2020-01-27 12-14-19
19.29,19.61,18.37,15.42,70.85283527200001,14.937,7.375,2020-01-27 12-15-19
19.17,19.89,18.43,15.44,71.682976192,15,7.375,2020-01-27 12-16-19
18.71,18.63,18.43,15.06,72.0084185125,15,7.312,2020-01-27 12-17-19
18.59,19.35,18.27,14.98,70.97158,15,7.375,2020-01-27 12-18-19
18.33,19.51,18.11,14.6,63.512859968,15,7.375,2020-01-27 12-19-18
18.59,19.13,17.85,14.76,62.750083580500004,14.937,7.375,2020-01-27 12-20-19
18.59,18.55,18.09,14.46,60.88053920200001,14.937,7.5,2020-01-27 12-21-19
17.79,18.25,17.53,13.94,62.199649664500015,14.875,7.187,2020-01-27 12-22-19
17.41,17.85,16.91,14.11,60.94202400800001,14.75,7.125,2020-01-27 12-23-19
17.69,18.55,17.67,14.18,60.418996304500006,14.625,7.312,2020-01-27 12-24-19
17.73,18.63,17.57,14.22,60.234178112500004,14.625,7.187,2020-01-27 12-25-19
18.63,19.19,17.51,14.36,61.92404500000001,14.5,7.062,2020-01-27 12-26-19
16.95,17.99,17.51,13.9,59.091927487999996,14.5,6.937,2020-01-27 12-27-19
16.39,17.47,17.15,13.12,60.3574030045,14.375,6.75,2020-01-27 12-28-19
16.47,17.31,16.59,12.74,63.36046424050001,14.25,6.5,2020-01-27 12-29-19
15.77,16.43,15.87,12.13,63.90871551250001,14.125,6.375,2020-01-27 12-30-19
15.51,16.57,15.91,11.86,64.57739636050002,13.875,6.062,2020-01-27 12-31-19
15.37,16.23,15.85,11.72,66.0913817605,13.625,6,2020-01-27 12-32-18
15.19,15.97,15.65,11.91,65.7892228805,13.5,6.125,2020-01-27 12-33-19
13.55,14.45,14.15,10.9,65.7892228805,13.312,6.062,2020-01-27 12-34-19
13.71,14.89,14.51,10.73,68.16758096200002,13.062,6,2020-01-27 12-35-19
14.21,15.21,14.39,10.91,67.71752566450002,12.812,5.937,2020-01-27 12-36-19
13.81,15.19,14.21,10.99,67.5373025125,12.687,5.937,2020-01-27 12-37-19
14.11,15.01,14.05,10.82,68.3773610605,12.562,5.812,2020-01-27 12-38-18
14.01,14.69,14.25,11.08,68.3174398445,12.437,5.812,2020-01-27 12-39-18
13.69,14.71,13.81,10.7,68.107615072,12.312,5.812,2020-01-27 12-40-19
13.51,14.29,13.81,10.88,68.766537842,12.187,5.937,2020-01-27 12-41-19
13.27,14.31,13.65,10.58,68.107615072,12.062,5.875,2020-01-27 12-42-19
12.71,14.09,12.83,10.42,68.7964521805,11.937,5.687,2020-01-27 12-43-19
12.81,13.75,13.39,10.28,68.94597600800002,11.875,5.687,2020-01-27 12-44-19
12.73,14.19,12.97,10.21,69.304507712,11.75,5.625,2020-01-27 12-45-18
13.25,14.35,13.45,10.3,69.63275811250001,11.625,5.625,2020-01-27 12-46-19
12.87,14.09,13.41,10.53,69.1551753445,11.562,5.75,2020-01-27 12-47-19
13.35,14.39,13.69,10.6,68.6767756805,11.562,5.75,2020-01-27 12-48-19
13.49,14.39,13.59,10.62,68.07762734050002,11.5,5.75,2020-01-27 12-49-19
13.39,14.21,13.59,10.8,66.39322154050001,11.5,5.812,2020-01-27 12-50-19
13.35,14.51,13.59,10.74,65.87990405000001,11.437,5.875,2020-01-27 12-51-18
13.27,14.25,13.71,10.86,66.8152611445,11.437,5.875,2020-01-27 12-52-19
13.05,14.21,13.49,10.92,65.48674490050001,11.375,5.687,2020-01-27 12-53-19
13.49,13.89,13.61,10.81,64.425559058,11.312,5.687,2020-01-27 12-54-19
13.31,13.95,13.35,10.72,64.51667101250001,11.25,5.812,2020-01-27 12-55-19
13.65,14.41,13.59,10.7,66.121580098,11.187,5.687,2020-01-27 12-56-19
13.39,14.05,13.35,10.76,65.18394782050001,11.187,5.687,2020-01-27 12-57-18
13.05,13.45,13.49,10.46,64.789834562,11.187,5.687,2020-01-27 12-58-19
13.65,14.75,13.99,10.89,66.03097551250002,11.125,5.625,2020-01-27 12-59-19
13.35,14.09,13.55,10.96,64.0304087245,11.187,5.687,2020-01-27 13-00-19
13.39,14.21,13.39,10.84,64.45593290050002,11.125,5.812,2020-01-27 13-01-19
12.97,13.95,13.49,10.56,65.18394782050001,11.125,5.812,2020-01-27 13-02-18
12.97,13.71,13.31,10.5,64.57739636050002,11.062,5.687,2020-01-27 13-03-19
13.17,14.15,13.65,10.83,65.5775218,11.062,5.75,2020-01-27 13-04-19
13.75,14.49,13.55,11.06,64.30403177800001,11,5.75,2020-01-27 13-05-19
13.49,14.21,13.39,11.3,61.67884608800001,11,5.812,2020-01-27 13-06-19
13.27,13.99,13.27,11.08,60.26498912200001,11.062,5.937,2020-01-27 13-07-19
12.81,13.71,13.31,10.27,62.5055739245,11,5.625,2020-01-27 13-09-18
12.83,13.59,13.15,10.43,63.9695685005,10.937,5.5,2020-01-27 13-10-19
13.05,14.09,13.51,10.7,62.383242512500004,10.937,5.687,2020-01-27 13-11-19
13.07,13.95,13.27,10.54,60.9112832005,10.875,5.625,2020-01-27 13-12-19
13.25,13.89,13.41,10.42,62.383242512500004,10.875,5.625,2020-01-27 13-13-19
12.97,14.11,13.25,10.5,63.36046424050001,10.812,5.562,2020-01-27 13-14-19
12.23,13.25,13.17,10.32,61.12640184200001,10.75,5.562,2020-01-27 13-15-19
12.19,13.11,12.83,9.75,63.7565272,10.687,5.437,2020-01-27 13-16-19
12.73,13.11,12.77,9.87,65.5472660245,10.625,5.437,2020-01-27 13-17-19
11.81,12.63,12.51,9.64,62.963862002,10.562,5.375,2020-01-27 13-18-19
12.13,12.71,12.83,9.6,64.06082405000001,10.5,5.375,2020-01-27 13-19-19
11.81,12.43,12.53,9.41,64.91115761800002,10.437,5.375,2020-01-27 13-20-19
12.05,13.15,12.63,9.33,65.517007058,10.312,5.375,2020-01-27 13-21-18
12.19,13.17,12.71,9.4,65.48674490050001,10.25,5.125,2020-01-27 13-22-19
12.47,13.27,12.37,9.56,64.7594958205,10.187,5.187,2020-01-27 13-23-19
12.09,13.35,12.53,9.77,65.214241888,10.125,5.187,2020-01-27 13-24-19
12.39,13.49,12.91,9.9,65.15365056200001,10.062,5.187,2020-01-27 13-25-19
12.05,13.25,12.47,10.03,64.789834562,10.125,5.375,2020-01-27 13-26-19
12.09,13.01,12.43,9.86,63.817412098000005,10.062,5.375,2020-01-27 13-27-19
11.81,12.73,12.09,9.55,64.2128528125,10.062,5.312,2020-01-27 13-28-18
12.17,12.81,12.23,9.66,64.91115761800002,10,5.312,2020-01-27 13-29-19
11.61,12.33,12.03,9.64,64.12164512800001,9.937,5.312,2020-01-27 13-30-19
12.57,13.59,12.67,10.1,64.8808316405,9.937,5.312,2020-01-27 13-32-19
11.89,13.17,12.71,10.04,65.03242961800001,9.937,5.312,2020-01-27 13-33-19
12.05,13.25,12.53,9.96,63.695629538000006,10,5.312,2020-01-27 13-34-19
11.81,13.51,12.63,10.04,63.695629538000006,10,5.312,2020-01-27 13-35-19
11.89,13.07,12.53,10.05,63.17748406450001,10,5.375,2020-01-27 13-36-19
12.27,13.07,12.57,10.27,63.36046424050001,10,5.437,2020-01-27 13-37-19
12.27,13.05,12.83,10.74,61.494812882,10,5.437,2020-01-27 13-38-19
12.91,13.65,13.21,11.02,61.18783559200001,10.062,5.625,2020-01-27 13-39-19
13.21,14.49,13.55,11.26,60.88053920200001,10.187,5.687,2020-01-27 13-40-19
13.65,14.51,13.45,11.66,60.572923712000005,10.25,5.625,2020-01-27 13-41-18
14.01,14.65,14.05,11.87,59.401074658000006,10.375,5.687,2020-01-27 13-42-19
13.85,14.69,14.01,12,59.401074658000006,10.5,5.625,2020-01-27 13-43-19
14.01,14.59,13.99,12,58.6276084205,10.562,5.5,2020-01-27 13-44-19
14.39,15.19,14.69,12.28,59.15378245000001,10.687,5.562,2020-01-27 13-45-19
14.71,15.31,14.61,12.56,58.47267584800001,10.812,5.687,2020-01-27 13-46-19
14.79,15.67,15.19,12.73,58.162571378,10.937,5.812,2020-01-27 13-47-18
14.75,15.37,15.09,12.72,56.107878848000006,11.062,5.75,2020-01-27 13-48-19
14.39,15.31,15.19,12.64,56.26402400050001,11.187,5.75,2020-01-27 13-49-19
14.41,15.55,15.25,12.86,55.732805000000006,11.375,5.875,2020-01-27 13-50-19
14.99,15.87,15.81,13.62,55.32595646050001,11.437,5.875,2020-01-27 13-51-19
15.35,16.39,16.29,14.19,52.46291687200001,11.562,5.875,2020-01-27 13-52-19
15.71,16.13,16.91,15.08,49.8285308605,11.687,6.125,2020-01-27 13-53-19
16.07,17.15,17.31,15.77,50.433523208000004,11.937,6.125,2020-01-27 13-54-18
16.43,17.09,17.67,16.12,47.364925832000004,12.187,6.75,2020-01-27 13-55-19
15.87,16.89,17.59,15.87,47.172162050000004,12.5,6.75,2020-01-27 13-56-19
16.03,16.85,17.67,15.69,46.335524872,12.687,6.875,2020-01-27 13-57-19
15.87,16.75,17.75,15.74,46.786289858,12.875,6.937,2020-01-27 13-58-18
15.71,16.69,17.59,15.33,48.519096128,13.062,6.937,2020-01-27 13-59-18
15.61,16.49,17.73,15.01,49.030733248000004,13.125,6.812,2020-01-27 14-00-18
14.99,15.91,16.85,14.28,50.973855704500004,13.187,6.625,2020-01-27 14-01-18
14.89,15.67,16.49,13.62,50.8468016125,13.187,6.437,2020-01-27 14-02-19
14.81,15.67,16.63,13.42,51.00561125000001,13.125,6.375,2020-01-27 14-03-19
14.91,15.47,16.29,13,53.346666592000005,13.062,6.312,2020-01-27 14-04-19
14.61,15.05,15.85,12.29,52.399696162000005,13,6.25,2020-01-27 14-05-18
13.71,14.71,15.45,12.13,53.031328882000004,12.875,6.187,2020-01-27 14-06-19
14.19,14.95,15.41,12.52,53.031328882000004,12.812,6.125,2020-01-27 14-07-19
14.41,15.15,15.87,12.88,51.57666540800001,12.75,6.312,2020-01-27 14-08-19
14.61,15.31,15.87,13.2,49.860401282000005,12.75,6.5,2020-01-27 14-09-19
14.55,15.37,15.75,13.18,50.497139602000004,12.75,6.375,2020-01-27 14-10-19
14.49,14.95,15.75,13.04,50.369894050000006,12.75,6.437,2020-01-27 14-11-18
13.51,14.51,15.11,12.88,50.878569922000004,12.75,6.437,2020-01-27 14-12-19
13.89,14.91,15.57,12.56,50.878569922000004,12.687,6.437,2020-01-27 14-13-19
14.25,14.81,15.37,12.58,51.544967300500005,12.625,6.25,2020-01-27 14-14-19
14.11,14.99,14.89,12.28,51.735108080500005,12.562,6.187,2020-01-27 14-15-19
14.69,14.85,15.21,12.28,53.47271232800001,12.562,6.125,2020-01-27 14-16-19
14.25,14.89,15.25,12.39,53.28362457800001,12.562,6.125,2020-01-27 14-17-18
13.99,14.69,14.81,11.94,53.441205680500005,12.562,6.187,2020-01-27 14-18-19
14.05,14.59,14.55,11.52,54.10217516800001,12.562,6.125,2020-01-27 14-19-19
13.71,14.55,14.51,11.3,55.920399362000005,12.5,6,2020-01-27 14-20-19
13.41,14.49,14.35,10.92,57.88320452450001,12.437,6,2020-01-27 14-21-19
14.01,14.45,14.45,10.89,58.81342220450001,12.375,5.937,2020-01-27 14-22-19
13.49,14.15,14.11,10.91,58.65858536200001,12.375,5.875,2020-01-27 14-23-19
13.85,14.25,14.21,11.01,58.68955911250001,12.25,5.812,2020-01-27 14-24-18
13.49,14.19,14.41,11.08,59.895046402,12.187,5.687,2020-01-27 14-25-19
13.45,13.99,13.81,10.8,57.5724937645,12.125,5.687,2020-01-27 14-26-19
13.41,14.11,13.89,10.5,58.78246121800001,12.062,5.562,2020-01-27 14-27-19
13.59,14.15,13.95,10.8,60.72677134450001,11.937,5.625,2020-01-27 14-28-19
13.81,14.25,13.75,10.78,60.234178112500004,11.875,5.625,2020-01-27 14-29-19
13.01,13.99,13.81,10.29,59.648162642,11.812,5.625,2020-01-27 14-30-19
13.25,13.95,13.65,10.52,61.0342272845,11.687,5.75,2020-01-27 14-32-19
13.17,13.91,13.35,10.21,60.480576840500014,11.625,5.687,2020-01-27 14-33-19
13.21,13.81,13.41,10.16,61.64818186450001,11.562,5.562,2020-01-27 14-34-19
12.91,13.69,13.17,9.81,62.199649664500015,11.5,5.5,2020-01-27 14-35-19
12.95,13.21,13.11,9.86,63.36046424050001,11.437,5.437,2020-01-27 14-36-19
12.97,13.45,13.15,10.12,63.6042591125,11.312,5.562,2020-01-27 14-38-19
12.73,13.59,13.15,9.77,63.024912832000005,11.25,5.5,2020-01-27 14-39-19
12.57,13.11,12.53,9.72,63.48238720450001,11.187,5.562,2020-01-27 14-40-19
12.37,13.45,12.77,9.65,63.93914360200001,11.125,5.5,2020-01-27 14-41-19
12.63,13.25,12.63,9.53,63.93914360200001,11.062,5.375,2020-01-27 14-42-19
12.57,13.15,12.91,9.48,64.3344183845,11,5.312,2020-01-27 14-43-18
12.29,12.83,12.37,9.5,64.0912361845,10.812,5.437,2020-01-27 14-45-19
12.29,13.25,12.19,9.34,63.999990208,10.812,5.437,2020-01-27 14-46-19
12.47,12.91,12.51,9.42,64.57739636050002,10.75,5.437,2020-01-27 14-47-19
12.61,12.97,12.53,9.44,65.18394782050001,10.75,5.375,2020-01-27 14-48-19
12.33,12.87,12.19,9.45,64.18245344200001,10.75,5.375,2020-01-27 14-49-19
12.17,13.07,12.39,9.36,66.2121559645,10.687,5.25,2020-01-27 14-51-19
12.19,12.83,12.29,9.42,65.5775218,10.687,5.312,2020-01-27 14-52-19
12.19,12.91,12.13,9.41,65.3051049445,10.687,5.312,2020-01-27 14-53-19
12.09,12.73,12.53,9.28,65.5472660245,10.687,5.25,2020-01-27 14-54-19
11.99,12.67,12.09,9.33,65.456479552,10.687,5.25,2020-01-27 14-55-19
11.61,12.61,12.19,9.3,65.7287528125,10.625,5.312,2020-01-27 14-56-18
12.17,12.73,12.03,9.12,65.0021164045,10.625,5.25,2020-01-27 14-57-19
12.33,12.51,11.93,9.13,65.97055650050001,10.625,5.187,2020-01-27 14-58-19
11.99,12.81,11.93,9.24,66.48371125000001,10.562,5.125,2020-01-27 14-59-19
12.23,12.63,11.57,9.14,65.8496801845,10.625,5.125,2020-01-27 15-00-19
12.13,12.63,11.95,9.21,66.000767602,10.562,5.062,2020-01-27 15-01-19
12.05,12.63,11.81,9.13,65.6682699805,10.562,5.062,2020-01-27 15-02-18
12.17,12.97,11.89,9.31,65.4262110125,10.562,5.062,2020-01-27 15-04-19
12.29,12.81,11.89,9.36,65.6682699805,10.562,5.25,2020-01-27 15-06-19
12.03,12.73,11.89,9.54,65.87990405000001,10.562,5.187,2020-01-27 15-07-19
12.09,12.67,11.65,9.56,64.12164512800001,10.562,5.187,2020-01-27 15-08-19
11.93,12.57,11.47,9.42,63.48238720450001,10.562,5.187,2020-01-27 15-09-18
12.05,12.09,11.45,9.26,64.547035282,10.625,5.25,2020-01-27 15-10-19
11.95,12.39,11.33,9.14,64.69880876450001,10.562,5.25,2020-01-27 15-11-19
11.75,12.37,11.55,9.09,65.940342208,10.562,5.187,2020-01-27 15-12-19
11.33,11.93,10.99,8.9,65.1233501125,10.625,5.25,2020-01-27 15-13-19
10.99,11.81,10.85,8.79,66.5741722405,10.625,5.312,2020-01-27 15-14-19
10.93,11.55,11.07,8.62,67.1765115805,10.625,5.25,2020-01-27 15-15-19
10.89,11.81,10.79,8.46,67.627428448,10.562,5.25,2020-01-27 15-16-19
10.57,11.37,10.61,8.42,67.95764450450001,10.5,5.187,2020-01-27 15-17-19
10.43,11.13,10.41,8.34,68.1975591205,10.5,5.125,2020-01-27 15-18-19
10.33,10.83,10.05,8.3,67.77757452050001,10.437,5,2020-01-27 15-19-19
10.23,10.79,10.13,8.26,68.3174398445,10.437,4.875,2020-01-27 15-20-19
9.99,10.43,9.71,8.05,68.467218952,10.375,4.875,2020-01-27 15-21-18
9.49,10.43,9.49,7.93,68.97587120050001,10.25,4.875,2020-01-27 15-22-19
9.95,10.09,9.53,7.7,68.9160776245,10.187,4.875,2020-01-27 15-23-19
9.35,10.05,9.29,7.51,69.45376030450001,10.125,4.875,2020-01-27 15-24-19
9.49,10.37,9.61,7.47,70.22858781250001,9.937,4.875,2020-01-27 15-25-19
9.57,10.03,9.43,7.54,70.19882664200001,9.875,4.875,2020-01-27 15-26-19
9.03,9.35,8.97,7.5,69.72221393800001,9.812,4.875,2020-01-27 15-27-19
9.19,9.61,8.79,7.31,70.4665623005,9.75,4.812,2020-01-27 15-28-18
9.19,9.49,9.15,7.21,71.2385689645,9.625,4.75,2020-01-27 15-29-19
9.07,9.53,9.11,7.08,72.48109990450001,9.562,4.75,2020-01-27 15-30-19
9.01,9.25,8.69,6.98,72.5401276405,9.437,4.75,2020-01-27 15-31-19
8.41,9.11,8.87,6.78,73.39459545800001,9.375,4.687,2020-01-27 15-32-19
8.23,8.83,8.55,6.54,74.334342082,9.25,4.625,2020-01-27 15-33-19
8.09,8.29,8.41,6.47,75.03700769800001,9.125,4.625,2020-01-27 15-34-19
7.91,8.33,8.19,6.36,75.912755008,9,4.562,2020-01-27 15-35-19
7.95,8.33,8.13,6.28,75.8253095125,8.875,4.625,2020-01-27 15-36-19
7.97,8.19,8.45,6.1,76.08755984200002,8.75,4.5,2020-01-27 15-37-19
7.87,8.47,8.19,6.07,76.29135362450002,8.5,4.375,2020-01-27 15-39-19
7.91,8.37,8.45,6.16,76.46590956050001,8.437,4.312,2020-01-27 15-40-19
7.83,8.01,7.95,6.19,76.6984721125,8.437,4.312,2020-01-27 15-41-18
7.87,8.51,7.77,6.13,76.5240693445,8.25,4.312,2020-01-27 15-42-19
7.79,8.15,8.13,6.17,76.90179681800001,8.25,4.312,2020-01-27 15-43-19
7.91,8.33,7.97,6.14,76.61128508800002,8.25,4.25,2020-01-27 15-44-19
8.05,8.37,8.09,6.19,76.84372000000002,8.187,4.187,2020-01-27 15-45-19
8.19,8.59,7.95,6.2,76.40773701250001,8.125,4.25,2020-01-27 15-46-19
7.91,8.59,8.13,6.26,76.6984721125,8.125,4.25,2020-01-27 15-47-18
8.55,9.01,8.05,6.25,76.00017178450001,8.125,4.25,2020-01-27 15-48-19
7.87,8.37,8.13,6.39,76.7565808405,8.062,4.312,2020-01-27 15-49-19
8.19,8.41,7.09,6.24,75.97103605000001,8.062,4.312,2020-01-27 15-50-19
7.79,8.27,7.41,6.22,76.40773701250001,8.062,4.125,2020-01-27 15-51-19
7.59,8.05,7.41,5.96,75.912755008,8,4,2020-01-27 15-52-19
7.91,8.13,7.55,5.92,76.43682488200001,8,4,2020-01-27 15-53-19
7.91,7.65,7.11,5.96,76.17491918050001,7.937,4,2020-01-27 15-54-18
7.61,7.83,7.23,5.9,76.378645952,8,4,2020-01-27 15-55-19
7.87,8.15,7.05,5.84,76.02930432800001,7.937,4,2020-01-27 15-56-19
7.37,7.97,7.41,5.69,76.46590956050001,7.937,3.937,2020-01-27 15-57-19
7.55,7.97,6.61,5.62,75.85446120200001,8,3.875,2020-01-27 15-58-19
7.37,7.87,7.01,5.56,75.56280071200001,7.937,3.875,2020-01-27 15-59-19
7.69,7.73,7.05,5.58,74.7151807805,7.875,3.875,2020-01-27 16-00-19
7.45,7.65,6.75,5.56,75.41685080450002,7.875,3.812,2020-01-27 16-01-19
7.15,7.47,6.79,5.44,75.03700769800001,7.875,3.75,2020-01-27 16-02-19
6.91,7.69,6.93,5.38,74.65662531250001,7.875,3.75,2020-01-27 16-03-19
7.29,8.05,7.09,5.42,73.95296410450001,7.875,3.75,2020-01-27 16-04-19
7.45,8.01,7.23,5.52,72.805594498,7.875,3.687,2020-01-27 16-05-19
7.61,8.13,6.91,5.76,71.09027367200001,7.875,3.75,2020-01-27 16-06-18
7.47,7.91,7.45,5.8,72.18576976450001,7.937,3.75,2020-01-27 16-07-19
7.01,7.95,7.05,5.58,71.20891628800001,7.937,3.812,2020-01-27 16-08-19
7.23,7.97,7.27,5.56,69.5731049405,7.937,3.875,2020-01-27 16-09-19
7.15,7.69,7.05,5.48,69.364218322,7.937,3.875,2020-01-27 16-10-19
7.23,7.59,7.29,5.4,68.227534088,7.937,3.875,2020-01-27 16-11-19
7.47,7.73,7.11,5.4,67.71752566450002,7.875,3.875,2020-01-27 16-12-18
7.33,7.83,7.09,5.52,66.302703112,7.875,3.875,2020-01-27 16-13-18
7.29,7.87,7.33,5.58,66.5138681045,7.875,3.937,2020-01-27 16-14-19
7.41,7.91,7.09,5.66,67.32689697800001,7.812,3.937,2020-01-27 16-15-19
7.47,7.77,7.41,5.65,67.50725415200002,7.75,3.937,2020-01-27 16-16-19
7.79,8.47,7.55,5.9,63.878284232,7.75,4,2020-01-27 16-17-19
7.79,7.91,7.61,5.92,66.905616832,7.75,4,2020-01-27 16-18-19
8.13,8.23,7.37,6,66.121580098,7.75,3.937,2020-01-27 16-19-18
8.41,8.37,7.65,6.03,65.27482045,7.687,4,2020-01-27 16-20-19
7.45,8.55,7.45,5.99,66.0913817605,7.687,4.062,2020-01-27 16-21-19
7.77,8.59,8.01,5.95,65.3051049445,7.75,4.187,2020-01-27 16-22-19
7.95,8.41,7.83,6.08,62.597288978,7.687,4.187,2020-01-27 16-23-19
7.73,8.69,7.69,6.12,60.97276162450001,7.687,4.25,2020-01-27 16-24-19
7.91,8.79,7.97,6,61.341364124500004,7.687,4.187,2020-01-27 16-25-19
7.79,8.61,8.01,6.02,63.999990208,7.625,4.187,2020-01-27 16-26-18
8.01,9.01,7.97,5.9,62.719531042,7.625,4.062,2020-01-27 16-27-19
7.87,8.83,8.15,5.74,61.7095071205,7.562,4,2020-01-27 16-28-19
8.23,8.89,8.13,5.88,55.419892450000006,7.562,4,2020-01-27 16-29-19
8.29,8.69,8.19,5.96,57.012410264500005,7.562,4,2020-01-27 16-30-19
7.91,8.47,8.05,5.88,56.26402400050001,7.5,4.062,2020-01-27 16-31-19
8.19,9.07,8.23,5.86,55.920399362000005,7.5,4,2020-01-27 16-32-18
8.13,8.83,8.29,5.65,55.451198064500005,7.5,4,2020-01-27 16-33-19
8.27,9.01,8.09,5.8,48.647081992000004,7.375,4,2020-01-27 16-34-19
8.27,9.33,8.59,5.93,47.621765512,7.375,4.062,2020-01-27 16-35-19
8.27,9.25,8.37,5.88,51.00561125000001,7.375,4,2020-01-27 16-36-19
8.05,8.97,8.15,5.76,50.115249778000006,7.312,3.875,2020-01-27 16-37-19
8.19,8.65,8.09,5.58,51.44985383200001,7.312,3.937,2020-01-27 16-38-18
8.15,9.15,8.15,5.67,46.786289858,7.25,3.875,2020-01-27 16-39-18
8.37,8.69,8.33,5.78,45.81959904800001,7.25,3.937,2020-01-27 16-40-19
8.15,9.19,8.15,5.84,47.84633270450001,7.187,3.937,2020-01-27 16-41-19
8.51,9.47,8.61,5.92,45.884134450000005,7.125,3.937,2020-01-27 16-42-19
8.47,9.07,8.29,5.96,45.98091362050001,7.125,4,2020-01-27 16-43-19
8.51,9.21,8.37,5.92,44.882401364500005,7.125,4,2020-01-27 16-44-19
8.19,8.83,7.79,5.78,45.884134450000005,7.125,3.937,2020-01-27 16-45-18
7.91,8.55,7.83,5.73,45.335176680500005,7.125,4,2020-01-27 16-46-19
8.09,8.19,8.15,5.56,45.9163973645,7.125,3.937,2020-01-27 16-47-19
7.83,8.79,7.97,5.48,44.85003633800001,7.125,3.937,2020-01-27 16-48-19
8.15,7.69,7.95,5.42,43.35779564800001,7.125,3.937,2020-01-27 16-49-19
7.79,7.95,7.51,5.24,44.979477298000006,7.062,4,2020-01-27 16-50-19
7.45,7.97,7.87,5.16,42.446169352000005,7.062,4,2020-01-27 16-51-18
7.29,7.83,7.19,5.06,41.662784200000004,7,3.937,2020-01-27 16-52-19
6.73,7.65,7.15,4.94,39.36741245,6.937,4,2020-01-27 16-53-19
6.83,7.73,7.15,4.82,37.387506050000006,6.875,3.937,2020-01-27 16-54-19
6.73,7.41,7.15,4.84,34.195761602000005,6.812,3.937,2020-01-27 16-55-19
6.53,7.15,7.15,4.75,32.253164992,6.687,3.812,2020-01-27 16-57-18
6.69,7.01,6.39,4.9,30.70485205,6.625,3.937,2020-01-27 16-58-18
6.87,7.55,6.87,5.1,28.471565632000004,6.5,4.062,2020-01-27 17-00-19
6.75,7.59,7.27,5.14,29.014244800000007,6.5,4.125,2020-01-27 17-01-19
7.05,7.45,7.33,5.18,29.759094818,6.5,4.125,2020-01-27 17-02-18
7.41,7.59,7.37,5.29,26.906812658000003,6.5,4.062,2020-01-27 17-03-19
6.79,7.77,6.91,5.24,26.770428082000002,6.437,4.062,2020-01-27 17-04-19
6.35,7.09,6.87,5.13,26.702216648000004,6.437,4.062,2020-01-27 17-05-19
6.79,7.47,7.09,5.1,24.238104200000002,6.437,3.937,2020-01-27 17-06-19
6.57,7.27,6.93,5.1,23.068745362000005,6.375,3.875,2020-01-27 17-07-19
6.29,7.23,6.83,4.96,23.894558050000004,6.375,3.812,2020-01-27 17-08-19
6.57,7.11,7.05,4.96,22.551679064500004,6.312,3.812,2020-01-27 17-09-18
6.33,7.37,6.73,4.93,22.517182450000004,6.25,3.75,2020-01-27 17-10-19
6.53,7.09,6.93,4.98,19.468984418000005,6.25,3.75,2020-01-27 17-11-19
6.97,7.29,7.15,4.99,19.781866344500006,6.187,3.75,2020-01-27 17-12-19
6.47,7.83,7.09,5.13,18.563651392000004,6.187,3.812,2020-01-27 17-13-19
6.83,7.45,7.15,5.32,17.376499538,6.125,3.875,2020-01-27 17-14-19
6.69,7.47,7.15,5.38,20.163926578,6.187,3.937,2020-01-27 17-15-19
7.09,8.15,7.29,5.52,20.510919008000002,6.187,3.937,2020-01-27 17-16-19
6.93,7.95,7.19,5.56,23.068745362000005,6.187,4,2020-01-27 17-17-19
7.09,7.73,7.05,5.56,24.615636404500002,6.187,4,2020-01-27 17-18-19
6.91,7.83,7.19,5.59,23.825810528,6.25,4,2020-01-27 17-19-19
7.41,7.73,7.29,5.71,23.481881458000004,6.25,4.125,2020-01-27 17-20-19
7.19,7.79,7.55,5.75,26.668106144500005,6.312,4.25,2020-01-27 17-21-18
6.91,7.69,7.37,5.72,24.032014802000003,6.312,4.312,2020-01-27 17-22-19
6.73,7.95,7.37,5.68,25.129830802,6.375,4.25,2020-01-27 17-23-19
6.79,7.47,7.33,5.61,27.247550728000004,6.375,4.25,2020-01-27 17-24-19
7.01,8.05,7.33,5.56,24.992782498000004,6.375,4.187,2020-01-27 17-25-19
7.01,7.83,7.29,5.55,25.266828050000004,6.375,4.125,2020-01-27 17-26-19
6.93,7.77,7.27,5.54,22.655149762000004,6.375,4.125,2020-01-27 17-27-18
6.97,7.65,7.27,5.62,23.619491378000003,6.375,4.125,2020-01-27 17-28-18
6.97,7.83,7.47,5.81,22.724114272000005,6.312,4.25,2020-01-27 17-29-19
6.87,7.59,7.27,5.77,26.565755488000004,6.375,4.375,2020-01-27 17-30-19
7.11,7.33,7.47,5.69,29.522264612500006,6.375,4.375,2020-01-27 17-31-19
7.11,6.87,7.11,5.39,31.917149602000006,6.375,4.187,2020-01-27 17-32-19
6.93,7.83,7.47,5.48,23.619491378000003,6.375,4,2020-01-27 17-33-19
6.83,8.13,7.05,5.44,27.179428642000005,6.312,4,2020-01-27 17-35-19
6.83,7.91,7.51,5.42,22.068436080500003,6.312,3.937,2020-01-27 17-36-19
6.91,7.51,7.33,5.5,19.955577952000002,6.312,4,2020-01-27 17-37-19
7.09,7.45,7.69,5.48,20.753623844500005,6.312,4.125,2020-01-27 17-38-19
6.79,7.55,7.29,5.48,23.137633288000004,6.312,4.187,2020-01-27 17-39-19
7.01,7.65,7.23,5.64,22.793066018,6.312,4.187,2020-01-27 17-40-19
6.73,8.05,7.41,5.69,21.030809340500003,6.312,4.25,2020-01-27 17-41-18
6.79,7.79,7.23,5.5,23.894558050000004,6.312,4.187,2020-01-27 17-42-19
6.93,7.69,7.59,5.38,24.169420498,6.312,4.187,2020-01-27 17-43-19
7.15,7.77,7.19,5.59,23.894558050000004,6.312,4.062,2020-01-27 17-44-19
7.05,7.61,7.61,5.57,20.614954512500002,6.312,4,2020-01-27 17-45-19
6.93,7.95,7.05,5.44,24.718532722000003,6.312,3.937,2020-01-27 17-46-19
7.01,7.61,7.11,5.46,25.061313032,6.312,3.937,2020-01-27 17-47-18
6.93,7.87,7.29,5.49,24.306775138000006,6.312,3.937,2020-01-27 17-48-19
7.09,7.91,7.41,5.66,22.241094658000005,6.25,4.062,2020-01-27 17-49-19
7.01,8.05,7.27,5.6,26.565755488000004,6.312,4.062,2020-01-27 17-50-18
6.69,7.83,7.19,5.6,26.395107240500003,6.25,4.125,2020-01-27 17-51-19
7.09,8.37,7.45,5.61,25.472228192000003,6.312,4.125,2020-01-27 17-52-19
7.47,8.41,7.45,5.56,24.135073860500004,6.312,4,2020-01-27 17-53-18
6.93,7.69,7.15,5.63,23.103190920500005,6.312,4.062,2020-01-27 17-54-18
7.23,7.77,7.29,5.59,25.745916352000005,6.312,4.125,2020-01-27 17-55-19
6.87,7.83,7.41,5.46,25.472228192000003,6.312,4.062,2020-01-27 17-56-19
7.01,7.55,7.37,5.42,23.619491378000003,6.312,4,2020-01-27 17-57-19
6.87,7.87,7.09,5.51,20.233350592000004,6.312,4,2020-01-27 17-58-19
6.87,7.65,7.51,5.48,24.547022904500004,6.375,4.187,2020-01-27 17-59-19
6.87,7.83,7.33,5.48,22.724114272000005,6.312,4.125,2020-01-27 18-00-19
6.83,7.77,7.27,5.54,22.310135752000004,6.312,4.187,2020-01-27 18-01-19
6.87,7.91,7.47,5.62,20.545600700500003,6.375,4.25,2020-01-27 18-02-19
6.57,7.83,7.29,5.57,19.190650162,6.375,4.187,2020-01-27 18-03-19
7.09,7.87,7.11,5.6,20.025040258000004,6.375,4.25,2020-01-27 18-04-19
6.87,7.77,7.19,5.58,18.912111682000003,6.375,4.25,2020-01-27 18-05-19
6.93,7.47,7.37,5.49,20.406854784500002,6.375,4.25,2020-01-27 18-06-18
6.87,7.47,7.05,5.4,19.190650162,6.375,4.125,2020-01-27 18-07-19
6.93,7.55,7.19,5.36,19.886102882000003,6.375,4.125,2020-01-27 18-08-19
6.87,7.15,7.15,5.29,18.075270898000003,6.375,4.187,2020-01-27 18-09-19
6.61,7.27,7.05,5.36,16.255810450000002,6.312,4.187,2020-01-27 18-10-19
6.57,7.09,6.97,5.24,15.413149282000003,6.312,4.187,2020-01-27 18-12-18
6.25,6.93,6.83,5.1,16.571334524500003,6.25,4.125,2020-01-27 18-13-18
6.57,7.23,7.19,5.1,14.779947208000003,6.25,4.062,2020-01-27 18-14-19
6.25,6.93,6.79,5.04,15.553720450000002,6.25,4.062,2020-01-27 18-15-19
6.29,7.19,6.69,5.02,13.651701832000002,6.187,4.062,2020-01-27 18-16-19
6.21,7.01,6.73,4.98,13.934069512000002,6.187,4.062,2020-01-27 18-17-19
6.13,7.01,6.75,4.98,13.439792050000003,6.125,4,2020-01-27 18-18-19
6.35,6.53,6.65,4.98,12.874137682,6.125,4,2020-01-27 18-19-18
6.17,6.79,6.47,4.94,12.944889152,6.062,4.062,2020-01-27 18-20-19
5.93,6.53,6.11,4.84,13.157066978000001,6.062,4,2020-01-27 18-21-19
5.93,6.53,6.33,4.97,12.165920962000003,6.062,4.062,2020-01-27 18-22-19
5.71,6.69,6.07,5.06,9.070325720500001,6,4.125,2020-01-27 18-23-19
6.17,6.47,6.69,5.1,9.891050050000002,6.062,4.187,2020-01-27 18-24-19
6.13,6.91,6.39,5.14,11.101202632,6,4.25,2020-01-27 18-25-19
6.11,6.43,6.13,5.02,11.4209196805,6,4.25,2020-01-27 18-27-19
6.11,7.15,6.51,5.06,10.176123698,6,4.187,2020-01-27 18-28-19
6.11,6.65,6.21,5.02,9.962337608,6,4.187,2020-01-27 18-29-19
6.11,6.61,6.35,4.98,9.605772178,6,4.125,2020-01-27 18-30-19
6.11,6.69,6.33,4.92,9.17747245,6,4.125,2020-01-27 18-31-19
5.67,6.83,6.29,4.89,9.320290082000003,5.937,4.125,2020-01-27 18-32-18
5.71,6.43,6.07,4.82,9.248887648000004,5.937,4.062,2020-01-27 18-33-19
5.89,6.69,6.43,4.82,7.029081250000001,5.875,4,2020-01-27 18-34-19
5.77,6.43,6.17,4.79,5.806560352000001,5.812,4,2020-01-27 18-35-19
5.71,6.13,6.29,4.74,5.950577800000001,5.812,4,2020-01-27 18-36-19
5.59,6.75,5.99,4.65,5.950577800000001,5.812,4,2020-01-27 18-37-19
5.51,6.43,5.95,4.65,5.374201672000001,5.812,3.937,2020-01-27 18-38-18
5.73,6.47,5.95,4.68,4.797008648,5.75,3.937,2020-01-27 18-39-18
5.55,6.33,5.81,4.57,4.797008648,5.75,3.875,2020-01-27 18-40-19
5.51,5.93,6.07,4.45,4.580350658,5.687,3.812,2020-01-27 18-41-19
5.33,6.07,5.73,4.49,3.4953375680000005,5.687,3.812,2020-01-27 18-42-19
5.37,6.21,5.89,4.53,3.060528200000001,5.687,3.875,2020-01-27 18-43-19
5.93,5.93,5.93,4.53,2.480067592000001,5.625,3.812,2020-01-27 18-44-19
5.19,5.85,5.85,4.54,2.2621842580000004,5.625,3.812,2020-01-27 18-45-18
5.29,6.11,5.93,4.53,1.7533430720000003,5.562,3.75,2020-01-27 18-46-19
5.19,5.81,5.67,4.53,1.2438764500000006,5.562,3.75,2020-01-27 18-47-19
5.45,5.95,5.73,4.68,0.8795888000000006,5.562,3.875,2020-01-27 18-48-19
5.71,6.25,5.71,4.65,0.5879289280000005,5.562,3.937,2020-01-27 18-49-19
5.51,5.93,5.55,4.6,0.8066929780000007,5.562,3.875,2020-01-27 18-50-19
5.15,5.77,5.33,4.55,0.7337843920000003,5.562,3.812,2020-01-27 18-51-18
4.81,6.17,5.55,4.5,0.44202240800000026,5.562,3.75,2020-01-27 18-52-19
5.45,5.77,5.71,4.49,0.2230668980000005,5.562,3.75,2020-01-27 18-53-19
5.29,5.89,6.03,4.52,-0.1421142319999997,5.562,3.75,2020-01-27 18-54-19
5.07,5.99,5.67,4.56,-0.5076144619999997,5.562,3.812,2020-01-27 18-55-19
5.11,5.99,5.67,4.54,-0.6539039019999997,5.5,3.812,2020-01-27 18-56-19
5.41,5.77,5.93,4.46,-0.6539039019999997,5.5,3.812,2020-01-27 18-57-18
5.19,5.99,5.59,4.5,-1.0198508719999997,5.5,3.75,2020-01-27 18-58-18
5.19,6.11,5.89,4.6,-1.3861169419999997,5.5,3.75,2020-01-27 18-59-19
5.05,6.07,5.89,4.64,-1.606029752,5.437,3.75,2020-01-27 19-00-19
5.77,6.33,6.07,4.64,-1.6793595499999998,5.5,3.812,2020-01-27 19-01-19
5.81,6.11,6.13,4.78,-1.8994255279999999,5.437,3.812,2020-01-27 19-02-19
5.71,6.21,5.99,4.84,-1.972806382,5.5,3.875,2020-01-27 19-03-19
6.03,6.73,6.13,4.88,-2.0462,5.5,3.875,2020-01-27 19-04-18
5.99,6.61,6.17,4.92,-2.0462,5.5,3.937,2020-01-27 19-05-19
5.95,6.53,6.13,4.91,-2.0462,5.5,3.937,2020-01-27 19-06-19
6.03,6.43,6.21,4.96,-2.0462,5.562,3.937,2020-01-27 19-07-19
6.07,6.79,6.25,4.98,-2.0462,5.562,3.937,2020-01-27 19-08-19
5.95,6.51,6.33,5.06,-2.0462,5.562,4,2020-01-27 19-09-19
6.11,7.09,6.39,5.2,-2.0462,5.562,4,2020-01-27 19-10-19
6.33,7.27,6.73,5.32,-2.0462,5.625,4.062,2020-01-27 19-11-19
6.43,7.59,6.61,5.41,-2.0462,5.625,4.187,2020-01-27 19-12-19
6.43,7.01,6.61,5.52,-2.0462,5.687,4.375,2020-01-27 19-13-19
6.25,6.91,6.93,5.64,-2.0462,5.687,4.437,2020-01-27 19-14-19
6.25,7.37,6.79,5.71,-1.3128381999999998,5.812,4.5,2020-01-27 19-15-19
6.47,6.87,6.91,5.76,-0.06905247799999957,5.875,4.687,2020-01-27 19-16-19
6.73,7.55,6.91,5.78,0.9524718580000004,5.875,4.812,2020-01-27 19-17-19
6.61,7.55,6.91,5.69,1.2438764500000006,5.937,4.75,2020-01-27 19-18-19
6.65,7.29,6.87,5.69,1.6806004180000005,6,4.75,2020-01-27 19-19-19
6.57,7.41,7.29,5.74,2.189530952,6,4.75,2020-01-27 19-20-19
6.53,7.05,6.83,5.71,3.2779903220000004,6,4.75,2020-01-27 19-21-19
6.69,7.19,6.91,5.69,2.480067592000001,6.062,4.75,2020-01-27 19-22-19
6.25,7.23,6.79,5.72,1.7533430720000003,6.062,4.812,2020-01-27 19-23-18
6.83,7.11,6.91,5.64,1.7533430720000003,6.125,4.75,2020-01-27 19-25-19
6.69,7.15,6.87,5.6,1.7533430720000003,6.062,4.75,2020-01-27 19-26-19
6.35,7.11,6.87,5.61,1.2438764500000006,6.125,4.812,2020-01-27 19-27-19
6.33,6.97,6.57,5.48,1.6806004180000005,6.125,4.75,2020-01-27 19-28-19
6.43,6.93,6.57,5.64,0.7337843920000003,6.125,4.875,2020-01-27 19-29-19
6.25,6.65,6.93,5.62,1.2438764500000006,6.125,4.937,2020-01-27 19-30-18
6.39,7.19,6.73,5.58,1.0981996820000004,6.187,4.875,2020-01-27 19-31-19
6.61,7.41,6.97,5.68,0.44202240800000026,6.187,4.875,2020-01-27 19-32-19
6.35,7.05,6.83,5.6,0.7337843920000003,6.187,4.875,2020-01-27 19-33-19
6.21,6.83,6.93,5.6,0.8066929780000007,6.187,4.875,2020-01-27 19-34-19
6.29,6.97,6.91,5.65,-0.1421142319999997,6.187,4.937,2020-01-27 19-35-19
6.21,7.01,6.51,5.67,-0.1421142319999997,6.187,5,2020-01-27 19-36-18
6.61,6.93,6.75,5.66,-0.1421142319999997,6.187,5,2020-01-27 19-37-19
6.61,6.91,6.33,5.62,0.44202240800000026,6.25,5,2020-01-27 19-38-19
6.25,6.53,6.53,5.58,0.3690500020000003,6.25,5,2020-01-27 19-39-19
6.25,6.87,6.57,5.56,-0.06905247799999957,6.25,4.937,2020-01-27 19-40-19
6.13,6.73,6.07,5.56,0.1500562000000006,6.25,4.937,2020-01-27 19-41-19
6.25,6.83,6.39,5.6,0.1500562000000006,6.25,5,2020-01-27 19-42-18
6.21,6.43,6.73,5.52,0.00399651200000034,6.25,4.937,2020-01-27 19-43-19
6.43,6.83,6.35,5.54,-0.06905247799999957,6.25,5,2020-01-27 19-44-19
6.13,6.79,6.57,5.5,-0.36137607799999966,6.25,5,2020-01-27 19-45-19
6.03,6.61,6.25,5.52,-0.7270677679999996,6.187,5,2020-01-27 19-46-19
6.25,6.93,6.35,5.53,-1.3128381999999998,6.25,5,2020-01-27 19-47-19
6.07,6.57,6.35,5.57,-1.972806382,6.25,5,2020-01-27 19-48-19
6.11,6.39,6.57,5.56,-2.0462,6.187,5.062,2020-01-27 19-49-18
5.85,6.73,6.73,5.5,-1.3861169419999997,6.187,5.062,2020-01-27 19-50-19
5.73,6.51,6.25,5.35,-1.3861169419999997,6.187,4.937,2020-01-27 19-51-19
6.21,6.47,6.33,5.43,-2.0462,6.187,4.937,2020-01-27 19-52-19
5.93,6.51,6.21,5.5,-2.0462,6.187,5,2020-01-27 19-53-19
6.03,6.25,6.29,5.56,-2.0462,6.187,5,2020-01-27 19-54-19
5.85,6.61,6.43,5.55,-2.0462,6.187,5.062,2020-01-27 19-55-19
6.03,6.97,6.33,5.53,-2.0462,6.187,5.062,2020-01-27 19-56-19
5.95,6.57,6.13,5.49,-2.0462,6.187,5,2020-01-27 19-57-18
6.21,6.69,6.25,5.5,-2.0462,6.187,5,2020-01-27 19-58-19
5.95,6.73,6.21,5.57,-2.0462,6.187,5,2020-01-27 19-59-19
6.13,6.57,6.47,5.56,-2.0462,6.187,5.062,2020-01-27 20-00-19
6.03,6.83,6.39,5.58,-2.0462,6.187,5.062,2020-01-27 20-01-19
6.03,6.29,5.99,5.48,-2.0462,6.187,4.937,2020-01-27 20-02-19
6.13,6.69,6.21,5.46,-2.0462,6.25,4.875,2020-01-27 20-03-19
5.85,6.29,6.29,5.58,-2.0462,6.187,4.937,2020-01-27 20-05-19
6.11,6.25,6.33,5.55,-2.0462,6.25,5,2020-01-27 20-06-18
5.93,6.35,6.35,5.49,-2.0462,6.25,5,2020-01-27 20-07-19
6.03,6.83,6.21,5.58,-2.0462,6.187,5,2020-01-27 20-08-19
5.85,6.17,6.33,5.49,-2.0462,6.187,4.937,2020-01-27 20-09-19
6.29,6.25,6.35,5.54,-2.0462,6.25,4.937,2020-01-27 20-10-19
5.85,6.29,6.13,5.55,-2.0462,6.187,4.937,2020-01-27 20-11-19
5.99,6.35,6.33,5.56,-2.0462,6.187,4.937,2020-01-27 20-12-18
6.03,6.43,6.25,5.62,-2.0462,6.187,5,2020-01-27 20-13-18
5.95,6.25,6.29,5.64,-2.0462,6.187,5.125,2020-01-27 20-14-19
6.07,6.25,6.53,5.59,-2.0462,6.187,5.062,2020-01-27 20-15-19
6.21,6.61,5.93,5.57,-2.0462,6.25,5,2020-01-27 20-16-19
5.85,6.29,6.21,5.5,-2.0462,6.25,5,2020-01-27 20-17-19
5.77,6.35,6.13,5.42,-2.0462,6.187,4.937,2020-01-27 20-18-19
5.73,6.39,5.93,5.45,-2.0462,6.187,4.937,2020-01-27 20-20-19
5.85,6.53,6.33,5.39,-2.0462,6.25,4.937,2020-01-27 20-21-19
5.89,6.17,5.89,5.42,-2.0462,6.187,4.937,2020-01-27 20-22-19
5.99,6.51,5.89,5.44,-2.0462,6.187,4.875,2020-01-27 20-23-19
6.07,6.39,6.07,5.42,-2.0462,6.187,4.875,2020-01-27 20-24-19
5.77,6.25,6.13,5.36,-2.0462,6.187,4.875,2020-01-27 20-25-19
5.85,6.13,6.11,5.38,-2.0462,6.125,4.812,2020-01-27 20-26-18
5.81,6.13,6.11,5.46,-2.0462,6.187,4.875,2020-01-27 20-27-19
5.81,6.29,6.35,5.54,-2.0462,6.187,4.937,2020-01-27 20-28-19
5.81,6.07,5.99,5.62,-2.0462,6.187,5,2020-01-27 20-29-19
5.81,6.07,5.89,5.59,-2.0462,6.187,5.062,2020-01-27 20-30-19
5.99,5.85,6.21,5.58,-2.0462,6.187,5.062,2020-01-27 20-31-19
5.89,6.29,5.77,5.48,-2.0462,6.25,5.062,2020-01-27 20-32-18
6.35,6.07,6.11,5.48,-2.0462,6.25,5,2020-01-27 20-33-19
5.77,6.07,5.89,5.5,-2.0462,6.187,5,2020-01-27 20-34-19
6.03,6.11,5.95,5.46,-2.0462,6.187,5,2020-01-27 20-35-19
5.81,6.25,6.17,5.42,-2.0462,6.187,5,2020-01-27 20-36-19
5.81,5.99,5.81,5.36,-2.0462,6.187,4.937,2020-01-27 20-37-19
5.95,5.95,6.03,5.42,-2.0462,6.187,4.937,2020-01-27 20-38-18
5.73,6.25,6.07,5.44,-2.0462,6.187,4.937,2020-01-27 20-40-19
5.67,6.11,5.85,5.45,-2.0462,6.187,5,2020-01-27 20-41-19
5.85,6.03,6.11,5.42,-2.0462,6.187,5,2020-01-27 20-42-19
5.73,6.03,5.95,5.47,-2.0462,6.187,5,2020-01-27 20-43-19
5.67,6.17,5.95,5.56,-2.0462,6.187,5,2020-01-27 20-44-19
5.67,5.93,6.11,5.5,-2.0462,6.187,5.125,2020-01-27 20-46-19
5.59,5.85,5.89,5.4,-2.0462,6.187,5.062,2020-01-27 20-47-19
5.67,5.93,5.89,5.49,-2.0462,6.187,5,2020-01-27 20-48-19
5.73,6.13,5.93,5.52,-2.0462,6.187,5.062,2020-01-27 20-49-19
5.73,5.77,5.71,5.49,-2.0462,6.187,5,2020-01-27 20-50-19
5.77,5.81,5.95,5.46,-2.0462,6.187,5,2020-01-27 20-51-18
5.67,6.21,6.21,5.44,-2.0462,6.187,5.062,2020-01-27 20-52-19
5.27,5.95,5.81,5.39,-2.0462,6.187,5,2020-01-27 20-53-19
5.77,5.85,5.93,5.44,-2.0462,6.187,5,2020-01-27 20-54-19
5.71,6.17,5.81,5.39,-2.0462,6.187,4.937,2020-01-27 20-55-19
5.93,5.95,5.99,5.4,-2.0462,6.187,5,2020-01-27 20-56-19
5.77,5.95,5.73,5.37,-2.0462,6.187,4.937,2020-01-27 20-57-18
5.77,5.73,6.11,5.42,-2.0462,6.125,4.937,2020-01-27 20-59-19
5.59,5.99,5.67,5.38,-2.0462,6.187,5,2020-01-27 21-01-19
5.27,6.17,5.99,5.25,-2.0462,6.125,4.937,2020-01-27 21-02-19
5.55,5.93,5.77,5.28,-2.0462,6.125,4.875,2020-01-27 21-03-19
5.27,5.93,5.59,5.32,-2.0462,6.125,4.875,2020-01-27 21-04-18
5.41,5.55,5.63,5.33,-2.0462,6.125,4.875,2020-01-27 21-05-19
5.23,5.85,5.63,5.3,-2.0462,6.125,4.937,2020-01-27 21-06-19
5.49,5.93,5.59,5.28,-2.0462,6.125,4.937,2020-01-27 21-07-19
5.63,6.17,5.73,5.31,-2.0462,6.125,4.875,2020-01-27 21-08-19
5.71,5.81,5.99,5.32,-2.0462,6.125,4.937,2020-01-27 21-09-19
5.49,6.13,5.63,5.26,-2.0462,6.125,4.875,2020-01-27 21-10-19
5.71,5.95,5.67,5.34,-2.0462,6.125,4.937,2020-01-27 21-11-19
5.51,5.81,5.81,5.3,-2.0462,6.125,4.937,2020-01-27 21-12-19
5.41,5.95,5.73,5.23,-2.0462,6.125,4.875,2020-01-27 21-13-19
5.27,6.13,5.85,5.24,-2.0462,6.062,4.875,2020-01-27 21-14-19
5.59,6.03,5.85,5.3,-2.0462,6.125,4.937,2020-01-27 21-15-19
5.55,6.21,5.63,5.37,-2.0462,6.062,4.937,2020-01-27 21-16-19
5.45,5.81,5.67,5.34,-2.0462,6.125,5,2020-01-27 21-17-19
5.33,5.73,5.71,5.26,-2.0462,6.125,4.937,2020-01-27 21-18-19
5.63,5.71,5.81,5.2,-2.0462,6.062,4.875,2020-01-27 21-19-19
5.55,5.71,5.81,5.2,-2.0462,6.062,4.812,2020-01-27 21-20-19
5.41,6.03,5.63,5.28,-2.0462,6.062,4.875,2020-01-27 21-21-19
5.51,5.85,5.71,5.18,-2.0462,6.062,4.875,2020-01-27 21-22-19
5.37,5.73,5.55,5.26,-2.0462,6.062,4.875,2020-01-27 21-23-18
5.71,5.85,5.63,5.34,-2.0462,6.125,4.937,2020-01-27 21-25-19
5.67,5.93,6.13,5.35,-2.0462,6.125,5,2020-01-27 21-26-19
5.45,5.73,5.49,5.2,-2.0462,6.062,4.937,2020-01-27 21-27-19
5.55,5.85,5.55,5.22,-2.0462,6.062,4.937,2020-01-27 21-28-19
5.33,5.77,5.49,5.21,-2.0462,6.125,4.937,2020-01-27 21-29-19
5.51,6.11,5.63,5.18,-2.0462,6.062,4.875,2020-01-27 21-30-19
5.51,5.51,5.71,5.1,-2.0462,6.062,4.812,2020-01-27 21-31-19
5.33,5.73,5.55,5.14,-2.0462,6.062,4.75,2020-01-27 21-32-19
5.37,5.77,5.29,5.17,-2.0462,6,4.812,2020-01-27 21-33-19
5.41,5.81,5.73,5.22,-2.0462,6,4.812,2020-01-27 21-34-19
5.23,5.73,5.51,5.13,-2.0462,6,4.812,2020-01-27 21-35-19
5.05,5.85,5.77,5.23,-2.0462,6,4.812,2020-01-27 21-36-18
5.41,5.55,5.15,5.28,-2.0462,6,4.875,2020-01-27 21-37-19
5.59,6.03,5.73,5.35,-2.0462,6,4.937,2020-01-27 21-38-19
5.27,5.73,5.93,5.28,-2.0462,6,4.937,2020-01-27 21-39-19
5.59,6.07,5.51,5.29,-2.0462,6,4.937,2020-01-27 21-40-19
5.49,5.99,5.41,5.32,-2.0462,6,4.937,2020-01-27 21-41-19
5.19,5.93,5.85,5.22,-2.0462,5.937,4.937,2020-01-27 21-42-18
5.23,5.71,5.71,5.13,-2.0462,5.937,4.812,2020-01-27 21-44-19
5.37,5.77,5.59,5.12,-2.0462,6,4.812,2020-01-27 21-45-18
5.59,5.77,5.37,5.14,-2.0462,5.937,4.75,2020-01-27 21-46-19
5.19,5.51,5.45,5.16,-2.0462,5.937,4.812,2020-01-27 21-47-19
5.29,5.81,5.41,5.14,-2.0462,5.937,4.812,2020-01-27 21-48-19
5.29,5.51,5.51,5.11,-2.0462,5.937,4.75,2020-01-27 21-49-18
5.23,5.59,5.45,5.1,-2.0462,5.937,4.75,2020-01-27 21-50-19
5.33,5.59,5.59,5.1,-2.0462,5.937,4.75,2020-01-27 21-51-19
5.23,5.63,5.59,5.08,-2.0462,5.937,4.75,2020-01-27 21-52-19
5.15,5.77,5.15,5.01,-2.0462,5.937,4.687,2020-01-27 21-53-19
5.11,5.63,5.45,4.96,-2.0462,5.875,4.625,2020-01-27 21-54-19
4.93,5.59,5.41,5,-2.0462,5.875,4.687,2020-01-27 21-55-19
5.19,5.55,5.19,5.01,-2.0462,5.875,4.687,2020-01-27 21-56-19
5.49,5.49,5.73,5.01,-2.0462,5.875,4.687,2020-01-27 21-57-19
5.07,5.63,5.51,4.98,-2.0462,5.875,4.687,2020-01-27 21-58-19
5.01,5.59,5.15,4.9,-2.0462,5.875,4.562,2020-01-27 21-59-19
5.29,5.63,5.49,4.8,-2.0462,5.812,4.5,2020-01-27 22-00-19
5.01,5.11,5.37,4.76,-2.0462,5.812,4.437,2020-01-27 22-01-19
4.89,5.49,4.97,4.8,-2.0462,5.812,4.437,2020-01-27 22-02-19
4.89,5.33,4.97,4.6,-2.0462,5.75,4.312,2020-01-27 22-03-19
5.01,5.33,5.27,4.68,-2.0462,5.75,4.25,2020-01-27 22-04-19
4.79,5.59,5.45,4.93,-2.0462,5.687,4.5,2020-01-27 22-05-19
4.93,5.27,5.33,5.02,-2.0462,5.687,4.625,2020-01-27 22-06-19
5.05,5.37,5.27,4.93,-2.0462,5.75,4.625,2020-01-27 22-07-18
4.71,5.33,5.05,4.74,-2.0462,5.75,4.5,2020-01-27 22-08-18
4.79,5.27,5.37,4.63,-2.0462,5.687,4.312,2020-01-27 22-09-19
4.45,5.37,5.01,4.52,-2.0462,5.687,4.187,2020-01-27 22-10-18
4.45,5.11,5.15,4.4,-2.0462,5.625,4.062,2020-01-27 22-11-19
4.85,5.19,4.75,4.41,-2.0462,5.625,4,2020-01-27 22-12-19
4.63,5.27,5.05,4.46,-2.0462,5.562,4.062,2020-01-27 22-13-19
4.75,5.37,5.27,4.48,-2.0462,5.562,4.062,2020-01-27 22-14-19
4.67,4.85,4.93,4.38,-2.0462,5.562,4.062,2020-01-27 22-15-19
4.53,4.89,5.05,4.34,-2.0462,5.5,4,2020-01-27 22-16-19
4.11,5.01,5.01,4.36,-2.0462,5.437,3.937,2020-01-27 22-17-19
4.49,5.37,5.01,4.33,-2.0462,5.437,3.937,2020-01-27 22-18-19
4.57,5.27,4.71,4.34,-2.0462,5.437,3.937,2020-01-27 22-19-19
4.59,5.41,5.11,4.36,-2.0462,5.437,3.937,2020-01-27 22-20-19
4.53,5.19,4.85,4.42,-2.0462,5.375,3.937,2020-01-27 22-22-19
4.57,4.89,4.93,4.42,-2.0462,5.312,4,2020-01-27 22-23-19
4.57,5.27,4.97,4.39,-2.0462,5.312,3.937,2020-01-27 22-24-19
4.57,5.15,4.81,4.42,-2.0462,5.312,3.937,2020-01-27 22-25-19
4.45,5.15,5.07,4.4,-2.0462,5.312,3.937,2020-01-27 22-26-19
4.59,4.71,4.79,4.38,-2.0462,5.312,3.937,2020-01-27 22-27-18
4.49,4.81,4.79,4.42,-2.0462,5.312,3.937,2020-01-27 22-28-19
4.45,4.97,4.81,4.4,-2.0462,5.312,3.937,2020-01-27 22-29-19
4.79,5.33,4.79,4.36,-2.0462,5.312,3.937,2020-01-27 22-30-19
4.79,4.93,4.93,4.33,-2.0462,5.312,3.875,2020-01-27 22-31-19
4.67,5.05,4.81,4.29,-2.0462,5.25,3.812,2020-01-27 22-32-19
5.01,5.05,5.05,4.27,-2.0462,5.25,3.812,2020-01-27 22-33-19
4.41,4.97,4.49,4.26,-2.0462,5.25,3.812,2020-01-27 22-34-18
4.85,4.75,4.79,4.24,-2.0462,5.25,3.812,2020-01-27 22-35-19
4.41,5.01,4.75,4.24,-2.0462,5.187,3.75,2020-01-27 22-36-19
4.33,5.01,4.79,4.18,-2.0462,5.25,3.75,2020-01-27 22-37-19
4.11,4.75,4.75,4.13,-2.0462,5.125,3.687,2020-01-27 22-38-19
4.45,4.89,4.59,4.14,-2.0462,5.125,3.687,2020-01-27 22-39-19
4.53,4.79,4.75,4.12,-2.0462,5.125,3.687,2020-01-27 22-40-19
4.19,4.79,4.71,4.12,-2.0462,5.062,3.687,2020-01-27 22-41-19
4.33,4.81,4.41,4.11,-2.0462,5.062,3.687,2020-01-27 22-42-19
4.49,4.59,4.79,4.14,-2.0462,5.062,3.687,2020-01-27 22-43-19
4.49,4.79,4.41,4.14,-2.0462,5.062,3.687,2020-01-27 22-44-19
4.45,4.53,4.79,4.11,-2.0462,5,3.687,2020-01-27 22-45-19
4.45,4.89,4.81,4.08,-2.0462,5,3.687,2020-01-27 22-46-18
4.41,4.85,4.45,3.98,-2.0462,5,3.562,2020-01-27 22-47-19
4.31,4.85,4.53,3.94,-2.0462,5,3.5,2020-01-27 22-48-19
4.27,4.79,4.41,3.9,-2.0462,5,3.437,2020-01-27 22-49-19
3.97,4.57,4.37,3.9,-2.0462,4.937,3.437,2020-01-27 22-50-19
4.37,4.75,4.23,3.93,-2.0462,4.937,3.437,2020-01-27 22-51-19
4.19,4.41,4.33,3.97,-2.0462,4.937,3.5,2020-01-27 22-52-18
4.23,4.63,4.53,3.98,-2.0462,4.875,3.562,2020-01-27 22-53-18
4.23,4.67,4.19,4,-2.0462,4.875,3.562,2020-01-27 22-54-19
4.05,4.33,4.31,4,-2.0462,4.875,3.562,2020-01-27 22-55-19
4.37,4.57,4.33,3.94,-2.0462,4.875,3.562,2020-01-27 22-56-19
4.45,4.89,4.23,3.88,-2.0462,4.812,3.5,2020-01-27 22-57-19
4.01,4.67,4.41,3.88,-2.0462,4.812,3.437,2020-01-27 22-58-19
3.93,4.79,4.31,3.84,-2.0462,4.812,3.437,2020-01-27 22-59-18
3.81,4.57,4.57,3.86,-2.0462,4.75,3.437,2020-01-27 23-00-18
3.97,4.15,4.45,3.84,-2.0462,4.812,3.375,2020-01-27 23-01-18
4.23,4.53,4.01,3.82,-2.0462,4.812,3.437,2020-01-27 23-02-19
3.85,4.37,4.45,3.78,-2.0462,4.75,3.375,2020-01-27 23-03-19
4.31,4.37,4.41,3.85,-2.0462,4.75,3.437,2020-01-27 23-05-19
4.23,4.57,4.33,3.9,-2.0462,4.75,3.5,2020-01-27 23-06-18
4.23,4.31,4.27,3.91,-2.0462,4.687,3.5,2020-01-27 23-07-19
4.19,4.15,4.37,3.86,-2.0462,4.687,3.437,2020-01-27 23-08-19
4.01,4.49,4.57,3.82,-2.0462,4.687,3.437,2020-01-27 23-09-19
4.45,4.67,4.37,3.86,-2.0462,4.687,3.437,2020-01-27 23-10-19
4.07,4.45,4.23,3.84,-2.0462,4.687,3.437,2020-01-27 23-11-19
3.93,4.45,4.19,3.88,-2.0462,4.75,3.437,2020-01-27 23-12-18
4.19,4.57,4.41,3.84,-2.0462,4.75,3.437,2020-01-27 23-14-19
4.05,4.37,4.19,3.85,-2.0462,4.75,3.437,2020-01-27 23-15-19
3.97,4.53,4.23,3.88,-2.0462,4.75,3.437,2020-01-27 23-16-19
4.01,4.53,4.05,3.84,-2.0462,4.75,3.437,2020-01-27 23-17-19
4.15,4.41,4.19,3.81,-2.0462,4.75,3.437,2020-01-27 23-18-18
3.71,4.45,4.37,3.82,-2.0462,4.687,3.375,2020-01-27 23-20-19
4.11,4.57,4.27,3.82,-2.0462,4.75,3.375,2020-01-27 23-21-19
4.37,4.63,4.33,3.8,-2.0462,4.75,3.375,2020-01-27 23-22-19
3.71,4.45,4.07,3.86,-2.0462,4.75,3.437,2020-01-27 23-23-19
4.27,4.57,4.23,3.82,-2.0462,4.812,3.437,2020-01-27 23-24-19
3.89,4.85,4.27,3.8,-2.0462,4.812,3.375,2020-01-27 23-25-18
4.11,4.33,4.33,3.9,-2.0462,4.812,3.437,2020-01-27 23-26-19
3.97,4.57,4.45,3.92,-2.0462,4.812,3.5,2020-01-27 23-27-19
4.37,4.89,4.33,3.9,-2.0462,4.812,3.562,2020-01-27 23-28-19
4.27,4.49,4.27,3.82,-2.0462,4.812,3.437,2020-01-27 23-29-19
4.11,4.79,4.05,3.86,-2.0462,4.812,3.437,2020-01-27 23-30-19
4.07,4.57,4.15,3.93,-2.0462,4.875,3.562,2020-01-27 23-31-18
4.15,4.33,4.27,3.98,-2.0462,4.875,3.562,2020-01-27 23-32-19
4.23,4.59,4.49,4,-2.0462,4.875,3.625,2020-01-27 23-33-19
4.33,4.67,4.27,4.02,-2.0462,4.875,3.625,2020-01-27 23-34-19
4.27,4.63,4.19,3.99,-2.0462,4.875,3.625,2020-01-27 23-35-19
4.41,4.49,4.31,3.99,-2.0462,4.875,3.625,2020-01-27 23-36-19
4.19,4.57,4.45,3.94,-2.0462,4.875,3.562,2020-01-27 23-37-18
3.97,4.49,4.15,3.86,-2.0462,4.875,3.5,2020-01-27 23-39-19
3.85,4.75,4.67,3.85,-2.0462,4.812,3.5,2020-01-27 23-40-19
3.71,4.27,4.23,3.9,-2.0462,4.875,3.5,2020-01-27 23-41-19
3.79,4.53,4.15,3.86,-2.0462,4.875,3.5,2020-01-27 23-42-19
4.07,4.75,4.15,3.9,-2.0462,4.812,3.5,2020-01-27 23-43-19
4.01,4.31,4.37,3.86,-2.0462,4.812,3.5,2020-01-27 23-44-18
4.23,4.45,4.45,3.87,-2.0462,4.812,3.5,2020-01-27 23-45-19
4.11,4.41,4.31,3.88,-2.0462,4.812,3.5,2020-01-27 23-46-19
3.89,4.15,4.57,3.87,-2.0462,4.812,3.5,2020-01-27 23-47-19
4.11,4.45,4.23,3.84,-2.0462,4.812,3.437,2020-01-27 23-48-19
3.85,4.63,4.05,3.8,-2.0462,4.812,3.437,2020-01-27 23-49-19
3.85,4.67,4.05,3.8,-2.0462,4.812,3.5,2020-01-27 23-50-19
3.75,4.89,4.37,3.87,-2.0462,4.75,3.5,2020-01-27 23-52-19
4.19,4.27,4.31,3.89,-2.0462,4.75,3.5,2020-01-27 23-53-19
4.07,4.41,4.31,3.82,-2.0462,4.75,3.5,2020-01-27 23-54-19
4.41,4.75,4.05,3.85,-2.0462,4.75,3.437,2020-01-27 23-55-19
3.97,4.27,4.31,3.82,-2.0462,4.75,3.5,2020-01-27 23-56-19
3.81,4.53,4.01,3.84,-2.0462,4.687,3.5,2020-01-27 23-58-19
4.05,4.53,3.93,3.86,-2.0462,4.687,3.5,2020-01-27 23-59-19
