time,TempPlant3,TempPlant5,TempPlant6,Air_temp_loc,Humedity,air_temp,Ambient_1
2020-03-04T07:05:00.0,8.65,8.83,8.75,4.78,84.6531657805,5.625,3.562
2020-03-04T07:06:00.0,,,,,,,
2020-03-04T07:07:00.0,7.65,7.29,7.65,4.68,85.49684354050001,5.687,3.375
2020-03-04T07:08:00.0,7.09,6.87,7.01,4.66,85.6652344645,5.687,3.375
2020-03-04T07:09:00.0,7.05,6.87,6.65,4.64,85.8335105125,5.687,3.375
2020-03-04T07:10:00.0,6.57,6.73,6.97,4.66,85.7213392445,5.687,3.437
2020-03-04T07:11:00.0,6.17,6.57,6.73,4.68,85.7213392445,5.687,3.5
2020-03-04T07:12:00.0,6.21,6.47,6.57,4.6,85.917605458,5.75,3.5
2020-03-04T07:13:00.0,5.71,6.17,6.21,4.56,85.9456307245,5.75,3.562
2020-03-04T07:14:00.0,5.67,6.11,6.11,4.56,85.9456307245,5.75,3.5
2020-03-04T07:15:00.0,5.71,5.95,5.89,4.55,86.141718242,5.75,3.5
2020-03-04T07:16:00.0,5.59,5.77,6.11,4.5,86.16971798050001,5.75,3.5
2020-03-04T07:17:00.0,5.33,5.71,5.77,4.48,86.25369805,5.75,3.437
2020-03-04T07:18:00.0,5.59,5.55,5.23,4.51,85.63717728800002,5.687,3.5
2020-03-04T07:19:00.0,5.01,5.71,5.15,4.55,85.5529866125,5.687,3.625
2020-03-04T07:20:00.0,5.59,5.11,5.37,4.58,85.24404176200001,5.625,3.625
2020-03-04T07:21:00.0,4.93,5.19,5.01,4.64,84.624993728,5.562,3.75
2020-03-04T07:22:00.0,5.29,5.37,5.33,4.69,83.97615580450001,5.562,3.812
2020-03-04T07:23:00.0,5.07,5.19,5.15,4.68,84.624993728,5.5,3.875
2020-03-04T07:24:00.0,5.23,5.05,4.85,4.68,84.9909815125,5.437,3.812
2020-03-04T07:25:00.0,4.85,5.27,5.37,4.66,85.04723946050001,5.437,3.812
2020-03-04T07:26:00.0,5.15,4.85,4.81,4.76,83.12730862450002,5.437,3.812
2020-03-04T07:27:00.0,5.11,5.07,5.19,4.82,83.29730781250001,5.375,3.937
2020-03-04T07:28:00.0,5.49,5.19,4.67,4.82,81.8201650805,5.375,4
2020-03-04T07:29:00.0,5.23,5.27,4.85,5.06,79.329497282,5.375,4.25
2020-03-04T07:30:00.0,5.37,5.71,5.27,5.1,79.78936361800001,5.375,4.375
2020-03-04T07:31:00.0,5.19,5.27,5.27,5.16,79.502042888,5.375,4.437
2020-03-04T07:32:00.0,5.23,5.55,5.05,5.2,79.3582628605,5.375,4.437
2020-03-04T07:33:00.0,5.37,5.41,5.01,5.28,79.5882726125,5.437,4.437
2020-03-04T07:34:00.0,5.33,5.45,5.45,5.22,80.248413058,5.437,4.437
2020-03-04T07:35:00.0,5.33,5.41,5.37,5.17,81.22118076800001,5.437,4.375
2020-03-04T07:36:00.0,5.23,5.27,5.59,5.18,81.76317958450001,5.437,4.25
2020-03-04T07:37:00.0,5.23,5.49,5.07,5.18,80.90686546450002,5.5,4.187
2020-03-04T07:38:00.0,5.07,5.49,5.11,5.29,78.89763068450002,5.5,4.375
2020-03-04T07:39:00.0,5.41,5.59,5.11,5.36,78.49390742050001,5.5,4.437
2020-03-04T07:40:00.0,5.15,5.23,5.15,5.26,79.67447361800001,5.5,4.375
2020-03-04T07:41:00.0,5.37,5.73,5.41,5.31,79.73192500000002,5.5,4.375
2020-03-04T07:42:00.0,5.49,5.81,5.37,5.35,79.8180781405,5.562,4.312
2020-03-04T07:43:00.0,5.85,5.93,5.51,5.49,78.46504611200001,5.562,4.375
2020-03-04T07:44:00.0,5.81,5.93,5.41,5.58,77.887149832,5.625,4.437
2020-03-04T07:45:00.0,5.71,6.07,5.37,5.66,78.55162046450002,5.625,4.5
2020-03-04T07:46:00.0,5.59,5.71,5.55,5.64,79.01286531250001,5.687,4.5
2020-03-04T07:47:00.0,5.41,5.99,5.63,5.68,77.91607496050001,5.687,4.5
2020-03-04T07:48:00.0,5.71,5.73,5.49,5.72,75.504430322,5.687,4.625
2020-03-04T07:49:00.0,5.59,5.67,5.41,5.6,76.6984721125,5.687,4.625
2020-03-04T07:50:00.0,5.99,5.99,5.19,5.54,77.249989682,5.687,4.625
2020-03-04T07:51:00.0,5.95,6.03,5.77,5.6,77.80035530050002,5.687,4.562
2020-03-04T07:52:00.0,5.89,5.93,5.67,5.67,77.85822151250001,5.687,4.562
2020-03-04T07:53:00.0,5.77,5.89,5.11,5.73,78.55162046450002,5.687,4.625
2020-03-04T07:54:00.0,5.63,5.95,5.23,5.71,78.95525438050001,5.687,4.562
2020-03-04T07:55:00.0,5.71,5.93,6.07,5.8,78.60932074450001,5.687,4.625
2020-03-04T07:56:00.0,5.85,5.85,6.03,5.86,79.41578444450002,5.75,4.625
2020-03-04T07:57:00.0,5.99,5.99,6.03,5.83,79.8180781405,5.75,4.625
2020-03-04T07:58:00.0,5.59,5.85,5.37,5.86,79.87549761250001,5.75,4.625
2020-03-04T07:59:00.0,5.99,6.29,5.49,5.93,78.811171208,5.75,4.625
2020-03-04T08:00:00.0,6.07,6.25,6.21,6.08,78.14736111250001,5.812,4.75
2020-03-04T08:01:00.0,6.29,6.03,5.93,6.16,75.59198112050001,5.812,4.812
2020-03-04T08:02:00.0,6.07,6.11,6.03,6.37,74.65662531250001,5.875,4.812
2020-03-04T08:03:00.0,6.61,6.21,5.99,6.41,75.7669965605,5.937,5.062
2020-03-04T08:04:00.0,6.11,6.33,5.85,6.24,77.3369661005,6,4.937
2020-03-04T08:05:00.0,,,,,,,
2020-03-04T08:06:00.0,6.51,5.99,6.21,6.3,76.72752807200001,6.062,4.812
2020-03-04T08:07:00.0,6.39,5.89,5.81,6.31,76.7565808405,6.062,4.812
2020-03-04T08:08:00.0,6.07,5.63,5.89,6.26,76.6984721125,6.062,4.812
2020-03-04T08:09:00.0,6.33,6.21,6.13,6.31,76.93083044050002,6.062,4.812
2020-03-04T08:10:00.0,6.21,6.11,6.43,6.28,77.71353205000001,6.125,4.812
2020-03-04T08:11:00.0,6.61,6.17,5.73,6.3,77.27898501250002,6.062,4.75
2020-03-04T08:12:00.0,6.43,6.29,5.95,6.35,77.249989682,6.125,4.75
2020-03-04T08:13:00.0,6.53,6.35,6.11,6.35,77.39493442450001,6.125,4.75
2020-03-04T08:14:00.0,6.57,6.25,6.29,6.48,76.40773701250001,6.125,4.75
2020-03-04T08:15:00.0,7.15,6.35,6.69,6.6,76.17491918050001,6.187,4.875
2020-03-04T08:16:00.0,6.73,6.73,6.25,6.7,75.621158338,6.25,4.875
2020-03-04T08:17:00.0,6.83,6.83,6.33,6.68,76.17491918050001,6.25,4.875
2020-03-04T08:18:00.0,6.93,6.91,6.69,6.74,76.2622498,6.312,4.937
2020-03-04T08:19:00.0,7.33,6.61,6.83,6.88,76.08755984200002,6.375,4.937
2020-03-04T08:20:00.0,7.33,6.97,6.83,6.91,76.1166828125,6.375,4.937
2020-03-04T08:21:00.0,7.19,7.33,7.09,6.91,76.20403257800001,6.437,4.875
2020-03-04T08:22:00.0,7.55,7.41,6.91,7.1,75.53361711250001,6.5,4.875
2020-03-04T08:23:00.0,7.61,7.11,6.93,7.27,74.68590464200001,6.562,5
2020-03-04T08:24:00.0,7.91,7.37,7.11,7.24,74.80299005,6.562,5
2020-03-04T08:25:00.0,8.27,7.73,7.59,7.42,74.80299005,6.625,5.062
2020-03-04T08:26:00.0,8.05,7.37,7.11,7.42,73.89424270450002,6.75,5.062
2020-03-04T08:27:00.0,8.13,7.55,7.37,7.54,73.57104684800001,6.812,5.125
2020-03-04T08:28:00.0,8.13,7.97,7.87,7.55,73.39459545800001,6.875,5.125
2020-03-04T08:29:00.0,8.19,7.73,7.29,7.64,73.4240120005,6.937,5.187
2020-03-04T08:30:00.0,7.91,7.59,7.41,7.64,72.333474722,7,5.187
2020-03-04T08:31:00.0,8.09,7.73,8.23,7.78,71.801363528,7,5.25
2020-03-04T08:32:00.0,8.29,8.01,7.83,7.82,70.73403948800001,7.062,5.25
2020-03-04T08:33:00.0,8.47,8.47,8.05,7.84,71.5645378,7.125,5.5
2020-03-04T08:34:00.0,8.05,7.33,6.93,7.78,71.71257781250002,7.187,5.437
2020-03-04T08:35:00.0,8.33,7.77,8.01,7.7,72.5991426125,7.25,5.375
2020-03-04T08:36:00.0,8.59,7.79,7.87,7.76,72.95296440050001,7.25,5.312
2020-03-04T08:37:00.0,,,,,,,
2020-03-04T08:38:00.0,,,,,,,
2020-03-04T08:39:00.0,8.37,7.79,7.83,7.52,71.53492022450001,7.312,5.375
2020-03-04T08:40:00.0,8.41,7.77,8.05,7.52,72.1266654445,7.312,5.437
2020-03-04T08:41:00.0,8.19,7.55,7.23,7.36,73.6592294645,7.25,5.375
2020-03-04T08:42:00.0,8.15,7.51,7.69,7.32,74.48088232450002,7.25,5.187
2020-03-04T08:43:00.0,8.09,7.51,7.27,7.57,74.5101808,7.25,5.125
2020-03-04T08:44:00.0,8.41,7.19,7.51,7.77,72.628645312,7.312,5.125
2020-03-04T08:45:00.0,8.83,8.37,8.09,7.8,71.53492022450001,7.312,5.312
2020-03-04T08:46:00.0,8.79,8.55,7.97,7.68,71.59415218450002,7.312,5.375
2020-03-04T08:47:00.0,8.59,8.47,8.15,7.76,70.37734580000001,7.375,5.437
2020-03-04T08:48:00.0,8.87,8.55,8.29,7.84,69.60293312200001,7.375,5.562
2020-03-04T08:49:00.0,8.65,7.73,8.13,8.01,72.03798503200001,7.437,5.625
2020-03-04T08:50:00.0,8.55,7.69,7.69,7.61,73.0118900245,7.437,5.437
2020-03-04T08:51:00.0,8.41,7.91,8.01,7.46,73.89424270450002,7.437,5.312
2020-03-04T08:52:00.0,8.41,7.79,7.77,7.5,74.01167274050002,7.437,5.375
2020-03-04T08:53:00.0,8.59,8.09,7.73,7.52,73.7767616125,7.437,5.375
2020-03-04T08:54:00.0,8.93,8.69,8.09,7.6,73.5416462605,7.437,5.437
2020-03-04T08:55:00.0,9.03,8.93,8.55,7.84,73.15914824200001,7.437,5.437
2020-03-04T08:56:00.0,9.63,9.21,9.29,8.26,73.89424270450002,7.5,5.562
2020-03-04T08:57:00.0,9.47,9.43,9.53,8.56,71.59415218450002,7.562,5.687
2020-03-04T08:58:00.0,9.39,8.79,8.89,8.6,70.3476005845,7.687,5.687
2020-03-04T08:59:00.0,9.61,9.01,8.89,8.42,69.75202616450001,7.75,5.687
2020-03-04T09:00:00.0,9.29,8.83,8.69,8.48,69.6923985205,7.812,5.687
2020-03-04T09:01:00.0,9.85,9.11,8.87,8.65,68.766537842,7.875,5.75
2020-03-04T09:02:00.0,10.19,9.35,9.53,8.78,68.7964521805,7.937,5.75
2020-03-04T09:03:00.0,10.55,9.91,9.49,8.88,68.407316882,8,5.875
2020-03-04T09:04:00.0,9.91,9.85,9.39,8.88,68.0176423045,8.125,5.937
2020-03-04T09:05:00.0,9.71,9.77,9.35,9.08,67.567347682,8.125,5.937
2020-03-04T09:06:00.0,11.07,9.77,9.81,9.38,66.15177524450002,8.25,5.937
2020-03-04T09:07:00.0,9.85,9.75,9.63,9.74,66.93572901250002,8.375,6
2020-03-04T09:08:00.0,10.05,9.85,10.13,9.92,66.6947422205,8.5,6
2020-03-04T09:09:00.0,10.13,9.91,9.91,10.04,65.456479552,8.687,6
2020-03-04T09:10:00.0,10.31,9.77,9.35,9.78,64.9718,8.75,6
2020-03-04T09:11:00.0,10.27,10.23,9.53,9.28,65.18394782050001,8.812,6
2020-03-04T09:12:00.0,10.13,9.61,9.35,8.92,66.9959438005,8.812,6
2020-03-04T09:13:00.0,9.91,9.03,9.01,8.64,67.4772026005,8.75,5.875
2020-03-04T09:14:00.0,9.75,8.61,8.61,8.66,67.6574640445,8.75,5.812
2020-03-04T09:15:00.0,9.85,8.47,8.79,8.72,67.50725415200002,8.687,5.812
2020-03-04T09:16:00.0,9.77,8.29,8.69,8.72,67.68749645,8.687,5.75
2020-03-04T09:17:00.0,10.05,8.47,8.65,8.56,68.3773610605,8.625,5.687
2020-03-04T09:18:00.0,9.81,8.87,8.47,8.47,68.646848578,8.625,5.687
2020-03-04T09:19:00.0,9.71,8.83,8.83,8.41,68.706699592,8.562,5.687
2020-03-04T09:20:00.0,9.95,8.89,8.87,8.48,68.73662031250001,8.562,5.625
2020-03-04T09:21:00.0,9.75,8.69,8.65,8.44,68.52710825800001,8.562,5.625
2020-03-04T09:22:00.0,9.21,8.13,8.37,8.18,68.52710825800001,8.5,5.625
2020-03-04T09:23:00.0,9.49,8.45,8.23,8.06,69.21491786450001,8.437,5.5
2020-03-04T09:24:00.0,9.35,8.71,9.07,8.08,70.16906228050001,8.375,5.562
2020-03-04T09:25:00.0,9.39,8.87,8.61,8,69.72221393800001,8.312,5.562
2020-03-04T09:26:00.0,9.61,8.87,9.01,8.1,69.8116410445,8.312,5.625
2020-03-04T09:27:00.0,,,,,,,
2020-03-04T09:28:00.0,9.81,8.45,8.83,8.19,68.52710825800001,8.187,5.562
2020-03-04T09:29:00.0,9.29,8.69,8.79,8.25,67.71752566450002,8.187,5.562
2020-03-04T09:30:00.0,9.81,8.55,8.83,8.46,67.2366753125,8.187,5.625
2020-03-04T09:31:00.0,9.99,9.57,9.43,8.66,66.15177524450002,8.187,5.687
2020-03-04T09:32:00.0,10.33,9.35,9.19,8.58,65.69851299200002,8.25,5.687
2020-03-04T09:33:00.0,10.43,9.63,9.21,8.57,65.0021164045,8.25,5.812
2020-03-04T09:34:00.0,10.57,9.63,9.57,8.86,66.1819672,8.312,5.875
2020-03-04T09:35:00.0,10.19,9.53,9.49,8.85,63.7565272,8.312,5.875
2020-03-04T09:36:00.0,10.65,10.17,10.13,9.18,65.18394782050001,8.375,5.875
2020-03-04T09:37:00.0,10.57,10.17,9.91,9.08,63.878284232,8.437,5.937
2020-03-04T09:38:00.0,10.65,10.47,9.57,8.9,64.6381089445,8.5,6
2020-03-04T09:39:00.0,10.71,10.17,9.25,8.76,64.2128528125,8.5,6
2020-03-04T09:40:00.0,10.79,10.19,9.99,8.86,63.93914360200001,8.5,6
2020-03-04T09:41:00.0,10.79,10.55,9.89,8.94,64.0912361845,8.562,5.937
2020-03-04T09:42:00.0,10.65,10.69,10.17,9.16,63.146976200000005,8.625,5.937
2020-03-04T09:43:00.0,11.37,10.71,10.57,9.39,62.291460448,8.625,6.062
2020-03-04T09:44:00.0,10.65,10.47,10.37,9.38,62.138426520500005,8.687,6.125
2020-03-04T09:45:00.0,10.85,10.61,9.75,9.26,62.811179084500004,8.75,6.125
2020-03-04T09:46:00.0,10.51,9.81,9.33,9.06,61.64818186450001,8.75,6.062
2020-03-04T09:47:00.0,10.43,10.05,9.35,8.72,62.291460448,8.75,5.937
2020-03-04T09:48:00.0,10.71,9.81,9.43,8.68,63.055433460500005,8.687,5.875
2020-03-04T09:49:00.0,11.03,10.57,10.13,9.07,63.390949768000006,8.625,5.875
2020-03-04T09:50:00.0,10.85,10.23,10.31,9.18,62.260860044500006,8.687,5.812
2020-03-04T09:51:00.0,10.93,10.47,10.23,9.13,61.0342272845,8.687,5.812
2020-03-04T09:52:00.0,11.13,10.43,10.41,9.6,61.5868438445,8.812,5.812
2020-03-04T09:53:00.0,10.65,10.09,9.43,9.5,59.80248892450001,8.875,5.875
2020-03-04T09:54:00.0,11.37,10.61,10.41,9.46,59.555528580499995,8.937,5.875
2020-03-04T09:55:00.0,10.89,10.47,9.57,9.46,60.6960082,9,5.937
2020-03-04T09:56:00.0,12.33,12.17,11.61,10.38,60.63447233800001,9.062,5.875
2020-03-04T09:57:00.0,11.27,12.19,11.23,11.47,59.33927075200001,9.25,5.937
2020-03-04T09:58:00.0,12.19,12.33,11.13,11.14,57.479218312,9.5,5.937
2020-03-04T09:59:00.0,10.85,11.33,10.51,10.84,55.982905288000005,9.687,6
2020-03-04T10:00:00.0,11.61,11.67,10.93,10.74,56.326459724500005,9.812,6
2020-03-04T10:01:00.0,11.17,11.51,10.69,10.7,57.32369540450001,9.812,6.062
2020-03-04T10:02:00.0,11.89,12.03,11.27,11.52,57.29258125000001,10.062,6.062
2020-03-04T10:03:00.0,12.97,12.57,11.51,12.47,54.8872087805,10.375,6.187
2020-03-04T10:04:00.0,12.81,11.55,10.93,12.82,54.667600402000005,10.625,6.187
2020-03-04T10:05:00.0,13.39,11.27,11.17,13.62,52.6209128045,10.937,6.375
2020-03-04T10:06:00.0,13.15,11.81,11.79,13.16,51.70342592800001,11.187,6.312
2020-03-04T10:07:00.0,12.37,10.33,10.37,11.74,53.22056980000001,11.437,6.375
2020-03-04T10:08:00.0,12.09,9.43,9.85,10.7,57.821087900500004,11.312,6.187
2020-03-04T10:09:00.0,10.71,9.35,9.49,10.18,58.286651458,11.25,6.125
2020-03-04T10:10:00.0,11.23,10.05,10.41,10.02,61.249256578,11.062,6.062
2020-03-04T10:11:00.0,12.71,10.61,10.09,10.46,60.51136232200001,10.937,6.187
2020-03-04T10:12:00.0,12.29,10.13,10.05,10.8,61.12640184200001,10.937,6.312
2020-03-04T10:13:00.0,11.57,9.95,9.77,10.56,61.801471072000005,10.937,6.25
2020-03-04T10:14:00.0,11.23,9.49,9.49,10.22,63.055433460500005,10.875,6.187
2020-03-04T10:15:00.0,11.89,9.57,9.47,10.2,64.243248992,10.812,6
2020-03-04T10:16:00.0,12.95,11.23,11.09,11.57,62.10781016200001,10.75,6
2020-03-04T10:17:00.0,12.27,9.95,10.23,11.11,60.819041632,10.875,6
2020-03-04T10:18:00.0,12.39,10.31,10.61,11.51,61.0342272845,10.937,5.875
2020-03-04T10:19:00.0,13.27,10.85,11.03,12.51,58.286651458,11.125,5.875
2020-03-04T10:20:00.0,13.15,10.41,10.71,12.38,58.41068048200001,11.312,6.062
2020-03-04T10:21:00.0,11.75,9.29,9.89,11.38,59.493756584500005,11.437,6.062
2020-03-04T10:22:00.0,11.79,9.19,10.05,10.8,61.4641295125,11.375,5.812
2020-03-04T10:23:00.0,11.51,9.33,9.81,10.33,63.055433460500005,11.25,5.75
2020-03-04T10:24:00.0,11.61,9.03,8.83,10.37,63.57379592200001,11.125,5.75
2020-03-04T10:25:00.0,10.93,9.01,9.11,10.03,63.78697124450001,11,5.687
2020-03-04T10:26:00.0,,,,,,,
2020-03-04T10:27:00.0,10.83,9.21,9.35,9.84,65.335386248,10.75,5.562
2020-03-04T10:28:00.0,11.31,9.39,9.85,9.86,65.4262110125,10.625,5.562
2020-03-04T10:29:00.0,10.93,9.07,9.43,9.81,66.000767602,10.562,5.625
2020-03-04T10:30:00.0,10.99,9.21,9.19,9.5,66.39322154050001,10.437,5.5
2020-03-04T10:31:00.0,11.47,9.53,10.05,10.18,67.08624205000001,10.375,5.5
2020-03-04T10:32:00.0,11.33,9.43,9.67,10.14,65.27482045,10.375,5.5
2020-03-04T10:33:00.0,11.51,9.03,9.35,9.94,65.9101247245,10.375,5.5
2020-03-04T10:34:00.0,10.83,8.83,8.87,10.04,66.39322154050001,10.312,5.437
2020-03-04T10:35:00.0,10.95,9.29,9.25,9.97,65.87990405000001,10.312,5.437
2020-03-04T10:36:00.0,10.95,9.81,9.53,9.99,66.242341538,10.312,5.437
2020-03-04T10:37:00.0,11.33,9.47,9.89,10.18,65.97055650050001,10.25,5.375
2020-03-04T10:38:00.0,11.55,10.05,10.05,10.6,66.000767602,10.25,5.375
2020-03-04T10:39:00.0,,,,,,,
2020-03-04T10:40:00.0,11.45,9.71,9.75,10.55,64.51667101250001,10.375,5.437
2020-03-04T10:41:00.0,11.61,9.95,10.05,10.02,65.1233501125,10.375,5.437
2020-03-04T10:42:00.0,11.65,10.41,10.33,10.11,66.363051922,10.312,5.437
2020-03-04T10:43:00.0,13.39,10.89,11.13,11.54,64.7594958205,10.312,5.5
2020-03-04T10:44:00.0,12.61,10.65,10.79,11.54,62.597288978,10.5,5.625
2020-03-04T10:45:00.0,,,,,,,
2020-03-04T10:46:00.0,13.91,11.75,12.05,12.71,59.12285656450001,10.875,5.875
2020-03-04T10:47:00.0,14.01,12.17,12.13,13.09,58.10051219200001,11.125,6.125
2020-03-04T10:48:00.0,13.49,11.17,10.95,13.06,57.199219640500004,11.375,6.312
2020-03-04T10:49:00.0,13.25,11.03,10.61,13.24,56.981264200000005,11.562,6.312
2020-03-04T10:50:00.0,13.05,10.85,10.95,12.76,55.982905288000005,11.687,6.25
2020-03-04T10:51:00.0,12.33,10.33,10.79,12.15,57.54140513800001,11.812,6.125
2020-03-04T10:52:00.0,13.81,11.13,11.47,13.34,57.26146390450001,11.812,6.062
2020-03-04T10:53:00.0,13.31,11.37,11.89,13.34,53.031328882000004,12.062,6.187
2020-03-04T10:54:00.0,13.07,11.17,10.79,12.96,54.79311005000001,12.187,6.25
2020-03-04T10:55:00.0,12.67,10.47,10.93,12.18,55.231991752000006,12.25,6.25
2020-03-04T10:56:00.0,12.33,9.81,10.37,12.28,56.981264200000005,12.25,6.187
2020-03-04T10:57:00.0,11.57,9.85,10.27,11.18,57.074692820500005,12.125,6.125
2020-03-04T10:58:00.0,,,,,,,
2020-03-04T10:59:00.0,11.79,10.95,10.27,10.48,58.84438,11.75,5.937
2020-03-04T11:00:00.0,12.61,10.65,10.51,10.9,60.63447233800001,11.562,6
2020-03-04T11:01:00.0,12.27,10.17,9.99,11.01,60.38820125000001,11.5,6
2020-03-04T11:02:00.0,11.89,10.95,11.17,10.88,61.00349605,11.375,5.937
2020-03-04T11:03:00.0,12.77,11.55,11.55,10.84,59.524644178,11.25,6
2020-03-04T11:04:00.0,12.73,12.33,12.23,11.62,60.72677134450001,11.187,6.062
2020-03-04T11:05:00.0,13.69,13.05,12.95,13.02,56.731980808,11.312,6.25
2020-03-04T11:06:00.0,13.39,12.43,12.47,12.56,56.66962805000001,11.562,6.312
2020-03-04T11:07:00.0,13.71,13.75,13.31,14.41,54.416427938000005,11.75,6.312
2020-03-04T11:08:00.0,14.45,14.51,13.69,14.96,52.5577240045,12.187,6.75
2020-03-04T11:09:00.0,14.29,13.81,13.69,14.45,51.6717405845,12.5,6.875
2020-03-04T11:10:00.0,14.05,12.73,12.63,13.84,52.74725211250001,12.687,6.812
2020-03-04T11:11:00.0,14.21,12.81,13.05,13.04,54.38501702050001,12.75,6.687
2020-03-04T11:12:00.0,14.31,13.61,13.27,12.63,56.700806024500004,12.625,6.437
2020-03-04T11:13:00.0,14.81,13.61,13.79,13.22,55.732805000000006,12.625,6.437
2020-03-04T11:14:00.0,15.01,14.99,14.25,14.75,54.94992531250001,12.687,6.75
2020-03-04T11:15:00.0,15.05,14.05,13.69,14.98,51.86180478050001,12.937,7.062
2020-03-04T11:16:00.0,15.31,14.11,13.11,14.28,52.652502418000005,13.187,7
2020-03-04T11:17:00.0,15.25,15.21,13.59,15.27,51.44985383200001,13.312,7.062
2020-03-04T11:18:00.0,15.67,15.51,13.95,16.2,48.67907048050001,13.562,7.125
2020-03-04T11:19:00.0,15.41,15.11,14.09,15.47,49.573452612500006,13.812,7.125
2020-03-04T11:20:00.0,15.45,14.75,13.95,13.98,49.477745618,13.937,7.187
2020-03-04T11:21:00.0,15.81,15.93,14.49,13.94,53.75612856050001,13.875,7
2020-03-04T11:22:00.0,16.47,16.73,14.75,15.57,51.64005205000001,13.875,7.062
2020-03-04T11:23:00.0,17.33,16.11,14.29,17.36,46.914964978,14.062,7.375
2020-03-04T11:24:00.0,17.69,17.37,15.15,17.6,45.39980781250001,14.375,7.437
2020-03-04T11:25:00.0,16.43,15.55,13.85,15.96,46.20662,14.625,7.312
2020-03-04T11:26:00.0,17.15,14.95,14.49,16.34,46.850633800000004,14.812,7.312
2020-03-04T11:27:00.0,16.85,14.69,14.25,15.61,47.075737080500005,14.875,7.187
2020-03-04T11:28:00.0,16.59,15.71,14.95,15.32,49.605348562,14.875,7.125
2020-03-04T11:29:00.0,16.89,14.89,14.51,16.03,47.461264644500005,14.812,7.25
2020-03-04T11:30:00.0,16.59,13.71,14.49,14.69,49.094630450000004,14.875,7.187
2020-03-04T11:31:00.0,16.07,14.21,14.19,14.29,50.9103350405,14.687,7.25
2020-03-04T11:32:00.0,15.87,13.27,13.79,13.85,51.196077512,14.562,7.25
2020-03-04T11:33:00.0,15.09,12.95,13.27,13.19,52.115045012500005,14.375,7
2020-03-04T11:34:00.0,15.91,13.61,13.89,13.34,53.661685202,14.125,6.937
2020-03-04T11:35:00.0,15.97,12.97,13.21,13.6,52.652502418000005,13.937,6.937
2020-03-04T11:36:00.0,14.71,12.13,12.19,12.48,54.10217516800001,13.75,7.062
2020-03-04T11:37:00.0,15.47,13.31,13.41,13,54.73036160800001,13.562,6.937
2020-03-04T11:38:00.0,14.79,11.55,12.37,12.21,54.855845728000006,13.437,6.812
2020-03-04T11:39:00.0,14.61,11.57,12.27,11.68,57.105829312000004,13.25,6.625
2020-03-04T11:40:00.0,14.59,11.57,12.57,11.4,58.53465845000001,13,6.5
2020-03-04T11:41:00.0,13.71,12.33,12.43,12.01,57.32369540450001,12.75,6.625
2020-03-04T11:42:00.0,14.99,12.47,12.23,12.71,56.326459724500005,12.625,6.625
2020-03-04T11:43:00.0,13.89,12.47,12.73,11.86,56.35767280000001,12.562,6.75
2020-03-04T11:44:00.0,13.69,12.23,12.87,11.38,57.85214780800001,12.437,6.687
2020-03-04T11:45:00.0,13.81,12.63,12.91,11.34,59.3083640125,12.187,6.562
2020-03-04T11:46:00.0,14.21,13.01,12.39,11.8,59.091927487999996,12.125,6.562
2020-03-04T11:47:00.0,,,,,,,
2020-03-04T11:48:00.0,14.51,12.33,12.63,11.65,58.131543380500005,12,6.5
2020-03-04T11:49:00.0,13.85,13.11,13.07,11.88,58.968179272,12,6.437
2020-03-04T11:50:00.0,14.79,12.83,12.57,12.38,57.97635552800001,12.062,6.5
2020-03-04T11:51:00.0,14.29,12.63,12.63,12.03,56.731980808,12.062,6.625
2020-03-04T11:52:00.0,,,,,,,
2020-03-04T11:53:00.0,13.99,11.27,11.79,11.28,59.246540960500006,12,6.375
2020-03-04T11:54:00.0,13.49,10.71,11.31,11.3,59.80248892450001,11.875,6.312
2020-03-04T11:55:00.0,13.59,11.75,12.23,11.03,60.418996304500006,11.812,6.25
2020-03-04T11:56:00.0,13.11,10.79,11.13,10.56,61.18783559200001,11.687,6.125
2020-03-04T11:57:00.0,12.91,10.95,11.17,10.2,62.99438901250001,11.562,6.062
2020-03-04T11:58:00.0,12.73,10.79,11.09,9.87,64.06082405000001,11.375,6
2020-03-04T11:59:00.0,11.93,10.27,10.75,9.3,65.940342208,11.187,5.875
2020-03-04T12:00:00.0,11.93,10.27,10.55,9.19,67.1765115805,10.937,5.812
2020-03-04T12:01:00.0,11.65,9.81,10.17,9.08,67.807594162,10.75,5.812
2020-03-04T12:02:00.0,11.17,9.19,9.85,9.02,67.77757452050001,10.625,5.75
2020-03-04T12:03:00.0,10.79,9.21,9.75,8.55,68.407316882,10.437,5.562
2020-03-04T12:04:00.0,10.41,8.75,9.47,8.24,70.020192608,10.437,5.437
2020-03-04T12:05:00.0,,,,,,,
2020-03-04T12:06:00.0,10.57,8.71,9.43,8.18,71.53492022450001,9.937,5.312
2020-03-04T12:07:00.0,10.27,9.47,9.81,8.06,72.06754836050001,9.937,5.312
2020-03-04T12:08:00.0,11.03,9.19,9.85,8.13,72.24486132050001,9.562,5.25
2020-03-04T12:09:00.0,10.55,9.43,9.47,8.17,72.09710849800001,9.437,5.25
2020-03-04T12:10:00.0,10.47,9.33,9.85,8.17,72.4220594045,9.312,5.25
2020-03-04T12:11:00.0,10.19,9.11,9.29,8.07,72.805594498,9.312,5.25
2020-03-04T12:12:00.0,10.43,9.15,9.47,8.08,73.07080288450001,9.187,5.25
2020-03-04T12:13:00.0,10.55,9.89,9.95,8.43,72.7761109445,9.125,5.25
2020-03-04T12:14:00.0,11.09,11.33,10.47,9.43,71.5645378,9.187,5.375
2020-03-04T12:15:00.0,11.67,11.51,11.13,10.11,68.3773610605,9.25,5.5
2020-03-04T12:16:00.0,11.33,10.99,10.75,9.9,67.5973896605,9.437,5.687
2020-03-04T12:17:00.0,11.89,11.09,10.65,9.76,68.16758096200002,9.5,5.812
2020-03-04T12:18:00.0,11.79,10.33,10.57,9.74,68.16758096200002,9.562,5.75
2020-03-04T12:19:00.0,12.05,10.27,10.33,9.67,68.5570481245,9.625,5.75
2020-03-04T12:20:00.0,12.03,10.37,10.17,9.74,68.3174398445,9.687,5.75
2020-03-04T12:21:00.0,,,,,,,
2020-03-04T12:22:00.0,,,,,,,
2020-03-04T12:23:00.0,14.31,13.11,12.77,12.77,60.51136232200001,10.375,6.625
2020-03-04T12:24:00.0,14.25,12.91,12.91,12.31,60.418996304500006,10.625,6.687
2020-03-04T12:25:00.0,14.71,14.55,13.75,12.82,60.7882880605,10.812,6.625
2020-03-04T12:26:00.0,14.81,13.39,12.77,12.62,60.26498912200001,10.937,6.687
2020-03-04T12:27:00.0,15.05,14.31,13.81,13.06,60.234178112500004,11.125,6.562
2020-03-04T12:28:00.0,15.25,14.19,13.61,13.7,58.41068048200001,11.312,6.687
2020-03-04T12:29:00.0,15.97,14.89,14.19,13.68,58.53465845000001,11.5,6.75
2020-03-04T12:30:00.0,15.57,13.65,13.71,13.48,57.6968163605,11.687,6.937
2020-03-04T12:31:00.0,15.21,12.83,13.15,12.57,58.81342220450001,11.875,6.812
2020-03-04T12:32:00.0,15.25,13.27,13.35,12.14,60.480576840500014,11.875,6.687
2020-03-04T12:33:00.0,15.81,13.85,14.01,12.62,60.757531298,11.812,6.625
2020-03-04T12:34:00.0,15.77,13.71,13.89,12.85,59.77163005,11.875,6.687
2020-03-04T12:35:00.0,15.81,13.95,13.91,12.82,60.295796940500004,11.937,6.75
2020-03-04T12:36:00.0,15.51,13.15,13.05,12.44,59.95673543200001,11.937,6.687
2020-03-04T12:37:00.0,15.01,12.71,12.63,12.28,60.018411698000016,11.937,6.687
2020-03-04T12:38:00.0,15.05,12.61,13.07,12.02,60.480576840500014,12,6.687
2020-03-04T12:39:00.0,16.49,16.21,14.91,13.61,61.7095071205,11.937,6.562
2020-03-04T12:40:00.0,17.73,17.93,17.27,15.85,56.451292880500006,12.187,6.875
2020-03-04T12:41:00.0,17.67,15.81,15.97,15.38,53.15750225800001,12.562,7.187
2020-03-04T12:42:00.0,17.25,14.79,14.39,15.18,54.542039698,12.812,7
2020-03-04T12:43:00.0,17.43,15.05,15.37,14.9,53.47271232800001,13,6.812
2020-03-04T12:44:00.0,17.75,15.91,16.33,14.84,54.32218561250001,13.187,6.687
2020-03-04T12:45:00.0,18.79,18.01,17.63,15.5,53.91347033800001,13.25,6.687
2020-03-04T12:46:00.0,18.85,17.73,17.37,15.78,52.46291687200001,13.437,6.812
2020-03-04T12:47:00.0,19.07,19.17,18.79,15.94,53.09442195200001,13.562,7
2020-03-04T12:48:00.0,19.95,19.89,19.61,17.21,51.196077512,13.812,7.187
2020-03-04T12:49:00.0,19.71,18.69,18.69,16.91,49.286245472000004,14.062,7.187
2020-03-04T12:50:00.0,20.33,20.65,20.09,17.28,50.783255420500005,14.312,7.312
2020-03-04T12:51:00.0,20.45,18.79,18.47,17.46,48.7750168,14.562,7.562
2020-03-04T12:52:00.0,21.77,21.15,20.89,18.16,48.647081992000004,14.75,7.562
2020-03-04T12:53:00.0,22.37,22.93,21.21,19.77,47.172162050000004,15.062,8.125
2020-03-04T12:54:00.0,22.99,21.83,20.95,21.05,43.974974424500004,15.437,8.625
2020-03-04T12:55:00.0,22.17,19.95,17.47,20.83,43.617800800000005,15.875,8.625
2020-03-04T12:56:00.0,22.59,19.17,18.43,20.22,41.858802802,16.187,8.5
2020-03-04T12:57:00.0,23.41,22.95,22.95,20.07,43.03250201800001,16.375,8.437
2020-03-04T12:58:00.0,24.35,25.67,25.55,21.14,42.706889288000006,16.625,8.75
2020-03-04T12:59:00.0,25.75,25.25,25.63,21.49,40.7137415245,16.937,8.937
2020-03-04T13:00:00.0,25.63,24.33,23.99,22.26,40.02482845,17.25,8.875
2020-03-04T13:01:00.0,25.31,23.27,23.81,21.54,39.959144288000005,17.625,8.937
2020-03-04T13:02:00.0,25.91,25.81,26.61,21.09,40.74651180800001,17.875,8.937
2020-03-04T13:03:00.0,25.91,24.39,25.13,20.78,40.74651180800001,18.062,9.062
2020-03-04T13:04:00.0,24.47,21.63,22.41,19.46,41.335831250000005,18.125,8.875
2020-03-04T13:05:00.0,25.61,23.51,24.23,19.76,42.67431046450001,18.187,8.625
2020-03-04T13:06:00.0,26.17,25.13,25.79,20.38,42.4787705125,18.25,8.625
2020-03-04T13:07:00.0,24.27,20.67,21.33,19.65,41.989418050000005,18.312,8.687
2020-03-04T13:08:00.0,22.63,19.57,20.77,17.94,44.591001250000005,18.375,8.437
2020-03-04T13:09:00.0,21.91,18.87,20.33,16.92,46.94712578050001,18.125,8.375
2020-03-04T13:10:00.0,20.61,17.27,18.85,15.86,48.711055778,17.875,8.25
2020-03-04T13:11:00.0,20.15,15.47,17.43,15.13,50.019705524500004,17.562,8
2020-03-04T13:12:00.0,19.45,15.57,16.83,14.58,51.95679380000001,17.25,7.625
2020-03-04T13:13:00.0,20.55,17.21,18.37,14.7,53.850543200000004,16.937,7.375
2020-03-04T13:14:00.0,,,,,,,
2020-03-04T13:15:00.0,20.83,17.43,18.21,15.28,53.15750225800001,16.5,7.75
2020-03-04T13:16:00.0,22.29,19.03,20.43,15.82,52.6209128045,16.312,7.875
2020-03-04T13:17:00.0,22.31,18.63,19.95,15.98,51.766787042000004,16.25,8.125
2020-03-04T13:18:00.0,21.49,18.43,19.63,15.9,51.322991200000004,16.25,8.125
2020-03-04T13:19:00.0,21.79,19.67,20.67,15.84,51.830135392,16.25,8.062
2020-03-04T13:20:00.0,21.21,18.53,19.63,15.43,52.5577240045,16.187,8
2020-03-04T13:21:00.0,21.21,18.15,19.45,15.41,51.98845042450001,16.125,8
2020-03-04T13:22:00.0,20.23,17.69,18.85,15.18,52.33646268800001,16,8
2020-03-04T13:23:00.0,20.39,18.31,19.29,15.12,51.766787042000004,15.937,7.937
2020-03-04T13:24:00.0,20.73,18.65,19.67,14.97,54.227914568,15.812,7.937
2020-03-04T13:25:00.0,20.45,17.33,18.37,15.11,53.346666592000005,15.75,8.062
2020-03-04T13:26:00.0,19.99,16.65,17.83,15.08,52.81040262050001,15.625,8.062
2020-03-04T13:27:00.0,20.17,16.75,17.69,14.74,53.09442195200001,15.562,7.875
2020-03-04T13:28:00.0,19.41,17.47,17.63,14.52,53.850543200000004,15.562,7.812
2020-03-04T13:29:00.0,19.55,16.65,17.41,14.24,54.73036160800001,15.375,7.75
2020-03-04T13:30:00.0,20.09,16.53,17.21,14.28,55.70152810450001,15.312,7.75
2020-03-04T13:31:00.0,19.09,15.75,17.31,14.22,54.855845728000006,15.125,7.812
2020-03-04T13:32:00.0,19.77,16.83,17.89,14.18,55.95165392050001,15.062,7.812
2020-03-04T13:33:00.0,19.57,17.31,18.95,14.47,55.451198064500005,14.937,7.937
2020-03-04T13:34:00.0,20.81,18.59,20.37,15.12,54.447835664500005,14.812,8.062
2020-03-04T13:35:00.0,20.27,17.63,19.39,15.32,52.46291687200001,14.75,8.187
2020-03-04T13:36:00.0,19.57,17.31,19.47,14.99,52.99977756050001,14.75,8.25
2020-03-04T13:37:00.0,18.47,15.21,16.57,13.89,54.667600402000005,14.687,8.25
2020-03-04T13:38:00.0,20.27,17.89,19.57,14.59,55.576388612500004,14.562,8
2020-03-04T13:39:00.0,20.33,18.53,20.37,15.02,53.8820083645,14.437,8.125
2020-03-04T13:40:00.0,22.01,18.97,21.33,16.3,51.766787042000004,14.437,8.187
2020-03-04T13:41:00.0,23.45,19.79,22.53,17.41,49.0626834445,14.5,8.437
2020-03-04T13:42:00.0,23.05,18.81,21.95,17.29,47.878400968,14.625,8.5
2020-03-04T13:43:00.0,22.87,18.69,22.23,17.19,47.043589042,14.75,8.625
2020-03-04T13:44:00.0,22.75,18.95,22.11,17.26,47.942527922000004,14.812,8.625
2020-03-04T13:45:00.0,23.35,19.41,22.51,17.21,48.03869442050001,14.875,8.625
2020-03-04T13:46:00.0,,,,,,,
2020-03-04T13:47:00.0,24.03,19.07,22.47,17.77,46.077664072000005,15.062,8.625
2020-03-04T13:48:00.0,24.29,19.47,22.35,17.8,46.174385804500005,15.125,8.687
2020-03-04T13:49:00.0,24.69,18.25,21.71,17.58,46.39995816200001,15.187,8.812
2020-03-04T13:50:00.0,24.23,19.07,23.33,17.67,46.528786450000005,15.25,8.687
2020-03-04T13:51:00.0,25.43,20.11,24.03,18.41,45.948657088000004,15.375,8.875
2020-03-04T13:52:00.0,25.29,19.61,24.09,18.62,44.9471218445,15.5,9
2020-03-04T13:53:00.0,25.17,19.29,23.71,18.75,44.137198432000005,15.625,9.187
2020-03-04T13:54:00.0,24.27,18.43,22.93,18.28,44.1047600125,15.75,9.25
2020-03-04T13:55:00.0,24.17,17.99,23.17,17.89,44.91476320000001,15.812,9.25
2020-03-04T13:56:00.0,24.03,17.75,22.37,17.52,46.335524872,15.812,9
2020-03-04T13:57:00.0,23.79,18.09,23.15,17.38,46.59318144800001,15.812,9
2020-03-04T13:58:00.0,23.23,17.43,22.51,16.9,47.204297324500004,15.75,8.875
2020-03-04T13:59:00.0,,,,,,,
2020-03-04T14:00:00.0,24.41,17.43,22.41,17.48,46.20662,15.75,8.875
2020-03-04T14:01:00.0,23.29,17.27,21.57,17.2,46.7541131005,15.75,8.812
2020-03-04T14:02:00.0,23.91,17.95,23.05,17.68,46.39995816200001,15.75,8.937
2020-03-04T14:03:00.0,23.59,17.37,22.51,17.42,46.914964978,15.812,8.812
2020-03-04T14:04:00.0,24.69,17.93,23.71,17.94,45.884134450000005,15.812,8.875
2020-03-04T14:05:00.0,,,,,,,
2020-03-04T14:06:00.0,25.23,17.83,23.75,18.06,44.91476320000001,15.937,9.125
2020-03-04T14:07:00.0,24.29,17.93,23.09,17.86,45.464426180500006,16.062,9
2020-03-04T14:08:00.0,24.63,18.17,23.33,17.93,45.432118592,16.062,9
2020-03-04T14:09:00.0,24.69,17.43,22.53,17.97,44.91476320000001,16.125,8.937
2020-03-04T14:10:00.0,23.79,17.27,22.31,17.35,46.59318144800001,16.125,8.812
2020-03-04T14:11:00.0,23.51,16.73,21.85,17.16,46.786289858,16.125,8.75
2020-03-04T14:12:00.0,22.65,16.53,20.43,16.22,47.942527922000004,16.125,8.625
2020-03-04T14:13:00.0,21.79,16.29,20.11,15.71,50.115249778000006,16.062,8.375
2020-03-04T14:14:00.0,,,,,,,
2020-03-04T14:15:00.0,20.93,16.59,19.47,15.01,51.44985383200001,15.812,8.25
2020-03-04T14:16:00.0,20.17,16.21,18.91,14.4,53.15750225800001,15.625,8
2020-03-04T14:17:00.0,22.35,17.69,21.61,15.43,53.15750225800001,15.5,8
2020-03-04T14:18:00.0,24.59,19.35,24.33,17.25,49.477745618,15.437,8.25
2020-03-04T14:19:00.0,23.09,17.93,21.49,16.76,47.5254745645,15.5,8.25
2020-03-04T14:20:00.0,24.35,18.55,23.41,17.18,48.2949980125,15.562,8.375
2020-03-04T14:21:00.0,25.59,19.57,25.93,18.38,47.011437812500006,15.625,8.625
2020-03-04T14:22:00.0,26.11,19.29,25.81,19,43.9100624845,15.812,8.875
2020-03-04T14:23:00.0,27.09,19.19,26.21,19.33,44.07231840200001,16,9
2020-03-04T14:24:00.0,27.21,19.25,26.99,20.16,42.119982242000006,16.25,9.187
2020-03-04T14:25:00.0,27.47,19.89,27.29,20.58,41.270402368000006,16.562,9.437
2020-03-04T14:26:00.0,27.17,18.59,25.99,19.86,41.2376831405,16.812,9.375
2020-03-04T14:27:00.0,27.49,18.87,26.21,19.44,42.511368482,16.937,9.437
2020-03-04T14:28:00.0,25.47,18.17,23.23,18.1,44.396590912,17,9.312
2020-03-04T14:29:00.0,25.61,17.85,23.87,18.19,44.72054432200001,17,9.375
2020-03-04T14:30:00.0,25.69,17.79,24.71,17.91,45.6582047005,16.937,9.187
2020-03-04T14:31:00.0,25.49,18.11,24.35,18.34,44.688163340500004,16.875,9.187
2020-03-04T14:32:00.0,27.55,18.09,26.15,19.34,43.292762450000005,16.875,9.25
2020-03-04T14:33:00.0,25.19,17.01,23.79,19.2,41.858802802,16.937,9.375
2020-03-04T14:34:00.0,25.91,16.65,23.35,18.2,44.429000612500005,17,9.125
2020-03-04T14:35:00.0,24.17,15.97,21.67,17.37,45.6582047005,16.937,8.937
2020-03-04T14:36:00.0,24.93,15.71,22.23,17.41,46.4321700205,16.875,8.812
2020-03-04T14:37:00.0,,,,,,,
2020-03-04T14:38:00.0,25.07,16.27,22.99,17.42,47.172162050000004,16.687,8.625
2020-03-04T14:39:00.0,26.53,16.65,24.77,18.69,45.302856328000004,16.562,8.687
2020-03-04T14:40:00.0,24.77,15.97,22.07,17.57,45.9163973645,16.562,8.75
2020-03-04T14:41:00.0,23.65,16.59,21.29,16.63,47.493371200000006,16.5,8.625
2020-03-04T14:42:00.0,23.21,17.01,21.43,16.49,48.647081992000004,16.437,8.625
2020-03-04T14:43:00.0,25.87,18.71,24.59,17.73,47.878400968,16.312,8.812
2020-03-04T14:44:00.0,25.97,18.63,24.59,18.56,45.7227720125,16.375,9.312
2020-03-04T14:45:00.0,25.31,18.09,23.09,18.25,44.33176193800001,16.437,9.375
2020-03-04T14:46:00.0,25.61,19.17,24.45,18.29,45.5936246245,16.5,9.187
2020-03-04T14:47:00.0,25.73,19.01,23.21,17.91,45.9163973645,16.562,9.312
2020-03-04T14:48:00.0,26.15,19.35,23.85,18.08,46.335524872,16.562,9.125
2020-03-04T14:49:00.0,26.71,19.23,24.83,19.32,44.591001250000005,16.625,9.375
2020-03-04T14:50:00.0,28.11,20.65,26.43,19.88,43.9100624845,16.75,9.437
2020-03-04T14:51:00.0,28.23,20.11,25.47,20.41,42.054706528000004,16.937,9.812
2020-03-04T14:52:00.0,28.39,19.95,25.25,20.46,40.3858631845,17.125,9.812
2020-03-04T14:53:00.0,29.19,20.49,26.17,20.87,40.877561032,17.25,9.562
2020-03-04T14:54:00.0,28.57,19.79,25.63,20.65,40.549842242000004,17.5,9.687
2020-03-04T14:55:00.0,26.37,18.25,23.59,19.56,41.303118404500005,17.625,9.687
2020-03-04T14:56:00.0,28.91,19.57,25.47,20.6,41.270402368000006,17.687,9.562
2020-03-04T14:57:00.0,29.77,20.11,26.03,21.76,39.9262974205,17.812,9.812
2020-03-04T14:58:00.0,29.45,19.55,25.43,22.2,37.652157298,18,9.937
2020-03-04T14:59:00.0,27.75,18.21,23.41,21.31,38.3788952,18.187,9.75
2020-03-04T15:00:00.0,26.59,17.63,22.81,19.95,40.221804352,18.25,9.437
2020-03-04T15:01:00.0,26.53,16.49,20.89,19.33,41.466650722000004,18.25,9.312
2020-03-04T15:02:00.0,23.57,14.71,18.59,17.1,44.526210568,18.125,8.937
2020-03-04T15:03:00.0,21.49,13.15,17.01,15.19,48.838965058,17.937,8.5
2020-03-04T15:04:00.0,19.99,12.81,16.11,13.96,52.46291687200001,17.562,8.187
2020-03-04T15:05:00.0,19.35,12.23,14.75,13.32,55.169332658,17.125,7.937
2020-03-04T15:06:00.0,18.63,12.53,14.99,12.48,57.16809272200001,16.687,7.687
2020-03-04T15:07:00.0,17.05,11.55,14.69,11.88,59.060995220500004,16.25,7.437
2020-03-04T15:08:00.0,16.39,11.85,14.01,11.42,61.12640184200001,15.812,7.187
2020-03-04T15:09:00.0,16.33,11.75,13.95,11.23,62.413830152,15.312,7.125
2020-03-04T15:10:00.0,15.31,11.37,13.31,10.98,63.17748406450001,14.875,7
2020-03-04T15:11:00.0,15.25,11.13,12.71,10.52,64.607754248,14.5,6.937
2020-03-04T15:12:00.0,14.91,11.57,13.31,10.46,65.758989442,14.062,6.937
2020-03-04T15:13:00.0,15.05,11.71,13.15,10.34,65.69851299200002,13.687,6.937
2020-03-04T15:14:00.0,14.81,11.93,13.25,10.23,66.423387968,13.375,6.875
2020-03-04T15:15:00.0,14.61,12.05,13.51,10.18,66.7550080645,13.062,6.875
2020-03-04T15:16:00.0,14.51,12.51,14.11,10.34,66.9959438005,12.812,6.812
2020-03-04T15:17:00.0,15.25,13.07,14.59,10.76,66.39322154050001,12.625,6.812
2020-03-04T15:18:00.0,16.43,14.21,15.71,11.63,65.093046472,12.437,6.875
2020-03-04T15:19:00.0,16.75,14.31,15.85,12.21,62.90279840800001,12.375,7
2020-03-04T15:20:00.0,16.75,14.45,15.93,12.48,61.86276441800001,12.437,7.125
2020-03-04T15:21:00.0,16.47,14.35,15.35,12.44,60.94202400800001,12.437,7.187
2020-03-04T15:22:00.0,16.63,14.11,15.09,12.36,61.893406304500004,12.5,7.187
2020-03-04T15:23:00.0,16.57,13.89,14.65,12.26,61.43344295200001,12.5,7.187
2020-03-04T15:24:00.0,16.65,13.39,14.29,12.08,62.32205766050001,12.562,7.25
2020-03-04T15:25:00.0,16.47,14.09,15.11,12.08,62.07719061250001,12.562,7.25
2020-03-04T15:26:00.0,16.75,14.15,15.01,12.02,62.32205766050001,12.5,7.187
2020-03-04T15:27:00.0,16.57,14.21,14.55,11.81,62.93333180050001,12.5,7.062
2020-03-04T15:28:00.0,16.07,13.81,14.75,11.71,62.90279840800001,12.5,7.125
2020-03-04T15:29:00.0,16.47,13.99,15.01,11.97,63.146976200000005,12.375,7.187
2020-03-04T15:30:00.0,16.75,14.31,15.47,12.44,61.8321193405,12.375,7.25
2020-03-04T15:31:00.0,16.63,13.91,15.21,12.22,61.801471072000005,12.312,7.25
2020-03-04T15:32:00.0,15.31,13.45,14.49,11.92,62.413830152,12.312,7.312
2020-03-04T15:33:00.0,14.91,12.77,13.85,11.56,63.11646514450001,12.187,7.375
2020-03-04T15:34:00.0,15.09,12.63,13.95,11.71,63.085950898,12.125,7.25
2020-03-04T15:35:00.0,14.75,12.83,13.65,11.6,63.17748406450001,12.062,7.25
2020-03-04T15:36:00.0,14.89,12.43,13.51,11.44,63.7565272,12,7.25
2020-03-04T15:37:00.0,14.59,11.47,12.87,11.06,64.57739636050002,11.875,7.25
2020-03-04T15:38:00.0,13.85,11.61,12.61,10.64,65.517007058,11.75,7
2020-03-04T15:39:00.0,13.41,11.37,12.13,10.44,66.6947422205,11.625,6.875
2020-03-04T15:40:00.0,13.01,10.99,11.85,10.32,66.905616832,11.437,6.812
2020-03-04T15:41:00.0,12.43,10.51,11.67,10.12,67.68749645,11.312,6.687
2020-03-04T15:42:00.0,13.17,10.51,11.75,9.98,68.467218952,11.187,6.562
2020-03-04T15:43:00.0,12.47,10.93,11.51,10.02,68.52710825800001,11.062,6.625
2020-03-04T15:44:00.0,13.71,11.85,13.25,10.83,68.347402048,10.937,6.562
2020-03-04T15:45:00.0,13.49,11.21,13.07,11.4,65.27482045,10.937,6.812
2020-03-04T15:46:00.0,13.17,10.41,12.13,10.8,65.69851299200002,10.875,6.75
2020-03-04T15:47:00.0,13.01,10.61,11.67,10.52,67.08624205000001,10.875,6.75
2020-03-04T15:48:00.0,13.61,10.65,12.57,11.29,65.819453128,10.875,6.75
2020-03-04T15:49:00.0,12.37,10.03,11.03,10.27,66.000767602,10.812,6.562
2020-03-04T15:50:00.0,12.09,9.19,10.47,9.42,69.18504820000001,10.687,6.375
2020-03-04T15:51:00.0,11.37,9.21,10.27,8.98,70.94189860450001,10.562,6.25
2020-03-04T15:52:00.0,10.85,8.83,10.37,8.76,72.1266654445,10.437,6.187
2020-03-04T15:53:00.0,11.37,9.35,10.09,8.78,72.569636722,10.25,6.062
2020-03-04T15:54:00.0,11.61,9.63,10.43,9.1,72.09710849800001,10.125,6
2020-03-04T15:55:00.0,11.67,9.21,10.05,9.04,71.91969980800002,10,5.937
2020-03-04T15:56:00.0,11.07,8.71,9.85,8.82,72.510615368,9.875,6
2020-03-04T15:57:00.0,10.95,8.93,9.77,8.81,73.15914824200001,9.812,6.062
2020-03-04T15:58:00.0,10.75,9.25,10.13,8.92,73.04134805000001,9.75,6.125
2020-03-04T15:59:00.0,10.51,8.89,9.95,8.86,72.98242880800001,9.625,6.187
2020-03-04T16:00:00.0,10.51,8.59,9.07,8.63,73.30632668450001,9.625,6.187
2020-03-04T16:01:00.0,10.71,8.51,10.09,8.78,73.68861728800002,9.562,6.187
2020-03-04T16:02:00.0,13.71,10.23,13.01,11.7,68.94597600800002,9.5,6.187
2020-03-04T16:03:00.0,14.41,9.99,12.87,13.14,62.536148800000014,9.562,6.437
2020-03-04T16:04:00.0,12.77,8.97,10.37,11.8,62.413830152,9.687,6.562
2020-03-04T16:05:00.0,,,,,,,
2020-03-04T16:06:00.0,,,,,,,
2020-03-04T16:07:00.0,11.41,8.89,10.09,9.52,69.18504820000001,9.812,6
2020-03-04T16:08:00.0,11.81,9.35,10.17,9.44,70.04997292450001,9.875,5.937
2020-03-04T16:09:00.0,12.77,9.85,10.79,10.32,69.6923985205,9.812,6
2020-03-04T16:10:00.0,12.61,9.89,11.27,10.35,67.38702880000001,9.812,6.062
2020-03-04T16:11:00.0,12.13,9.77,10.85,9.91,68.2575058645,9.812,6.062
2020-03-04T16:12:00.0,,,,,,,
2020-03-04T16:13:00.0,11.67,10.79,11.13,9.64,69.96062240200001,9.812,6.062
2020-03-04T16:14:00.0,12.71,10.65,11.61,9.77,70.16906228050001,9.812,6.062
2020-03-04T16:15:00.0,12.97,11.07,11.85,9.98,70.04997292450001,9.812,6.125
2020-03-04T16:16:00.0,12.67,10.43,11.21,9.92,69.60293312200001,9.812,6.25
2020-03-04T16:17:00.0,,,,,,,
2020-03-04T16:18:00.0,12.37,10.57,11.27,9.88,69.96062240200001,9.875,6.187
2020-03-04T16:19:00.0,12.67,11.27,11.23,9.87,69.8712431605,9.875,6.125
2020-03-04T16:20:00.0,12.83,10.99,11.57,10.15,69.63275811250001,9.875,6.125
2020-03-04T16:21:00.0,13.31,11.45,11.71,10.32,69.304507712,9.937,6.25
2020-03-04T16:22:00.0,13.27,11.09,11.61,10.4,68.85627128450001,10,6.375
2020-03-04T16:23:00.0,12.77,10.61,11.09,10.7,68.61691828450002,10.062,6.437
2020-03-04T16:24:00.0,13.15,10.79,11.07,10.96,67.95764450450001,10.125,6.5
2020-03-04T16:25:00.0,13.49,11.33,10.75,11.19,66.724876738,10.187,6.312
2020-03-04T16:26:00.0,13.41,11.31,11.65,11.3,66.0913817605,10.25,6.125
2020-03-04T16:27:00.0,13.49,11.65,11.61,11.28,65.3656643605,10.312,6.125
2020-03-04T16:28:00.0,14.11,11.57,11.67,11.11,65.819453128,10.437,6.125
2020-03-04T16:29:00.0,13.55,11.07,11.37,10.87,66.2121559645,10.5,6.125
2020-03-04T16:30:00.0,13.39,11.17,11.65,10.82,66.7550080645,10.5,6.125
2020-03-04T16:31:00.0,13.35,11.07,11.33,10.53,67.26675239200001,10.5,6.062
2020-03-04T16:32:00.0,13.69,11.07,10.85,10.64,67.32689697800001,10.5,5.937
2020-03-04T16:33:00.0,13.59,10.69,11.27,10.7,66.5741722405,10.5,5.812
2020-03-04T16:34:00.0,13.31,10.71,10.69,10.77,66.4535512045,10.562,5.75
2020-03-04T16:35:00.0,13.81,11.31,11.07,10.96,66.33287911250001,10.562,5.687
2020-03-04T16:36:00.0,14.01,11.31,11.45,11.04,66.423387968,10.625,5.625
2020-03-04T16:37:00.0,13.41,11.47,11.65,10.93,66.5138681045,10.625,5.812
2020-03-04T16:38:00.0,13.75,11.09,11.57,10.87,67.44714785800001,10.625,6.062
2020-03-04T16:39:00.0,13.75,11.17,11.07,11.05,67.11633508450001,10.687,6.125
2020-03-04T16:40:00.0,14.25,11.65,11.55,11.4,66.9959438005,10.75,6.187
2020-03-04T16:41:00.0,14.55,12.17,11.95,11.74,66.48371125000001,10.812,6.375
2020-03-04T16:42:00.0,14.11,11.95,12.29,11.78,65.3051049445,10.875,6.625
2020-03-04T16:43:00.0,14.31,11.61,11.81,11.49,65.638023778,10.937,6.812
2020-03-04T16:44:00.0,13.79,11.81,12.27,11.24,65.8496801845,11,6.875
2020-03-04T16:45:00.0,13.49,11.47,11.65,11.09,66.7550080645,11,7
2020-03-04T16:46:00.0,13.45,11.57,11.27,11.18,67.1765115805,11,7.125
2020-03-04T16:47:00.0,13.99,11.93,11.95,11.58,66.0913817605,10.937,6.875
2020-03-04T16:48:00.0,14.21,11.71,11.13,12.06,65.06273964050001,10.937,6.75
2020-03-04T16:49:00.0,14.01,12.27,12.23,12.41,65.093046472,11.125,6.687
2020-03-04T16:50:00.0,14.15,12.71,12.47,12.92,64.45593290050002,11.187,6.625
2020-03-04T16:51:00.0,13.75,12.71,12.95,13.22,62.99438901250001,11.312,6.625
2020-03-04T16:52:00.0,13.15,12.77,12.71,13.26,62.32205766050001,11.437,6.687
2020-03-04T16:53:00.0,14.65,13.55,13.49,15.42,59.215624648000016,11.562,6.625
2020-03-04T16:54:00.0,16.01,14.85,14.41,18.4,51.893470978,11.75,6.687
2020-03-04T16:55:00.0,17.47,15.37,14.25,20.77,46.979283392000006,12,6.937
2020-03-04T16:56:00.0,17.85,15.41,14.09,22.34,42.902295218,12.25,7.25
2020-03-04T16:57:00.0,18.09,13.95,13.27,21.94,41.10677432050001,12.562,7.562
2020-03-04T16:58:00.0,17.15,13.95,13.35,20.56,41.139506312,12.812,7.562
2020-03-04T16:59:00.0,17.53,14.35,13.69,20.38,42.64172845,12.937,7.687
2020-03-04T17:00:00.0,16.95,14.11,13.85,20.36,43.16265776200001,13.125,7.687
2020-03-04T17:01:00.0,,,,,,,
2020-03-04T17:02:00.0,17.15,13.05,13.35,17.8,45.5936246245,13.375,7.75
2020-03-04T17:03:00.0,17.83,13.49,13.41,17.72,46.142148418000005,13.375,7.812
2020-03-04T17:04:00.0,16.53,12.03,12.05,15.72,49.222386562000004,13.437,7.937
2020-03-04T17:05:00.0,15.15,11.65,11.45,14.25,53.346666592000005,13.375,7.812
2020-03-04T17:06:00.0,15.29,12.05,12.05,14,54.290765122,13.312,7.75
2020-03-04T17:07:00.0,14.61,11.51,11.45,12.71,56.731980808,13.125,7.625
2020-03-04T17:08:00.0,13.99,10.61,11.09,11.9,59.61728781250001,13.062,7.625
2020-03-04T17:09:00.0,13.65,10.57,10.71,11.5,61.92404500000001,12.875,7.312
2020-03-04T17:10:00.0,13.71,10.41,10.99,11.37,63.146976200000005,12.687,7.187
2020-03-04T17:11:00.0,,,,,,,
2020-03-04T17:12:00.0,13.27,11.07,11.45,11.18,64.48630355200001,12.375,7.187
2020-03-04T17:13:00.0,14.01,11.17,11.61,11.39,64.789834562,12.312,7.187
2020-03-04T17:14:00.0,13.99,11.37,11.85,11.68,64.51667101250001,12.187,7.187
2020-03-04T17:15:00.0,14.01,11.31,11.79,11.74,64.3951820245,12.125,7.187
2020-03-04T17:16:00.0,14.85,11.57,11.81,12.02,64.2736419805,12.125,7.25
2020-03-04T17:17:00.0,14.49,11.93,11.67,12.54,63.878284232,12.062,7.125
2020-03-04T17:18:00.0,14.51,12.13,11.85,12.85,63.207988738,12.125,7.062
2020-03-04T17:19:00.0,14.29,12.17,11.81,13.04,62.07719061250001,12.125,7.062
2020-03-04T17:20:00.0,13.81,11.67,11.47,12.82,61.5868438445,12.187,6.812
2020-03-04T17:21:00.0,13.45,11.41,11.09,12.37,62.07719061250001,12.187,6.625
2020-03-04T17:22:00.0,12.77,11.03,11.33,11.7,62.260860044500006,12.187,6.5
2020-03-04T17:23:00.0,11.89,11.33,11.23,11.12,64.30403177800001,12.125,6.437
2020-03-04T17:24:00.0,11.95,11.03,10.83,11.04,66.000767602,12.125,6.312
2020-03-04T17:25:00.0,11.93,10.79,11.09,11,67.08624205000001,12.125,6.25
2020-03-04T17:26:00.0,12.19,10.79,10.65,10.88,67.3569644845,12.062,6.25
2020-03-04T17:27:00.0,11.85,9.99,10.03,10.69,67.5973896605,12,6.25
2020-03-04T17:28:00.0,11.17,9.67,9.61,10.56,67.987645,11.937,6.312
2020-03-04T17:29:00.0,11.21,9.85,9.75,10.38,68.407316882,11.875,6.312
2020-03-04T17:30:00.0,11.03,9.81,9.47,10.24,68.94597600800002,11.75,6.312
2020-03-04T17:31:00.0,11.57,9.77,9.91,10.15,69.51343900450001,11.687,6.312
2020-03-04T17:32:00.0,11.23,9.95,9.63,10.12,70.1095239845,11.562,6.312
2020-03-04T17:33:00.0,11.57,10.23,10.23,10.08,70.4665623005,11.5,6.375
2020-03-04T17:34:00.0,11.67,10.19,10.13,9.94,71.20891628800001,11.437,6.437
2020-03-04T17:35:00.0,11.31,10.13,10.13,10,71.38678448200001,11.375,6.5
2020-03-04T17:36:00.0,10.95,9.95,9.29,9.85,71.38678448200001,11.312,6.437
2020-03-04T17:37:00.0,11.21,10.13,10.05,9.9,71.6533713805,11.187,6.312
2020-03-04T17:38:00.0,11.03,9.75,9.91,10.04,71.50529945800001,11.187,6.312
2020-03-04T17:39:00.0,11.57,10.09,9.89,10.15,71.74217624200001,11.125,6.312
2020-03-04T17:40:00.0,11.65,10.23,9.71,10.22,71.74217624200001,11.125,6.375
2020-03-04T17:41:00.0,11.03,10.43,10.23,10.26,72.18576976450001,11.125,6.437
2020-03-04T17:42:00.0,11.07,10.09,10.19,10.3,72.274402312,11.125,6.437
2020-03-04T17:43:00.0,11.07,10.13,10.03,10.35,71.86053805,11.187,6.437
2020-03-04T17:44:00.0,10.51,10.19,10.03,10.23,71.59415218450002,11.187,6.437
2020-03-04T17:45:00.0,10.51,9.81,10.13,10.17,71.682976192,11.187,6.375
2020-03-04T17:46:00.0,10.19,10.27,10.13,10.06,71.83095238450001,11.187,6.375
2020-03-04T17:47:00.0,10.47,10.51,10.41,9.93,71.50529945800001,11.187,6.375
2020-03-04T17:48:00.0,10.99,10.57,10.55,9.78,71.59415218450002,11.25,6.437
2020-03-04T17:49:00.0,11.41,10.37,10.57,9.8,73.24746488050002,11.187,6.5
2020-03-04T17:50:00.0,10.95,10.61,10.23,9.88,73.80613667200001,11.187,6.562
2020-03-04T17:51:00.0,11.07,10.05,9.71,9.95,73.60044424450001,11.125,6.562
2020-03-04T17:52:00.0,11.31,10.17,10.05,10.08,73.7180019205,11.062,6.625
2020-03-04T17:53:00.0,10.99,9.67,10.09,10,72.48109990450001,11.062,6.687
2020-03-04T17:54:00.0,10.95,10.19,9.63,9.86,72.864552032,11,6.625
2020-03-04T17:55:00.0,10.61,9.53,9.75,9.8,73.04134805000001,11,6.562
2020-03-04T17:56:00.0,10.83,9.81,9.53,9.74,73.15914824200001,10.937,6.437
2020-03-04T17:57:00.0,10.55,9.35,9.67,9.76,73.4828355125,10.875,6.375
2020-03-04T17:58:00.0,10.47,10.13,9.81,9.73,72.98242880800001,10.875,6.375
2020-03-04T17:59:00.0,,,,,,,
2020-03-04T18:00:00.0,10.93,10.17,9.99,9.76,73.95296410450001,10.812,6.437
2020-03-04T18:01:00.0,10.95,9.61,9.47,9.8,74.56876817800001,10.812,6.5
2020-03-04T18:02:00.0,10.05,9.47,9.35,9.68,73.95296410450001,10.812,6.375
2020-03-04T18:03:00.0,9.57,9.29,9.01,9.31,73.3357528,10.812,6.062
2020-03-04T18:04:00.0,9.11,8.71,8.47,8.98,73.10025452800001,10.75,5.687
2020-03-04T18:05:00.0,8.71,8.61,8.29,8.59,73.7180019205,10.687,5.437
2020-03-04T18:06:00.0,9.01,8.83,8.59,8.4,74.56876817800001,10.562,5.187
2020-03-04T18:07:00.0,8.59,8.51,8.51,8.25,75.24160561250001,10.437,5.125
2020-03-04T18:08:00.0,8.65,8.71,8.59,8.1,75.53361711250001,10.375,5
2020-03-04T18:09:00.0,8.55,8.69,8.47,8.04,75.8253095125,10.312,4.875
2020-03-04T18:10:00.0,8.37,8.47,8.61,7.96,76.32045425800001,10.187,4.687
2020-03-04T18:11:00.0,8.33,8.55,8.83,7.84,76.78563041800001,10.125,4.625
2020-03-04T18:12:00.0,7.97,8.65,8.75,7.78,77.36595185800002,10.062,4.562
2020-03-04T18:13:00.0,8.55,8.71,8.89,7.79,77.5687628125,10,4.625
2020-03-04T18:14:00.0,8.69,8.83,8.75,7.74,77.68458458450002,9.937,4.687
2020-03-04T18:15:00.0,7.97,8.75,8.61,7.74,77.887149832,9.875,4.687
2020-03-04T18:16:00.0,8.37,8.65,8.45,7.71,78.176257522,9.875,4.687
2020-03-04T18:17:00.0,8.47,9.07,8.75,7.79,78.2629276045,9.875,4.687
2020-03-04T18:18:00.0,8.59,8.69,8.93,7.76,78.176257522,9.812,4.75
2020-03-04T18:19:00.0,8.33,8.93,8.71,7.84,78.86881405000001,9.75,4.875
2020-03-04T18:20:00.0,8.15,8.71,9.25,7.87,78.78234500050002,9.75,5
2020-03-04T18:21:00.0,7.83,8.79,8.65,7.74,78.638166098,9.687,4.937
2020-03-04T18:22:00.0,8.01,8.45,8.55,7.56,78.72468301250001,9.687,4.812
2020-03-04T18:23:00.0,7.91,8.45,7.09,7.48,79.041665992,9.625,4.812
2020-03-04T18:24:00.0,7.59,8.45,8.27,7.4,79.15683680000001,9.562,4.812
2020-03-04T18:25:00.0,7.77,8.33,8.15,7.32,79.1856215245,9.5,4.875
2020-03-04T18:26:00.0,8.01,8.01,8.01,7.27,79.3582628605,9.375,4.875
2020-03-04T18:27:00.0,7.77,8.15,8.27,7.29,79.41578444450002,9.312,4.875
2020-03-04T18:28:00.0,7.79,8.33,8.33,7.28,79.5307893205,9.25,4.875
2020-03-04T18:29:00.0,7.87,8.59,8.13,7.34,79.70320090450001,9.25,4.937
2020-03-04T18:30:00.0,7.65,8.23,8.51,7.36,79.70320090450001,9.187,4.937
2020-03-04T18:31:00.0,8.15,8.61,8.59,7.42,79.9329043205,9.187,4.937
2020-03-04T18:32:00.0,7.97,8.59,8.37,7.51,80.076365248,9.187,4.937
2020-03-04T18:33:00.0,8.01,8.61,8.41,7.6,80.42034599200001,9.187,5.062
2020-03-04T18:34:00.0,8.33,7.97,8.19,7.66,80.4489903125,9.187,5.187
2020-03-04T18:35:00.0,8.19,8.47,8.19,7.72,80.79247326050002,9.187,5.187
2020-03-04T18:36:00.0,8.29,8.55,8.47,7.82,81.30683611250001,9.187,5.5
2020-03-04T18:37:00.0,8.37,8.37,8.29,7.9,81.50658689800001,9.187,5.625
2020-03-04T18:38:00.0,8.33,8.83,8.65,7.9,81.79167392800001,9.187,5.75
2020-03-04T18:39:00.0,8.45,8.59,8.59,7.89,81.392462738,9.187,5.75
2020-03-04T18:40:00.0,8.01,8.37,8.55,7.82,80.79247326050002,9.25,5.75
2020-03-04T18:41:00.0,8.41,8.29,8.09,7.71,80.4489903125,9.25,5.75
2020-03-04T18:42:00.0,7.95,8.19,8.59,7.7,80.79247326050002,9.25,5.687
2020-03-04T18:43:00.0,7.83,8.55,8.13,7.66,80.8782722,9.312,5.687
2020-03-04T18:44:00.0,7.83,8.45,8.05,7.7,81.50658689800001,9.25,5.75
2020-03-04T18:45:00.0,7.59,7.97,8.29,7.61,81.30683611250001,9.25,5.687
2020-03-04T18:46:00.0,,,,,,,
2020-03-04T18:47:00.0,7.55,8.27,7.79,7.42,82.38931802050001,9.187,5.875
2020-03-04T18:48:00.0,8.01,8.15,8.45,7.51,83.35394868050001,9.187,6.062
2020-03-04T18:49:00.0,7.97,8.27,7.87,7.53,83.66524529800002,9.125,6.187
2020-03-04T18:50:00.0,7.77,7.69,7.87,7.6,83.43888605000001,9.125,6.25
2020-03-04T18:51:00.0,8.05,7.91,7.73,7.65,83.55209120200001,9.062,6.312
2020-03-04T18:52:00.0,8.13,8.33,7.73,7.7,83.80661612050001,9,6.375
2020-03-04T18:53:00.0,8.05,8.15,7.61,7.74,83.66524529800002,9,6.375
2020-03-04T18:54:00.0,7.91,7.83,7.69,7.72,83.35394868050001,9,6.25
2020-03-04T18:55:00.0,7.91,7.87,7.51,7.66,83.29730781250001,9,6.25
2020-03-04T18:56:00.0,8.05,7.47,7.69,7.58,83.5803845125,9,6.187
2020-03-04T18:57:00.0,7.77,8.23,7.91,7.5,84.3713016605,9,6.25
2020-03-04T18:58:00.0,8.05,8.15,7.79,7.54,85.1597170645,8.937,6.312
2020-03-04T18:59:00.0,7.83,8.15,8.33,7.76,87.1755833605,8.875,6.625
2020-03-04T19:00:00.0,8.05,8.37,8.23,7.92,87.704789458,8.875,6.875
2020-03-04T19:01:00.0,7.91,8.41,8.05,7.98,87.704789458,8.812,7
2020-03-04T19:02:00.0,8.05,7.95,7.87,7.97,87.39854738450002,8.75,7.062
2020-03-04T19:03:00.0,7.91,7.95,7.83,7.94,87.4542564805,8.75,7.062
2020-03-04T19:04:00.0,7.95,8.51,8.01,7.98,87.62130718450001,8.75,7.062
